creature_id,canonical_name,normalized_name,raw_names,raw_name_count,total_kills,first_date,last_date,world_count,is_boss,is_event_creature,is_summon,is_training,explicit_no_loot,classification_source_url,classification_revision_id,classification_revision_utc,wiki_title,loot_model_status,loot_samples,loot_confidence,loot_version,loot_item_count,valued_item_count,discarded_item_count,loot_fields_complete_pct,expected_direct_coin_gp_per_kill,expected_npc_sale_gp_per_kill,expected_total_potential_gp_per_kill,expected_total_conservative_gp_per_kill,loot_source_url,loot_source_revision_id,loot_source_revision_utc,loot_collection_utc,coverage_category,included_in_main_series,exclusion_reason
cr_920b90f1de6f,breach brood,breach brood,breach broods,1,215774017,2025-12-03,2026-07-30,93,False,False,False,False,False,,,,Breach Brood,complete,7812.0,medium,15.00.249ccc,26.0,21.0,5.0,1.0,101.0,522.9877112135177,623.9877112135177,101.0,https://tibia.fandom.com/wiki/Loot_Statistics:Breach_Brood,1198937.0,2026-08-02T14:50:45Z,2026-08-02T17:23:20.466395+00:00,modeled,True,
cr_6ce35c2453c6,sparkion,sparkion,sparkions,1,210198781,2025-12-03,2026-07-30,93,False,False,False,False,False,https://tibia.fandom.com/wiki/Sparkion,1191735.0,2026-06-25T06:45:20Z,Sparkion,complete,7866.0,medium,15.00.249ccc,25.0,20.0,5.0,1.0,91.02034070683956,475.01398423595225,566.0343249427918,91.02034070683956,https://tibia.fandom.com/wiki/Loot_Statistics:Sparkion,1198940.0,2026-08-02T14:50:50Z,2026-08-02T17:23:20.466395+00:00,modeled,True,
cr_d3d48e91ba23,frazzlemaw,frazzlemaw,frazzlemaws,1,208535893,2025-12-03,2026-07-30,93,False,False,False,False,False,https://tibia.fandom.com/wiki/Frazzlemaw,1192024.0,2026-06-25T07:58:19Z,Frazzlemaw,complete,8048.0,medium,12.31.9530,31.0,19.0,12.0,1.0,91.46421471172962,934.4913021868788,1025.9555168986085,91.46421471172962,https://tibia.fandom.com/wiki/Loot_Statistics:Frazzlemaw,1195010.0,2026-07-08T22:37:05Z,2026-08-02T17:23:20.466395+00:00,modeled,True,
cr_b9000c7ce345,reality reavers,reality reavers,reality reavers,1,208015080,2025-12-03,2026-07-30,93,False,False,False,False,False,,,,,absent,,,,,,,,,,,,,,,,missing_loot_table,False,no current empirical Loot2 table matched; no value imputed
cr_f92155313608,werehyaena,werehyaena,werehyaenas,1,198094618,2025-12-03,2026-07-30,93,False,False,False,False,False,https://tibia.fandom.com/wiki/Werehyaena,1191969.0,2026-06-25T07:51:07Z,Werehyaena,complete,9190.0,medium,12.90.12182,18.0,16.0,2.0,1.0,100.0,364.31915125136015,464.31915125136015,100.0,https://tibia.fandom.com/wiki/Loot_Statistics:Werehyaena,1198491.0,2026-07-31T19:33:08Z,2026-08-02T17:23:20.466395+00:00,modeled,True,
cr_c9cacd1e0eeb,dark torturer,dark torturer,dark torturers,1,188344107,2025-12-03,2026-07-30,93,False,False,False,False,False,,,,Dark Torturer,complete,5272.0,medium,13.14.13163,19.0,13.0,6.0,1.0,58.64415781487102,1758.2310318664643,1816.8751896813353,58.64415781487102,https://tibia.fandom.com/wiki/Loot_Statistics:Dark_Torturer,1196963.0,2026-07-19T07:08:39Z,2026-08-02T17:23:20.466395+00:00,modeled,True,
cr_d8356ea0788e,flimsy lost soul,flimsy lost soul,flimsy lost souls,1,184316790,2025-12-03,2026-07-30,93,False,False,False,False,False,,,,Flimsy Lost Soul,complete,5278.0,medium,14.12.5229e4,13.0,12.0,1.0,1.0,100.0,911.39067828723,1011.39067828723,100.0,https://tibia.fandom.com/wiki/Loot_Statistics:Flimsy_Lost_Soul,1196844.0,2026-07-18T17:50:40Z,2026-08-02T17:23:20.466395+00:00,modeled,True,
cr_65eadceea528,dread intruder,dread intruder,dread intruders,1,183842796,2025-12-03,2026-07-30,93,False,False,False,False,False,,,,Dread Intruder,complete,6641.0,medium,15.00.249ccc,26.0,21.0,5.0,1.0,101.0,577.3106459870503,678.3106459870503,101.0,https://tibia.fandom.com/wiki/Loot_Statistics:Dread_Intruder,1198938.0,2026-08-02T14:50:46Z,2026-08-02T17:23:20.466395+00:00,modeled,True,
cr_05f4e44ffd83,silencer,silencer,silencers,1,178769716,2025-12-03,2026-07-30,93,False,False,False,False,False,https://tibia.fandom.com/wiki/Silencer,1192019.0,2026-06-25T07:58:07Z,Silencer,complete,6613.0,medium,12.31.9471,16.0,14.0,2.0,1.0,100.96809314985634,856.3647361258127,957.332829275669,100.96809314985634,https://tibia.fandom.com/wiki/Loot_Statistics:Silencer,1195022.0,2026-07-08T22:39:08Z,2026-08-02T17:23:20.466395+00:00,modeled,True,
cr_614fa19bdc24,werelioness,werelioness,werelionesses,1,176638535,2025-12-03,2026-07-30,93,False,False,False,False,False,https://tibia.fandom.com/wiki/Werelioness,1191972.0,2026-06-25T07:51:13Z,Werelioness,complete,5118.0,medium,13.22.14282,22.0,21.0,1.0,1.0,80.93356779992185,416.6338413442751,497.5674091441969,80.93356779992185,https://tibia.fandom.com/wiki/Loot_Statistics:Werelioness,1196215.0,2026-07-14T11:20:30Z,2026-08-02T17:23:20.466395+00:00,modeled,True,
cr_568f5cd1a049,vexclaw,vexclaw,vexclaws,1,176404617,2025-12-03,2026-07-30,93,False,False,False,False,False,https://tibia.fandom.com/wiki/Vexclaw,1191674.0,2026-06-25T06:39:19Z,Vexclaw,complete,6580.0,medium,15.23.fb0341,30.0,27.0,3.0,1.0,34.96960486322189,1884.19452887538,1919.1641337386018,34.96960486322189,https://tibia.fandom.com/wiki/Loot_Statistics:Vexclaw,1198871.0,2026-08-02T09:40:02Z,2026-08-02T17:23:20.466395+00:00,modeled,True,
cr_58ce55dc22d9,choking fear,choking fear,choking fears,1,171488121,2025-12-03,2026-07-30,93,False,False,False,False,False,,,,Choking Fear,complete,8144.0,medium,12.31.9530,28.0,24.0,4.0,1.0,91.94020137524558,765.9565324165028,857.8967337917484,91.94020137524558,https://tibia.fandom.com/wiki/Loot_Statistics:Choking_Fear,1194975.0,2026-07-08T13:42:24Z,2026-08-02T17:23:20.466395+00:00,modeled,True,
cr_a663423dcabd,retching horror,retching horror,retching horrors,1,170052322,2025-12-03,2026-07-30,93,False,False,False,False,False,,,,Retching Horror,complete,10401.0,high,12.31.9530,20.0,15.0,5.0,1.0,86.14873569849053,1087.2127680030767,1173.3615037015672,86.14873569849053,https://tibia.fandom.com/wiki/Loot_Statistics:Retching_Horror,1194977.0,2026-07-08T13:42:27Z,2026-08-02T17:23:20.466395+00:00,modeled,True,
cr_10b0955d9f01,grimeleech,grimeleech,grimeleeches,1,163833251,2025-12-03,2026-07-30,93,False,False,False,False,False,https://tibia.fandom.com/wiki/Grimeleech,1191673.0,2026-06-25T06:39:17Z,Grimeleech,complete,540.0,low,15.12.c7d92c,29.0,25.0,4.0,1.0,89.27592592592592,2484.3518518518526,2573.6277777777786,89.27592592592592,https://tibia.fandom.com/wiki/Loot_Statistics:Grimeleech,1197709.0,2026-07-25T17:08:17Z,2026-08-02T17:23:20.466395+00:00,modeled,True,
cr_3f58190a8685,werelion,werelion,werelions,1,161466702,2025-12-03,2026-07-30,93,False,False,False,False,False,https://tibia.fandom.com/wiki/Werelion,1191971.0,2026-06-25T07:51:11Z,Werelion,complete,4965.0,medium,13.22.14282,24.0,22.0,2.0,1.0,84.6122860020141,603.0449144008057,687.6572004028199,84.6122860020141,https://tibia.fandom.com/wiki/Loot_Statistics:Werelion,1196214.0,2026-07-14T11:20:22Z,2026-08-02T17:23:20.466395+00:00,modeled,True,
cr_a36d42a28b26,grim reaper,grim reaper,grim reapers,1,159309435,2025-12-03,2026-07-30,93,False,False,False,False,False,,,,Grim Reaper,complete,8813.0,medium,14.12.5229e4,18.0,14.0,4.0,1.0,5.856688982185408,424.88085782366954,430.73754680585495,5.856688982185408,https://tibia.fandom.com/wiki/Loot_Statistics:Grim_Reaper,1188037.0,2026-06-01T15:45:40Z,2026-08-02T17:23:20.466395+00:00,modeled,True,
cr_cee695a8ccd8,pirat cutthroat,pirat cutthroat,pirat cutthroats,1,142953879,2025-12-05,2026-07-30,93,False,False,False,False,False,,,,Pirat Cutthroat,complete,16841.0,high,8.6,11.0,9.0,2.0,1.0,0.0,573.9391960097382,573.9391960097382,0.0,https://tibia.fandom.com/wiki/Loot_Statistics:Pirat_Cutthroat,1198308.0,2026-07-30T22:04:08Z,2026-08-02T17:23:20.466395+00:00,modeled,True,
cr_18e2452f66e1,rhindeer,rhindeer,rhindeer,1,127181437,2025-12-03,2026-07-30,93,False,False,False,False,False,https://tibia.fandom.com/wiki/Rhindeer,1191993.0,2026-06-25T07:54:14Z,Rhindeer,complete,376.0,low,15.23.fb0341,12.0,11.0,1.0,1.0,71.80851063829788,942.9255319148938,1014.7340425531917,71.80851063829788,https://tibia.fandom.com/wiki/Loot_Statistics:Rhindeer,1193644.0,2026-07-01T15:38:18Z,2026-08-02T17:23:20.466395+00:00,modeled,True,
cr_7d60dc897167,crape man,crape man,crape men,1,126989579,2025-12-03,2026-07-30,93,False,False,False,False,False,,,,Crape Man,complete,777.0,low,14.12.969405,13.0,12.0,1.0,1.0,64.86486486486487,1963.127413127413,2027.9922779922779,64.86486486486487,https://tibia.fandom.com/wiki/Loot_Statistics:Crape_Man,1193554.0,2026-07-01T15:30:05Z,2026-08-02T17:23:20.466395+00:00,modeled,True,
cr_502cd84abee3,war wolf,war wolf,war wolves,1,122750172,2025-12-03,2026-07-30,93,False,False,False,False,False,,,,War Wolf,complete,17576.0,high,8.6,4.0,4.0,0.0,1.0,0.0,5.080450614474283,5.080450614474283,0.0,https://tibia.fandom.com/wiki/Loot_Statistics:War_Wolf,1198012.0,2026-07-27T22:10:00Z,2026-08-02T17:23:20.466395+00:00,modeled,True,
cr_da4af5d1f601,hellspawn,hellspawn,hellspawns,1,114686464,2025-12-03,2026-07-30,93,False,False,False,False,False,https://tibia.fandom.com/wiki/Hellspawn,1189753.0,2026-06-16T18:29:57Z,Hellspawn,complete,14664.0,high,12.31,19.0,13.0,6.0,1.0,0.9258046917621385,410.45315057283136,411.3789552645935,0.9258046917621385,https://tibia.fandom.com/wiki/Loot_Statistics:Hellspawn,1197734.0,2026-07-26T04:50:53Z,2026-08-02T17:23:20.466395+00:00,modeled,True,
cr_b0bbb058256b,cobra assassin,cobra assassin,cobra assassins,1,114100935,2025-12-03,2026-07-30,93,False,False,False,False,False,,,,Cobra Assassin,complete,43879.0,high,12.65.10733,16.0,16.0,0.0,1.0,71.89771872649787,738.6274983477291,810.5252170742269,71.89771872649787,https://tibia.fandom.com/wiki/Loot_Statistics:Cobra_Assassin,1189324.0,2026-06-15T07:15:09Z,2026-08-02T17:23:20.466395+00:00,modeled,True,
cr_eeb38b4ba374,dawnfire asura,dawnfire asura,dawnfire asuras,1,113505628,2025-12-03,2026-07-30,93,False,False,False,False,False,,,,Dawnfire Asura,complete,13575.0,high,12.31,25.0,23.0,2.0,1.0,85.06342541436464,473.48213627992635,558.545561694291,85.06342541436464,https://tibia.fandom.com/wiki/Loot_Statistics:Dawnfire_Asura,1197874.0,2026-07-27T09:50:46Z,2026-08-02T17:23:20.466395+00:00,modeled,True,
cr_8b43ac8e933a,midnight asura,midnight asura,midnight asuras,1,112721289,2025-12-03,2026-07-30,93,False,False,False,False,False,,,,Midnight Asura,complete,14211.0,high,12.31,30.0,27.0,3.0,1.0,81.05622405179086,584.8476532263741,665.9038772781649,81.05622405179086,https://tibia.fandom.com/wiki/Loot_Statistics:Midnight_Asura,1197479.0,2026-07-23T06:38:14Z,2026-08-02T17:23:20.466395+00:00,modeled,True,
cr_861ce8df2a28,burster spectre,burster spectre,burster spectres,1,111131338,2025-12-05,2026-07-30,93,False,False,False,False,False,,,,Burster Spectre,complete,26901.0,high,14.12.5229e4,20.0,18.0,2.0,1.0,75.08642801382848,605.3449685885282,680.4313966023567,75.08642801382848,https://tibia.fandom.com/wiki/Loot_Statistics:Burster_Spectre,1196977.0,2026-07-19T09:44:48Z,2026-08-02T17:23:20.466395+00:00,modeled,True,
cr_6876893e2cce,hellflayer,hellflayer,hellflayers,1,107024320,2025-12-03,2026-07-30,93,False,False,False,False,False,https://tibia.fandom.com/wiki/Hellflayer,1191675.0,2026-06-25T06:39:22Z,Hellflayer,complete,17550.0,high,12.31.9580,32.0,28.0,4.0,1.0,89.90586894586895,2695.595441595441,2785.50131054131,89.90586894586895,https://tibia.fandom.com/wiki/Loot_Statistics:Hellflayer,1198869.0,2026-08-02T09:39:59Z,2026-08-02T17:23:20.466395+00:00,modeled,True,
cr_0ae80c677334,dragolisk,dragolisk,dragolisks,1,105733423,2025-12-03,2026-07-30,91,False,False,False,False,False,https://tibia.fandom.com/wiki/Dragolisk,1191705.0,2026-06-25T06:42:31Z,Dragolisk,complete,2280.0,medium,14.11.0fbf6c,11.0,9.0,2.0,1.0,53.771929824561404,699.7478070175439,753.5197368421053,53.771929824561404,https://tibia.fandom.com/wiki/Loot_Statistics:Dragolisk,1169826.0,2026-03-24T12:21:25Z,2026-08-02T17:23:20.466395+00:00,modeled,True,
cr_894156834d90,ghoul,ghoul,ghouls,1,105230921,2025-12-03,2026-07-30,93,False,False,False,False,False,https://tibia.fandom.com/wiki/Ghoul,1192176.0,2026-06-25T08:22:26Z,Ghoul,complete,10412.0,high,14.12.5229e4,14.0,12.0,2.0,1.0,0.6950633883980023,11.354878985785634,12.049942374183637,0.6950633883980023,https://tibia.fandom.com/wiki/Loot_Statistics:Ghoul,1197630.0,2026-07-25T06:06:21Z,2026-08-02T17:23:20.466395+00:00,modeled,True,
cr_bb92f9558ff1,fury,fury,furies,1,102824266,2025-12-03,2026-07-30,93,False,False,False,False,False,https://tibia.fandom.com/wiki/Fury,1191655.0,2026-06-25T06:34:58Z,Fury,complete,10644.0,high,12.31,19.0,14.0,5.0,1.0,3.524990605035701,1248.0674558436679,1251.5924464487036,3.524990605035701,https://tibia.fandom.com/wiki/Loot_Statistics:Fury,1198867.0,2026-08-02T09:39:55Z,2026-08-02T17:23:20.466395+00:00,modeled,True,
cr_7c365dfcc063,falcon knight,falcon knight,falcon knights,1,102200788,2025-12-03,2026-07-30,93,False,False,False,False,False,,,,Falcon Knight,complete,4985.0,medium,14.12.5229e4,27.0,22.0,5.0,1.0,0.0,1784.3909729187565,1784.3909729187565,0.0,https://tibia.fandom.com/wiki/Loot_Statistics:Falcon_Knight,1198348.0,2026-07-31T12:05:59Z,2026-08-02T17:23:20.466395+00:00,modeled,True,
cr_67c572e610d6,iks yapunac,iks yapunac,iks yapunacs,1,98459066,2025-12-03,2026-07-30,93,False,False,False,False,False,,,,Iks Yapunac,complete,4493.0,medium,14.12.5229e4,16.0,14.0,2.0,1.0,54.770754507010906,778.7024259959936,833.4731805030045,54.770754507010906,https://tibia.fandom.com/wiki/Loot_Statistics:Iks_Yapunac,1198355.0,2026-07-31T12:06:10Z,2026-08-02T17:23:20.466395+00:00,modeled,True,
cr_e646605ecaf9,arachnophobica,arachnophobica,arachnophobicas,1,97185815,2025-12-03,2026-07-30,93,False,False,False,False,False,https://tibia.fandom.com/wiki/Arachnophobica,1192033.0,2026-06-25T07:58:55Z,Arachnophobica,complete,24204.0,high,14.12.5229e4,29.0,28.0,1.0,1.0,81.32540076020493,654.9896711287389,736.3150718889439,81.32540076020493,https://tibia.fandom.com/wiki/Loot_Statistics:Arachnophobica,1196976.0,2026-07-19T09:44:47Z,2026-08-02T17:23:20.466395+00:00,modeled,True,
cr_d216f2084321,spectre,spectre,spectres,1,96480109,2025-12-05,2026-07-30,93,False,False,False,False,False,https://tibia.fandom.com/wiki/Spectre,1192191.0,2026-06-25T08:24:06Z,Spectre,complete,1311.0,medium,14.12.5229e4,17.0,14.0,3.0,1.0,4.7360793287566745,394.69870327993914,399.4347826086958,4.7360793287566745,https://tibia.fandom.com/wiki/Loot_Statistics:Spectre,1188971.0,2026-06-12T19:54:36Z,2026-08-02T17:23:20.466395+00:00,modeled,True,
cr_e1dad596b1ad,crusader,crusader,crusaders,1,95625335,2025-12-05,2026-07-30,93,False,False,False,False,False,https://tibia.fandom.com/wiki/Crusader,1191962.0,2026-06-25T07:50:50Z,Crusader,complete,9816.0,medium,8.6,11.0,10.0,1.0,1.0,63.75264873675631,264.96943765281173,328.72208638956806,63.75264873675631,https://tibia.fandom.com/wiki/Loot_Statistics:Crusader,1196000.0,2026-07-14T10:59:00Z,2026-08-02T17:23:20.466395+00:00,modeled,True,
cr_b31665f1c975,wardragon,wardragon,wardragons,1,94496073,2025-12-03,2026-07-30,92,False,False,False,False,False,https://tibia.fandom.com/wiki/Wardragon,1191706.0,2026-06-25T06:42:33Z,Wardragon,complete,2110.0,medium,14.11.0fbf6c,12.0,10.0,2.0,1.0,53.317535545023695,641.78672985782,695.1042654028437,53.317535545023695,https://tibia.fandom.com/wiki/Loot_Statistics:Wardragon,1170312.0,2026-03-24T12:38:57Z,2026-08-02T17:23:20.466395+00:00,modeled,True,
cr_f377636d4b8d,glooth blob,glooth blob,glooth blobs,1,92829389,2025-12-03,2026-07-30,93,False,False,False,False,False,,,,Glooth Blob,complete,18811.0,high,10.5,8.0,8.0,0.0,1.0,1.0,66.64318749667747,67.64318749667747,1.0,https://tibia.fandom.com/wiki/Loot_Statistics:Glooth_Blob,1196912.0,2026-07-18T22:09:48Z,2026-08-02T17:23:20.466395+00:00,modeled,True,
cr_0e31c0012e7d,norcferatu heartless,norcferatu heartless,norcferatu heartlesses,1,89975791,2025-12-03,2026-07-30,93,False,False,False,False,False,,,,Norcferatu Heartless,complete,1936.0,medium,15.11.dd3523,13.0,13.0,0.0,1.0,63.378099173553714,468.54597107438025,531.924070247934,63.378099173553714,https://tibia.fandom.com/wiki/Loot_Statistics:Norcferatu_Heartless,1193612.0,2026-07-01T15:35:28Z,2026-08-02T17:23:20.466395+00:00,modeled,True,
cr_11f44059f17f,headwalker,headwalker,headwalkers,1,89774814,2025-12-05,2026-07-30,93,False,False,False,False,False,https://tibia.fandom.com/wiki/Headwalker,1191994.0,2026-06-25T07:54:21Z,Headwalker,complete,8726.0,medium,8.6,11.0,9.0,2.0,1.0,69.0185652074261,235.38734815493927,304.40591336236537,69.0185652074261,https://tibia.fandom.com/wiki/Loot_Statistics:Headwalker,1196057.0,2026-07-14T11:04:45Z,2026-08-02T17:23:20.466395+00:00,modeled,True,
cr_9de46f60beb1,gazer spectre,gazer spectre,gazer spectres,1,89044069,2025-12-05,2026-07-30,93,False,False,False,False,False,,,,Gazer Spectre,complete,10324.0,high,14.12.5229e4,17.0,15.0,2.0,1.0,74.27353738860907,877.252034095312,951.525571483921,74.27353738860907,https://tibia.fandom.com/wiki/Loot_Statistics:Gazer_Spectre,1196980.0,2026-07-19T09:44:53Z,2026-08-02T17:23:20.466395+00:00,modeled,True,
cr_29f66b13b049,exotic bat,exotic bat,exotic bats,1,87735897,2025-12-05,2026-07-30,93,False,False,False,False,False,,,,Exotic Bat,complete,17054.0,high,8.6,7.0,6.0,1.0,1.0,100.0,121.33517063445527,221.33517063445527,100.0,https://tibia.fandom.com/wiki/Loot_Statistics:Exotic_Bat,1198305.0,2026-07-30T22:04:03Z,2026-08-02T17:23:20.466395+00:00,modeled,True,
cr_ccc1c9a2e144,minotaur cult follower,minotaur cult follower,minotaur cult followers,1,87512656,2025-12-05,2026-07-30,93,False,False,False,False,False,,,,Minotaur Cult Follower,complete,12725.0,high,8.6,24.0,23.0,1.0,1.0,66.02161100196464,721.5034970530451,787.5251080550097,66.02161100196464,https://tibia.fandom.com/wiki/Loot_Statistics:Minotaur_Cult_Follower,1187720.0,2026-05-30T20:13:24Z,2026-08-02T17:23:20.466395+00:00,modeled,True,
cr_0cfa092f7b25,weakened frazzlemaw,weakened frazzlemaw,weakened frazzlemaws,1,86586948,2025-12-05,2026-07-30,93,False,False,False,False,False,,,,Weakened Frazzlemaw,complete,25775.0,high,12.90.12182,19.0,11.0,8.0,1.0,61.31037827352085,328.1944519883608,389.50483026188164,61.31037827352085,https://tibia.fandom.com/wiki/Loot_Statistics:Weakened_Frazzlemaw,1196891.0,2026-07-18T20:09:08Z,2026-08-02T17:23:20.466395+00:00,modeled,True,
cr_12ed16bc3362,vicious squire,vicious squire,vicious squires,1,82845948,2025-12-03,2026-07-30,93,False,False,False,False,False,,,,Vicious Squire,complete,38755.0,high,10.8,16.0,12.0,4.0,1.0,1.0,93.19772932524836,94.19772932524836,1.0,https://tibia.fandom.com/wiki/Loot_Statistics:Vicious_Squire,1196206.0,2026-07-14T11:19:31Z,2026-08-02T17:23:20.466395+00:00,modeled,True,
cr_8d3b6492232b,mean lost soul,mean lost soul,mean lost souls,1,81706153,2025-12-03,2026-07-30,93,False,False,False,False,False,,,,Mean Lost Soul,complete,2852.0,medium,14.12.5229e4,13.0,12.0,1.0,1.0,72.68583450210379,1216.820476858345,1289.5063113604488,72.68583450210379,https://tibia.fandom.com/wiki/Loot_Statistics:Mean_Lost_Soul,1196845.0,2026-07-18T17:50:41Z,2026-08-02T17:23:20.466395+00:00,modeled,True,
cr_29e2ef5cceba,harpy,harpy,harpies,1,80220180,2025-12-03,2026-07-30,93,False,False,False,False,False,https://tibia.fandom.com/wiki/Harpy,1191615.0,2026-06-25T06:32:02Z,Harpy,complete,379.0,low,15.23.fb0341,12.0,11.0,1.0,1.0,77.04485488126649,1305.0131926121371,1382.0580474934036,77.04485488126649,https://tibia.fandom.com/wiki/Loot_Statistics:Harpy,1190311.0,2026-06-18T23:43:14Z,2026-08-02T17:23:20.466395+00:00,modeled,True,
cr_db5a705b109e,orclops bloodbreaker,orclops bloodbreaker,orclops bloodbreakers,1,79414469,2025-12-03,2026-07-30,93,False,False,False,False,False,,,,Orclops Bloodbreaker,complete,1984.0,medium,15.11.dd3523,13.0,12.0,1.0,1.0,80.94758064516128,464.53629032258067,545.483870967742,80.94758064516128,https://tibia.fandom.com/wiki/Loot_Statistics:Orclops_Bloodbreaker,1193623.0,2026-07-01T15:36:28Z,2026-08-02T17:23:20.466395+00:00,modeled,True,
cr_f6c32b6d1c3c,gloom maw,gloom maw,gloom maws,1,77429878,2025-12-03,2026-07-30,93,False,False,False,False,False,,,,Gloom Maw,complete,1977.0,medium,15.11.dd3523,12.0,12.0,0.0,1.0,74.15275670207386,255.8877086494689,330.04046535154276,74.15275670207386,https://tibia.fandom.com/wiki/Loot_Statistics:Gloom_Maw,1193583.0,2026-07-01T15:32:50Z,2026-08-02T17:23:20.466395+00:00,modeled,True,
cr_ab905cf7e897,lion hydra,lion hydra,lion hydras,1,76324620,2025-12-05,2026-07-30,93,False,False,False,False,False,,,,Lion Hydra,complete,5361.0,medium,8.6,12.0,12.0,0.0,1.0,65.39955232232792,177.43443387427718,242.8339861966051,65.39955232232792,https://tibia.fandom.com/wiki/Loot_Statistics:Lion_Hydra,1193597.0,2026-07-01T15:34:02Z,2026-08-02T17:23:20.466395+00:00,modeled,True,
cr_0a57321efb2a,werehyaena shaman,werehyaena shaman,werehyaena shamans,1,75871295,2025-12-03,2026-07-30,93,False,False,False,False,False,,,,Werehyaena Shaman,complete,3259.0,medium,12.90.12182,17.0,15.0,2.0,1.0,100.0,750.1644676281068,850.1644676281068,100.0,https://tibia.fandom.com/wiki/Loot_Statistics:Werehyaena_Shaman,1198492.0,2026-07-31T19:33:10Z,2026-08-02T17:23:20.466395+00:00,modeled,True,
cr_2a02a5e19619,cunning werepanther,cunning werepanther,cunning werepanthers,1,75729926,2025-12-05,2026-07-30,93,False,False,False,False,False,,,,Cunning Werepanther,complete,8582.0,medium,8.6,14.0,13.0,1.0,1.0,101.0,264.7657888604055,365.7657888604055,101.0,https://tibia.fandom.com/wiki/Loot_Statistics:Cunning_Werepanther,1198550.0,2026-08-01T11:21:34Z,2026-08-02T17:23:20.466395+00:00,modeled,True,
cr_11d5c64330fa,draken warmaster,draken warmaster,draken warmasters,1,75645068,2025-12-03,2026-07-30,93,False,False,False,False,False,,,,Draken Warmaster,complete,332636.0,high,8.6,15.0,13.0,2.0,1.0,51.228120227515966,725.0231484265082,776.2512686540242,51.228120227515966,https://tibia.fandom.com/wiki/Loot_Statistics:Draken_Warmaster,1193567.0,2026-07-01T15:31:16Z,2026-08-02T17:23:20.466395+00:00,modeled,True,
cr_6e5ede95064a,bulltaur brute,bulltaur brute,bulltaur brutes,1,75600947,2025-12-05,2026-07-30,92,False,False,False,False,False,,,,Bulltaur Brute,complete,1391.0,medium,14.12.5229e4,13.0,13.0,0.0,1.0,55.571531272465855,571.1466570812364,626.7181883537023,55.571531272465855,https://tibia.fandom.com/wiki/Loot_Statistics:Bulltaur_Brute,1195983.0,2026-07-14T10:57:15Z,2026-08-02T17:23:20.466395+00:00,modeled,True,
cr_dd052090e935,broodrider inferniarch,broodrider inferniarch,broodrider inferniarches,1,75300631,2025-12-03,2026-07-30,93,False,False,False,False,False,,,,Broodrider Inferniarch,complete,43476.0,high,8.6,11.0,7.0,4.0,1.0,100.0,215.74891894378507,315.74891894378504,100.0,https://tibia.fandom.com/wiki/Loot_Statistics:Broodrider_Inferniarch,1198912.0,2026-08-02T12:49:51Z,2026-08-02T17:23:20.466395+00:00,modeled,True,
cr_3e87735636c5,plaguesmith,plaguesmith,plaguesmiths,1,74307119,2025-12-03,2026-07-30,93,False,False,False,False,False,https://tibia.fandom.com/wiki/Plaguesmith,1191659.0,2026-06-25T06:35:07Z,Plaguesmith,complete,11434.0,high,12.31.9530,27.0,21.0,6.0,1.0,6.979709637921987,1163.1043379394787,1170.0840475774007,6.979709637921987,https://tibia.fandom.com/wiki/Loot_Statistics:Plaguesmith,1195019.0,2026-07-08T22:37:16Z,2026-08-02T17:23:20.466395+00:00,modeled,True,
cr_0436fdc764cb,dworc shadowstalker,dworc shadowstalker,dworc shadowstalkers,1,73750764,2025-12-03,2026-07-30,93,False,False,False,False,False,,,,Dworc Shadowstalker,complete,1684.0,medium,15.11.dd3523,13.0,13.0,0.0,1.0,85.86698337292161,227.86223277909738,313.729216152019,85.86698337292161,https://tibia.fandom.com/wiki/Loot_Statistics:Dworc_Shadowstalker,1193571.0,2026-07-01T15:31:38Z,2026-08-02T17:23:20.466395+00:00,modeled,True,
cr_a7b142556567,crazed summer rearguard,crazed summer rearguard,crazed summer rearguards,1,73550961,2025-12-03,2026-07-30,93,False,False,False,False,False,,,,Crazed Summer Rearguard,complete,16051.0,high,12.31.9530,16.0,15.0,1.0,1.0,85.09127157186468,628.7284281353186,713.8196997071833,85.09127157186468,https://tibia.fandom.com/wiki/Loot_Statistics:Crazed_Summer_Rearguard,1195997.0,2026-07-14T10:58:41Z,2026-08-02T17:23:20.466395+00:00,modeled,True,
cr_ae976cef4aee,norcferatu nightweaver,norcferatu nightweaver,norcferatu nightweavers,1,73282960,2025-12-03,2026-07-30,93,False,False,False,False,False,,,,Norcferatu Nightweaver,complete,1497.0,medium,15.11.dd3523,10.0,9.0,1.0,1.0,80.49432197728791,320.42752171008686,400.9218436873748,80.49432197728791,https://tibia.fandom.com/wiki/Loot_Statistics:Norcferatu_Nightweaver,1193613.0,2026-07-01T15:35:35Z,2026-08-02T17:23:20.466395+00:00,modeled,True,
cr_af8978b1797b,dragon,dragon,dragons,1,71642401,2025-12-03,2026-07-30,93,False,False,False,False,False,https://tibia.fandom.com/wiki/Dragon,1191689.0,2026-06-25T06:40:57Z,Dragon,complete,15162.0,high,13.21.14040,22.0,19.0,3.0,1.0,0.9023875478169107,127.04926790660862,127.95165545442553,0.9023875478169107,https://tibia.fandom.com/wiki/Loot_Statistics:Dragon,1198346.0,2026-07-31T12:05:56Z,2026-08-02T17:23:20.466395+00:00,modeled,True,
cr_71eb5c69304d,gloom wolf,gloom wolf,gloom wolves,1,71247190,2025-12-03,2026-07-30,93,False,False,False,False,False,,,,Gloom Wolf,complete,7390.0,medium,10.8,6.0,6.0,0.0,1.0,0.6660351826792964,17.13937753721245,17.805412719891745,0.6660351826792964,https://tibia.fandom.com/wiki/Loot_Statistics:Gloom_Wolf,1193193.0,2026-06-29T18:52:24Z,2026-08-02T17:23:20.466395+00:00,modeled,True,
cr_35f67bcb92ea,boar man,boar man,boar men,1,71108604,2025-12-03,2026-07-30,92,False,False,False,False,False,,,,Boar Man,complete,19877.0,high,8.6,10.0,9.0,1.0,1.0,79.42848518388087,671.8720128792071,751.300498063088,79.42848518388087,https://tibia.fandom.com/wiki/Loot_Statistics:Boar_Man,1193536.0,2026-07-01T15:28:29Z,2026-08-02T17:23:20.466395+00:00,modeled,True,
cr_bd726c51af7f,fire elemental,fire elemental,fire elementals,1,70477461,2025-12-03,2026-07-30,93,False,False,False,False,False,,,,Fire Elemental,complete,41381.0,high,8.6,0.0,0.0,0.0,1.0,0.0,0.0,0.0,0.0,https://tibia.fandom.com/wiki/Loot_Statistics:Fire_Elemental,1198351.0,2026-07-31T12:06:04Z,2026-08-02T17:23:20.466395+00:00,modeled,True,
cr_0648bcd626a1,sineater inferniarch,sineater inferniarch,sineater inferniarches,1,70420992,2025-12-03,2026-07-30,93,False,False,False,False,False,,,,Sineater Inferniarch,complete,40103.0,high,8.6,11.0,8.0,3.0,1.0,100.0,265.46393037927334,365.46393037927334,100.0,https://tibia.fandom.com/wiki/Loot_Statistics:Sineater_Inferniarch,1198926.0,2026-08-02T13:00:57Z,2026-08-02T17:23:20.466395+00:00,modeled,True,
cr_a2395008066a,pirat bombardier,pirat bombardier,pirat bombardiers,1,70379501,2025-12-05,2026-07-30,93,False,False,False,False,False,,,,Pirat Bombardier,complete,8713.0,medium,8.6,9.0,8.0,1.0,1.0,0.0,590.001147710318,590.001147710318,0.0,https://tibia.fandom.com/wiki/Loot_Statistics:Pirat_Bombardier,1198307.0,2026-07-30T22:04:06Z,2026-08-02T17:23:20.466395+00:00,modeled,True,
cr_496a4d88693c,pirat scoundrel,pirat scoundrel,pirat scoundrels,1,70001125,2025-12-05,2026-07-30,93,False,False,False,False,False,,,,Pirat Scoundrel,complete,8950.0,medium,8.6,9.0,7.0,2.0,1.0,0.0,695.8078212290502,695.8078212290502,0.0,https://tibia.fandom.com/wiki/Loot_Statistics:Pirat_Scoundrel,1198309.0,2026-07-30T22:04:09Z,2026-08-02T17:23:20.466395+00:00,modeled,True,
cr_ddc164253c41,diremaw,diremaw,diremaws,1,66971844,2025-12-03,2026-07-30,93,False,False,False,False,False,https://tibia.fandom.com/wiki/Diremaw,1192331.0,2026-06-25T08:39:13Z,Diremaw,complete,12034.0,high,12.00,15.0,13.0,2.0,1.0,0.0,852.363802559415,852.363802559415,0.0,https://tibia.fandom.com/wiki/Loot_Statistics:Diremaw,1197813.0,2026-07-26T18:18:04Z,2026-08-02T17:23:20.466395+00:00,modeled,True,
cr_12dc11c4c742,falcon paladin,falcon paladin,falcon paladins,1,66357029,2025-12-03,2026-07-30,93,False,False,False,False,False,,,,Falcon Paladin,complete,3728.0,medium,14.12.5229e4,18.0,15.0,3.0,1.0,89.40450643776823,1858.3530042918453,1947.7575107296136,89.40450643776823,https://tibia.fandom.com/wiki/Loot_Statistics:Falcon_Paladin,1198349.0,2026-07-31T12:06:01Z,2026-08-02T17:23:20.466395+00:00,modeled,True,
cr_3bb15f675165,liodile,liodile,liodiles,1,65853286,2025-12-05,2026-07-30,92,False,False,False,False,False,https://tibia.fandom.com/wiki/Liodile,1191937.0,2026-06-25T07:40:34Z,Liodile,complete,18506.0,high,8.6,11.0,10.0,1.0,1.0,80.24424510969416,1002.2376526531934,1082.4818977628877,80.24424510969416,https://tibia.fandom.com/wiki/Loot_Statistics:Liodile,1193595.0,2026-07-01T15:33:53Z,2026-08-02T17:23:20.466395+00:00,modeled,True,
cr_42ba6cdd515a,orc shaman,orc shaman,orc shamans,1,65835486,2025-12-03,2026-07-30,93,False,False,False,False,False,,,,Orc Shaman,complete,15813.0,high,11.02,11.0,9.0,2.0,1.0,0.9009043192310124,28.832163409852654,29.73306772908367,0.9009043192310124,https://tibia.fandom.com/wiki/Loot_Statistics:Orc_Shaman,1198003.0,2026-07-27T22:09:50Z,2026-08-02T17:23:20.466395+00:00,modeled,True,
cr_3b9777194eff,bluebeak,bluebeak,bluebeaks,1,65273309,2025-12-05,2026-07-30,93,False,False,False,False,False,https://tibia.fandom.com/wiki/Bluebeak,1191959.0,2026-06-25T07:50:44Z,Bluebeak,complete,4834.0,medium,8.6,13.0,11.0,2.0,1.0,63.436284650393056,269.3835333057509,332.819817956144,63.436284650393056,https://tibia.fandom.com/wiki/Loot_Statistics:Bluebeak,1193535.0,2026-07-01T15:28:24Z,2026-08-02T17:23:20.466395+00:00,modeled,True,
cr_145a7fa7ab11,gorger inferniarch,gorger inferniarch,gorger inferniarches,1,64942972,2025-12-03,2026-07-30,93,False,False,False,False,False,,,,Gorger Inferniarch,complete,38541.0,high,8.6,10.0,8.0,2.0,1.0,100.0,222.11022028489143,322.1102202848914,100.0,https://tibia.fandom.com/wiki/Loot_Statistics:Gorger_Inferniarch,1198914.0,2026-08-02T12:49:54Z,2026-08-02T17:23:20.466395+00:00,modeled,True,
cr_84657c8d69dd,crazed summer vanguard,crazed summer vanguard,crazed summer vanguards,1,64867428,2025-12-03,2026-07-30,93,False,False,False,False,False,,,,Crazed Summer Vanguard,complete,14427.0,high,12.31.9530,15.0,14.0,1.0,1.0,85.0696610521938,391.37478339225066,476.44444444444446,85.0696610521938,https://tibia.fandom.com/wiki/Loot_Statistics:Crazed_Summer_Vanguard,1195998.0,2026-07-14T10:58:48Z,2026-08-02T17:23:20.466395+00:00,modeled,True,
cr_66f2e0f85b7b,bulltaur alchemist,bulltaur alchemist,bulltaur alchemists,1,64704466,2025-12-05,2026-07-30,91,False,False,False,False,False,,,,Bulltaur Alchemist,complete,3363.0,medium,8.6,17.0,12.0,5.0,1.0,51.53137079988106,909.2194469223907,960.7508177222718,51.53137079988106,https://tibia.fandom.com/wiki/Loot_Statistics:Bulltaur_Alchemist,1195982.0,2026-07-14T10:57:09Z,2026-08-02T17:23:20.466395+00:00,modeled,True,
cr_260916a2dcc5,skeleton,skeleton,skeletons,1,64327827,2025-12-03,2026-07-30,93,False,False,False,False,False,https://tibia.fandom.com/wiki/Skeleton,1192177.0,2026-06-25T08:22:29Z,Skeleton,complete,8042.0,medium,14.12.5229e4,10.0,8.0,2.0,1.0,0.4569758766476001,12.672220840586919,13.12919671723452,0.4569758766476001,https://tibia.fandom.com/wiki/Loot_Statistics:Skeleton,1198505.0,2026-07-31T19:38:56Z,2026-08-02T17:23:20.466395+00:00,modeled,True,
cr_15d7f6796648,draken spellweaver,draken spellweaver,draken spellweavers,1,63494824,2025-12-03,2026-07-30,93,False,False,False,False,False,,,,Draken Spellweaver,complete,235488.0,high,9.5,19.0,16.0,3.0,1.0,26.002938578611225,812.3158887077049,838.318827286316,26.002938578611225,https://tibia.fandom.com/wiki/Loot_Statistics:Draken_Spellweaver,1193169.0,2026-06-29T18:45:33Z,2026-08-02T17:23:20.466395+00:00,modeled,True,
cr_dcb561296664,minotaur,minotaur,minotaurs,1,63385957,2025-12-03,2026-07-30,93,False,False,False,False,False,https://tibia.fandom.com/wiki/Minotaur,1191860.0,2026-06-25T07:16:50Z,Minotaur,complete,213327.0,high,8.6,13.0,12.0,1.0,1.0,0.6634978225916082,26.359912247394842,27.02341006998645,0.6634978225916082,https://tibia.fandom.com/wiki/Loot_Statistics:Minotaur,1198918.0,2026-08-02T12:49:59Z,2026-08-02T17:23:20.466395+00:00,modeled,True,
cr_d2f100b446bc,death blob,death blob,death blobs,1,62615662,2025-12-05,2026-07-30,93,False,False,False,False,False,,,,Death Blob,complete,19496.0,high,8.6,1.0,1.0,0.0,1.0,0.0,5.7227123512515385,5.7227123512515385,0.0,https://tibia.fandom.com/wiki/Loot_Statistics:Death_Blob,1198042.0,2026-07-28T19:33:08Z,2026-08-02T17:23:20.466395+00:00,modeled,True,
cr_8aacf8ea6c5f,pirat mate,pirat mate,pirat mates,1,62514788,2025-12-05,2026-07-30,93,False,False,False,False,False,,,,Pirat Mate,complete,7221.0,medium,8.6,15.0,15.0,0.0,1.0,0.0,778.6940866915941,778.6940866915941,0.0,https://tibia.fandom.com/wiki/Loot_Statistics:Pirat_Mate,1198258.0,2026-07-30T20:14:40Z,2026-08-02T17:23:20.466395+00:00,modeled,True,
cr_e0e96f07efe1,ravenous lava lurker,ravenous lava lurker,ravenous lava lurkers,1,62474381,2025-12-05,2026-07-30,93,False,False,False,False,False,,,,Ravenous Lava Lurker,complete,4008.0,medium,8.6,0.0,0.0,0.0,1.0,0.0,0.0,0.0,0.0,https://tibia.fandom.com/wiki/Loot_Statistics:Ravenous_Lava_Lurker,1198535.0,2026-07-31T23:17:38Z,2026-08-02T17:23:20.466395+00:00,modeled,True,
cr_6c42577fe7a5,acolyte of the cult,acolyte of the cult,acolytes of the cult,1,62185896,2025-12-03,2026-07-30,93,False,False,False,False,False,,,,Acolyte of the Cult,complete,42659.0,high,8.6,13.0,12.0,1.0,1.0,0.6562038491291404,41.20298178578964,41.85918563491878,0.6562038491291404,https://tibia.fandom.com/wiki/Loot_Statistics:Acolyte_of_the_Cult,1190459.0,2026-06-19T21:28:44Z,2026-08-02T17:23:20.466395+00:00,modeled,True,
cr_28d6d21761d8,mitmah seer,mitmah seer,mitmah seers,1,61169936,2025-12-03,2026-07-30,93,False,False,False,False,False,,,,Mitmah Seer,complete,10512.0,high,8.6,14.0,11.0,3.0,1.0,54.74695585996956,346.2514269406392,400.99838280060874,54.74695585996956,https://tibia.fandom.com/wiki/Loot_Statistics:Mitmah_Seer,1198358.0,2026-07-31T12:06:14Z,2026-08-02T17:23:20.466395+00:00,modeled,True,
cr_6c9e4c8d1303,demon outcast,demon outcast,demon outcasts,1,60962316,2025-12-03,2026-07-30,82,False,False,False,False,False,,,,Demon Outcast,complete,34218.0,high,10.3,25.0,21.0,4.0,1.0,101.0,850.6370915892222,951.6370915892222,101.0,https://tibia.fandom.com/wiki/Loot_Statistics:Demon_Outcast,1184388.0,2026-05-12T09:22:54Z,2026-08-02T17:23:20.466395+00:00,modeled,True,
cr_0ffa93269022,nightmare,nightmare,nightmares,1,60590383,2025-12-03,2026-07-30,93,False,False,False,False,False,https://tibia.fandom.com/wiki/Nightmare,1192004.0,2026-06-25T07:54:46Z,Nightmare,complete,9335.0,medium,12.31,17.0,14.0,3.0,1.0,3.586609534011784,395.0461703267273,398.63277986073905,3.586609534011784,https://tibia.fandom.com/wiki/Loot_Statistics:Nightmare,1196118.0,2026-07-14T11:10:50Z,2026-08-02T17:23:20.466395+00:00,modeled,True,
cr_b23bd206e8ce,mitmah scout,mitmah scout,mitmah scouts,1,60149477,2025-12-03,2026-07-30,93,False,False,False,False,False,,,,Mitmah Scout,complete,10709.0,high,8.6,19.0,14.0,5.0,1.0,48.08105331963769,593.8547016528154,641.9357549724531,48.08105331963769,https://tibia.fandom.com/wiki/Loot_Statistics:Mitmah_Scout,1198357.0,2026-07-31T12:06:12Z,2026-08-02T17:23:20.466395+00:00,modeled,True,
cr_79637a0f6efe,demon,demon,demons,1,60016390,2025-12-03,2026-07-30,93,False,False,False,False,False,https://tibia.fandom.com/wiki/Demon,1191652.0,2026-06-25T06:34:47Z,Demon,complete,7284.0,medium,14.12.5229e4,33.0,29.0,4.0,1.0,101.0,2202.8390993959365,2303.8390993959365,101.0,https://tibia.fandom.com/wiki/Loot_Statistics:Demon,1197708.0,2026-07-25T17:08:16Z,2026-08-02T17:23:20.466395+00:00,modeled,True,
cr_bd7226fe3fdd,bonebeast,bonebeast,bonebeasts,1,59892219,2025-12-03,2026-07-30,93,False,False,False,False,False,https://tibia.fandom.com/wiki/Bonebeast,1192184.0,2026-06-25T08:23:48Z,Bonebeast,complete,6057.0,medium,14.12.5229e4,12.0,9.0,3.0,1.0,0.2892521050024765,64.48489351163943,64.7741456166419,0.2892521050024765,https://tibia.fandom.com/wiki/Loot_Statistics:Bonebeast,1198312.0,2026-07-30T22:31:22Z,2026-08-02T17:23:20.466395+00:00,modeled,True,
cr_96bc822456ae,guzzlemaw,guzzlemaw,guzzlemaws,1,59810187,2025-12-03,2026-07-30,83,False,False,False,False,False,https://tibia.fandom.com/wiki/Guzzlemaw,1192018.0,2026-06-25T07:58:04Z,Guzzlemaw,complete,2959.0,medium,12.31.9530,30.0,18.0,12.0,1.0,88.71645826292665,765.6640757012502,854.3805339641768,88.71645826292665,https://tibia.fandom.com/wiki/Loot_Statistics:Guzzlemaw,1195013.0,2026-07-08T22:37:09Z,2026-08-02T17:23:20.466395+00:00,modeled,True,
cr_2de6ba12d336,larva,larva,larvas,1,59540046,2025-12-05,2026-07-30,93,False,False,False,False,False,https://tibia.fandom.com/wiki/Larva,1192277.0,2026-06-25T08:33:56Z,Larva,complete,89792.0,high,8.6,2.0,2.0,0.0,1.0,0.6468839094796864,0.29873485388453314,0.9456187633642196,0.6468839094796864,https://tibia.fandom.com/wiki/Loot_Statistics:Larva,1198557.0,2026-08-01T11:21:40Z,2026-08-02T17:23:20.466395+00:00,modeled,True,
cr_1c323659ea6b,cobra scout,cobra scout,cobra scouts,1,59265900,2025-12-03,2026-07-30,93,False,False,False,False,False,,,,Cobra Scout,complete,8189.0,medium,14.12.5229e4,15.0,14.0,1.0,1.0,71.97460007326903,1043.3325192331179,1115.307119306387,71.97460007326903,https://tibia.fandom.com/wiki/Loot_Statistics:Cobra_Scout,1189325.0,2026-06-15T07:15:11Z,2026-08-02T17:23:20.466395+00:00,modeled,True,
cr_1a1884a53880,wyrm,wyrm,wyrms,1,57966814,2025-12-03,2026-07-30,93,False,False,False,False,False,https://tibia.fandom.com/wiki/Wyrm,1191696.0,2026-06-25T06:41:13Z,Wyrm,complete,78681.0,high,8.6,16.0,12.0,4.0,1.0,0.9688488961756968,229.03064272187697,229.99949161805267,0.9688488961756968,https://tibia.fandom.com/wiki/Loot_Statistics:Wyrm,1196997.0,2026-07-19T12:34:29Z,2026-08-02T17:23:20.466395+00:00,modeled,True,
cr_2f1d7c3665c6,white lion,white lion,white lions,1,57877749,2025-12-03,2026-07-30,93,False,False,False,False,False,,,,White Lion,complete,9004.0,medium,8.6,13.0,12.0,1.0,1.0,100.0,654.9224788982675,754.9224788982675,100.0,https://tibia.fandom.com/wiki/Loot_Statistics:White_Lion,1196217.0,2026-07-14T11:20:42Z,2026-08-02T17:23:20.466395+00:00,modeled,True,
cr_577361d572b6,poison spider,poison spider,poison spiders,1,56587151,2025-12-03,2026-07-30,93,False,False,False,False,False,,,,Poison Spider,complete,59432.0,high,9.63,2.0,2.0,0.0,1.0,0.7472741957194777,0.10061919504643962,0.8478933907659174,0.7472741957194777,https://tibia.fandom.com/wiki/Loot_Statistics:Poison_Spider,1198920.0,2026-08-02T12:50:02Z,2026-08-02T17:23:20.466395+00:00,modeled,True,
cr_687656f6a192,mummy,mummy,mummies,1,56294016,2025-12-03,2026-07-30,93,False,False,False,False,False,https://tibia.fandom.com/wiki/Mummy,1192180.0,2026-06-25T08:22:36Z,Mummy,complete,5799.0,medium,14.12.5229e4,14.0,14.0,0.0,1.0,0.3942058975685463,32.264355923435076,32.65856182100362,0.3942058975685463,https://tibia.fandom.com/wiki/Loot_Statistics:Mummy,1198359.0,2026-07-31T12:06:15Z,2026-08-02T17:23:20.466395+00:00,modeled,True,
cr_0dffdd04f144,orc berserker,orc berserker,orc berserkers,1,55392334,2025-12-03,2026-07-30,93,False,False,False,False,False,https://tibia.fandom.com/wiki/Orc_Berserker,1191989.0,2026-06-25T07:54:05Z,Orc Berserker,complete,35797.0,high,10.8,10.0,9.0,1.0,1.0,0.5464703746123977,49.23499175908595,49.78146213369835,0.5464703746123977,https://tibia.fandom.com/wiki/Loot_Statistics:Orc_Berserker,1198423.0,2026-07-31T17:41:04Z,2026-08-02T17:23:20.466395+00:00,modeled,True,
cr_436b932fe626,tarantula,tarantula,tarantulas,1,55358474,2025-12-03,2026-07-30,93,False,False,False,False,False,https://tibia.fandom.com/wiki/Tarantula,1192280.0,2026-06-25T08:34:05Z,Tarantula,complete,14636.0,high,15.00.249ccc,8.0,7.0,1.0,1.0,0.794616015304728,13.852691992347635,14.647308007652363,0.794616015304728,https://tibia.fandom.com/wiki/Loot_Statistics:Tarantula,1198509.0,2026-07-31T19:39:01Z,2026-08-02T17:23:20.466395+00:00,modeled,True,
cr_6e2b479347b4,swamp troll,swamp troll,swamp trolls,1,55180332,2025-12-03,2026-07-30,93,False,False,False,False,False,https://tibia.fandom.com/wiki/Swamp_Troll,1191873.0,2026-06-25T07:17:18Z,Swamp Troll,complete,58854.0,high,9.8,11.0,8.0,3.0,1.0,0.5005267271553335,3.721956026778129,4.222482753933463,0.5005267271553335,https://tibia.fandom.com/wiki/Loot_Statistics:Swamp_Troll,1198508.0,2026-07-31T19:39:00Z,2026-08-02T17:23:20.466395+00:00,modeled,True,
cr_4aeafe4e56f5,varg,varg,vargs,1,54656846,2025-12-03,2026-07-30,93,False,False,False,False,False,https://tibia.fandom.com/wiki/Varg,1191943.0,2026-06-25T07:47:28Z,Varg,complete,1307.0,medium,15.11.dd3523,9.0,8.0,1.0,1.0,69.47207345065034,241.55700076511093,311.0290742157613,69.47207345065034,https://tibia.fandom.com/wiki/Loot_Statistics:Varg,1193659.0,2026-07-01T15:39:37Z,2026-08-02T17:23:20.466395+00:00,modeled,True,
cr_683c9fba86ed,two-headed turtle,two-headed turtle,two-headed turtles,1,54533779,2025-12-05,2026-07-30,93,False,False,False,False,False,,,,Two-Headed Turtle,complete,3071.0,medium,13.22.14242,22.0,17.0,5.0,1.0,100.0,545.467274503419,645.467274503419,100.0,https://tibia.fandom.com/wiki/Loot_Statistics:Two-Headed_Turtle,1198329.0,2026-07-30T22:31:40Z,2026-08-02T17:23:20.466395+00:00,modeled,True,
cr_e24546f5f6b3,cyclops,cyclops,cyclopes,1,53420545,2025-12-03,2026-07-30,93,False,False,False,False,False,https://tibia.fandom.com/wiki/Cyclops,1191763.0,2026-06-25T06:52:47Z,Cyclops,complete,12500.0,high,11.02,14.0,12.0,2.0,1.0,0.82488,12.5452,13.37008,0.82488,https://tibia.fandom.com/wiki/Loot_Statistics:Cyclops,1195914.0,2026-07-13T22:50:26Z,2026-08-02T17:23:20.466395+00:00,modeled,True,
cr_36ae9bb27060,elf scout,elf scout,elf scouts,1,53356366,2025-12-03,2026-07-30,93,False,False,False,False,False,,,,Elf Scout,complete,32172.0,high,8.6,11.0,6.0,5.0,1.0,0.7497513365659579,15.428478179783665,16.178229516349624,0.7497513365659579,https://tibia.fandom.com/wiki/Loot_Statistics:Elf_Scout,1196024.0,2026-07-14T11:01:32Z,2026-08-02T17:23:20.466395+00:00,modeled,True,
cr_00256a5d75f8,werepanther,werepanther,werepanthers,1,53301158,2025-12-05,2026-07-30,93,False,False,False,False,False,https://tibia.fandom.com/wiki/Werepanther,1191977.0,2026-06-25T07:51:25Z,Werepanther,complete,2548.0,medium,8.6,14.0,13.0,1.0,1.0,101.0,257.5549450549451,358.5549450549451,101.0,https://tibia.fandom.com/wiki/Loot_Statistics:Werepanther,1196216.0,2026-07-14T11:20:36Z,2026-08-02T17:23:20.466395+00:00,modeled,True,
cr_abd2df2ad088,undead dragon,undead dragon,undead dragons,1,53243021,2025-12-05,2026-07-30,93,False,False,False,False,False,,,,Undead Dragon,complete,6438.0,medium,14.12.5229e4,26.0,22.0,4.0,1.0,51.43491767629698,2319.261416589003,2370.6963342653003,51.43491767629698,https://tibia.fandom.com/wiki/Loot_Statistics:Undead_Dragon,1198588.0,2026-08-01T13:38:38Z,2026-08-02T17:23:20.466395+00:00,modeled,True,
cr_8778cbf7f199,serpent spawn,serpent spawn,serpent spawns,1,53104641,2025-12-03,2026-07-30,93,False,False,False,False,False,,,,Serpent Spawn,complete,65035.0,high,8.6,23.0,20.0,3.0,1.0,0.9724917352194972,685.7287614361497,686.7012531713692,0.9724917352194972,https://tibia.fandom.com/wiki/Loot_Statistics:Serpent_Spawn,1196462.0,2026-07-15T19:13:23Z,2026-08-02T17:23:20.466395+00:00,modeled,True,
cr_b641a8d74727,crypt warrior,crypt warrior,crypt warriors,1,53102606,2025-12-05,2026-07-30,93,False,False,False,False,False,,,,Crypt Warrior,complete,1366.0,medium,14.12.5229e4,12.0,10.0,2.0,1.0,79.94143484626647,439.993411420205,519.9348462664715,79.94143484626647,https://tibia.fandom.com/wiki/Loot_Statistics:Crypt_Warrior,1194138.0,2026-07-04T17:01:58Z,2026-08-02T17:23:20.466395+00:00,modeled,True,
cr_56bab16b4164,bulltaur forgepriest,bulltaur forgepriest,bulltaur forgepriests,1,53056657,2025-12-05,2026-07-30,90,False,False,False,False,False,,,,Bulltaur Forgepriest,complete,2611.0,medium,8.6,15.0,15.0,0.0,1.0,53.92569896591344,735.8330141708159,789.7587131367293,53.92569896591344,https://tibia.fandom.com/wiki/Loot_Statistics:Bulltaur_Forgepriest,1195984.0,2026-07-14T10:57:21Z,2026-08-02T17:23:20.466395+00:00,modeled,True,
cr_b6ff67718a93,enfeebled silencer,enfeebled silencer,enfeebled silencers,1,52701889,2025-12-05,2026-07-30,93,False,False,False,False,False,,,,Enfeebled Silencer,complete,15894.0,high,12.90.12182,13.0,12.0,1.0,1.0,40.662765823581225,559.556436391091,600.2192022146722,40.662765823581225,https://tibia.fandom.com/wiki/Loot_Statistics:Enfeebled_Silencer,1196875.0,2026-07-18T19:07:32Z,2026-08-02T17:23:20.466395+00:00,modeled,True,
cr_1e17fd881eba,amazon,amazon,amazons,1,51904508,2025-12-03,2026-07-30,93,False,False,False,False,False,https://tibia.fandom.com/wiki/Amazon,1191789.0,2026-06-25T06:54:32Z,Amazon,complete,33298.0,high,8.6,10.0,7.0,3.0,1.0,0.401195266983002,11.734398462370113,12.135593729353115,0.401195266983002,https://tibia.fandom.com/wiki/Loot_Statistics:Amazon,1198227.0,2026-07-30T19:12:27Z,2026-08-02T17:23:20.466395+00:00,modeled,True,
cr_7232d079ee0d,orc warrior,orc warrior,orc warriors,1,50090430,2025-12-03,2026-07-30,93,False,False,False,False,False,,,,Orc Warrior,complete,13301.0,high,15.00.249ccc,11.0,10.0,1.0,1.0,0.6550635290579656,11.465904819186528,12.120968348244494,0.6550635290579656,https://tibia.fandom.com/wiki/Loot_Statistics:Orc_Warrior,1198006.0,2026-07-27T22:09:54Z,2026-08-02T17:23:20.466395+00:00,modeled,True,
cr_844215a95ab5,stonerefiner,stonerefiner,stonerefiners,1,49814894,2025-12-03,2026-07-30,93,False,False,False,False,False,https://tibia.fandom.com/wiki/Stonerefiner,1192152.0,2026-06-25T08:20:25Z,Stonerefiner,complete,15422.0,high,8.6,8.0,7.0,1.0,1.0,50.81053041110103,79.8852288937881,130.69575930488912,50.81053041110103,https://tibia.fandom.com/wiki/Loot_Statistics:Stonerefiner,1176015.0,2026-04-19T21:44:22Z,2026-08-02T17:23:20.466395+00:00,modeled,True,
cr_8552e2097c90,carnivostrich,carnivostrich,carnivostriches,1,49610912,2025-12-05,2026-07-30,92,False,False,False,False,False,https://tibia.fandom.com/wiki/Carnivostrich,1191616.0,2026-06-25T06:32:04Z,Carnivostrich,complete,13998.0,high,8.6,10.0,9.0,1.0,1.0,80.65437919702815,673.3483354764967,754.0027146735248,80.65437919702815,https://tibia.fandom.com/wiki/Loot_Statistics:Carnivostrich,1193543.0,2026-07-01T15:29:08Z,2026-08-02T17:23:20.466395+00:00,modeled,True,
cr_8c7873940991,rootthing nutshell,rootthing nutshell,rootthing nutshells,1,48998309,2025-12-05,2026-07-30,85,False,False,False,False,False,,,,Rootthing Nutshell,insufficient_sample,6.0,insufficient,15.11.dd3523,1.0,1.0,0.0,1.0,,,,,https://tibia.fandom.com/wiki/Loot_Statistics:Rootthing_Nutshell,1187228.0,2026-05-24T21:11:32Z,2026-08-02T17:23:20.466395+00:00,insufficient_sample,False,empirical loot sample below 100 kills
cr_8d8ebd6cd825,spiky carnivor,spiky carnivor,spiky carnivors,1,48947296,2025-12-05,2026-07-30,93,False,False,False,False,False,,,,Spiky Carnivor,complete,6559.0,medium,12.31,18.0,18.0,0.0,1.0,64.76597042232048,687.2520201250189,752.0179905473394,64.76597042232048,https://tibia.fandom.com/wiki/Loot_Statistics:Spiky_Carnivor,1196486.0,2026-07-16T02:37:35Z,2026-08-02T17:23:20.466395+00:00,modeled,True,
cr_b9aaf35e8044,sphinx,sphinx,sphinxes,1,48878770,2025-12-03,2026-07-30,93,False,False,False,False,False,https://tibia.fandom.com/wiki/Sphinx,1192037.0,2026-06-25T07:59:05Z,Sphinx,complete,27683.0,high,12.20,14.0,14.0,0.0,1.0,100.0,1214.3813893002925,1314.3813893002925,100.0,https://tibia.fandom.com/wiki/Loot_Statistics:Sphinx,1196172.0,2026-07-14T11:15:59Z,2026-08-02T17:23:20.466395+00:00,modeled,True,
cr_7209e12ecf01,medusa,medusa,medusae,1,48820052,2025-12-03,2026-07-30,93,False,False,False,False,False,https://tibia.fandom.com/wiki/Medusa,1194490.0,2026-07-06T09:00:38Z,Medusa,complete,48339.0,high,8.6,14.0,11.0,3.0,1.0,75.99948281925568,725.612859182027,801.6123420012827,75.99948281925568,https://tibia.fandom.com/wiki/Loot_Statistics:Medusa,1198585.0,2026-08-01T12:15:16Z,2026-08-02T17:23:20.466395+00:00,modeled,True,
cr_c1f2180c52ee,nighthunter,nighthunter,nighthunters,1,48691436,2025-12-05,2026-07-30,89,False,False,False,False,False,https://tibia.fandom.com/wiki/Nighthunter,1192108.0,2026-06-25T08:17:56Z,Nighthunter,complete,2885.0,medium,14.00.7103e2,11.0,10.0,1.0,1.0,2894.280762564991,961.0051993067591,3855.2859618717503,2894.280762564991,https://tibia.fandom.com/wiki/Loot_Statistics:Nighthunter,1196117.0,2026-07-14T11:10:43Z,2026-08-02T17:23:20.466395+00:00,modeled,True,
cr_f68ed9945a9f,destroyer,destroyer,destroyers,1,48322801,2025-12-03,2026-07-30,93,False,False,False,False,False,https://tibia.fandom.com/wiki/Destroyer,1189748.0,2026-06-16T18:27:29Z,Destroyer,complete,3707.0,medium,12.31,21.0,19.0,2.0,1.0,3.316698138656596,688.6862692203938,692.0029673590504,3.316698138656596,https://tibia.fandom.com/wiki/Loot_Statistics:Destroyer,1193563.0,2026-07-01T15:30:53Z,2026-08-02T17:23:20.466395+00:00,modeled,True,
cr_3d92e0440eae,juvenile bashmu,juvenile bashmu,juvenile bashmus,1,47968564,2025-12-05,2026-07-30,93,False,False,False,False,False,,,,Juvenile Bashmu,complete,5625.0,medium,12.71.11017,26.0,24.0,2.0,1.0,73.72444444444444,1569.4666666666667,1643.1911111111112,73.72444444444444,https://tibia.fandom.com/wiki/Loot_Statistics:Juvenile_Bashmu,1169985.0,2026-03-24T12:27:10Z,2026-08-02T17:23:20.466395+00:00,modeled,True,
cr_df9359f2552b,emerald damselfly,emerald damselfly,emerald damselflies,1,47918016,2025-12-05,2026-07-30,93,False,False,False,False,False,,,,Emerald Damselfly,complete,83266.0,high,9.8,8.0,5.0,3.0,1.0,0.9088223284413807,5.642278961400812,6.551101289842193,0.9088223284413807,https://tibia.fandom.com/wiki/Loot_Statistics:Emerald_Damselfly,1197188.0,2026-07-20T21:12:43Z,2026-08-02T17:23:20.466395+00:00,modeled,True,
cr_148627088915,snake,snake,snakes,1,47743686,2025-12-03,2026-07-30,93,False,False,False,False,False,https://tibia.fandom.com/wiki/Snake,1192131.0,2026-06-25T08:19:14Z,Snake,insufficient_sample,80.0,insufficient,8.54,0.0,0.0,0.0,1.0,,,,,https://tibia.fandom.com/wiki/Loot_Statistics:Snake,818230.0,2020-10-15T15:09:09Z,2026-08-02T17:23:20.466395+00:00,insufficient_sample,False,empirical loot sample below 100 kills
cr_044700df0ce8,undertaker,undertaker,undertakers,1,45939530,2025-12-05,2026-07-30,89,False,False,False,False,False,https://tibia.fandom.com/wiki/Undertaker,1192346.0,2026-06-25T08:40:24Z,Undertaker,complete,2614.0,medium,14.00.7103e2,12.0,11.0,1.0,1.0,1166.7941851568478,1547.6664116296863,2714.460596786534,1166.7941851568478,https://tibia.fandom.com/wiki/Loot_Statistics:Undertaker,1196201.0,2026-07-14T11:18:56Z,2026-08-02T17:23:20.466395+00:00,modeled,True,
cr_60740c7a6dff,sulphider,sulphider,sulphiders,1,45926043,2025-12-05,2026-07-30,89,False,False,False,False,False,https://tibia.fandom.com/wiki/Sulphider,1192345.0,2026-06-25T08:40:21Z,Sulphider,complete,2543.0,medium,14.00.7103e2,10.0,9.0,1.0,1.0,1057.8057412504916,1905.1671254423911,2962.9728666928827,1057.8057412504916,https://tibia.fandom.com/wiki/Loot_Statistics:Sulphider,1196182.0,2026-07-14T11:16:56Z,2026-08-02T17:23:20.466395+00:00,modeled,True,
cr_d678c43096e9,lumbering carnivor,lumbering carnivor,lumbering carnivors,1,45748073,2025-12-05,2026-07-30,93,False,False,False,False,False,,,,Lumbering Carnivor,complete,6706.0,medium,12.31,15.0,15.0,0.0,1.0,64.58395466746197,649.1491201908738,713.7330748583357,64.58395466746197,https://tibia.fandom.com/wiki/Loot_Statistics:Lumbering_Carnivor,1196484.0,2026-07-16T02:37:33Z,2026-08-02T17:23:20.466395+00:00,modeled,True,
cr_dc05cd1a1d1e,demon skeleton,demon skeleton,demon skeletons,1,45687169,2025-12-03,2026-07-30,93,False,False,False,False,False,https://tibia.fandom.com/wiki/Demon_Skeleton,1192178.0,2026-06-25T08:22:31Z,Demon Skeleton,complete,6851.0,medium,14.12.5229e4,16.0,13.0,3.0,1.0,0.9735804991971975,39.46781491753028,40.44139541672748,0.9735804991971975,https://tibia.fandom.com/wiki/Loot_Statistics:Demon_Skeleton,1198551.0,2026-08-01T11:21:34Z,2026-08-02T17:23:20.466395+00:00,modeled,True,
cr_a04d88632a83,devourer,devourer,devourers,1,45119115,2025-12-03,2026-07-30,93,False,False,False,False,False,https://tibia.fandom.com/wiki/Devourer,1192172.0,2026-06-25T08:22:16Z,Devourer,complete,19346.0,high,12.31,20.0,19.0,1.0,1.0,56.56642199937971,334.69089217409277,391.2573141734725,56.56642199937971,https://tibia.fandom.com/wiki/Loot_Statistics:Devourer,1196990.0,2026-07-19T12:34:23Z,2026-08-02T17:23:20.466395+00:00,modeled,True,
cr_0911aed621a1,hero,hero,heroes,1,45074940,2025-12-03,2026-07-30,93,False,False,False,False,False,https://tibia.fandom.com/wiki/Hero,1191788.0,2026-06-25T06:54:30Z,Hero,complete,32460.0,high,8.6,26.0,17.0,9.0,1.0,0.6047443006777572,257.7394331484905,258.3441774491682,0.6047443006777572,https://tibia.fandom.com/wiki/Loot_Statistics:Hero,1197910.0,2026-07-27T18:45:20Z,2026-08-02T17:23:20.466395+00:00,modeled,True,
cr_00a7c2244ec9,naga warrior,naga warrior,naga warriors,1,45004305,2025-12-05,2026-07-30,93,False,False,False,False,False,,,,Naga Warrior,complete,5196.0,medium,13.22.14242,15.0,14.0,1.0,1.0,100.0,300.2773287143957,400.2773287143957,100.0,https://tibia.fandom.com/wiki/Loot_Statistics:Naga_Warrior,1170078.0,2026-03-24T12:30:33Z,2026-08-02T17:23:20.466395+00:00,modeled,True,
cr_7bf4632a47dc,adept of the cult,adept of the cult,adepts of the cult,1,44897419,2025-12-03,2026-07-30,93,False,False,False,False,False,,,,Adept of the Cult,complete,37426.0,high,8.6,16.0,14.0,2.0,1.0,0.6477315235397851,91.26056751990593,91.90829904344572,0.6477315235397851,https://tibia.fandom.com/wiki/Loot_Statistics:Adept_of_the_Cult,1190460.0,2026-06-19T21:28:45Z,2026-08-02T17:23:20.466395+00:00,modeled,True,
cr_1e370a268a6a,minotaur guard,minotaur guard,minotaur guards,1,44791607,2025-12-03,2026-07-30,93,False,False,False,False,False,https://tibia.fandom.com/wiki/Minotaur_Guard,1191861.0,2026-06-25T07:16:52Z,Minotaur Guard,complete,52335.0,high,8.6,12.0,10.0,2.0,1.0,0.5967708034775963,21.375274672781117,21.972045476258714,0.5967708034775963,https://tibia.fandom.com/wiki/Loot_Statistics:Minotaur_Guard,1198085.0,2026-07-28T23:19:41Z,2026-08-02T17:23:20.466395+00:00,modeled,True,
cr_130e69cebc98,betrayed wraith,betrayed wraith,betrayed wraiths,1,44780058,2025-12-03,2026-07-30,93,False,False,False,False,False,,,,Betrayed Wraith,complete,693.0,low,14.12.5229e4,17.0,11.0,6.0,1.0,101.0,660.1587301587302,761.1587301587302,101.0,https://tibia.fandom.com/wiki/Loot_Statistics:Betrayed_Wraith,1196961.0,2026-07-19T07:08:36Z,2026-08-02T17:23:20.466395+00:00,modeled,True,
cr_5f8f95f9f58e,rot elemental,rot elemental,rot elementals,1,44662014,2025-12-03,2026-07-30,93,False,False,False,False,False,,,,Rot Elemental,complete,6355.0,medium,14.12.5229e4,14.0,11.0,3.0,1.0,11.27537372147915,61.719118804091266,72.99449252557042,11.27537372147915,https://tibia.fandom.com/wiki/Loot_Statistics:Rot_Elemental,1196919.0,2026-07-18T22:09:55Z,2026-08-02T17:23:20.466395+00:00,modeled,True,
cr_0429fadb42a5,ripper spectre,ripper spectre,ripper spectres,1,44649979,2025-12-03,2026-07-30,93,False,False,False,False,False,,,,Ripper Spectre,complete,9809.0,medium,14.12.5229e4,16.0,14.0,2.0,1.0,74.3908655316546,796.1158120093792,870.5066775410338,74.3908655316546,https://tibia.fandom.com/wiki/Loot_Statistics:Ripper_Spectre,1196982.0,2026-07-19T09:44:56Z,2026-08-02T17:23:20.466395+00:00,modeled,True,
cr_fa0af50b8e66,wasp,wasp,wasps,1,44341266,2025-12-03,2026-07-30,93,False,False,False,False,False,https://tibia.fandom.com/wiki/Wasp,1192274.0,2026-06-25T08:33:49Z,Wasp,complete,101561.0,high,8.6,1.0,1.0,0.0,1.0,0.0,1.1878575437421846,1.1878575437421846,0.0,https://tibia.fandom.com/wiki/Loot_Statistics:Wasp,1198928.0,2026-08-02T13:01:01Z,2026-08-02T17:23:20.466395+00:00,modeled,True,
cr_801ffb455036,tortoise,tortoise,tortoises,1,44325020,2025-12-03,2026-07-30,93,False,False,False,False,False,https://tibia.fandom.com/wiki/Tortoise,1192138.0,2026-06-25T08:19:31Z,Tortoise,complete,38017.0,high,9.86,7.0,6.0,1.0,1.0,0.6028618775810821,3.4439855853960073,4.046847462977089,0.6028618775810821,https://tibia.fandom.com/wiki/Loot_Statistics:Tortoise,1198091.0,2026-07-28T23:21:19Z,2026-08-02T17:23:20.466395+00:00,modeled,True,
cr_866d244492f8,weretiger,weretiger,weretigers,1,44318682,2025-12-05,2026-07-30,93,False,False,False,False,False,https://tibia.fandom.com/wiki/Weretiger,1191973.0,2026-06-25T07:51:16Z,Weretiger,complete,5177.0,medium,8.6,12.0,11.0,1.0,1.0,101.0,553.0434614641683,654.0434614641683,101.0,https://tibia.fandom.com/wiki/Loot_Statistics:Weretiger,1197658.0,2026-07-25T09:25:22Z,2026-08-02T17:23:20.466395+00:00,modeled,True,
cr_75ca7c1bd4a7,rotworm,rotworm,rotworms,1,43679366,2025-12-03,2026-07-30,93,False,False,False,False,False,https://tibia.fandom.com/wiki/Rotworm,1192269.0,2026-06-25T08:33:37Z,Rotworm,complete,130945.0,high,8.6,7.0,7.0,0.0,1.0,0.7190499828172133,4.329787315285043,5.0488372981022565,0.7190499828172133,https://tibia.fandom.com/wiki/Loot_Statistics:Rotworm,1197638.0,2026-07-25T06:06:32Z,2026-08-02T17:23:20.466395+00:00,modeled,True,
cr_4e199b4a1c40,badger,badger,badgers,1,42703225,2025-12-03,2026-07-30,93,False,False,False,False,False,https://tibia.fandom.com/wiki/Badger,1192064.0,2026-06-25T08:08:31Z,Badger,complete,33347.0,high,8.6,3.0,2.0,1.0,1.0,0.0,2.006777221339251,2.006777221339251,0.0,https://tibia.fandom.com/wiki/Loot_Statistics:Badger,1198903.0,2026-08-02T12:49:39Z,2026-08-02T17:23:20.466395+00:00,modeled,True,
cr_dffabc1c30e3,tunnel tyrant,tunnel tyrant,tunnel tyrants,1,42258798,2025-12-05,2026-07-30,93,False,False,False,False,False,,,,Tunnel Tyrant,complete,2717.0,medium,13.36.d8d851,12.0,11.0,1.0,1.0,0.0,1031.7703349282294,1031.7703349282294,0.0,https://tibia.fandom.com/wiki/Loot_Statistics:Tunnel_Tyrant,1197816.0,2026-07-26T18:18:09Z,2026-08-02T17:23:20.466395+00:00,modeled,True,
cr_b8150d27f203,renegade knight,renegade knight,renegade knights,1,42102954,2025-12-03,2026-07-30,93,False,False,False,False,False,,,,Renegade Knight,complete,20070.0,high,10.8,16.0,14.0,2.0,1.0,26.346188340807178,269.8025909317389,296.1487792725461,26.346188340807178,https://tibia.fandom.com/wiki/Loot_Statistics:Renegade_Knight,1196157.0,2026-07-14T11:14:36Z,2026-08-02T17:23:20.466395+00:00,modeled,True,
cr_af22a41198cf,blightwalker,blightwalker,blightwalkers,1,42062852,2025-12-03,2026-07-30,93,False,False,False,False,False,https://tibia.fandom.com/wiki/Blightwalker,1192192.0,2026-06-25T08:24:08Z,Blightwalker,complete,6412.0,medium,14.12.5229e4,24.0,19.0,5.0,1.0,101.0,1933.9075171553338,2034.9075171553338,101.0,https://tibia.fandom.com/wiki/Loot_Statistics:Blightwalker,1198586.0,2026-08-01T13:38:35Z,2026-08-02T17:23:20.466395+00:00,modeled,True,
cr_346a0d512c15,sibang,sibang,sibangs,1,41784309,2025-12-03,2026-07-30,93,False,False,False,False,False,https://tibia.fandom.com/wiki/Sibang,1192068.0,2026-06-25T08:12:30Z,Sibang,complete,517292.0,high,8.6,8.0,3.0,5.0,1.0,0.8877829156453222,3.907203281705497,4.794986197350819,0.8877829156453222,https://tibia.fandom.com/wiki/Loot_Statistics:Sibang,1198504.0,2026-07-31T19:38:55Z,2026-08-02T17:23:20.466395+00:00,modeled,True,
cr_c8c75f2f3a02,thornback tortoise,thornback tortoise,thornback tortoises,1,41730649,2025-12-05,2026-07-30,93,False,False,False,False,False,,,,Thornback Tortoise,complete,13912.0,high,9.86,11.0,8.0,3.0,1.0,0.8775876940770557,23.413887291546864,24.29147498562392,0.8775876940770557,https://tibia.fandom.com/wiki/Loot_Statistics:Thornback_Tortoise,1198089.0,2026-07-28T23:21:14Z,2026-08-02T17:23:20.466395+00:00,modeled,True,
cr_03199fb43017,burning book,burning book,burning books,1,41587056,2025-12-05,2026-07-30,91,False,False,False,False,False,,,,Burning Book,complete,41244.0,high,12.31.9530,15.0,14.0,1.0,1.0,61.526525070313255,2408.3406071186114,2469.8671321889246,61.526525070313255,https://tibia.fandom.com/wiki/Loot_Statistics:Burning_Book,1193541.0,2026-07-01T15:28:57Z,2026-08-02T17:23:20.466395+00:00,modeled,True,
cr_c1318ac05e83,girtablilu warrior,girtablilu warrior,girtablilu warriors,1,41446910,2025-12-03,2026-07-30,93,False,False,False,False,False,,,,Girtablilu Warrior,complete,530.0,low,13.14.13163,28.0,27.0,1.0,1.0,74.15094339622641,2642.5660377358495,2716.716981132076,74.15094339622641,https://tibia.fandom.com/wiki/Loot_Statistics:Girtablilu_Warrior,1169908.0,2026-03-24T12:24:25Z,2026-08-02T17:23:20.466395+00:00,modeled,True,
cr_6db9c36df39f,nomad,nomad,nomads,1,41236549,2025-12-03,2026-07-30,93,False,False,False,False,False,https://tibia.fandom.com/wiki/Nomad,908611.0,2022-03-07T19:00:13Z,,absent,,,,,,,,,,,,,,,,missing_loot_table,False,no current empirical Loot2 table matched; no value imputed
cr_1c9865b4d9ab,drillworm,drillworm,drillworms,1,41096248,2025-12-03,2026-07-30,93,False,False,False,False,False,https://tibia.fandom.com/wiki/Drillworm,1192327.0,2026-06-25T08:39:04Z,Drillworm,complete,75937.0,high,9.8,17.0,15.0,2.0,1.0,1.0,261.9142183652238,262.9142183652238,1.0,https://tibia.fandom.com/wiki/Loot_Statistics:Drillworm,1198873.0,2026-08-02T09:56:49Z,2026-08-02T17:23:20.466395+00:00,modeled,True,
cr_a72c59e7c838,kongra,kongra,kongras,1,41014147,2025-12-03,2026-07-30,93,False,False,False,False,False,https://tibia.fandom.com/wiki/Kongra,1192066.0,2026-06-25T08:12:25Z,Kongra,complete,224158.0,high,10.8,9.0,7.0,2.0,1.0,0.8800890443347995,15.887543607633901,16.7676326519687,0.8800890443347995,https://tibia.fandom.com/wiki/Loot_Statistics:Kongra,1198501.0,2026-07-31T19:38:51Z,2026-08-02T17:23:20.466395+00:00,modeled,True,
cr_95618cf164de,lost berserker,lost berserker,lost berserkers,1,40531796,2025-12-03,2026-07-30,92,False,False,False,False,False,,,,Lost Berserker,complete,14412.0,high,9.6,26.0,20.0,6.0,1.0,100.97918401332223,645.4551762420206,746.4343602553428,100.97918401332223,https://tibia.fandom.com/wiki/Loot_Statistics:Lost_Berserker,1196096.0,2026-07-14T11:08:33Z,2026-08-02T17:23:20.466395+00:00,modeled,True,
cr_6088f3f43cb7,mega dragon,mega dragon,mega dragons,1,40043342,2025-12-03,2026-07-30,92,False,False,False,False,False,,,,Mega Dragon,complete,3748.0,medium,8.6,12.0,10.0,2.0,1.0,50.56029882604055,553.367129135539,603.9274279615796,50.56029882604055,https://tibia.fandom.com/wiki/Loot_Statistics:Mega_Dragon,1170034.0,2026-03-24T12:28:57Z,2026-08-02T17:23:20.466395+00:00,modeled,True,
cr_a9bb669e8681,hydra,hydra,hydras,1,39481873,2025-12-03,2026-07-30,93,False,False,False,False,False,https://tibia.fandom.com/wiki/Hydra,1191691.0,2026-06-25T06:41:01Z,Hydra,complete,13906.0,high,14.12.5229e4,16.0,13.0,3.0,1.0,50.740040270386885,292.344455630663,343.0844959010499,50.740040270386885,https://tibia.fandom.com/wiki/Loot_Statistics:Hydra,1193120.0,2026-06-29T18:42:32Z,2026-08-02T17:23:20.466395+00:00,modeled,True,
cr_8e948dfb59d1,ironblight,ironblight,ironblights,1,39429099,2025-12-05,2026-07-30,92,False,False,False,False,False,https://tibia.fandom.com/wiki/Ironblight,1191717.0,2026-06-25T06:42:58Z,Ironblight,complete,2337.0,medium,14.12.5229e4,26.0,24.0,2.0,1.0,101.0,1280.4193410355158,1381.4193410355158,101.0,https://tibia.fandom.com/wiki/Loot_Statistics:Ironblight,1196078.0,2026-07-14T11:06:51Z,2026-08-02T17:23:20.466395+00:00,modeled,True,
cr_884950a05fe8,scorpion,scorpion,scorpions,1,39421665,2025-12-03,2026-07-30,93,False,False,False,False,False,https://tibia.fandom.com/wiki/Scorpion,1192273.0,2026-06-25T08:33:46Z,Scorpion,complete,82817.0,high,8.6,1.0,1.0,0.0,1.0,0.0,1.274496782061654,1.274496782061654,0.0,https://tibia.fandom.com/wiki/Loot_Statistics:Scorpion,1198925.0,2026-08-02T13:00:53Z,2026-08-02T17:23:20.466395+00:00,modeled,True,
cr_d03809501dc9,blood crab,blood crab,blood crabs,1,39347751,2025-12-05,2026-07-30,93,False,False,False,False,False,,,,Blood Crab,complete,13395.0,high,8.6,6.0,6.0,0.0,1.0,0.8580813736468832,11.629040686823442,12.487122060470325,0.8580813736468832,https://tibia.fandom.com/wiki/Loot_Statistics:Blood_Crab,1198069.0,2026-07-28T23:19:14Z,2026-08-02T17:23:20.466395+00:00,modeled,True,
cr_0761330c0681,elf,elf,elves,1,39253869,2025-12-03,2026-07-30,93,False,False,False,False,False,https://tibia.fandom.com/wiki/Elf,1191866.0,2026-06-25T07:17:03Z,Elf,complete,45526.0,high,8.6,10.0,8.0,2.0,1.0,0.4470192856829065,16.495672802354697,16.942692088037603,0.4470192856829065,https://tibia.fandom.com/wiki/Loot_Statistics:Elf,1195886.0,2026-07-13T20:49:28Z,2026-08-02T17:23:20.466395+00:00,modeled,True,
cr_5b99ebd6abee,rage squid,rage squid,rage squids,1,38969775,2025-12-05,2026-07-30,91,False,False,False,False,False,,,,Rage Squid,complete,42686.0,high,12.31.9530,28.0,25.0,3.0,1.0,75.0667666213747,2733.7923440940826,2808.8591107154575,75.0667666213747,https://tibia.fandom.com/wiki/Loot_Statistics:Rage_Squid,1193635.0,2026-07-01T15:37:30Z,2026-08-02T17:23:20.466395+00:00,modeled,True,
cr_1cd8f3851ab5,pirate marauder,pirate marauder,pirate marauders,1,38866491,2025-12-03,2026-07-30,93,False,False,False,False,False,,,,Pirate Marauder,complete,80797.0,high,8.6,15.0,6.0,9.0,1.0,0.7761055484733345,10.34039630184289,11.116501850316224,0.7761055484733345,https://tibia.fandom.com/wiki/Loot_Statistics:Pirate_Marauder,1196139.0,2026-07-14T11:12:51Z,2026-08-02T17:23:20.466395+00:00,modeled,True,
cr_7e20523acead,hand of cursed fate,hand of cursed fate,hands of cursed fate,1,38794533,2025-12-03,2026-07-30,93,False,False,False,False,False,,,,Hand of Cursed Fate,complete,603.0,low,14.12.5229e4,25.0,19.0,6.0,1.0,101.0,1015.995024875622,1116.995024875622,101.0,https://tibia.fandom.com/wiki/Loot_Statistics:Hand_of_Cursed_Fate,1196967.0,2026-07-19T07:08:45Z,2026-08-02T17:23:20.466395+00:00,modeled,True,
cr_1bb09c6a9b45,chasm spawn,chasm spawn,chasm spawns,1,38711903,2025-12-05,2026-07-30,93,False,False,False,False,False,,,,Chasm Spawn,complete,2209.0,medium,13.36.d8d851,13.0,10.0,3.0,1.0,0.0,804.271163422363,804.271163422363,0.0,https://tibia.fandom.com/wiki/Loot_Statistics:Chasm_Spawn,1197811.0,2026-07-26T18:18:01Z,2026-08-02T17:23:20.466395+00:00,modeled,True,
cr_eb5d65612a93,dworc fleshhunter,dworc fleshhunter,dworc fleshhunters,1,38663730,2025-12-03,2026-07-30,93,False,False,False,False,False,https://tibia.fandom.com/wiki/Dworc_Fleshhunter,1191875.0,2026-06-25T07:17:23Z,Dworc Fleshhunter,complete,105148.0,high,8.6,12.0,7.0,5.0,1.0,0.748963365922319,5.310590786320234,6.059554152242553,0.748963365922319,https://tibia.fandom.com/wiki/Loot_Statistics:Dworc_Fleshhunter,1198574.0,2026-08-01T12:15:05Z,2026-08-02T17:23:20.466395+00:00,modeled,True,
cr_a6e70014661a,lost soul,lost soul,lost souls,1,38543553,2025-12-03,2026-07-30,93,False,False,False,False,False,,,,Lost Soul,complete,1258.0,medium,14.12.5229e4,22.0,17.0,5.0,1.0,101.0,645.6677265500796,746.6677265500796,101.0,https://tibia.fandom.com/wiki/Loot_Statistics:Lost_Soul,1196968.0,2026-07-19T07:08:47Z,2026-08-02T17:23:20.466395+00:00,modeled,True,
cr_3b10b389dc04,cult believer,cult believer,cult believers,1,38458030,2025-12-05,2026-07-30,93,False,False,False,False,False,,,,Cult Believer,complete,19054.0,high,8.6,10.0,7.0,3.0,1.0,1.0,25.931038102235753,26.931038102235753,1.0,https://tibia.fandom.com/wiki/Loot_Statistics:Cult_Believer,1184214.0,2026-05-11T15:49:27Z,2026-08-02T17:23:20.466395+00:00,modeled,True,
cr_78dd979cb2a0,blood beast,blood beast,blood beasts,1,38032820,2025-12-03,2026-07-30,93,False,False,False,False,False,,,,Blood Beast,complete,8804.0,medium,14.12.5229e4,13.0,9.0,4.0,1.0,1.0,100.31462971376648,101.31462971376648,1.0,https://tibia.fandom.com/wiki/Loot_Statistics:Blood_Beast,1197704.0,2026-07-25T14:45:35Z,2026-08-02T17:23:20.466395+00:00,modeled,True,
cr_d6b2f4a86f09,sandcrawler,sandcrawler,sandcrawlers,1,37974060,2025-12-03,2026-07-30,93,False,False,False,False,False,https://tibia.fandom.com/wiki/Sandcrawler,1192286.0,2026-06-25T08:34:20Z,Sandcrawler,complete,66963.0,high,8.6,3.0,2.0,1.0,1.0,0.3476845422098771,0.39962367277451727,0.7473082149843944,0.3476845422098771,https://tibia.fandom.com/wiki/Loot_Statistics:Sandcrawler,1198924.0,2026-08-02T13:00:51Z,2026-08-02T17:23:20.466395+00:00,modeled,True,
cr_7c8c579f3869,wyvern,wyvern,wyverns,1,37932586,2025-12-03,2026-07-30,93,False,False,False,False,False,https://tibia.fandom.com/wiki/Wyvern,1192140.0,2026-06-25T08:19:35Z,Wyvern,complete,73989.0,high,9.5,9.0,6.0,3.0,1.0,0.9998378137290679,79.06526645852763,80.0651042722567,0.9998378137290679,https://tibia.fandom.com/wiki/Loot_Statistics:Wyvern,1198255.0,2026-07-30T20:01:07Z,2026-08-02T17:23:20.466395+00:00,modeled,True,
cr_ecf347f3e0cf,hulking carnisylvan,hulking carnisylvan,hulking carnisylvans,1,37570490,2025-12-05,2026-07-30,90,False,False,False,False,False,,,,Hulking Carnisylvan,complete,2682.0,medium,12.85.11525,14.0,12.0,2.0,1.0,100.0,1220.2087994034305,1320.2087994034305,100.0,https://tibia.fandom.com/wiki/Loot_Statistics:Hulking_Carnisylvan,1179295.0,2026-04-26T18:04:49Z,2026-08-02T17:23:20.466395+00:00,modeled,True,
cr_94df8e67f0fc,ancient scarab,ancient scarab,ancient scarabs,1,37552634,2025-12-05,2026-07-30,93,False,False,False,False,False,,,,Ancient Scarab,complete,34630.0,high,10.8,14.0,13.0,1.0,1.0,1.0,149.06468380017327,150.06468380017327,1.0,https://tibia.fandom.com/wiki/Loot_Statistics:Ancient_Scarab,1198545.0,2026-08-01T11:21:28Z,2026-08-02T17:23:20.466395+00:00,modeled,True,
cr_23714d5cdd29,gargoyle,gargoyle,gargoyles,1,37006050,2025-12-03,2026-07-30,93,False,False,False,False,False,https://tibia.fandom.com/wiki/Gargoyle,1191998.0,2026-06-25T07:54:31Z,Gargoyle,complete,34457.0,high,9.86,13.0,9.0,4.0,1.0,0.8772963403662536,22.935136547000614,23.812432887366867,0.8772963403662536,https://tibia.fandom.com/wiki/Loot_Statistics:Gargoyle,1198579.0,2026-08-01T12:15:10Z,2026-08-02T17:23:20.466395+00:00,modeled,True,
cr_1df0b1344aa5,orc spearman,orc spearman,orc spearmen,1,36960509,2025-12-03,2026-07-30,93,False,False,False,False,False,,,,Orc Spearman,complete,21566.0,high,11.02,9.0,9.0,0.0,1.0,0.24316053046462024,5.895298154502457,6.138458684967078,0.24316053046462024,https://tibia.fandom.com/wiki/Loot_Statistics:Orc_Spearman,1198004.0,2026-07-27T22:09:51Z,2026-08-02T17:23:20.466395+00:00,modeled,True,
cr_d30d77bc8442,vampire,vampire,vampires,1,36833025,2025-12-03,2026-07-30,93,False,False,False,False,False,https://tibia.fandom.com/wiki/Vampire,1192181.0,2026-06-25T08:22:38Z,Vampire,complete,11668.0,high,14.12.5229e4,15.0,13.0,2.0,1.0,0.8979259513198492,81.10473088789853,82.00265683921837,0.8979259513198492,https://tibia.fandom.com/wiki/Loot_Statistics:Vampire,1198175.0,2026-07-29T22:55:47Z,2026-08-02T17:23:20.466395+00:00,modeled,True,
cr_b02da5a73bb3,nibblemaw,nibblemaw,nibblemaws,1,36806459,2025-12-05,2026-07-30,93,False,False,False,False,False,https://tibia.fandom.com/wiki/Nibblemaw,1192047.0,2026-06-25T08:07:51Z,Nibblemaw,complete,17927.0,high,8.6,21.0,9.0,12.0,1.0,75.49656942042728,344.5222290399955,420.0187984604228,75.49656942042728,https://tibia.fandom.com/wiki/Loot_Statistics:Nibblemaw,1196415.0,2026-07-15T10:31:22Z,2026-08-02T17:23:20.466395+00:00,modeled,True,
cr_5f5970a561aa,glooth golem,glooth golem,glooth golems,1,36193677,2025-12-05,2026-07-30,93,False,False,False,False,False,,,,Glooth Golem,complete,16548.0,high,12.31.9471,21.0,16.0,5.0,1.0,60.36064781242446,505.8526710176456,566.2133188300701,60.36064781242446,https://tibia.fandom.com/wiki/Loot_Statistics:Glooth_Golem,1196913.0,2026-07-18T22:09:49Z,2026-08-02T17:23:20.466395+00:00,modeled,True,
cr_0c37002584e7,makara,makara,makaras,1,36007422,2025-12-05,2026-07-30,93,False,False,False,False,False,https://tibia.fandom.com/wiki/Makara,1191559.0,2026-06-25T06:23:39Z,Makara,complete,4199.0,medium,13.22.14242,12.0,12.0,0.0,1.0,100.0,454.7692307692308,554.7692307692307,100.0,https://tibia.fandom.com/wiki/Loot_Statistics:Makara,1196100.0,2026-07-14T11:08:57Z,2026-08-02T17:23:20.466395+00:00,modeled,True,
cr_c5953fc1e09a,crazed winter vanguard,crazed winter vanguard,crazed winter vanguards,1,35967254,2025-12-03,2026-07-30,93,False,False,False,False,False,,,,Crazed Winter Vanguard,complete,18720.0,high,12.31.9530,13.0,12.0,1.0,1.0,85.36324786324786,630.3360042735043,715.6992521367522,85.36324786324786,https://tibia.fandom.com/wiki/Loot_Statistics:Crazed_Winter_Vanguard,1177695.0,2026-04-23T13:53:43Z,2026-08-02T17:23:20.466395+00:00,modeled,True,
cr_7061696eeb51,exotic cave spider,exotic cave spider,exotic cave spiders,1,35789601,2025-12-05,2026-07-30,93,False,False,False,False,False,,,,Exotic Cave Spider,complete,7087.0,medium,8.6,7.0,5.0,2.0,1.0,100.0,219.99435586284747,319.99435586284744,100.0,https://tibia.fandom.com/wiki/Loot_Statistics:Exotic_Cave_Spider,1198306.0,2026-07-30T22:04:05Z,2026-08-02T17:23:20.466395+00:00,modeled,True,
cr_4f651f422d4a,energy elemental,energy elemental,energy elementals,1,35666657,2025-12-03,2026-07-30,93,False,False,False,False,False,,,,Energy Elemental,complete,1676.0,medium,14.12.5229e4,14.0,11.0,3.0,1.0,0.977326968973747,101.34606205250596,102.3233890214797,0.977326968973747,https://tibia.fandom.com/wiki/Loot_Statistics:Energy_Elemental,1189004.0,2026-06-13T01:39:31Z,2026-08-02T17:23:20.466395+00:00,modeled,True,
cr_ba899f2a08b8,crypt shambler,crypt shambler,crypt shamblers,1,35260154,2025-12-03,2026-07-30,93,False,False,False,False,False,,,,Crypt Shambler,complete,2622.0,medium,14.12.5229e4,12.0,10.0,2.0,1.0,0.5816170861937452,15.865369946605645,16.44698703279939,0.5816170861937452,https://tibia.fandom.com/wiki/Loot_Statistics:Crypt_Shambler,1198549.0,2026-08-01T11:21:32Z,2026-08-02T17:23:20.466395+00:00,modeled,True,
cr_ff0f0a8b656f,fox,fox,foxes,1,35151644,2025-12-03,2026-07-30,93,False,False,False,False,False,https://tibia.fandom.com/wiki/Fox,1192101.0,2026-06-25T08:16:12Z,Fox,complete,5042.0,medium,8.6,2.0,2.0,0.0,1.0,0.0,2.6902023006743354,2.6902023006743354,0.0,https://tibia.fandom.com/wiki/Loot_Statistics:Fox,1198603.0,2026-08-01T16:05:40Z,2026-08-02T17:23:20.466395+00:00,modeled,True,
cr_877e37e96be9,dark carnisylvan,dark carnisylvan,dark carnisylvans,1,35055660,2025-12-05,2026-07-30,91,False,False,False,False,False,,,,Dark Carnisylvan,complete,2561.0,medium,12.85.11525,14.0,12.0,2.0,1.0,100.0,918.8442014837952,1018.8442014837952,100.0,https://tibia.fandom.com/wiki/Loot_Statistics:Dark_Carnisylvan,1179251.0,2026-04-26T18:04:20Z,2026-08-02T17:23:20.466395+00:00,modeled,True,
cr_5071e9397206,orewalker,orewalker,orewalkers,1,34859911,2025-12-05,2026-07-30,92,False,False,False,False,False,https://tibia.fandom.com/wiki/Orewalker,1191634.0,2026-06-25T06:33:29Z,Orewalker,complete,6113.0,medium,9.6,28.0,22.0,6.0,1.0,101.0,1365.3214460984789,1466.3214460984789,101.0,https://tibia.fandom.com/wiki/Loot_Statistics:Orewalker,1196128.0,2026-07-14T11:11:49Z,2026-08-02T17:23:20.466395+00:00,modeled,True,
cr_85b7f55f0c9d,crypt warden,crypt warden,crypt wardens,1,34794014,2025-12-03,2026-07-30,93,False,False,False,False,False,,,,Crypt Warden,complete,21736.0,high,12.31.9580,9.0,9.0,0.0,1.0,89.97055576002944,789.3706293706293,879.3411851306588,89.97055576002944,https://tibia.fandom.com/wiki/Loot_Statistics:Crypt_Warden,1196002.0,2026-07-14T10:59:12Z,2026-08-02T17:23:20.466395+00:00,modeled,True,
cr_455a22f81e2d,cave devourer,cave devourer,cave devourers,1,34502230,2025-12-05,2026-07-30,93,False,False,False,False,False,,,,Cave Devourer,complete,2157.0,medium,13.36.d8d851,13.0,11.0,2.0,1.0,0.0,626.680574872508,626.680574872508,0.0,https://tibia.fandom.com/wiki/Loot_Statistics:Cave_Devourer,1197810.0,2026-07-26T18:18:00Z,2026-08-02T17:23:20.466395+00:00,modeled,True,
cr_b31f7580fb5c,cobra vizier,cobra vizier,cobra viziers,1,34345705,2025-12-03,2026-07-30,93,False,False,False,False,False,,,,Cobra Vizier,complete,17708.0,high,12.65.10733,17.0,17.0,0.0,1.0,71.43663880731873,2261.3705669753786,2332.807205782697,71.43663880731873,https://tibia.fandom.com/wiki/Loot_Statistics:Cobra_Vizier,1189326.0,2026-06-15T07:15:12Z,2026-08-02T17:23:20.466395+00:00,modeled,True,
cr_87c1b423fb46,corym charlatan,corym charlatan,corym charlatans,1,34296470,2025-12-03,2026-07-30,93,False,False,False,False,False,,,,Corym Charlatan,complete,25598.0,high,10.8,13.0,10.0,3.0,1.0,0.8155324634737089,19.006836471599343,19.82236893507305,0.8155324634737089,https://tibia.fandom.com/wiki/Loot_Statistics:Corym_Charlatan,1198206.0,2026-07-30T17:37:37Z,2026-08-02T17:23:20.466395+00:00,modeled,True,
cr_94274fc08886,glooth bandit,glooth bandit,glooth bandits,1,33923927,2025-12-05,2026-07-30,93,False,False,False,False,False,,,,Glooth Bandit,complete,251217.0,high,10.7,28.0,18.0,10.0,1.0,61.04689173105323,400.6281422037522,461.6750339348054,61.04689173105323,https://tibia.fandom.com/wiki/Loot_Statistics:Glooth_Bandit,1196965.0,2026-07-19T07:08:42Z,2026-08-02T17:23:20.466395+00:00,modeled,True,
cr_5c9e8fdf484d,glooth brigand,glooth brigand,glooth brigands,1,33912917,2025-12-05,2026-07-30,93,False,False,False,False,False,,,,Glooth Brigand,complete,251841.0,high,10.7,27.0,18.0,9.0,1.0,80.89286891332229,403.8063698921145,484.6992388054368,80.89286891332229,https://tibia.fandom.com/wiki/Loot_Statistics:Glooth_Brigand,1196966.0,2026-07-19T07:08:44Z,2026-08-02T17:23:20.466395+00:00,modeled,True,
cr_882790b08491,crazed winter rearguard,crazed winter rearguard,crazed winter rearguards,1,33664874,2025-12-03,2026-07-30,93,False,False,False,False,False,,,,Crazed Winter Rearguard,complete,15787.0,high,12.31.9530,20.0,17.0,3.0,1.0,85.53240007601191,812.3120288845251,897.844428960537,85.53240007601191,https://tibia.fandom.com/wiki/Loot_Statistics:Crazed_Winter_Rearguard,1193556.0,2026-07-01T15:30:17Z,2026-08-02T17:23:20.466395+00:00,modeled,True,
cr_a3cb738850fa,wolf,wolf,wolves,1,33598237,2025-12-03,2026-07-30,93,False,False,False,False,False,https://tibia.fandom.com/wiki/Wolf,1192054.0,2026-06-25T08:08:07Z,Wolf,complete,137796.0,high,8.6,3.0,2.0,1.0,1.0,0.0,2.1287265232662778,2.1287265232662778,0.0,https://tibia.fandom.com/wiki/Loot_Statistics:Wolf,1198931.0,2026-08-02T13:01:07Z,2026-08-02T17:23:20.466395+00:00,modeled,True,
cr_01824c8f9311,werebadger,werebadger,werebadgers,1,33587446,2025-12-03,2026-07-30,93,False,False,False,False,False,https://tibia.fandom.com/wiki/Werebadger,1191967.0,2026-06-25T07:51:03Z,Werebadger,complete,11501.0,high,12.90.12182,19.0,13.0,6.0,1.0,100.79966959394835,209.68263629249634,310.4823058864447,100.79966959394835,https://tibia.fandom.com/wiki/Loot_Statistics:Werebadger,1198251.0,2026-07-30T20:01:03Z,2026-08-02T17:23:20.466395+00:00,modeled,True,
cr_3b1b663b4836,dworc venomsniper,dworc venomsniper,dworc venomsnipers,1,33557361,2025-12-03,2026-07-30,93,False,False,False,False,False,,,,Dworc Venomsniper,complete,104097.0,high,8.6,11.0,8.0,3.0,1.0,0.7497046024381107,4.4907538161522425,5.240458418590353,0.7497046024381107,https://tibia.fandom.com/wiki/Loot_Statistics:Dworc_Venomsniper,1198575.0,2026-08-01T12:15:06Z,2026-08-02T17:23:20.466395+00:00,modeled,True,
cr_c4745785181d,ghost,ghost,ghosts,1,33385760,2025-12-03,2026-07-30,93,False,False,False,False,False,https://tibia.fandom.com/wiki/Ghost,1192179.0,2026-06-25T08:22:33Z,Ghost,complete,3321.0,medium,14.12.5229e4,10.0,8.0,2.0,1.0,0.0,26.7353206865402,26.7353206865402,0.0,https://tibia.fandom.com/wiki/Loot_Statistics:Ghost,1198352.0,2026-07-31T12:06:05Z,2026-08-02T17:23:20.466395+00:00,modeled,True,
cr_9b64d4ad2ee2,bat,bat,bats,1,33208705,2025-12-03,2026-07-30,93,False,False,False,False,False,https://tibia.fandom.com/wiki/Bat,1192069.0,2026-06-25T08:12:32Z,Bat,complete,72008.0,high,8.6,1.0,1.0,0.0,1.0,0.0,0.5339684479502277,0.5339684479502277,0.0,https://tibia.fandom.com/wiki/Loot_Statistics:Bat,1198909.0,2026-08-02T12:49:47Z,2026-08-02T17:23:20.466395+00:00,modeled,True,
cr_f36dd70b9ba3,dragon lord,dragon lord,dragon lords,1,33148417,2025-12-03,2026-07-30,93,False,False,False,False,False,https://tibia.fandom.com/wiki/Dragon_Lord,1191690.0,2026-06-25T06:40:59Z,Dragon Lord,complete,50610.0,high,8.6,20.0,15.0,5.0,1.0,0.9525192649673977,232.8871764473424,233.8396957123098,0.9525192649673977,https://tibia.fandom.com/wiki/Loot_Statistics:Dragon_Lord,1198347.0,2026-07-31T12:05:57Z,2026-08-02T17:23:20.466395+00:00,modeled,True,
cr_00128ad20bf8,minotaur cult prophet,minotaur cult prophet,minotaur cult prophets,1,33120182,2025-12-05,2026-07-30,93,False,False,False,False,False,,,,Minotaur Cult Prophet,complete,6068.0,medium,8.6,21.0,19.0,2.0,1.0,67.1667765326302,257.96588661832567,325.13266315095586,67.1667765326302,https://tibia.fandom.com/wiki/Loot_Statistics:Minotaur_Cult_Prophet,1187721.0,2026-05-30T20:13:25Z,2026-08-02T17:23:20.466395+00:00,modeled,True,
cr_6373a9b101a3,souleater,souleater,souleaters,1,33092443,2025-12-03,2026-07-30,93,False,False,False,False,False,https://tibia.fandom.com/wiki/Souleater,1192310.0,2026-06-25T08:37:57Z,Souleater,complete,4470.0,medium,14.12.5229e4,11.0,9.0,2.0,1.0,51.16308724832215,181.45413870246085,232.617225950783,51.16308724832215,https://tibia.fandom.com/wiki/Loot_Statistics:Souleater,1170219.0,2026-03-24T12:35:30Z,2026-08-02T17:23:20.466395+00:00,modeled,True,
cr_803fe6527cb2,behemoth,behemoth,behemoths,1,32858346,2025-12-03,2026-07-30,93,False,False,False,False,False,https://tibia.fandom.com/wiki/Behemoth,1191764.0,2026-06-25T06:52:49Z,Behemoth,complete,53569.0,high,9.5,24.0,20.0,4.0,1.0,61.225130205902666,496.40112751778076,557.6262577236835,61.225130205902666,https://tibia.fandom.com/wiki/Loot_Statistics:Behemoth,1198567.0,2026-08-01T12:14:57Z,2026-08-02T17:23:20.466395+00:00,modeled,True,
cr_f664f18da260,scarab,scarab,scarabs,1,32841331,2025-12-03,2026-07-30,93,False,False,False,False,False,https://tibia.fandom.com/wiki/Scarab,1192278.0,2026-06-25T08:33:59Z,Scarab,complete,100778.0,high,8.6,7.0,7.0,0.0,1.0,0.8729583837742364,6.3927742165948915,7.265732600369128,0.8729583837742364,https://tibia.fandom.com/wiki/Loot_Statistics:Scarab,1198562.0,2026-08-01T11:21:45Z,2026-08-02T17:23:20.466395+00:00,modeled,True,
cr_1a460c487933,lizard high guard,lizard high guard,lizard high guards,1,32677951,2025-12-03,2026-07-30,93,False,False,False,False,False,,,,Lizard High Guard,complete,218423.0,high,8.6,17.0,14.0,3.0,1.0,5.879261799352632,278.84490186473033,284.72416366408294,5.879261799352632,https://tibia.fandom.com/wiki/Loot_Statistics:Lizard_High_Guard,1194967.0,2026-07-08T13:04:08Z,2026-08-02T17:23:20.466395+00:00,modeled,True,
cr_fbad1a9550e9,spellreaper inferniarch,spellreaper inferniarch,spellreaper inferniarches,1,32506168,2025-12-03,2026-07-30,89,False,False,False,False,False,,,,Spellreaper Inferniarch,complete,13295.0,high,15.24.95dcf3,11.0,9.0,2.0,1.0,100.0,220.66641594584428,320.6664159458443,100.0,https://tibia.fandom.com/wiki/Loot_Statistics:Spellreaper_Inferniarch,1197292.0,2026-07-22T04:50:05Z,2026-08-02T17:23:20.466395+00:00,modeled,True,
cr_2560492c2981,mooh'tah warriors,mooh'tah warriors,mooh'tah warriors,1,32457893,2025-12-03,2026-07-30,93,False,False,False,False,False,,,,,absent,,,,,,,,,,,,,,,,missing_loot_table,False,no current empirical Loot2 table matched; no value imputed
cr_635bf34d8d62,bashmu,bashmu,bashmus,1,31979732,2025-12-05,2026-07-30,93,False,False,False,False,False,https://tibia.fandom.com/wiki/Bashmu,1192042.0,2026-06-25T07:59:17Z,Bashmu,complete,3870.0,medium,12.71.11017,19.0,18.0,1.0,1.0,70.23255813953489,1817.118863049096,1887.3514211886309,70.23255813953489,https://tibia.fandom.com/wiki/Loot_Statistics:Bashmu,1169696.0,2026-03-24T12:16:45Z,2026-08-02T17:23:20.466395+00:00,modeled,True,
cr_d7a28c21e2c4,deepworm,deepworm,deepworms,1,31934110,2025-12-03,2026-07-30,93,False,False,False,False,False,https://tibia.fandom.com/wiki/Deepworm,1192330.0,2026-06-25T08:39:11Z,Deepworm,complete,7256.0,medium,12.00,16.0,15.0,1.0,1.0,0.0,631.4312293274531,631.4312293274531,0.0,https://tibia.fandom.com/wiki/Loot_Statistics:Deepworm,1197812.0,2026-07-26T18:18:03Z,2026-08-02T17:23:20.466395+00:00,modeled,True,
cr_e0048e8c0b4b,giant spider,giant spider,giant spiders,1,31875475,2025-12-03,2026-07-30,93,False,False,False,False,False,https://tibia.fandom.com/wiki/Giant_Spider,1192272.0,2026-06-25T08:33:44Z,Giant Spider,complete,104298.0,high,9.5,13.0,11.0,2.0,1.0,0.9998561813265835,168.20556482387005,169.20542100519663,0.9998561813265835,https://tibia.fandom.com/wiki/Loot_Statistics:Giant_Spider,1196046.0,2026-07-14T11:03:35Z,2026-08-02T17:23:20.466395+00:00,modeled,True,
cr_af5b7aacd77d,dragon hatchling,dragon hatchling,dragon hatchlings,1,31856203,2025-12-03,2026-07-30,93,False,False,False,False,False,,,,Dragon Hatchling,complete,16906.0,high,8.6,4.0,2.0,2.0,1.0,0.827576008517686,4.767538152135336,5.595114160653022,0.827576008517686,https://tibia.fandom.com/wiki/Loot_Statistics:Dragon_Hatchling,1197905.0,2026-07-27T18:45:13Z,2026-08-02T17:23:20.466395+00:00,modeled,True,
cr_16bad2a5eafb,mutated human,mutated human,mutated humans,1,31529663,2025-12-03,2026-07-30,93,False,False,False,False,False,,,,Mutated Human,complete,109198.0,high,8.6,12.0,9.0,3.0,1.0,0.8822505906701588,18.953533947508195,19.835784538178352,0.8822505906701588,https://tibia.fandom.com/wiki/Loot_Statistics:Mutated_Human,1198045.0,2026-07-28T19:33:11Z,2026-08-02T17:23:20.466395+00:00,modeled,True,
cr_c1673dcace52,crocodile,crocodile,crocodiles,1,31460151,2025-12-03,2026-07-30,93,False,False,False,False,False,https://tibia.fandom.com/wiki/Crocodile,1192136.0,2026-06-25T08:19:26Z,Crocodile,complete,109007.0,high,8.6,4.0,4.0,0.0,1.0,0.4987294393938004,5.44039373618208,5.93912317557588,0.4987294393938004,https://tibia.fandom.com/wiki/Loot_Statistics:Crocodile,1198573.0,2026-08-01T12:15:04Z,2026-08-02T17:23:20.466395+00:00,modeled,True,
cr_8bc91ac81607,werecrocodile,werecrocodile,werecrocodiles,1,31128516,2025-12-05,2026-07-30,93,False,False,False,False,False,https://tibia.fandom.com/wiki/Werecrocodile,1191975.0,2026-06-25T07:51:20Z,Werecrocodile,complete,1504.0,medium,8.6,13.0,12.0,1.0,1.0,101.0,566.3896276595744,667.3896276595744,101.0,https://tibia.fandom.com/wiki/Loot_Statistics:Werecrocodile,1196213.0,2026-07-14T11:20:14Z,2026-08-02T17:23:20.466395+00:00,modeled,True,
cr_62092f648927,terrorsleep,terrorsleep,terrorsleeps,1,31011922,2025-12-05,2026-07-30,92,False,False,False,False,False,https://tibia.fandom.com/wiki/Terrorsleep,1192021.0,2026-06-25T07:58:11Z,Terrorsleep,complete,400.0,low,15.00.249ccc,24.0,20.0,4.0,1.0,101.0,1442.0,1543.0,101.0,https://tibia.fandom.com/wiki/Loot_Statistics:Terrorsleep,1197148.0,2026-07-20T17:09:30Z,2026-08-02T17:23:20.466395+00:00,modeled,True,
cr_8cf7f5c2ae36,darklight striker,darklight striker,darklight strikers,1,31011076,2025-12-05,2026-07-30,78,False,False,False,False,False,,,,Darklight Striker,complete,8348.0,medium,14.00.7103e2,10.0,9.0,1.0,1.0,4929.324389075227,802.2160996645904,5731.540488739818,4929.324389075227,https://tibia.fandom.com/wiki/Loot_Statistics:Darklight_Striker,1197280.0,2026-07-22T04:49:52Z,2026-08-02T17:23:20.466395+00:00,modeled,True,
cr_8a1e81ff5d17,rustheap golem,rustheap golem,rustheap golems,1,30589673,2025-12-05,2026-07-30,93,False,False,False,False,False,,,,Rustheap Golem,complete,6605.0,medium,8.6,17.0,11.0,6.0,1.0,54.80681302043906,356.8508705526117,411.65768357305075,54.80681302043906,https://tibia.fandom.com/wiki/Loot_Statistics:Rustheap_Golem,1197701.0,2026-07-25T14:14:22Z,2026-08-02T17:23:20.466395+00:00,modeled,True,
cr_591f30003174,centipede,centipede,centipedes,1,30426506,2025-12-03,2026-07-30,93,False,False,False,False,False,https://tibia.fandom.com/wiki/Centipede,1192279.0,2026-06-25T08:34:01Z,Centipede,complete,79756.0,high,8.6,2.0,2.0,0.0,1.0,0.8012939465369376,2.837353929484929,3.6386478760218663,0.8012939465369376,https://tibia.fandom.com/wiki/Loot_Statistics:Centipede,1198594.0,2026-08-01T16:05:32Z,2026-08-02T17:23:20.466395+00:00,modeled,True,
cr_e8cc424d57a6,cinder wyrmling,cinder wyrmling,cinder wyrmlings,1,30028508,2025-12-05,2026-07-30,93,False,False,False,False,False,,,,Cinder Wyrmling,complete,3942.0,medium,8.6,10.0,10.0,0.0,1.0,65.30111618467784,203.28513444951804,268.5862506341959,65.30111618467784,https://tibia.fandom.com/wiki/Loot_Statistics:Cinder_Wyrmling,1190075.0,2026-06-18T18:31:15Z,2026-08-02T17:23:20.466395+00:00,modeled,True,
cr_6226d580203a,bonelord,bonelord,bonelords,1,29991816,2025-12-03,2026-07-30,93,False,False,False,False,False,https://tibia.fandom.com/wiki/Bonelord,1191995.0,2026-06-25T07:54:23Z,Bonelord,complete,143683.0,high,8.6,11.0,10.0,1.0,1.0,0.9940215613538136,51.28920609953856,52.28322766089237,0.9940215613538136,https://tibia.fandom.com/wiki/Loot_Statistics:Bonelord,1198070.0,2026-07-28T23:19:16Z,2026-08-02T17:23:20.466395+00:00,modeled,True,
cr_c6a71faa3414,elf arcanist,elf arcanist,elf arcanists,1,29945238,2025-12-03,2026-07-30,93,False,False,False,False,False,,,,Elf Arcanist,complete,33681.0,high,8.6,21.0,12.0,9.0,1.0,0.3721385944597844,46.84157239986936,47.21371099432914,0.3721385944597844,https://tibia.fandom.com/wiki/Loot_Statistics:Elf_Arcanist,1195887.0,2026-07-13T20:49:29Z,2026-08-02T17:23:20.466395+00:00,modeled,True,
cr_10fe934f05b9,novice of the cult,novice of the cult,novices of the cult,1,29878934,2025-12-03,2026-07-30,93,False,False,False,False,False,https://tibia.fandom.com/wiki/Novice_of_the_Cult,1192292.0,2026-06-25T08:36:41Z,Novice of the Cult,complete,22888.0,high,8.6,11.0,9.0,2.0,1.0,0.433720727018525,10.804526389374345,11.23824711639287,0.433720727018525,https://tibia.fandom.com/wiki/Loot_Statistics:Novice_of_the_Cult,1196884.0,2026-07-18T19:07:45Z,2026-08-02T17:23:20.466395+00:00,modeled,True,
cr_2002ae7f5bee,undead gladiator,undead gladiator,undead gladiators,1,29648683,2025-12-03,2026-07-30,93,False,False,False,False,False,,,,Undead Gladiator,complete,2465.0,medium,14.12.5229e4,19.0,18.0,1.0,1.0,0.9484787018255578,124.61419878296147,125.56267748478703,0.9484787018255578,https://tibia.fandom.com/wiki/Loot_Statistics:Undead_Gladiator,1196198.0,2026-07-14T11:18:38Z,2026-08-02T17:23:20.466395+00:00,modeled,True,
cr_876e29a54693,young goanna,young goanna,young goannas,1,29622110,2025-12-03,2026-07-30,93,False,False,False,False,False,,,,Young Goanna,complete,12343.0,high,12.20,28.0,25.0,3.0,1.0,100.0,1141.890140160415,1241.890140160415,100.0,https://tibia.fandom.com/wiki/Loot_Statistics:Young_Goanna,1193669.0,2026-07-01T15:40:26Z,2026-08-02T17:23:20.466395+00:00,modeled,True,
cr_702ec1c1f665,quara pincher,quara pincher,quara pinchers,1,29529313,2025-12-05,2026-07-30,93,False,False,False,False,False,,,,Quara Pincher,complete,22795.0,high,9.5,13.0,9.0,4.0,1.0,41.254441763544634,230.12195656942313,271.37639833296777,41.254441763544634,https://tibia.fandom.com/wiki/Loot_Statistics:Quara_Pincher,1196147.0,2026-07-14T11:13:36Z,2026-08-02T17:23:20.466395+00:00,modeled,True,
cr_a6d4644f3100,marsh stalker,marsh stalker,marsh stalkers,1,29507845,2025-12-05,2026-07-30,93,False,False,False,False,False,,,,Marsh Stalker,complete,37171.0,high,9.8,10.0,9.0,1.0,1.0,0.6403648005165317,13.914180409458988,14.554545209975519,0.6403648005165317,https://tibia.fandom.com/wiki/Loot_Statistics:Marsh_Stalker,1197189.0,2026-07-20T21:12:44Z,2026-08-02T17:23:20.466395+00:00,modeled,True,
cr_49e8f4da535c,mutated tiger,mutated tiger,mutated tigers,1,29391719,2025-12-05,2026-07-30,93,False,False,False,False,False,,,,,absent,,,,,,,,,,,,,,,,missing_loot_table,False,no current empirical Loot2 table matched; no value imputed
cr_628fe42b1ecf,dwarf soldier,dwarf soldier,dwarf soldiers,1,28854290,2025-12-03,2026-07-30,93,False,False,False,False,False,,,,Dwarf Soldier,complete,58812.0,high,8.6,12.0,10.0,2.0,1.0,0.28368360198598924,20.271169149153234,20.554852751139222,0.28368360198598924,https://tibia.fandom.com/wiki/Loot_Statistics:Dwarf_Soldier,1198516.0,2026-07-31T19:46:09Z,2026-08-02T17:23:20.466395+00:00,modeled,True,
cr_f2902b9eaa13,witch,witch,witches,1,28820249,2025-12-03,2026-07-30,93,False,False,False,False,False,https://tibia.fandom.com/wiki/Witch,1191785.0,2026-06-25T06:54:22Z,Witch,complete,39044.0,high,9.1,15.0,12.0,3.0,1.0,0.6397653928900727,37.319460096301604,37.959225489191674,0.6397653928900727,https://tibia.fandom.com/wiki/Loot_Statistics:Witch,1196223.0,2026-07-14T11:21:11Z,2026-08-02T17:23:20.466395+00:00,modeled,True,
cr_8f0881387e93,valkyrie,valkyrie,valkyries,1,28743101,2025-12-03,2026-07-30,93,False,False,False,False,False,https://tibia.fandom.com/wiki/Valkyrie,1191783.0,2026-06-25T06:54:17Z,Valkyrie,complete,21999.0,high,8.6,15.0,11.0,4.0,1.0,0.32478749034047,19.890040456384384,20.214827946724853,0.32478749034047,https://tibia.fandom.com/wiki/Loot_Statistics:Valkyrie,1197928.0,2026-07-27T18:47:19Z,2026-08-02T17:23:20.466395+00:00,modeled,True,
cr_4353224a6e8a,hellfire fighter,hellfire fighter,hellfire fighters,1,28572215,2025-12-03,2026-07-30,93,False,False,False,False,False,,,,Hellfire Fighter,complete,11768.0,high,12.31,17.0,15.0,2.0,1.0,1.9177430319510536,913.3463630183549,915.2641060503059,1.9177430319510536,https://tibia.fandom.com/wiki/Loot_Statistics:Hellfire_Fighter,1198868.0,2026-08-02T09:39:57Z,2026-08-02T17:23:20.466395+00:00,modeled,True,
cr_1f3e96614441,barbarian headsplitter,barbarian headsplitter,barbarian headsplitters,1,28564611,2025-12-03,2026-07-30,93,False,False,False,False,False,,,,Barbarian Headsplitter,complete,34478.0,high,8.6,12.0,9.0,3.0,1.0,0.7508266140727421,15.658912929984337,16.40973954405708,0.7508266140727421,https://tibia.fandom.com/wiki/Loot_Statistics:Barbarian_Headsplitter,1198907.0,2026-08-02T12:49:45Z,2026-08-02T17:23:20.466395+00:00,modeled,True,
cr_66f834311d4e,dark monk,dark monk,dark monks,1,28269654,2025-12-05,2026-07-30,93,False,False,False,False,False,,,,Dark Monk,complete,24447.0,high,8.6,14.0,9.0,5.0,1.0,0.14492575776168856,14.63729700985806,14.782222767619748,0.14492575776168856,https://tibia.fandom.com/wiki/Loot_Statistics:Dark_Monk,1195917.0,2026-07-13T22:50:31Z,2026-08-02T17:23:20.466395+00:00,modeled,True,
cr_162a77703fc2,swampling,swampling,swamplings,1,28190974,2025-12-05,2026-07-30,93,False,False,False,False,False,https://tibia.fandom.com/wiki/Swampling,1192121.0,2026-06-25T08:18:27Z,Swampling,complete,48760.0,high,9.8,6.0,6.0,0.0,1.0,0.8496103363412634,12.421595570139457,13.27120590648072,0.8496103363412634,https://tibia.fandom.com/wiki/Loot_Statistics:Swampling,1197192.0,2026-07-20T21:12:46Z,2026-08-02T17:23:20.466395+00:00,modeled,True,
cr_a055f8b49d0b,assassin,assassin,assassins,1,27855639,2025-12-03,2026-07-30,93,False,False,False,False,False,https://tibia.fandom.com/wiki/Assassin,1191792.0,2026-06-25T06:54:39Z,Assassin,complete,25802.0,high,8.6,13.0,11.0,2.0,1.0,0.8302457173862491,18.161576621967292,18.99182233935354,0.8302457173862491,https://tibia.fandom.com/wiki/Loot_Statistics:Assassin,1195905.0,2026-07-13T22:50:12Z,2026-08-02T17:23:20.466395+00:00,modeled,True,
cr_c5d1a28b0ad0,white weretiger,white weretiger,white weretigers,1,27799896,2025-12-05,2026-07-30,93,False,False,False,False,False,,,,White Weretiger,complete,892.0,low,15.00.249ccc,12.0,11.0,1.0,1.0,101.0,1201.1748878923768,1302.1748878923768,101.0,https://tibia.fandom.com/wiki/Loot_Statistics:White_Weretiger,1197659.0,2026-07-25T09:25:23Z,2026-08-02T17:23:20.466395+00:00,modeled,True,
cr_923644ba5fc7,corym skirmisher,corym skirmisher,corym skirmishers,1,27716065,2025-12-03,2026-07-30,93,False,False,False,False,False,,,,Corym Skirmisher,complete,26822.0,high,10.8,13.0,10.0,3.0,1.0,0.7846916710163299,29.239542166877932,30.02423383789426,0.7846916710163299,https://tibia.fandom.com/wiki/Loot_Statistics:Corym_Skirmisher,1198207.0,2026-07-30T17:37:39Z,2026-08-02T17:23:20.466395+00:00,modeled,True,
cr_2907e11b3721,hellhound,hellhound,hellhounds,1,27459170,2025-12-03,2026-07-30,93,False,False,False,False,False,https://tibia.fandom.com/wiki/Hellhound,1191656.0,2026-06-25T06:35:00Z,Hellhound,complete,3576.0,medium,13.22.14242,38.0,31.0,7.0,1.0,100.0,2665.293624161074,2765.293624161074,100.0,https://tibia.fandom.com/wiki/Loot_Statistics:Hellhound,1198870.0,2026-08-02T09:40:00Z,2026-08-02T17:23:20.466395+00:00,modeled,True,
cr_dfc61f43019c,nightmare scion,nightmare scion,nightmare scions,1,27352794,2025-12-03,2026-07-30,93,False,False,False,False,False,https://tibia.fandom.com/wiki/Nightmare_Scion,1192006.0,2026-06-25T07:57:34Z,Nightmare Scion,complete,23474.0,high,8.6,12.0,11.0,1.0,1.0,2.0006390048564366,128.4554826616682,130.45612166652464,2.0006390048564366,https://tibia.fandom.com/wiki/Loot_Statistics:Nightmare_Scion,1196588.0,2026-07-16T16:32:30Z,2026-08-02T17:23:20.466395+00:00,modeled,True,
cr_04202c2eac7b,minotaur archer,minotaur archer,minotaur archers,1,27236752,2025-12-03,2026-07-30,93,False,False,False,False,False,https://tibia.fandom.com/wiki/Minotaur_Archer,1197057.0,2026-07-19T20:16:57Z,Minotaur Archer,complete,32374.0,high,8.6,11.0,9.0,2.0,1.0,0.7495521097176747,11.917773521962069,12.667325631679743,0.7495521097176747,https://tibia.fandom.com/wiki/Loot_Statistics:Minotaur_Archer,1198084.0,2026-07-28T23:19:39Z,2026-08-02T17:23:20.466395+00:00,modeled,True,
cr_9521421dab80,glooth anemone,glooth anemone,glooth anemones,1,27207050,2025-12-05,2026-07-30,93,False,False,False,False,False,,,,Glooth Anemone,complete,27335.0,high,12.31,18.0,13.0,5.0,1.0,60.70704225352113,333.80171940735323,394.50876166087437,60.70704225352113,https://tibia.fandom.com/wiki/Loot_Statistics:Glooth_Anemone,1196994.0,2026-07-19T12:34:26Z,2026-08-02T17:23:20.466395+00:00,modeled,True,
cr_dbf80d0cfdbd,worm priestess,worm priestess,worm priestesses,1,27110703,2025-12-03,2026-07-30,93,False,False,False,False,False,,,,Worm Priestess,complete,80685.0,high,10.5,22.0,20.0,2.0,1.0,40.81285245088927,184.89973353163535,225.71258598252462,40.81285245088927,https://tibia.fandom.com/wiki/Loot_Statistics:Worm_Priestess,1197707.0,2026-07-25T14:45:38Z,2026-08-02T17:23:20.466395+00:00,modeled,True,
cr_83e67ce919f0,rootthing bug tracker,rootthing bug tracker,rootthing bug trackers,1,27068438,2025-12-05,2026-07-30,85,False,False,False,False,False,,,,Rootthing Bug Tracker,insufficient_sample,4.0,insufficient,15.11.dd3523,2.0,2.0,0.0,1.0,,,,,https://tibia.fandom.com/wiki/Loot_Statistics:Rootthing_Bug_Tracker,1187227.0,2026-05-24T21:11:31Z,2026-08-02T17:23:20.466395+00:00,insufficient_sample,False,empirical loot sample below 100 kills
cr_92c30ba7a4a9,wereboar,wereboar,wereboars,1,27000684,2025-12-03,2026-07-30,93,False,False,False,False,False,https://tibia.fandom.com/wiki/Wereboar,1191966.0,2026-06-25T07:50:59Z,Wereboar,complete,8259.0,medium,12.90.12182,17.0,13.0,4.0,1.0,100.79828066351858,171.8949025305727,272.69318319409126,100.79828066351858,https://tibia.fandom.com/wiki/Loot_Statistics:Wereboar,1197657.0,2026-07-25T09:25:20Z,2026-08-02T17:23:20.466395+00:00,modeled,True,
cr_82d9774c295e,werefox,werefox,werefoxes,1,26843077,2025-12-05,2026-07-30,93,False,False,False,False,False,https://tibia.fandom.com/wiki/Werefox,1191968.0,2026-06-25T07:51:05Z,Werefox,complete,9713.0,medium,12.90.12182,17.0,12.0,5.0,1.0,90.99032224853289,122.11469165036549,213.1050138988984,90.99032224853289,https://tibia.fandom.com/wiki/Loot_Statistics:Werefox,1197164.0,2026-07-20T18:08:24Z,2026-08-02T17:23:20.466395+00:00,modeled,True,
cr_272a331bbae3,raubritter skirmisher,raubritter skirmisher,raubritter skirmishers,1,26403449,2025-12-03,2026-07-30,91,False,False,False,False,False,,,,Raubritter Skirmisher,complete,75468.0,high,8.6,12.0,11.0,1.0,1.0,100.0,653.0449992049611,753.0449992049611,100.0,https://tibia.fandom.com/wiki/Loot_Statistics:Raubritter_Skirmisher,1197253.0,2026-07-21T22:53:58Z,2026-08-02T17:23:20.466395+00:00,modeled,True,
cr_ce5a70d54647,putrid mummy,putrid mummy,putrid mummies,1,26290632,2025-12-05,2026-07-30,93,False,False,False,False,False,,,,Putrid Mummy,complete,6027.0,medium,14.12.5229e4,11.0,10.0,1.0,1.0,0.6183839389414302,326.052762568442,326.6711465073834,0.6183839389414302,https://tibia.fandom.com/wiki/Loot_Statistics:Putrid_Mummy,1190524.0,2026-06-19T21:32:05Z,2026-08-02T17:23:20.466395+00:00,modeled,True,
cr_aec357268ff3,hellhunter inferniarch,hellhunter inferniarch,hellhunter inferniarches,1,26286228,2025-12-03,2026-07-30,89,False,False,False,False,False,,,,Hellhunter Inferniarch,complete,10987.0,high,15.24.95dcf3,13.0,8.0,5.0,1.0,100.0,110.92199872576681,210.9219987257668,100.0,https://tibia.fandom.com/wiki/Loot_Statistics:Hellhunter_Inferniarch,1197284.0,2026-07-22T04:49:57Z,2026-08-02T17:23:20.466395+00:00,modeled,True,
cr_712de482c9fb,candy horror,candy horror,candy horrors,1,26261570,2025-12-05,2026-07-30,93,False,False,False,False,False,,,,Candy Horror,complete,13324.0,high,8.6,13.0,9.0,4.0,1.0,81.98168718102671,454.03482437706396,536.0165115580907,81.98168718102671,https://tibia.fandom.com/wiki/Loot_Statistics:Candy_Horror,1198593.0,2026-08-01T16:05:31Z,2026-08-02T17:23:20.466395+00:00,modeled,True,
cr_d92275cbe020,darklight matter,darklight matter,darklight matters,1,26234722,2025-12-05,2026-07-30,79,False,False,False,False,False,,,,Darklight Matter,complete,7182.0,medium,14.00.7103e2,10.0,8.0,2.0,1.0,4955.444165970482,788.1230854915066,5743.567251461988,4955.444165970482,https://tibia.fandom.com/wiki/Loot_Statistics:Darklight_Matter,1197278.0,2026-07-22T04:49:50Z,2026-08-02T17:23:20.466395+00:00,modeled,True,
cr_f4f68ce39cca,insane siren,insane siren,insane sirens,1,26147973,2025-12-03,2026-07-30,93,False,False,False,False,False,,,,Insane Siren,complete,3250.0,medium,12.31.9530,14.0,12.0,2.0,1.0,72.58461538461538,771.4353846153845,844.0199999999999,72.58461538461538,https://tibia.fandom.com/wiki/Loot_Statistics:Insane_Siren,1186364.0,2026-05-19T14:19:04Z,2026-08-02T17:23:20.466395+00:00,modeled,True,
cr_5e1df598b8f4,toad,toad,toads,1,26096859,2025-12-05,2026-07-30,93,False,False,False,False,False,https://tibia.fandom.com/wiki/Toad,1195380.0,2026-07-11T23:49:29Z,Toad,complete,24509.0,high,8.6,5.0,5.0,0.0,1.0,0.819250071402342,5.169366355216452,5.988616426618794,0.819250071402342,https://tibia.fandom.com/wiki/Loot_Statistics:Toad,1198090.0,2026-07-28T23:21:16Z,2026-08-02T17:23:20.466395+00:00,modeled,True,
cr_61546aee1d78,quara predator,quara predator,quara predators,1,26030052,2025-12-05,2026-07-30,93,False,False,False,False,False,,,,Quara Predator,complete,29577.0,high,8.6,13.0,8.0,5.0,1.0,0.7808770328295636,438.28549210535215,439.0663691381817,0.7808770328295636,https://tibia.fandom.com/wiki/Loot_Statistics:Quara_Predator,1196149.0,2026-07-14T11:13:47Z,2026-08-02T17:23:20.466395+00:00,modeled,True,
cr_9980a2f55c44,yielothax,yielothax,yielothax,1,25949064,2025-12-05,2026-07-30,93,False,False,False,False,False,https://tibia.fandom.com/wiki/Yielothax,1191733.0,2026-06-25T06:45:15Z,Yielothax,complete,5219.0,medium,14.12.5229e4,16.0,13.0,3.0,1.0,0.9980839241233953,167.89423261161144,168.89231653573484,0.9980839241233953,https://tibia.fandom.com/wiki/Loot_Statistics:Yielothax,1193298.0,2026-06-29T20:28:23Z,2026-08-02T17:23:20.466395+00:00,modeled,True,
cr_9f4132deeaa4,eternal guardian,eternal guardian,eternal guardians,1,25813433,2025-12-03,2026-07-30,93,False,False,False,False,False,,,,Eternal Guardian,complete,20736.0,high,9.5,14.0,11.0,3.0,1.0,100.7488425925926,234.31809413580248,335.0669367283951,100.7488425925926,https://tibia.fandom.com/wiki/Loot_Statistics:Eternal_Guardian,1177724.0,2026-04-23T13:54:45Z,2026-08-02T17:23:20.466395+00:00,modeled,True,
cr_f3c13166be46,thanatursus,thanatursus,thanatursuses,1,25799107,2025-12-03,2026-07-30,93,False,False,False,False,False,https://tibia.fandom.com/wiki/Thanatursus,1192032.0,2026-06-25T07:58:53Z,Thanatursus,complete,10045.0,high,12.00,22.0,20.0,2.0,1.0,100.0,1593.8471876555504,1693.8471876555504,100.0,https://tibia.fandom.com/wiki/Loot_Statistics:Thanatursus,1193655.0,2026-07-01T15:39:16Z,2026-08-02T17:23:20.466395+00:00,modeled,True,
cr_e29bb3145fb0,spark of destruction,spark of destruction,sparks of destruction,1,25790690,2025-12-03,2026-07-30,93,False,False,False,False,False,https://tibia.fandom.com/wiki/Spark_of_Destruction,985993.0,2023-01-02T14:13:16Z,,absent,,,,,,,,,,,,,,,,missing_loot_table,False,no current empirical Loot2 table matched; no value imputed
cr_ff2789b6da2a,mutated bat,mutated bat,mutated bats,1,25635334,2025-12-05,2026-07-30,93,False,False,False,False,False,,,,,absent,,,,,,,,,,,,,,,,missing_loot_table,False,no current empirical Loot2 table matched; no value imputed
cr_cf21911af08b,poisonous carnisylvan,poisonous carnisylvan,poisonous carnisylvans,1,25386325,2025-12-05,2026-07-30,90,False,False,False,False,False,,,,Poisonous Carnisylvan,complete,2610.0,medium,12.85.11525,19.0,16.0,3.0,1.0,95.21072796934867,1977.1724137931035,2072.383141762452,95.21072796934867,https://tibia.fandom.com/wiki/Loot_Statistics:Poisonous_Carnisylvan,1179351.0,2026-04-26T18:05:26Z,2026-08-02T17:23:20.466395+00:00,modeled,True,
cr_58a1e1b609be,orc,orc,orcs,1,25263327,2025-12-03,2026-07-30,93,False,False,False,False,False,https://tibia.fandom.com/wiki/Orc,1191855.0,2026-06-25T07:15:04Z,Orc,complete,33937.0,high,11.02,11.0,10.0,1.0,1.0,0.8465686418952766,5.835813418982231,6.682382060877508,0.8465686418952766,https://tibia.fandom.com/wiki/Loot_Statistics:Orc,1197634.0,2026-07-25T06:06:27Z,2026-08-02T17:23:20.466395+00:00,modeled,True,
cr_a525be9946ed,barbarian skullhunter,barbarian skullhunter,barbarian skullhunters,1,25182742,2025-12-03,2026-07-30,93,False,False,False,False,False,,,,Barbarian Skullhunter,complete,4096.0,medium,15.00.249ccc,14.0,11.0,3.0,1.0,0.747314453125,135.470458984375,136.2177734375,0.747314453125,https://tibia.fandom.com/wiki/Loot_Statistics:Barbarian_Skullhunter,1198908.0,2026-08-02T12:49:46Z,2026-08-02T17:23:20.466395+00:00,modeled,True,
cr_ce79540c46cf,frost flower asura,frost flower asura,frost flower asuras,1,24952058,2025-12-05,2026-07-30,93,False,False,False,False,False,,,,Frost Flower Asura,complete,4100.0,medium,8.6,30.0,27.0,3.0,1.0,100.97536585365853,816.7134146341465,917.688780487805,100.97536585365853,https://tibia.fandom.com/wiki/Loot_Statistics:Frost_Flower_Asura,1197883.0,2026-07-27T09:51:01Z,2026-08-02T17:23:20.466395+00:00,modeled,True,
cr_0d99e3e833b3,naga archer,naga archer,naga archers,1,24884056,2025-12-05,2026-07-30,93,False,False,False,False,False,,,,Naga Archer,complete,2915.0,medium,13.22.14242,17.0,17.0,0.0,1.0,100.0,370.852487135506,470.852487135506,100.0,https://tibia.fandom.com/wiki/Loot_Statistics:Naga_Archer,1170077.0,2026-03-24T12:30:31Z,2026-08-02T17:23:20.466395+00:00,modeled,True,
cr_6c1dd112e6e9,pirate cutthroat,pirate cutthroat,pirate cutthroats,1,24805712,2025-12-03,2026-07-30,93,False,False,False,False,False,,,,Pirate Cutthroat,complete,50590.0,high,8.6,13.0,6.0,7.0,1.0,0.7758252619094683,16.973512551887723,17.74933781379719,0.7758252619094683,https://tibia.fandom.com/wiki/Loot_Statistics:Pirate_Cutthroat,1196136.0,2026-07-14T11:12:34Z,2026-08-02T17:23:20.466395+00:00,modeled,True,
cr_22041b43f2ce,brimstone bug,brimstone bug,brimstone bugs,1,24579399,2025-12-05,2026-07-30,93,False,False,False,False,False,,,,Brimstone Bug,complete,31588.0,high,8.6,12.0,10.0,2.0,1.0,1.0,249.57800430543242,250.57800430543242,1.0,https://tibia.fandom.com/wiki/Loot_Statistics:Brimstone_Bug,1195392.0,2026-07-12T10:00:03Z,2026-08-02T17:23:20.466395+00:00,modeled,True,
cr_408c69d6dc62,mammoth,mammoth,mammoths,1,24534130,2025-12-03,2026-07-30,93,False,False,False,False,False,https://tibia.fandom.com/wiki/Mammoth,1192073.0,2026-06-25T08:12:42Z,Mammoth,complete,31387.0,high,9.86,8.0,8.0,0.0,1.0,0.9003090451460796,37.80839200943066,38.70870105457674,0.9003090451460796,https://tibia.fandom.com/wiki/Loot_Statistics:Mammoth,1198917.0,2026-08-02T12:49:58Z,2026-08-02T17:23:20.466395+00:00,modeled,True,
cr_07a897629a6d,stone golem,stone golem,stone golems,1,24521755,2025-12-03,2026-07-30,93,False,False,False,False,False,https://tibia.fandom.com/wiki/Stone_Golem,1191618.0,2026-06-25T06:32:07Z,Stone Golem,complete,39568.0,high,9.86,12.0,10.0,2.0,1.0,0.9599171047310958,32.54392438334007,33.50384148807117,0.9599171047310958,https://tibia.fandom.com/wiki/Loot_Statistics:Stone_Golem,1197978.0,2026-07-27T18:51:12Z,2026-08-02T17:23:20.466395+00:00,modeled,True,
cr_cea6755b2671,stalker,stalker,stalkers,1,24498162,2025-12-03,2026-07-30,93,False,False,False,False,False,https://tibia.fandom.com/wiki/Stalker,1191787.0,2026-06-25T06:54:28Z,Stalker,complete,46103.0,high,8.6,8.0,7.0,1.0,1.0,0.13166171398824372,10.281912239984383,10.413573953972627,0.13166171398824372,https://tibia.fandom.com/wiki/Loot_Statistics:Stalker,1198170.0,2026-07-29T22:55:39Z,2026-08-02T17:23:20.466395+00:00,modeled,True,
cr_0356ffdc2bee,lavaworm,lavaworm,lavaworms,1,24167442,2025-12-05,2026-07-30,90,False,False,False,False,False,https://tibia.fandom.com/wiki/Lavaworm,1192337.0,2026-06-25T08:40:01Z,Lavaworm,complete,1154.0,medium,13.22.14282,15.0,15.0,0.0,1.0,100.0,3087.0450606585787,3187.0450606585787,100.0,https://tibia.fandom.com/wiki/Loot_Statistics:Lavaworm,1196084.0,2026-07-14T11:07:27Z,2026-08-02T17:23:20.466395+00:00,modeled,True,
cr_8326f52c5eb9,streaked devourer,streaked devourer,streaked devourers,1,24163376,2025-12-05,2026-07-30,90,False,False,False,False,False,,,,Streaked Devourer,complete,1180.0,medium,13.22.14282,16.0,16.0,0.0,1.0,100.0,2985.6779661016953,3085.6779661016953,100.0,https://tibia.fandom.com/wiki/Loot_Statistics:Streaked_Devourer,1196180.0,2026-07-14T11:16:45Z,2026-08-02T17:23:20.466395+00:00,modeled,True,
cr_5c090753a2c7,deathling scout,deathling scout,deathling scouts,1,24017474,2025-12-05,2026-07-30,93,False,False,False,False,False,,,,Deathling Scout,complete,11194.0,high,12.31.9530,17.0,12.0,5.0,1.0,0.0,876.6866178309808,876.6866178309808,0.0,https://tibia.fandom.com/wiki/Loot_Statistics:Deathling_Scout,1193558.0,2026-07-01T15:30:27Z,2026-08-02T17:23:20.466395+00:00,modeled,True,
cr_24b86618cfdf,troll,troll,trolls,1,23947796,2025-12-03,2026-07-30,93,False,False,False,False,False,https://tibia.fandom.com/wiki/Troll,1192988.0,2026-06-28T20:10:53Z,Troll,complete,22969.0,high,11.02,12.0,12.0,0.0,1.0,0.6472637032522095,5.273890896425617,5.921154599677827,0.6472637032522095,https://tibia.fandom.com/wiki/Loot_Statistics:Troll,1198011.0,2026-07-27T22:09:59Z,2026-08-02T17:23:20.466395+00:00,modeled,True,
cr_c40ebb3aa511,dark apprentice,dark apprentice,dark apprentices,1,23869239,2025-12-03,2026-07-30,93,False,False,False,False,False,,,,Dark Apprentice,complete,109301.0,high,8.6,8.0,3.0,5.0,1.0,0.7505512300893862,5.052103823386794,5.8026550534761805,0.7505512300893862,https://tibia.fandom.com/wiki/Loot_Statistics:Dark_Apprentice,1197983.0,2026-07-27T19:07:02Z,2026-08-02T17:23:20.466395+00:00,modeled,True,
cr_19cbd5f71976,adult goanna,adult goanna,adult goannas,1,23862008,2025-12-03,2026-07-30,93,False,False,False,False,False,,,,Adult Goanna,complete,11151.0,high,12.20,30.0,26.0,4.0,1.0,100.0,1309.0933548560665,1409.0933548560665,100.0,https://tibia.fandom.com/wiki/Loot_Statistics:Adult_Goanna,1193518.0,2026-07-01T15:27:22Z,2026-08-02T17:23:20.466395+00:00,modeled,True,
cr_f093ac814f81,winter wolf,winter wolf,winter wolves,1,23615736,2025-12-03,2026-07-30,93,False,False,False,False,False,,,,Winter Wolf,complete,30322.0,high,8.6,2.0,2.0,0.0,1.0,0.0,2.600356177033177,2.600356177033177,0.0,https://tibia.fandom.com/wiki/Loot_Statistics:Winter_Wolf,1198930.0,2026-08-02T13:01:05Z,2026-08-02T17:23:20.466395+00:00,modeled,True,
cr_cff6a95f12fa,stalking stalk,stalking stalk,stalking stalks,1,23397486,2025-12-05,2026-07-30,89,False,False,False,False,False,,,,Stalking Stalk,complete,1375.0,medium,14.00.7103e2,11.0,11.0,0.0,1.0,1272.7272727272725,954.3272727272727,2227.0545454545454,1272.7272727272725,https://tibia.fandom.com/wiki/Loot_Statistics:Stalking_Stalk,1196177.0,2026-07-14T11:16:28Z,2026-08-02T17:23:20.466395+00:00,modeled,True,
cr_e58da19ee6d9,sulphur spouter,sulphur spouter,sulphur spouters,1,23379906,2025-12-05,2026-07-30,89,False,False,False,False,False,,,,Sulphur Spouter,complete,1313.0,medium,14.12.5229e4,13.0,11.0,2.0,1.0,1919.2688499619192,1474.4859101294749,3393.754760091394,1919.2688499619192,https://tibia.fandom.com/wiki/Loot_Statistics:Sulphur_Spouter,1196183.0,2026-07-14T11:17:02Z,2026-08-02T17:23:20.466395+00:00,modeled,True,
cr_6cc3da0e235b,foam stalker,foam stalker,foam stalkers,1,23361628,2025-12-05,2026-07-30,93,False,False,False,False,False,,,,Foam Stalker,complete,828.0,low,15.00.249ccc,24.0,21.0,3.0,1.0,100.0,746.6521739130435,846.6521739130435,100.0,https://tibia.fandom.com/wiki/Loot_Statistics:Foam_Stalker,1198317.0,2026-07-30T22:31:27Z,2026-08-02T17:23:20.466395+00:00,modeled,True,
cr_57b0b40b4682,cave rat,cave rat,cave rats,1,23142693,2025-12-03,2026-07-30,93,False,False,False,False,False,,,,Cave Rat,complete,71763.0,high,8.6,4.0,4.0,0.0,1.0,0.8518177891113805,0.7121636497916753,1.5639814389030557,0.8518177891113805,https://tibia.fandom.com/wiki/Loot_Statistics:Cave_Rat,1198496.0,2026-07-31T19:38:45Z,2026-08-02T17:23:20.466395+00:00,modeled,True,
cr_930a737024e5,ghost wolf,ghost wolf,ghost wolves,1,22735500,2025-12-05,2026-07-30,93,False,False,False,False,False,,,,Ghost Wolf,complete,2172.0,medium,14.12.5229e4,2.0,2.0,0.0,1.0,0.6929097605893186,1.1510128913443831,1.8439226519337018,0.6929097605893186,https://tibia.fandom.com/wiki/Loot_Statistics:Ghost_Wolf,1193191.0,2026-06-29T18:47:36Z,2026-08-02T17:23:20.466395+00:00,modeled,True,
cr_6885858486f3,bug,bug,bugs,1,22701131,2025-12-03,2026-07-30,93,False,False,False,False,False,https://tibia.fandom.com/wiki/Bug,1192275.0,2026-06-25T08:33:51Z,Bug,complete,33253.0,high,9.63,2.0,2.0,0.0,1.0,0.498992572098758,0.03079421405587466,0.5297867861546327,0.498992572098758,https://tibia.fandom.com/wiki/Loot_Statistics:Bug,1198592.0,2026-08-01T16:05:30Z,2026-08-02T17:23:20.466395+00:00,modeled,True,
cr_a7d0312da731,vile grandmaster,vile grandmaster,vile grandmasters,1,22510975,2025-12-03,2026-07-30,93,False,False,False,False,False,,,,Vile Grandmaster,complete,9819.0,medium,10.8,18.0,16.0,2.0,1.0,74.71371830125268,400.1189530502088,474.8326713514615,74.71371830125268,https://tibia.fandom.com/wiki/Loot_Statistics:Vile_Grandmaster,1196207.0,2026-07-14T11:19:37Z,2026-08-02T17:23:20.466395+00:00,modeled,True,
cr_01425f6f8ffb,wilting leaf golem,wilting leaf golem,wilting leaf golems,1,22507591,2025-12-05,2026-07-30,93,False,False,False,False,False,,,,Wilting Leaf Golem,complete,78587.0,high,10.1,7.0,6.0,1.0,1.0,0.9752885337269523,12.526791963047323,13.502080496774276,0.9752885337269523,https://tibia.fandom.com/wiki/Loot_Statistics:Wilting_Leaf_Golem,1196219.0,2026-07-14T11:20:52Z,2026-08-02T17:23:20.466395+00:00,modeled,True,
cr_95b53aed801d,cobra,cobra,cobras,1,22499803,2025-12-03,2026-07-30,93,False,False,False,False,False,https://tibia.fandom.com/wiki/Cobra,1192132.0,2026-06-25T08:19:16Z,Cobra,complete,36210.0,high,8.6,1.0,1.0,0.0,1.0,0.0,0.7837613918806959,0.7837613918806959,0.0,https://tibia.fandom.com/wiki/Loot_Statistics:Cobra,1198597.0,2026-08-01T16:05:34Z,2026-08-02T17:23:20.466395+00:00,modeled,True,
cr_a24535d49a43,smuggler,smuggler,smugglers,1,22456012,2025-12-03,2026-07-30,93,False,False,False,False,False,https://tibia.fandom.com/wiki/Smuggler,1191790.0,2026-06-25T06:54:35Z,Smuggler,complete,71382.0,high,8.6,11.0,9.0,2.0,1.0,0.7984786080524502,7.829943122916141,8.628421730968592,0.7984786080524502,https://tibia.fandom.com/wiki/Loot_Statistics:Smuggler,1198927.0,2026-08-02T13:00:59Z,2026-08-02T17:23:20.466395+00:00,modeled,True,
cr_602a224d9335,crawler,crawler,crawlers,1,22396034,2025-12-03,2026-07-30,93,False,False,False,False,False,https://tibia.fandom.com/wiki/Crawler,1192318.0,2026-06-25T08:38:42Z,Crawler,complete,52823.0,high,9.4,11.0,9.0,2.0,1.0,51.24894458853151,141.64928156295554,192.89822615148705,51.24894458853151,https://tibia.fandom.com/wiki/Loot_Statistics:Crawler,1197988.0,2026-07-27T20:34:39Z,2026-08-02T17:23:20.466395+00:00,modeled,True,
cr_31ee9fb1eef3,cliff strider,cliff strider,cliff striders,1,22209126,2025-12-05,2026-07-30,92,False,False,False,False,False,,,,Cliff Strider,complete,1306.0,medium,14.12.5229e4,33.0,29.0,4.0,1.0,101.0,1939.241960183767,2040.241960183767,101.0,https://tibia.fandom.com/wiki/Loot_Statistics:Cliff_Strider,1195993.0,2026-07-14T10:58:17Z,2026-08-02T17:23:20.466395+00:00,modeled,True,
cr_cef4da0849b9,salamander,salamander,salamanders,1,22128437,2025-12-05,2026-07-30,93,False,False,False,False,False,https://tibia.fandom.com/wiki/Salamander,1191558.0,2026-06-25T06:23:38Z,Salamander,complete,222595.0,high,9.8,10.0,6.0,4.0,1.0,0.7194815696668838,4.24409802556212,4.963579595229003,0.7194815696668838,https://tibia.fandom.com/wiki/Loot_Statistics:Salamander,1197191.0,2026-07-20T21:12:45Z,2026-08-02T17:23:20.466395+00:00,modeled,True,
cr_2b3f5127b829,wild warrior,wild warrior,wild warriors,1,22116036,2025-12-03,2026-07-30,93,False,False,False,False,False,https://tibia.fandom.com/wiki/Wild_Warrior,1191784.0,2026-06-25T06:54:20Z,Wild Warrior,complete,18302.0,high,10.8,10.0,10.0,0.0,1.0,0.6567588241722216,18.270462244563436,18.92722106873566,0.6567588241722216,https://tibia.fandom.com/wiki/Loot_Statistics:Wild_Warrior,1198929.0,2026-08-02T13:01:03Z,2026-08-02T17:23:20.466395+00:00,modeled,True,
cr_e7933ac434eb,mutated rat,mutated rat,mutated rats,1,21906117,2025-12-03,2026-07-30,93,False,False,False,False,False,,,,Mutated Rat,complete,46426.0,high,8.6,12.0,9.0,3.0,1.0,0.787338991082583,38.60627665532245,39.39361564640504,0.787338991082583,https://tibia.fandom.com/wiki/Loot_Statistics:Mutated_Rat,1198046.0,2026-07-28T19:33:12Z,2026-08-02T17:23:20.466395+00:00,modeled,True,
cr_6b7524b5fbd1,walking dread,walking dread,walking dreads,1,21879267,2025-12-05,2026-07-30,82,False,False,False,False,False,,,,Walking Dread,complete,13202.0,high,8.6,11.0,11.0,0.0,1.0,3940.3120739281926,629.5296167247387,4569.841690652931,3940.3120739281926,https://tibia.fandom.com/wiki/Loot_Statistics:Walking_Dread,1197129.0,2026-07-20T02:28:01Z,2026-08-02T17:23:20.466395+00:00,modeled,True,
cr_c0cc84b44c49,slime,slime,slimes,1,21849959,2025-12-03,2026-07-30,93,False,False,False,False,False,https://tibia.fandom.com/wiki/Slime,1192163.0,2026-06-25T08:21:55Z,,absent,,,,,,,,,,,,,,,,missing_loot_table,False,no current empirical Loot2 table matched; no value imputed
cr_3a91ee2aa23f,minotaur cult zealot,minotaur cult zealot,minotaur cult zealots,1,21798601,2025-12-05,2026-07-30,93,False,False,False,False,False,,,,Minotaur Cult Zealot,complete,4909.0,medium,8.6,19.0,18.0,1.0,1.0,40.641474842126705,135.66510490935013,176.30657975147685,40.641474842126705,https://tibia.fandom.com/wiki/Loot_Statistics:Minotaur_Cult_Zealot,1187722.0,2026-05-30T20:13:26Z,2026-08-02T17:23:20.466395+00:00,modeled,True,
cr_8266cffad65e,shell drake,shell drake,shell drakes,1,21729620,2025-12-05,2026-07-30,93,False,False,False,False,False,,,,Shell Drake,complete,2876.0,medium,8.6,11.0,8.0,3.0,1.0,73.91029207232268,142.18011126564673,216.0904033379694,73.91029207232268,https://tibia.fandom.com/wiki/Loot_Statistics:Shell_Drake,1190215.0,2026-06-18T20:04:47Z,2026-08-02T17:23:20.466395+00:00,modeled,True,
cr_bc00c4f3a03e,forest fury,forest fury,forest furies,1,21715081,2025-12-05,2026-07-30,93,False,False,False,False,False,,,,Forest Fury,complete,45508.0,high,10.1,9.0,7.0,2.0,1.0,0.8778456535114705,22.51232750285664,23.39017315636811,0.8778456535114705,https://tibia.fandom.com/wiki/Loot_Statistics:Forest_Fury,1196035.0,2026-07-14T11:02:34Z,2026-08-02T17:23:20.466395+00:00,modeled,True,
cr_651bb04a14e3,orc leader,orc leader,orc leaders,1,21698321,2025-12-03,2026-07-30,93,False,False,False,False,False,https://tibia.fandom.com/wiki/Orc_Leader,1191864.0,2026-06-25T07:16:58Z,Orc Leader,complete,41066.0,high,8.6,18.0,15.0,3.0,1.0,0.28174158671407,40.392757999318164,40.67449958603223,0.28174158671407,https://tibia.fandom.com/wiki/Loot_Statistics:Orc_Leader,1198424.0,2026-07-31T17:41:05Z,2026-08-02T17:23:20.466395+00:00,modeled,True,
cr_73a3107d6ac8,necromancer,necromancer,necromancers,1,21642436,2025-12-03,2026-07-30,93,False,False,False,False,False,https://tibia.fandom.com/wiki/Necromancer,1191780.0,2026-06-25T06:54:11Z,Necromancer,complete,71449.0,high,8.6,12.0,10.0,2.0,1.0,0.30077397864210836,101.79736595333736,102.09813993197947,0.30077397864210836,https://tibia.fandom.com/wiki/Loot_Statistics:Necromancer,1198360.0,2026-07-31T12:06:17Z,2026-08-02T17:23:20.466395+00:00,modeled,True,
cr_fd2e2fea36a4,minotaur hunter,minotaur hunter,minotaur hunters,1,21473032,2025-12-03,2026-07-30,93,False,False,False,False,False,,,,Minotaur Hunter,complete,72335.0,high,10.5,21.0,17.0,4.0,1.0,36.14359576968273,80.26100781087993,116.40460358056266,36.14359576968273,https://tibia.fandom.com/wiki/Loot_Statistics:Minotaur_Hunter,1197705.0,2026-07-25T14:45:36Z,2026-08-02T17:23:20.466395+00:00,modeled,True,
cr_7c0ba7894bd3,walking pillar,walking pillar,walking pillars,1,21397445,2025-12-05,2026-07-30,78,False,False,False,False,False,,,,Walking Pillar,complete,5561.0,medium,14.00.7103e2,14.0,12.0,2.0,1.0,4910.987232512138,995.6716417910446,5906.6588743031825,4910.987232512138,https://tibia.fandom.com/wiki/Loot_Statistics:Walking_Pillar,1196726.0,2026-07-17T19:34:31Z,2026-08-02T17:23:20.466395+00:00,modeled,True,
cr_611f4887b336,oozing corpus,oozing corpus,oozing corpuses,1,20919514,2025-12-05,2026-07-30,78,False,False,False,False,False,,,,Oozing Corpus,complete,4863.0,medium,14.12.5229e4,11.0,10.0,1.0,1.0,6049.763520460621,773.7404894098293,6823.50400987045,6049.763520460621,https://tibia.fandom.com/wiki/Loot_Statistics:Oozing_Corpus,1198890.0,2026-08-02T10:18:04Z,2026-08-02T17:23:20.466395+00:00,modeled,True,
cr_ced7cb0537c5,feversleep,feversleep,feversleeps,1,20767950,2025-12-05,2026-07-30,82,False,False,False,False,False,https://tibia.fandom.com/wiki/Feversleep,1192023.0,2026-06-25T07:58:17Z,Feversleep,complete,3237.0,medium,10.3,15.0,12.0,3.0,1.0,101.0,796.2465245597776,897.2465245597776,101.0,https://tibia.fandom.com/wiki/Loot_Statistics:Feversleep,1197146.0,2026-07-20T17:09:28Z,2026-08-02T17:23:20.466395+00:00,modeled,True,
cr_b8078e67994b,enlightened of the cult,enlightened of the cult,enlighteneds of the cult,1,20741989,2025-12-03,2026-07-30,93,False,False,False,False,False,https://tibia.fandom.com/wiki/Enlightened_of_the_Cult,1192288.0,2026-06-25T08:35:13Z,Enlightened of the Cult,complete,26810.0,high,8.6,19.0,15.0,4.0,1.0,0.6521820216337187,103.52592316299888,104.1781051846326,0.6521820216337187,https://tibia.fandom.com/wiki/Loot_Statistics:Enlightened_of_the_Cult,1188908.0,2026-06-11T21:21:04Z,2026-08-02T17:23:20.466395+00:00,modeled,True,
cr_5cddfc5218cd,lavafungus,lavafungus,lavafungi,1,20723266,2025-12-05,2026-07-30,90,False,False,False,False,False,https://tibia.fandom.com/wiki/Lavafungus,1192305.0,2026-06-25T08:37:37Z,Lavafungus,complete,1001.0,medium,13.22.14282,24.0,24.0,0.0,1.0,100.0,2876.7332667332676,2976.7332667332676,100.0,https://tibia.fandom.com/wiki/Loot_Statistics:Lavafungus,1196083.0,2026-07-14T11:07:21Z,2026-08-02T17:23:20.466395+00:00,modeled,True,
cr_1773066bf7e4,roaring lion,roaring lion,roaring lions,1,20498373,2025-12-05,2026-07-30,93,False,False,False,False,False,,,,Roaring Lion,complete,29115.0,high,10.7,12.0,12.0,0.0,1.0,10.974240082431736,95.01253649321656,105.98677657564829,10.974240082431736,https://tibia.fandom.com/wiki/Loot_Statistics:Roaring_Lion,1198561.0,2026-08-01T11:21:44Z,2026-08-02T17:23:20.466395+00:00,modeled,True,
cr_88ddf974cb23,quara predator scout,quara predator scout,quara predator scouts,1,20450172,2025-12-03,2026-07-30,93,False,False,False,False,False,,,,Quara Predator Scout,complete,62846.0,high,9.86,10.0,8.0,2.0,1.0,0.9896413455112497,116.72493078318429,117.71457212869554,0.9896413455112497,https://tibia.fandom.com/wiki/Loot_Statistics:Quara_Predator_Scout,1196295.0,2026-07-14T19:55:42Z,2026-08-02T17:23:20.466395+00:00,modeled,True,
cr_fc3d13e2eea8,water elemental,water elemental,water elementals,1,20386853,2025-12-03,2026-07-30,93,False,False,False,False,False,https://tibia.fandom.com/wiki/Water_Elemental,1191709.0,2026-06-25T06:42:40Z,Water Elemental,complete,810.0,low,14.12.5229e4,12.0,10.0,2.0,1.0,24.827160493827158,19.87654320987654,44.703703703703695,24.827160493827158,https://tibia.fandom.com/wiki/Loot_Statistics:Water_Elemental,1190537.0,2026-06-19T21:33:00Z,2026-08-02T17:23:20.466395+00:00,modeled,True,
cr_12cb96e51653,dwarf,dwarf,dwarfs,1,20267942,2025-12-03,2026-07-30,93,False,False,False,False,False,https://tibia.fandom.com/wiki/Dwarf,1191870.0,2026-06-25T07:17:11Z,Dwarf,complete,46162.0,high,8.6,11.0,10.0,1.0,1.0,0.3517178631775053,18.184524067414756,18.53624193059226,0.3517178631775053,https://tibia.fandom.com/wiki/Loot_Statistics:Dwarf,1198514.0,2026-07-31T19:46:06Z,2026-08-02T17:23:20.466395+00:00,modeled,True,
cr_9289bb68a6e1,lizard sentinel,lizard sentinel,lizard sentinels,1,20256278,2025-12-03,2026-07-30,93,False,False,False,False,False,,,,Lizard Sentinel,complete,20315.0,high,10.8,13.0,11.0,2.0,1.0,0.8617770120600542,32.43342357863647,33.295200590696524,0.8617770120600542,https://tibia.fandom.com/wiki/Loot_Statistics:Lizard_Sentinel,1198083.0,2026-07-28T23:19:37Z,2026-08-02T17:23:20.466395+00:00,modeled,True,
cr_4e339f60fc9b,minotaur mage,minotaur mage,minotaur mages,1,20217415,2025-12-03,2026-07-30,93,False,False,False,False,False,https://tibia.fandom.com/wiki/Minotaur_Mage,1191858.0,2026-06-25T07:16:45Z,Minotaur Mage,complete,23762.0,high,8.6,11.0,9.0,2.0,1.0,0.8527901691776787,28.049574951603404,28.902365120781084,0.8527901691776787,https://tibia.fandom.com/wiki/Loot_Statistics:Minotaur_Mage,1196838.0,2026-07-18T12:49:18Z,2026-08-02T17:23:20.466395+00:00,modeled,True,
cr_75a20ff634b9,blemished spawn,blemished spawn,blemished spawns,1,20150626,2025-12-03,2026-07-30,91,False,False,False,False,False,,,,Blemished Spawn,complete,813.0,low,13.22.14282,23.0,23.0,0.0,1.0,100.0,2772.920049200492,2872.920049200492,100.0,https://tibia.fandom.com/wiki/Loot_Statistics:Blemished_Spawn,1195977.0,2026-07-14T10:56:37Z,2026-08-02T17:23:20.466395+00:00,modeled,True,
cr_beff750ff736,quara pincher scout,quara pincher scout,quara pincher scouts,1,20131995,2025-12-03,2026-07-30,93,False,False,False,False,False,,,,Quara Pincher Scout,complete,51865.0,high,9.86,7.0,7.0,0.0,1.0,0.8994504964812494,80.13149522799576,81.03094572447701,0.8994504964812494,https://tibia.fandom.com/wiki/Loot_Statistics:Quara_Pincher_Scout,1196645.0,2026-07-17T00:17:17Z,2026-08-02T17:23:20.466395+00:00,modeled,True,
cr_460d1e8372dd,deepling spellsinger,deepling spellsinger,deepling spellsingers,1,20084807,2025-12-03,2026-07-30,93,False,False,False,False,False,,,,Deepling Spellsinger,complete,71997.0,high,9.4,13.0,12.0,1.0,1.0,80.79399141630901,218.77597677681018,299.56996819311917,80.79399141630901,https://tibia.fandom.com/wiki/Loot_Statistics:Deepling_Spellsinger,1187992.0,2026-06-01T15:44:50Z,2026-08-02T17:23:20.466395+00:00,modeled,True,
cr_5d8e46f4be75,raubritter marksmen,raubritter marksmen,raubritter marksmen,1,19940538,2025-12-03,2026-07-30,91,False,False,False,False,False,,,,,absent,,,,,,,,,,,,,,,,missing_loot_table,False,no current empirical Loot2 table matched; no value imputed
cr_13468a7fc80b,goblin,goblin,goblins,1,19906714,2025-12-03,2026-07-30,93,False,False,False,False,False,https://tibia.fandom.com/wiki/Goblin,1191865.0,2026-06-25T07:17:00Z,Goblin,complete,47790.0,high,8.6,12.0,9.0,3.0,1.0,0.5022180372462859,2.4930320150659133,2.9952500523121994,0.5022180372462859,https://tibia.fandom.com/wiki/Loot_Statistics:Goblin,1198228.0,2026-07-30T19:12:28Z,2026-08-02T17:23:20.466395+00:00,modeled,True,
cr_11aa840c3a18,merlkin,merlkin,merlkins,1,19812944,2025-12-03,2026-07-30,93,False,False,False,False,False,https://tibia.fandom.com/wiki/Merlkin,1192067.0,2026-06-25T08:12:28Z,Merlkin,complete,218840.0,high,8.6,10.0,7.0,3.0,1.0,0.8296609394991775,14.806799488210565,15.636460427709743,0.8296609394991775,https://tibia.fandom.com/wiki/Loot_Statistics:Merlkin,1196883.0,2026-07-18T19:07:44Z,2026-08-02T17:23:20.466395+00:00,modeled,True,
cr_39cef3363f2a,swarmer,swarmer,swarmers,1,19754321,2025-12-03,2026-07-30,93,False,False,False,False,False,https://tibia.fandom.com/wiki/Swarmer,1192321.0,2026-06-25T08:38:49Z,Swarmer,complete,64452.0,high,9.4,5.0,5.0,0.0,1.0,0.9999844845776702,74.43229069695278,75.43227518153044,0.9999844845776702,https://tibia.fandom.com/wiki/Loot_Statistics:Swarmer,1197993.0,2026-07-27T20:34:44Z,2026-08-02T17:23:20.466395+00:00,modeled,True,
cr_4d1cebef21ae,terramite,terramite,terramites,1,19720228,2025-12-05,2026-07-30,93,False,False,False,False,False,https://tibia.fandom.com/wiki/Terramite,1192283.0,2026-06-25T08:34:12Z,Terramite,complete,226786.0,high,9.86,4.0,4.0,0.0,1.0,0.9750028661381214,24.162558535359324,25.137561401497447,0.9750028661381214,https://tibia.fandom.com/wiki/Loot_Statistics:Terramite,1198533.0,2026-07-31T20:21:56Z,2026-08-02T17:23:20.466395+00:00,modeled,True,
cr_47420c6b90e2,werebear,werebear,werebears,1,19623484,2025-12-05,2026-07-30,93,False,False,False,False,False,https://tibia.fandom.com/wiki/Werebear,1191965.0,2026-06-25T07:50:57Z,Werebear,complete,5451.0,medium,12.90.12182,21.0,18.0,3.0,1.0,100.79710144927536,390.3955237571088,491.19262520638415,100.79710144927536,https://tibia.fandom.com/wiki/Loot_Statistics:Werebear,1197162.0,2026-07-20T18:08:22Z,2026-08-02T17:23:20.466395+00:00,modeled,True,
cr_d4fc64fec45b,icecold book,icecold book,icecold books,1,19621162,2025-12-05,2026-07-30,92,False,False,False,False,False,,,,Icecold Book,complete,13694.0,high,12.31.9580,23.0,21.0,2.0,1.0,91.14210603183876,3260.597341901563,3351.739447933402,91.14210603183876,https://tibia.fandom.com/wiki/Loot_Statistics:Icecold_Book,1193590.0,2026-07-01T15:33:28Z,2026-08-02T17:23:20.466395+00:00,modeled,True,
cr_20d7e3a54e3f,lost basher,lost basher,lost bashers,1,19621053,2025-12-03,2026-07-30,93,False,False,False,False,False,,,,Lost Basher,complete,14635.0,high,9.8,29.0,25.0,4.0,1.0,70.9213529210796,515.826443457465,586.7477963785445,70.9213529210796,https://tibia.fandom.com/wiki/Loot_Statistics:Lost_Basher,1196585.0,2026-07-16T16:32:27Z,2026-08-02T17:23:20.466395+00:00,modeled,True,
cr_876cfc65c8dd,vampire bride,vampire bride,vampire brides,1,19620411,2025-12-05,2026-07-30,93,False,False,False,False,False,,,,Vampire Bride,complete,6488.0,medium,14.12.5229e4,18.0,13.0,5.0,1.0,10.705456226880395,207.05070900123303,217.75616522811342,10.705456226880395,https://tibia.fandom.com/wiki/Loot_Statistics:Vampire_Bride,1183311.0,2026-05-07T20:54:59Z,2026-08-02T17:23:20.466395+00:00,modeled,True,
cr_4d9173783d54,lizard chosen,lizard chosen,lizard chosens,1,19426132,2025-12-05,2026-07-30,93,False,False,False,False,False,,,,Lizard Chosen,complete,4838.0,medium,15.00.249ccc,16.0,15.0,1.0,1.0,4.01880942538239,494.2558908639934,498.2747002893758,4.01880942538239,https://tibia.fandom.com/wiki/Loot_Statistics:Lizard_Chosen,1195944.0,2026-07-13T23:17:04Z,2026-08-02T17:23:20.466395+00:00,modeled,True,
cr_53de83e950c9,high voltage elemental,high voltage elemental,high voltage elementals,1,19419953,2025-12-05,2026-07-30,93,False,False,False,False,False,,,,High Voltage Elemental,complete,2036.0,medium,14.12.5229e4,17.0,14.0,3.0,1.0,1.0,186.93516699410608,187.93516699410608,1.0,https://tibia.fandom.com/wiki/Loot_Statistics:High_Voltage_Elemental,1196914.0,2026-07-18T22:09:50Z,2026-08-02T17:23:20.466395+00:00,modeled,True,
cr_f636c287e92c,squid warden,squid warden,squid wardens,1,19396869,2025-12-05,2026-07-30,93,False,False,False,False,False,,,,Squid Warden,complete,11447.0,high,12.31.9580,21.0,19.0,2.0,1.0,50.345068576919715,2320.226260155499,2370.571328732419,50.345068576919715,https://tibia.fandom.com/wiki/Loot_Statistics:Squid_Warden,1196174.0,2026-07-14T11:16:11Z,2026-08-02T17:23:20.466395+00:00,modeled,True,
cr_c24c55c261e7,lizard legionnaire,lizard legionnaire,lizard legionnaires,1,19182052,2025-12-03,2026-07-30,93,False,False,False,False,False,,,,Lizard Legionnaire,complete,111154.0,high,8.6,14.0,13.0,1.0,1.0,0.9408208431545424,140.98529967432572,141.92612051748026,0.9408208431545424,https://tibia.fandom.com/wiki/Loot_Statistics:Lizard_Legionnaire,1195945.0,2026-07-13T23:17:06Z,2026-08-02T17:23:20.466395+00:00,modeled,True,
cr_c7481f82d78c,dwarf guard,dwarf guard,dwarf guards,1,19139871,2025-12-03,2026-07-30,93,False,False,False,False,False,,,,Dwarf Guard,complete,37682.0,high,9.1,13.0,12.0,1.0,1.0,0.4008279815296428,27.762194151053553,28.163022132583194,0.4008279815296428,https://tibia.fandom.com/wiki/Loot_Statistics:Dwarf_Guard,1198515.0,2026-07-31T19:46:07Z,2026-08-02T17:23:20.466395+00:00,modeled,True,
cr_ec5c07da152e,chakoya tribewarden,chakoya tribewarden,chakoya tribewardens,1,19133981,2025-12-05,2026-07-30,93,False,False,False,False,False,,,,Chakoya Tribewarden,complete,16893.0,high,10.37,9.0,8.0,1.0,1.0,0.7964837506659563,2.3692653761913216,3.165749126857278,0.7964837506659563,https://tibia.fandom.com/wiki/Loot_Statistics:Chakoya_Tribewarden,1193548.0,2026-07-01T15:29:33Z,2026-08-02T17:23:20.466395+00:00,modeled,True,
cr_408a47eec010,menacing carnivor,menacing carnivor,menacing carnivors,1,19133089,2025-12-05,2026-07-30,93,False,False,False,False,False,,,,Menacing Carnivor,complete,3587.0,medium,12.31,22.0,21.0,1.0,1.0,64.81739615277391,783.6911067744633,848.5085029272371,64.81739615277391,https://tibia.fandom.com/wiki/Loot_Statistics:Menacing_Carnivor,1196485.0,2026-07-16T02:37:34Z,2026-08-02T17:23:20.466395+00:00,modeled,True,
cr_d4643f57ef18,dark magician,dark magician,dark magicians,1,19073153,2025-12-03,2026-07-30,93,False,False,False,False,False,,,,Dark Magician,complete,91992.0,high,8.6,9.0,3.0,6.0,1.0,0.7498260718323333,3.9372988955561357,4.687124967388469,0.7498260718323333,https://tibia.fandom.com/wiki/Loot_Statistics:Dark_Magician,1197984.0,2026-07-27T19:07:04Z,2026-08-02T17:23:20.466395+00:00,modeled,True,
cr_b47491c14e5d,deepling warrior,deepling warrior,deepling warriors,1,18932046,2025-12-03,2026-07-30,93,False,False,False,False,False,,,,Deepling Warrior,complete,64656.0,high,9.4,16.0,11.0,5.0,1.0,1.0,243.77459168522643,244.77459168522643,1.0,https://tibia.fandom.com/wiki/Loot_Statistics:Deepling_Warrior,1197472.0,2026-07-23T06:38:02Z,2026-08-02T17:23:20.466395+00:00,modeled,True,
cr_5cc4b97c9cd3,feral sphinx,feral sphinx,feral sphinxes,1,18863016,2025-12-03,2026-07-30,93,False,False,False,False,False,,,,Feral Sphinx,complete,9829.0,medium,12.20,18.0,18.0,0.0,1.0,100.0,1507.744429748703,1607.744429748703,100.0,https://tibia.fandom.com/wiki/Loot_Statistics:Feral_Sphinx,1193577.0,2026-07-01T15:32:15Z,2026-08-02T17:23:20.466395+00:00,modeled,True,
cr_94c45e7169f5,carnisylvan sapling,carnisylvan sapling,carnisylvan saplings,1,18854044,2025-12-05,2026-07-30,90,False,False,False,False,False,,,,Carnisylvan Sapling,complete,1798.0,medium,8.6,0.0,0.0,0.0,1.0,0.0,0.0,0.0,0.0,https://tibia.fandom.com/wiki/Loot_Statistics:Carnisylvan_Sapling,1189317.0,2026-06-15T07:15:00Z,2026-08-02T17:23:20.466395+00:00,modeled,True,
cr_d249e921bfef,soul-broken harbinger,soul-broken harbinger,soul-broken harbingers,1,18678906,2025-12-03,2026-07-30,93,False,False,False,False,False,,,,Soul-Broken Harbinger,complete,9916.0,medium,12.00,14.0,14.0,0.0,1.0,100.0,1431.928701089149,1531.928701089149,100.0,https://tibia.fandom.com/wiki/Loot_Statistics:Soul-Broken_Harbinger,1177822.0,2026-04-23T13:58:15Z,2026-08-02T17:23:20.466395+00:00,modeled,True,
cr_120f4113b3af,infernoid blob,infernoid blob,infernoid blobs,1,18621850,2026-03-17,2026-07-30,93,False,False,False,False,False,,,,Infernoid Blob,complete,9037.0,medium,8.6,8.0,6.0,2.0,1.0,0.5892442182140091,13.888458559256392,14.477702777470402,0.5892442182140091,https://tibia.fandom.com/wiki/Loot_Statistics:Infernoid_Blob,1198874.0,2026-08-02T09:56:50Z,2026-08-02T17:23:20.466395+00:00,modeled,True,
cr_1c989dbb3848,lizard henchman,lizard henchman,lizard henchmans,1,18447866,2026-03-17,2026-07-30,93,False,False,False,False,False,,,,Lizard Henchman,complete,3359.0,medium,8.6,10.0,7.0,3.0,1.0,0.7115212860970527,7.622506698422149,8.334027984519201,0.7115212860970527,https://tibia.fandom.com/wiki/Loot_Statistics:Lizard_Henchman,1197936.0,2026-07-27T18:48:41Z,2026-08-02T17:23:20.466395+00:00,modeled,True,
cr_47dae42080cf,insectoid worker,insectoid worker,insectoid workers,1,18398925,2025-12-03,2026-07-30,93,False,False,False,False,False,,,,Insectoid Worker,complete,59019.0,high,9.4,6.0,5.0,1.0,1.0,1.0,93.1120486622952,94.1120486622952,1.0,https://tibia.fandom.com/wiki/Loot_Statistics:Insectoid_Worker,1197990.0,2026-07-27T20:34:41Z,2026-08-02T17:23:20.466395+00:00,modeled,True,
cr_35764a84d8e7,gore horn,gore horn,gore horns,1,18387817,2025-12-05,2026-07-30,89,False,False,False,False,False,,,,Gore Horn,complete,339.0,low,14.00.7103e2,9.0,8.0,1.0,1.0,2035.3982300884957,1731.3480825958702,3766.746312684366,2035.3982300884957,https://tibia.fandom.com/wiki/Loot_Statistics:Gore_Horn,1196052.0,2026-07-14T11:04:12Z,2026-08-02T17:23:20.466395+00:00,modeled,True,
cr_e7987e04d9b5,elder wyrm,elder wyrm,elder wyrms,1,18384539,2025-12-05,2026-07-30,93,False,False,False,False,False,,,,Elder Wyrm,complete,6408.0,medium,15.00.249ccc,21.0,16.0,5.0,1.0,26.483770287141073,384.211922596754,410.69569288389505,26.483770287141073,https://tibia.fandom.com/wiki/Loot_Statistics:Elder_Wyrm,1196993.0,2026-07-19T12:34:25Z,2026-08-02T17:23:20.466395+00:00,modeled,True,
cr_ea91bd8d206a,waspoid,waspoid,waspoids,1,18234145,2025-12-03,2026-07-30,93,False,False,False,False,False,https://tibia.fandom.com/wiki/Waspoid,1192323.0,2026-06-25T08:38:54Z,Waspoid,complete,21706.0,high,10.8,12.0,11.0,1.0,1.0,61.41914677969225,252.90979452685892,314.32894130655114,61.41914677969225,https://tibia.fandom.com/wiki/Loot_Statistics:Waspoid,1197994.0,2026-07-27T20:34:45Z,2026-08-02T17:23:20.466395+00:00,modeled,True,
cr_0a66e107bb05,bandit,bandit,bandits,1,18201849,2025-12-03,2026-07-30,93,False,False,False,False,False,https://tibia.fandom.com/wiki/Bandit,1191791.0,2026-06-25T06:54:37Z,Bandit,complete,25005.0,high,8.6,9.0,8.0,1.0,1.0,0.4917016596680664,15.975004999000202,16.46670665866827,0.4917016596680664,https://tibia.fandom.com/wiki/Loot_Statistics:Bandit,1198904.0,2026-08-02T12:49:41Z,2026-08-02T17:23:20.466395+00:00,modeled,True,
cr_8a6188a2a0a5,hulking prehemoth,hulking prehemoth,hulking prehemoths,1,18133589,2025-12-05,2026-07-30,90,False,False,False,False,False,,,,Hulking Prehemoth,complete,168.0,low,14.00.7103e2,9.0,8.0,1.0,1.0,2916.666666666667,1351.279761904762,4267.946428571429,2916.666666666667,https://tibia.fandom.com/wiki/Loot_Statistics:Hulking_Prehemoth,1196065.0,2026-07-14T11:05:39Z,2026-08-02T17:23:20.466395+00:00,modeled,True,
cr_5e96000a634b,sabretooth,sabretooth,sabreteeth,1,18131834,2025-12-05,2026-07-30,90,False,False,False,False,False,https://tibia.fandom.com/wiki/Sabretooth,1188323.0,2026-06-03T01:32:47Z,Sabretooth (Creature),insufficient_sample,74.0,insufficient,14.00.7103e2,9.0,9.0,0.0,1.0,,,,,https://tibia.fandom.com/wiki/Loot_Statistics:Sabretooth_(Creature),1196161.0,2026-07-14T11:14:59Z,2026-08-02T17:23:20.466395+00:00,insufficient_sample,False,empirical loot sample below 100 kills
cr_8ca9e245d8a1,gorerilla,gorerilla,gorerillas,1,18106420,2025-12-05,2026-07-30,89,False,False,False,False,False,https://tibia.fandom.com/wiki/Gorerilla,1197349.0,2026-07-22T17:59:12Z,Gorerilla,complete,168.0,low,14.00.7103e2,6.0,5.0,1.0,1.0,1428.5714285714284,1208.2499999999998,2636.8214285714284,1428.5714285714284,https://tibia.fandom.com/wiki/Loot_Statistics:Gorerilla,1196053.0,2026-07-14T11:04:18Z,2026-08-02T17:23:20.466395+00:00,modeled,True,
cr_a1a4aaa013e9,emerald tortoise,emerald tortoise,emerald tortoises,1,18102239,2025-12-05,2026-07-30,89,False,False,False,False,False,,,,Emerald Tortoise,complete,290.0,low,14.00.7103e2,15.0,14.0,1.0,1.0,1241.3793103448277,1470.9310344827586,2712.310344827586,1241.3793103448277,https://tibia.fandom.com/wiki/Loot_Statistics:Emerald_Tortoise,1196025.0,2026-07-14T11:01:38Z,2026-08-02T17:23:20.466395+00:00,modeled,True,
cr_89a27c1ccd82,draken abomination,draken abomination,draken abominations,1,17955808,2025-12-05,2026-07-30,93,False,False,False,False,False,,,,Draken Abomination,complete,36948.0,high,9.1,20.0,14.0,6.0,1.0,50.960268485438995,1119.8225073075673,1170.7827757930063,50.960268485438995,https://tibia.fandom.com/wiki/Loot_Statistics:Draken_Abomination,1185311.0,2026-05-15T14:01:58Z,2026-08-02T17:23:20.466395+00:00,modeled,True,
cr_b2d8a301d897,humongous fungus,humongous fungus,humongous fungi,1,17937531,2025-12-03,2026-07-30,93,False,False,False,False,False,,,,Humongous Fungus,complete,27732.0,high,9.6,22.0,14.0,8.0,1.0,100.9963940574066,535.3202077022934,636.3166017597,100.9963940574066,https://tibia.fandom.com/wiki/Loot_Statistics:Humongous_Fungus,1196066.0,2026-07-14T11:05:45Z,2026-08-02T17:23:20.466395+00:00,modeled,True,
cr_de63902a2d6a,lizard templar,lizard templar,lizard templars,1,17790577,2025-12-03,2026-07-30,93,False,False,False,False,False,,,,Lizard Templar,complete,138.0,low,15.00.249ccc,8.0,8.0,0.0,1.0,0.782608695652174,25.1231884057971,25.905797101449277,0.782608695652174,https://tibia.fandom.com/wiki/Loot_Statistics:Lizard_Templar,1196094.0,2026-07-14T11:08:20Z,2026-08-02T17:23:20.466395+00:00,modeled,True,
cr_a065e6117d13,clay guardian,clay guardian,clay guardians,1,17745000,2025-12-03,2026-07-30,93,False,False,False,False,False,,,,Clay Guardian,complete,13703.0,high,9.1,7.0,3.0,4.0,1.0,0.9776691235495877,33.09713201488725,34.07480113843684,0.9776691235495877,https://tibia.fandom.com/wiki/Loot_Statistics:Clay_Guardian,1198571.0,2026-08-01T12:15:02Z,2026-08-02T17:23:20.466395+00:00,modeled,True,
cr_132d6c3052b7,quara hydromancer,quara hydromancer,quara hydromancers,1,17730418,2025-12-05,2026-07-30,93,False,False,False,False,False,,,,Quara Hydromancer,complete,15251.0,high,9.5,11.0,9.0,2.0,1.0,0.9056455314405613,118.76729394793784,119.6729394793784,0.9056455314405613,https://tibia.fandom.com/wiki/Loot_Statistics:Quara_Hydromancer,1196145.0,2026-07-14T11:13:25Z,2026-08-02T17:23:20.466395+00:00,modeled,True,
cr_736cd5eae4dc,venerable girtablilu,venerable girtablilu,venerable girtablilus,1,17728492,2025-12-03,2026-07-30,93,False,False,False,False,False,,,,Venerable Girtablilu,complete,234.0,low,13.14.13163,25.0,25.0,0.0,1.0,78.63247863247864,2055.726495726496,2134.3589743589746,78.63247863247864,https://tibia.fandom.com/wiki/Loot_Statistics:Venerable_Girtablilu,1170299.0,2026-03-24T12:38:28Z,2026-08-02T17:23:20.466395+00:00,modeled,True,
cr_a9c3a6bb9c2f,werewolf,werewolf,werewolves,1,17674799,2025-12-05,2026-07-30,93,False,False,False,False,False,https://tibia.fandom.com/wiki/Werewolf,1191964.0,2026-06-25T07:50:55Z,Werewolf,complete,5027.0,medium,12.90.12182,20.0,15.0,5.0,1.0,0.9912472647702407,336.30992639745375,337.301173662224,0.9912472647702407,https://tibia.fandom.com/wiki/Loot_Statistics:Werewolf,1197165.0,2026-07-20T18:08:25Z,2026-08-02T17:23:20.466395+00:00,modeled,True,
cr_af1b5458a90e,vampire viscount,vampire viscount,vampire viscounts,1,17632361,2025-12-05,2026-07-30,93,False,False,False,False,False,,,,Vampire Viscount,complete,2348.0,medium,14.12.5229e4,14.0,12.0,2.0,1.0,0.860732538330494,121.77385008517886,122.63458262350936,0.860732538330494,https://tibia.fandom.com/wiki/Loot_Statistics:Vampire_Viscount,1188131.0,2026-06-01T15:47:26Z,2026-08-02T17:23:20.466395+00:00,modeled,True,
cr_82db90e16246,mycobiontic beetle,mycobiontic beetle,mycobiontic beetles,1,17580797,2025-12-05,2026-07-30,75,False,False,False,False,False,,,,Mycobiontic Beetle,complete,3996.0,medium,13.22.14242,14.0,12.0,2.0,1.0,5773.273273273273,825.1126126126126,6598.385885885886,5773.273273273273,https://tibia.fandom.com/wiki/Loot_Statistics:Mycobiontic_Beetle,1198889.0,2026-08-02T10:18:03Z,2026-08-02T17:23:20.466395+00:00,modeled,True,
cr_224fd0ad4805,lost thrower,lost thrower,lost throwers,1,17550674,2025-12-03,2026-07-30,93,False,False,False,False,False,,,,Lost Thrower,complete,14926.0,high,9.8,16.0,13.0,3.0,1.0,71.15945330296127,241.59989280450222,312.7593461074635,71.15945330296127,https://tibia.fandom.com/wiki/Loot_Statistics:Lost_Thrower,1196586.0,2026-07-16T16:32:28Z,2026-08-02T17:23:20.466395+00:00,modeled,True,
cr_a9d67a3e9960,cyclops drone,cyclops drone,cyclopes drone,1,17509492,2025-12-03,2026-07-30,93,False,False,False,False,False,,,,Cyclops Drone,complete,42533.0,high,8.6,11.0,10.0,1.0,1.0,0.8196929443020713,11.86062586697388,12.680318811275951,0.8196929443020713,https://tibia.fandom.com/wiki/Loot_Statistics:Cyclops_Drone,1193987.0,2026-07-03T14:52:53Z,2026-08-02T17:23:20.466395+00:00,modeled,True,
cr_09b3aa91dacc,quara hydromancer scout,quara hydromancer scout,quara hydromancer scouts,1,17477318,2025-12-03,2026-07-30,93,False,False,False,False,False,,,,Quara Hydromancer Scout,complete,24314.0,high,9.86,12.0,11.0,1.0,1.0,0.9003866085382907,121.78514436127332,122.68553096981161,0.9003866085382907,https://tibia.fandom.com/wiki/Loot_Statistics:Quara_Hydromancer_Scout,1196293.0,2026-07-14T19:55:40Z,2026-08-02T17:23:20.466395+00:00,modeled,True,
cr_607fe88d9542,barkless devotee,barkless devotee,barkless devotees,1,17420158,2025-12-05,2026-07-30,93,False,False,False,False,False,,,,Barkless Devotee,complete,12476.0,high,8.6,4.0,4.0,0.0,1.0,0.49855722988137224,17.229079833279897,17.727637063161268,0.49855722988137224,https://tibia.fandom.com/wiki/Loot_Statistics:Barkless_Devotee,1177668.0,2026-04-23T13:52:38Z,2026-08-02T17:23:20.466395+00:00,modeled,True,
cr_2a85d8ea81b4,burning gladiator,burning gladiator,burning gladiators,1,17339975,2025-12-05,2026-07-30,93,False,False,False,False,False,,,,Burning Gladiator,complete,13224.0,high,12.31.9580,16.0,15.0,1.0,1.0,100.0,1594.460072595281,1694.460072595281,100.0,https://tibia.fandom.com/wiki/Loot_Statistics:Burning_Gladiator,1195985.0,2026-07-14T10:57:29Z,2026-08-02T17:23:20.466395+00:00,modeled,True,
cr_2611fb2bbd4c,feral werecrocodile,feral werecrocodile,feral werecrocodiles,1,17323781,2025-12-05,2026-07-30,93,False,False,False,False,False,,,,Feral Werecrocodile,complete,183.0,low,15.00.249ccc,12.0,11.0,1.0,1.0,101.0,1129.3224043715848,1230.3224043715848,101.0,https://tibia.fandom.com/wiki/Loot_Statistics:Feral_Werecrocodile,1198554.0,2026-08-01T11:21:37Z,2026-08-02T17:23:20.466395+00:00,modeled,True,
cr_e8ee993e714e,chakoya toolshaper,chakoya toolshaper,chakoya toolshapers,1,17200726,2025-12-05,2026-07-30,93,False,False,False,False,False,,,,Chakoya Toolshaper,complete,14301.0,high,10.37,11.0,10.0,1.0,1.0,0.7902244598279841,4.70176910705545,5.491993566883434,0.7902244598279841,https://tibia.fandom.com/wiki/Loot_Statistics:Chakoya_Toolshaper,1193547.0,2026-07-01T15:29:28Z,2026-08-02T17:23:20.466395+00:00,modeled,True,
cr_0d956d4190c2,zombie,zombie,zombies,1,17035133,2025-12-05,2026-07-30,93,False,False,False,False,False,https://tibia.fandom.com/wiki/Zombie,1192198.0,2026-06-25T08:24:25Z,Zombie,complete,5366.0,medium,14.12.5229e4,12.0,10.0,2.0,1.0,0.819045844204249,56.7910920611256,57.61013790532985,0.819045844204249,https://tibia.fandom.com/wiki/Loot_Statistics:Zombie,1190545.0,2026-06-19T21:33:12Z,2026-08-02T17:23:20.466395+00:00,modeled,True,
cr_05ac5eb9deef,dworc voodoomaster,dworc voodoomaster,dworc voodoomasters,1,17018662,2025-12-03,2026-07-30,93,False,False,False,False,False,https://tibia.fandom.com/wiki/Dworc_Voodoomaster,1191874.0,2026-06-25T07:17:20Z,Dworc Voodoomaster,complete,41953.0,high,8.6,11.0,6.0,5.0,1.0,0.7485519509927776,4.411937167782995,5.160489118775772,0.7485519509927776,https://tibia.fandom.com/wiki/Loot_Statistics:Dworc_Voodoomaster,1198576.0,2026-08-01T12:15:07Z,2026-08-02T17:23:20.466395+00:00,modeled,True,
cr_febdca9c74ee,quara constrictor scout,quara constrictor scout,quara constrictor scouts,1,16960212,2025-12-03,2026-07-30,93,False,False,False,False,False,,,,Quara Constrictor Scout,complete,56665.0,high,9.86,7.0,6.0,1.0,1.0,0.9995588105532516,41.58254654548663,42.58210535603988,0.9995588105532516,https://tibia.fandom.com/wiki/Loot_Statistics:Quara_Constrictor_Scout,1196885.0,2026-07-18T19:07:46Z,2026-08-02T17:23:20.466395+00:00,modeled,True,
cr_5a8319491e83,frost dragon,frost dragon,frost dragons,1,16911794,2025-12-05,2026-07-30,93,False,False,False,False,False,,,,Frost Dragon,complete,45669.0,high,8.6,17.0,14.0,3.0,1.0,0.9497689899056253,204.98740940243934,205.93717839234498,0.9497689899056253,https://tibia.fandom.com/wiki/Loot_Statistics:Frost_Dragon,1197628.0,2026-07-25T06:06:19Z,2026-08-02T17:23:20.466395+00:00,modeled,True,
cr_d4857a605d63,leaf golem,leaf golem,leaf golems,1,16825044,2025-12-05,2026-07-30,93,False,False,False,False,False,,,,Leaf Golem,complete,69307.0,high,10.1,6.0,6.0,0.0,1.0,0.875048696379875,12.557822442177557,13.43287113855743,0.875048696379875,https://tibia.fandom.com/wiki/Loot_Statistics:Leaf_Golem,1198229.0,2026-07-30T19:12:30Z,2026-08-02T17:23:20.466395+00:00,modeled,True,
cr_28d6959dfd2f,iks aucar,iks aucar,iks aucars,1,16805685,2025-12-03,2026-07-30,93,False,False,False,False,False,,,,Iks Aucar,complete,4252.0,medium,14.12.5229e4,18.0,17.0,1.0,1.0,43.591721542803384,318.24553151458133,361.8372530573847,43.591721542803384,https://tibia.fandom.com/wiki/Loot_Statistics:Iks_Aucar,1198609.0,2026-08-01T16:05:46Z,2026-08-02T17:23:20.466395+00:00,modeled,True,
cr_6623be9ee954,muglex clan footman,muglex clan footman,muglex clan feetman,1,16722668,2025-12-03,2026-07-30,93,False,False,False,False,False,,,,Muglex Clan Footman,complete,1895.0,medium,15.12.c7d92c,11.0,7.0,4.0,1.0,1.0,1.545646437994723,2.545646437994723,1.0,https://tibia.fandom.com/wiki/Loot_Statistics:Muglex_Clan_Footman,1197047.0,2026-07-19T20:09:32Z,2026-08-02T17:23:20.466395+00:00,modeled,True,
cr_a52914752b88,darklight source,darklight source,darklight sources,1,16686571,2025-12-05,2026-07-30,79,False,False,False,False,False,,,,Darklight Source,complete,4495.0,medium,14.00.7103e2,9.0,8.0,1.0,1.0,4974.416017797553,979.8776418242492,5954.293659621802,4974.416017797553,https://tibia.fandom.com/wiki/Loot_Statistics:Darklight_Source,1197279.0,2026-07-22T04:49:51Z,2026-08-02T17:23:20.466395+00:00,modeled,True,
cr_640fb06193d8,spider,spider,spiders,1,16647243,2025-12-03,2026-07-30,93,False,False,False,False,False,https://tibia.fandom.com/wiki/Spider,1192270.0,2026-06-25T08:33:39Z,Spider,complete,30314.0,high,9.63,2.0,2.0,0.0,1.0,0.6467968595368476,0.10028369730157682,0.7470805568384244,0.6467968595368476,https://tibia.fandom.com/wiki/Loot_Statistics:Spider,1198507.0,2026-07-31T19:38:59Z,2026-08-02T17:23:20.466395+00:00,modeled,True,
cr_dfffc06bfeba,dark faun,dark faun,dark fauns,1,16414335,2025-12-05,2026-07-30,93,False,False,False,False,False,,,,Dark Faun,complete,6733.0,medium,12.90.12182,18.0,13.0,5.0,1.0,1.0,224.75865141838707,225.75865141838707,1.0,https://tibia.fandom.com/wiki/Loot_Statistics:Dark_Faun,1194996.0,2026-07-08T21:51:08Z,2026-08-02T17:23:20.466395+00:00,modeled,True,
cr_771fa06d8a51,branchy crawler,branchy crawler,branchy crawlers,1,16355141,2025-12-05,2026-07-30,86,False,False,False,False,False,,,,Branchy Crawler,complete,4487.0,medium,13.15.13186,15.0,13.0,2.0,1.0,5083.574771562291,1671.1388455538222,6754.713617116113,5083.574771562291,https://tibia.fandom.com/wiki/Loot_Statistics:Branchy_Crawler,1193538.0,2026-07-01T15:28:40Z,2026-08-02T17:23:20.466395+00:00,modeled,True,
cr_0e3bc86c157c,quara constrictor,quara constrictor,quara constrictors,1,16352127,2025-12-05,2026-07-30,93,False,False,False,False,False,,,,Quara Constrictor,complete,20985.0,high,9.5,7.0,6.0,1.0,1.0,0.8771503454848701,37.877150345484864,38.754300690969735,0.8771503454848701,https://tibia.fandom.com/wiki/Loot_Statistics:Quara_Constrictor,1196144.0,2026-07-14T11:13:19Z,2026-08-02T17:23:20.466395+00:00,modeled,True,
cr_b66d283ad428,bog raider,bog raider,bog raiders,1,16326806,2025-12-05,2026-07-30,93,False,False,False,False,False,,,,Bog Raider,complete,37526.0,high,8.6,9.0,6.0,3.0,1.0,0.92133454138464,81.9561104301018,82.87744497148644,0.92133454138464,https://tibia.fandom.com/wiki/Loot_Statistics:Bog_Raider,1196822.0,2026-07-18T12:49:01Z,2026-08-02T17:23:20.466395+00:00,modeled,True,
cr_744f3e8a5f0c,vulcongra,vulcongra,vulcongras,1,16205962,2025-12-03,2026-07-30,93,False,False,False,False,False,https://tibia.fandom.com/wiki/Vulcongra,1192095.0,2026-06-25T08:15:58Z,Vulcongra,complete,10870.0,high,9.6,16.0,13.0,3.0,1.0,15.70101195952162,266.9130634774609,282.61407543698255,15.70101195952162,https://tibia.fandom.com/wiki/Loot_Statistics:Vulcongra,1196589.0,2026-07-16T16:32:31Z,2026-08-02T17:23:20.466395+00:00,modeled,True,
cr_a191b3f6e43b,manticore,manticore,manticores,1,16169616,2025-12-03,2026-07-30,93,False,False,False,False,False,https://tibia.fandom.com/wiki/Manticore,1192038.0,2026-06-25T07:59:07Z,Manticore,complete,8177.0,medium,12.20,17.0,15.0,2.0,1.0,100.0,1006.795890913538,1106.795890913538,100.0,https://tibia.fandom.com/wiki/Loot_Statistics:Manticore,1193605.0,2026-07-01T15:34:48Z,2026-08-02T17:23:20.466395+00:00,modeled,True,
cr_e64fd58c800c,wailing widow,wailing widow,wailing widows,1,16024893,2025-12-05,2026-07-30,93,False,False,False,False,False,,,,Wailing Widow,complete,14411.0,high,9.5,9.0,7.0,2.0,1.0,0.9684962875581153,77.1913815835126,78.1598778710707,0.9684962875581153,https://tibia.fandom.com/wiki/Loot_Statistics:Wailing_Widow,1195398.0,2026-07-12T10:00:12Z,2026-08-02T17:23:20.466395+00:00,modeled,True,
cr_2e6696ff1da3,carniphila,carniphila,carniphilas,1,15929470,2025-12-03,2026-07-30,93,False,False,False,False,False,https://tibia.fandom.com/wiki/Carniphila,1192115.0,2026-06-25T08:18:13Z,Carniphila,complete,157738.0,high,8.6,8.0,6.0,2.0,1.0,0.8791730591233564,10.991961353637043,11.8711344127604,0.8791730591233564,https://tibia.fandom.com/wiki/Loot_Statistics:Carniphila,1198569.0,2026-08-01T12:15:00Z,2026-08-02T17:23:20.466395+00:00,modeled,True,
cr_c7f99f8af717,true midnight asura,true midnight asura,true midnight asuras,1,15815839,2025-12-05,2026-07-30,93,False,False,False,False,False,,,,True Midnight Asura,complete,2149.0,medium,13.22.14242,33.0,29.0,4.0,1.0,514.704513727315,1732.2312703583063,2246.9357840856214,514.704513727315,https://tibia.fandom.com/wiki/Loot_Statistics:True_Midnight_Asura,1198896.0,2026-08-02T10:18:12Z,2026-08-02T17:23:20.466395+00:00,modeled,True,
cr_8cfdb5d84aa1,pirate navigator,pirate navigator,pirate navigators,1,15809740,2026-03-17,2026-07-30,93,False,False,False,False,False,,,,Pirate Navigator,complete,3570.0,medium,8.6,12.0,5.0,7.0,1.0,0.6971988795518207,8.078151260504201,8.775350140056021,0.6971988795518207,https://tibia.fandom.com/wiki/Loot_Statistics:Pirate_Navigator,1197941.0,2026-07-27T18:48:48Z,2026-08-02T17:23:20.466395+00:00,modeled,True,
cr_f5e92eaf7f06,metal gargoyle,metal gargoyle,metal gargoyles,1,15753383,2025-12-05,2026-07-30,93,False,False,False,False,False,,,,Metal Gargoyle,complete,11872.0,high,12.31,16.0,12.0,4.0,1.0,40.92385444743935,315.5323450134771,356.4561994609164,40.92385444743935,https://tibia.fandom.com/wiki/Loot_Statistics:Metal_Gargoyle,1197698.0,2026-07-25T14:14:19Z,2026-08-02T17:23:20.466395+00:00,modeled,True,
cr_fb2c4ec72124,ice golem,ice golem,ice golems,1,15707686,2025-12-05,2026-07-30,93,False,False,False,False,False,,,,Ice Golem,complete,65830.0,high,9.86,13.0,11.0,2.0,1.0,1.0,77.29819231353487,78.29819231353487,1.0,https://tibia.fandom.com/wiki/Loot_Statistics:Ice_Golem,1196067.0,2026-07-14T11:05:52Z,2026-08-02T17:23:20.466395+00:00,modeled,True,
cr_f82b1bd8491e,animated feather,animated feather,animated feathers,1,15631792,2025-12-05,2026-07-30,92,False,False,False,False,False,,,,Animated Feather,complete,11398.0,high,12.31.9580,19.0,18.0,1.0,1.0,77.45218459378839,1552.7044218283909,1630.1566064221793,77.45218459378839,https://tibia.fandom.com/wiki/Loot_Statistics:Animated_Feather,1169680.0,2026-03-24T12:16:19Z,2026-08-02T17:23:20.466395+00:00,modeled,True,
cr_2b9f89a2f8cb,crypt construct,crypt construct,crypt constructs,1,15571921,2025-12-05,2026-07-30,82,False,False,False,False,False,,,,Crypt Construct,complete,7106.0,medium,8.6,13.0,12.0,1.0,1.0,4283.703912186884,1227.9974669293554,5511.701379116239,4283.703912186884,https://tibia.fandom.com/wiki/Loot_Statistics:Crypt_Construct,1197525.0,2026-07-23T21:51:05Z,2026-08-02T17:23:20.466395+00:00,modeled,True,
cr_c9ce27a7f909,gnarlhound,gnarlhound,gnarlhounds,1,15428451,2025-12-03,2026-07-30,93,False,False,False,False,False,https://tibia.fandom.com/wiki/Gnarlhound,1192302.0,2026-06-25T08:37:26Z,Gnarlhound,complete,14633.0,high,9.5,5.0,4.0,1.0,1.0,0.49443039704776875,7.5357753023986875,8.030205699446457,0.49443039704776875,https://tibia.fandom.com/wiki/Loot_Statistics:Gnarlhound,1198353.0,2026-07-31T12:06:06Z,2026-08-02T17:23:20.466395+00:00,modeled,True,
cr_252162fcb754,hawk hopper,hawk hopper,hawk hoppers,1,15416660,2025-12-05,2026-07-30,93,False,False,False,False,False,,,,Hawk Hopper,complete,4456.0,medium,8.6,13.0,10.0,3.0,1.0,72.48900359066428,108.01189407540394,180.50089766606823,72.48900359066428,https://tibia.fandom.com/wiki/Loot_Statistics:Hawk_Hopper,1193202.0,2026-06-29T18:52:42Z,2026-08-02T17:23:20.466395+00:00,modeled,True,
cr_fdff07017bbb,omnivora,omnivora,omnivoras,1,15407587,2025-12-03,2026-07-30,93,False,False,False,False,False,https://tibia.fandom.com/wiki/Omnivora,1192125.0,2026-06-25T08:18:36Z,Omnivora,complete,5510.0,medium,10.8,15.0,14.0,1.0,1.0,1.0,54.8087114337568,55.8087114337568,1.0,https://tibia.fandom.com/wiki/Loot_Statistics:Omnivora,1196460.0,2026-07-15T19:13:22Z,2026-08-02T17:23:20.466395+00:00,modeled,True,
cr_3819a1ca1222,bramble wyrmling,bramble wyrmling,bramble wyrmlings,1,15289673,2025-12-05,2026-07-30,93,False,False,False,False,False,,,,Bramble Wyrmling,complete,4845.0,medium,8.6,10.0,10.0,0.0,1.0,66.33890608875129,234.35500515995875,300.69391124871004,66.33890608875129,https://tibia.fandom.com/wiki/Loot_Statistics:Bramble_Wyrmling,1193111.0,2026-06-29T18:41:42Z,2026-08-02T17:23:20.466395+00:00,modeled,True,
cr_0f0ae4aad1fb,quara mantassin,quara mantassin,quara mantassins,1,15208508,2025-12-05,2026-07-30,93,False,False,False,False,False,,,,Quara Mantassin,complete,18029.0,high,9.5,11.0,9.0,2.0,1.0,0.7993233124410671,74.69854123911475,75.49786455155581,0.7993233124410671,https://tibia.fandom.com/wiki/Loot_Statistics:Quara_Mantassin,1193253.0,2026-06-29T19:24:31Z,2026-08-02T17:23:20.466395+00:00,modeled,True,
cr_60963526067a,barbarian bloodwalker,barbarian bloodwalker,barbarian bloodwalkers,1,15177283,2025-12-03,2026-07-30,93,False,False,False,False,False,,,,Barbarian Bloodwalker,complete,23412.0,high,8.6,12.0,10.0,2.0,1.0,0.5524517341534256,56.37566205364771,56.92811378780114,0.5524517341534256,https://tibia.fandom.com/wiki/Loot_Statistics:Barbarian_Bloodwalker,1198905.0,2026-08-02T12:49:42Z,2026-08-02T17:23:20.466395+00:00,modeled,True,
cr_9391a79b5ad7,clomp,clomp,clomps,1,15164600,2025-12-03,2026-07-30,93,False,False,False,False,False,https://tibia.fandom.com/wiki/Clomp,1192099.0,2026-06-25T08:16:08Z,Clomp,complete,9874.0,medium,8.6,5.0,4.0,1.0,1.0,0.0,24.903787725339274,24.903787725339274,0.0,https://tibia.fandom.com/wiki/Loot_Statistics:Clomp,1198286.0,2026-07-30T21:40:46Z,2026-08-02T17:23:20.466395+00:00,modeled,True,
cr_fbc706954f88,skeleton elite warrior,skeleton elite warrior,skeleton elite warriors,1,15128438,2025-12-05,2026-07-30,93,False,False,False,False,False,,,,Skeleton Elite Warrior,complete,508.0,low,14.12.5229e4,15.0,13.0,2.0,1.0,100.0,2185.1889763779527,2285.1889763779527,100.0,https://tibia.fandom.com/wiki/Loot_Statistics:Skeleton_Elite_Warrior,1183866.0,2026-05-09T20:17:40Z,2026-08-02T17:23:20.466395+00:00,modeled,True,
cr_62130e871290,phantasm,phantasm,phantasms,1,14813303,2025-12-05,2026-07-30,93,False,False,False,False,False,https://tibia.fandom.com/wiki/Phantasm,1192003.0,2026-06-25T07:54:43Z,Phantasm,complete,5937.0,medium,9.86,16.0,13.0,3.0,1.0,88.73437763180057,540.4716186626243,629.205996294425,88.73437763180057,https://tibia.fandom.com/wiki/Loot_Statistics:Phantasm,1196131.0,2026-07-14T11:12:06Z,2026-08-02T17:23:20.466395+00:00,modeled,True,
cr_79040d7342d4,hyaena,hyaena,hyaenas,1,14777465,2025-12-03,2026-07-30,93,False,False,False,False,False,https://tibia.fandom.com/wiki/Hyaena,1192063.0,2026-06-25T08:08:28Z,Hyaena,complete,17909.0,high,8.6,2.0,2.0,0.0,1.0,0.0,1.1155285052208388,1.1155285052208388,0.0,https://tibia.fandom.com/wiki/Loot_Statistics:Hyaena,1198916.0,2026-08-02T12:49:56Z,2026-08-02T17:23:20.466395+00:00,modeled,True,
cr_c2ef0eb12912,sea serpent,sea serpent,sea serpents,1,14665820,2025-12-05,2026-07-30,93,False,False,False,False,False,,,,Sea Serpent,complete,46668.0,high,9.5,19.0,15.0,4.0,1.0,28.15841690237422,239.2922345075855,267.45065140995973,28.15841690237422,https://tibia.fandom.com/wiki/Loot_Statistics:Sea_Serpent,1193266.0,2026-06-29T19:25:29Z,2026-08-02T17:23:20.466395+00:00,modeled,True,
cr_c11e48873295,quara raider,quara raider,quara raiders,1,14648595,2025-12-05,2026-07-30,83,False,False,False,False,False,,,,Quara Raider,complete,6690.0,medium,8.6,14.0,11.0,3.0,1.0,65.29147982062781,504.9222720478326,570.2137518684605,65.29147982062781,https://tibia.fandom.com/wiki/Loot_Statistics:Quara_Raider,1196150.0,2026-07-14T11:13:53Z,2026-08-02T17:23:20.466395+00:00,modeled,True,
cr_cf5fd14134e8,lancer beetle,lancer beetle,lancer beetles,1,14622342,2025-12-03,2026-07-30,93,False,False,False,False,False,,,,Lancer Beetle,complete,32632.0,high,8.6,6.0,6.0,0.0,1.0,0.8269490071095856,30.27059328266732,31.097542289776907,0.8269490071095856,https://tibia.fandom.com/wiki/Loot_Statistics:Lancer_Beetle,1195394.0,2026-07-12T10:00:06Z,2026-08-02T17:23:20.466395+00:00,modeled,True,
cr_7fe6e0eeb9f5,infernoid hound,infernoid hound,infernoid hounds,1,14613660,2026-03-17,2026-07-30,93,False,False,False,False,False,,,,Infernoid Hound,complete,6963.0,medium,8.6,8.0,6.0,2.0,1.0,0.7015654172052276,13.066494327157834,13.768059744363061,0.7015654172052276,https://tibia.fandom.com/wiki/Loot_Statistics:Infernoid_Hound,1197958.0,2026-07-27T18:49:58Z,2026-08-02T17:23:20.466395+00:00,modeled,True,
cr_7b0261bcf549,roaming dread,roaming dread,roaming dreads,1,14608049,2025-12-05,2026-07-30,77,False,False,False,False,False,,,,Roaming Dread,complete,1331.0,medium,8.6,12.0,12.0,0.0,1.0,1158.4522915101427,1017.8812922614576,2176.3335837716004,1158.4522915101427,https://tibia.fandom.com/wiki/Loot_Statistics:Roaming_Dread,1197122.0,2026-07-20T02:26:56Z,2026-08-02T17:23:20.466395+00:00,modeled,True,
cr_e046c180c190,war golem,war golem,war golems,1,14591303,2025-12-05,2026-07-30,93,False,False,False,False,False,,,,War Golem,complete,4002.0,medium,12.31,24.0,19.0,5.0,1.0,0.9955022488755623,985.3298350824589,986.3253373313345,0.9955022488755623,https://tibia.fandom.com/wiki/Loot_Statistics:War_Golem,1196209.0,2026-07-14T11:19:50Z,2026-08-02T17:23:20.466395+00:00,modeled,True,
cr_55e6abf252c8,crystalcrusher,crystalcrusher,crystalcrushers,1,14521160,2025-12-03,2026-07-30,93,False,False,False,False,False,https://tibia.fandom.com/wiki/Crystalcrusher,1192012.0,2026-06-25T07:57:48Z,Crystalcrusher,complete,25142.0,high,9.6,6.0,5.0,1.0,1.0,0.8459549757378092,76.55556439424072,77.40151936997853,0.8459549757378092,https://tibia.fandom.com/wiki/Loot_Statistics:Crystalcrusher,1196406.0,2026-07-15T10:31:09Z,2026-08-02T17:23:20.466395+00:00,modeled,True,
cr_09f5edeb4f5b,bear,bear,bears,1,14421393,2025-12-03,2026-07-30,93,False,False,False,False,False,https://tibia.fandom.com/wiki/Bear,1192052.0,2026-06-25T08:08:03Z,Bear,complete,60729.0,high,8.6,4.0,4.0,0.0,1.0,0.0,3.769401768512572,3.769401768512572,0.0,https://tibia.fandom.com/wiki/Loot_Statistics:Bear,1198910.0,2026-08-02T12:49:49Z,2026-08-02T17:23:20.466395+00:00,modeled,True,
cr_13e87b4d20c1,crab,crab,crabs,1,14412429,2025-12-03,2026-07-30,93,False,False,False,False,False,https://tibia.fandom.com/wiki/Crab,1191560.0,2026-06-25T06:23:41Z,Crab,complete,19576.0,high,8.6,3.0,3.0,0.0,1.0,0.8031773600326931,7.345780547609318,8.14895790764201,0.8031773600326931,https://tibia.fandom.com/wiki/Loot_Statistics:Crab,1198240.0,2026-07-30T20:00:50Z,2026-08-02T17:23:20.466395+00:00,modeled,True,
cr_9dbb68fb2a83,priestess of the wild sun,priestess of the wild sun,priestesses of the wild sun,1,14409568,2025-12-05,2026-07-30,93,False,False,False,False,False,,,,Priestess of the Wild Sun,complete,10897.0,high,12.31.9580,11.0,10.0,1.0,1.0,100.0,1347.6745893365146,1447.6745893365146,100.0,https://tibia.fandom.com/wiki/Loot_Statistics:Priestess_of_the_Wild_Sun,1196143.0,2026-07-14T11:13:13Z,2026-08-02T17:23:20.466395+00:00,modeled,True,
cr_ab97dff3d68c,bloated man-maggot,bloated man-maggot,bloated man-maggots,1,14405448,2025-12-05,2026-07-30,78,False,False,False,False,False,,,,Bloated Man-Maggot,complete,3337.0,medium,13.22.14242,11.0,10.0,1.0,1.0,6065.328139047048,849.9999999999999,6915.328139047048,6065.328139047048,https://tibia.fandom.com/wiki/Loot_Statistics:Bloated_Man-Maggot,1198884.0,2026-08-02T10:17:56Z,2026-08-02T17:23:20.466395+00:00,modeled,True,
cr_9c0879e5c2e2,wiggler,wiggler,wigglers,1,14362153,2025-12-03,2026-07-30,93,False,False,False,False,False,https://tibia.fandom.com/wiki/Wiggler,1192328.0,2026-06-25T08:39:06Z,Wiggler,complete,139.0,low,15.24.95dcf3,14.0,10.0,4.0,1.0,12.510791366906476,71.3956834532374,83.90647482014387,12.510791366906476,https://tibia.fandom.com/wiki/Loot_Statistics:Wiggler,1185427.0,2026-05-15T14:04:06Z,2026-08-02T17:23:20.466395+00:00,modeled,True,
cr_4bfdbc935590,haunted treeling,haunted treeling,haunted treelings,1,14348102,2025-12-05,2026-07-30,93,False,False,False,False,False,,,,Haunted Treeling,complete,33427.0,high,8.6,11.0,7.0,4.0,1.0,0.9204834415293026,11.54195710054746,12.462440542076763,0.9204834415293026,https://tibia.fandom.com/wiki/Loot_Statistics:Haunted_Treeling,1194858.0,2026-07-07T22:23:05Z,2026-08-02T17:23:20.466395+00:00,modeled,True,
cr_d5c795bac771,iks chuka,iks chuka,iks chukas,1,14323802,2025-12-03,2026-07-30,93,False,False,False,False,False,,,,Iks Chuka,complete,3781.0,medium,14.12.5229e4,12.0,11.0,1.0,1.0,41.5398042845808,390.2221634488231,431.7619677334039,41.5398042845808,https://tibia.fandom.com/wiki/Loot_Statistics:Iks_Chuka,1197773.0,2026-07-26T16:15:05Z,2026-08-02T17:23:20.466395+00:00,modeled,True,
cr_21a7831ced0f,brain squid,brain squid,brain squids,1,14297370,2025-12-05,2026-07-30,89,False,False,False,False,False,,,,Brain Squid,insufficient_sample,4.0,insufficient,15.00.249ccc,8.0,8.0,0.0,1.0,,,,,https://tibia.fandom.com/wiki/Loot_Statistics:Brain_Squid,1195979.0,2026-07-14T10:56:51Z,2026-08-02T17:23:20.466395+00:00,insufficient_sample,False,empirical loot sample below 100 kills
cr_4a78ce250fa1,draken elite,draken elite,draken elites,1,14253754,2025-12-05,2026-07-30,93,False,False,False,False,False,,,,Draken Elite,complete,31920.0,high,8.6,22.0,19.0,3.0,1.0,51.06795112781954,1503.7187969924814,1554.786748120301,51.06795112781954,https://tibia.fandom.com/wiki/Loot_Statistics:Draken_Elite,1185312.0,2026-05-15T14:01:59Z,2026-08-02T17:23:20.466395+00:00,modeled,True,
cr_67d1a538bf42,deepling scout,deepling scout,deepling scouts,1,14225954,2025-12-03,2026-07-30,93,False,False,False,False,False,,,,Deepling Scout,complete,121795.0,high,9.1,9.0,7.0,2.0,1.0,0.7598341475430026,15.690504536311014,16.450338683854017,0.7598341475430026,https://tibia.fandom.com/wiki/Loot_Statistics:Deepling_Scout,1197627.0,2026-07-25T06:06:18Z,2026-08-02T17:23:20.466395+00:00,modeled,True,
cr_d20a98501a1c,lizard zaogun,lizard zaogun,lizard zaoguns,1,14193644,2025-12-03,2026-07-30,93,False,False,False,False,False,,,,Lizard Zaogun,complete,22975.0,high,9.5,14.0,12.0,2.0,1.0,50.726267682263334,467.8402611534276,518.566528835691,50.726267682263334,https://tibia.fandom.com/wiki/Loot_Statistics:Lizard_Zaogun,1194970.0,2026-07-08T13:04:11Z,2026-08-02T17:23:20.466395+00:00,modeled,True,
cr_4562c101f75d,twisted pooka,twisted pooka,twisted pookas,1,14132187,2025-12-05,2026-07-30,93,False,False,False,False,False,,,,Twisted Pooka,complete,3305.0,medium,12.90.12182,14.0,11.0,3.0,1.0,1.0,63.95673222390319,64.95673222390319,1.0,https://tibia.fandom.com/wiki/Loot_Statistics:Twisted_Pooka,1186847.0,2026-05-21T21:09:24Z,2026-08-02T17:23:20.466395+00:00,modeled,True,
cr_46256959985e,feverish citizen,feverish citizen,feverish citizens,1,13910916,2025-12-05,2026-07-30,93,False,False,False,False,False,,,,Feverish Citizen,complete,23346.0,high,9.1,9.0,2.0,7.0,1.0,0.29880921785316544,0.2511779319797824,0.5499871498329478,0.29880921785316544,https://tibia.fandom.com/wiki/Loot_Statistics:Feverish_Citizen,1193185.0,2026-06-29T18:47:23Z,2026-08-02T17:23:20.466395+00:00,modeled,True,
cr_a7fa36b1b7ce,cyclops smith,cyclops smith,cyclopes smith,1,13869518,2025-12-03,2026-07-30,93,False,False,False,False,False,,,,Cyclops Smith,complete,34211.0,high,8.6,14.0,13.0,1.0,1.0,0.8279208441729269,35.92172108386192,36.74964192803485,0.8279208441729269,https://tibia.fandom.com/wiki/Loot_Statistics:Cyclops_Smith,1193988.0,2026-07-03T14:52:54Z,2026-08-02T17:23:20.466395+00:00,modeled,True,
cr_bc68ccc69907,barbarian brutetamer,barbarian brutetamer,barbarian brutetamers,1,13843336,2025-12-03,2026-07-30,93,False,False,False,False,False,,,,Barbarian Brutetamer,complete,16700.0,high,8.6,12.0,8.0,4.0,1.0,0.9001796407185628,24.691017964071857,25.59119760479042,0.9001796407185628,https://tibia.fandom.com/wiki/Loot_Statistics:Barbarian_Brutetamer,1198906.0,2026-08-02T12:49:43Z,2026-08-02T17:23:20.466395+00:00,modeled,True,
cr_079b9e6bfd3b,spitter,spitter,spitters,1,13832848,2025-12-05,2026-07-30,93,False,False,False,False,False,https://tibia.fandom.com/wiki/Spitter,1192322.0,2026-06-25T08:38:52Z,Spitter,complete,48112.0,high,9.4,16.0,13.0,3.0,1.0,75.89191885600266,198.54776355171265,274.4396824077153,75.89191885600266,https://tibia.fandom.com/wiki/Loot_Statistics:Spitter,1197992.0,2026-07-27T20:34:43Z,2026-08-02T17:23:20.466395+00:00,modeled,True,
cr_5ed5ac081114,young sea serpent,young sea serpent,young sea serpents,1,13761993,2025-12-05,2026-07-30,93,False,False,False,False,False,,,,Young Sea Serpent,complete,10093.0,high,12.15.8659,12.0,8.0,4.0,1.0,0.9824630932329337,86.34350539978203,87.32596849301497,0.9824630932329337,https://tibia.fandom.com/wiki/Loot_Statistics:Young_Sea_Serpent,1196228.0,2026-07-14T11:21:40Z,2026-08-02T17:23:20.466395+00:00,modeled,True,
cr_8ac31f3946d6,orc cult inquisitor,orc cult inquisitor,orc cult inquisitors,1,13758038,2025-12-05,2026-07-30,93,False,False,False,False,False,,,,Orc Cult Inquisitor,complete,9631.0,medium,8.6,15.0,12.0,3.0,1.0,1.0,169.99169348977264,170.99169348977264,1.0,https://tibia.fandom.com/wiki/Loot_Statistics:Orc_Cult_Inquisitor,1196277.0,2026-07-14T19:20:08Z,2026-08-02T17:23:20.466395+00:00,modeled,True,
cr_ded08d46ad8b,polar bear,polar bear,polar bears,1,13716276,2025-12-03,2026-07-30,93,False,False,False,False,False,https://tibia.fandom.com/wiki/Polar_Bear,1192058.0,2026-06-25T08:08:17Z,Polar Bear,complete,21873.0,high,8.6,3.0,3.0,0.0,1.0,0.0,3.296575686919947,3.296575686919947,0.0,https://tibia.fandom.com/wiki/Loot_Statistics:Polar_Bear,1198921.0,2026-08-02T12:50:03Z,2026-08-02T17:23:20.466395+00:00,modeled,True,
cr_e2faa9211ea1,charger,charger,chargers,1,13691309,2025-12-03,2026-07-30,93,False,False,False,False,False,https://tibia.fandom.com/wiki/Charger,906351.0,2022-02-25T23:26:17Z,,absent,,,,,,,,,,,,,,,,missing_loot_table,False,no current empirical Loot2 table matched; no value imputed
cr_6e2f9e6111e7,hunter,hunter,hunters,1,13640513,2025-12-03,2026-07-30,93,False,False,False,False,False,https://tibia.fandom.com/wiki/Hunter,1191782.0,2026-06-25T06:54:15Z,Hunter,complete,29963.0,high,8.6,17.0,11.0,6.0,1.0,0.0,60.05643627140139,60.05643627140139,0.0,https://tibia.fandom.com/wiki/Loot_Statistics:Hunter,1198915.0,2026-08-02T12:49:55Z,2026-08-02T17:23:20.466395+00:00,modeled,True,
cr_79a61ea1528d,usurper knight,usurper knight,usurper knights,1,13522265,2025-12-05,2026-07-30,93,False,False,False,False,False,,,,Usurper Knight,complete,1333.0,medium,15.00.249ccc,13.0,12.0,1.0,1.0,89.4973743435859,1560.8439609902478,1650.3413353338337,89.4973743435859,https://tibia.fandom.com/wiki/Loot_Statistics:Usurper_Knight,1187240.0,2026-05-24T21:11:45Z,2026-08-02T17:23:20.466395+00:00,modeled,True,
cr_9110a960ced6,true dawnfire asura,true dawnfire asura,true dawnfire asuras,1,13489432,2025-12-05,2026-07-30,93,False,False,False,False,False,,,,True Dawnfire Asura,complete,2009.0,medium,13.22.14242,27.0,24.0,3.0,1.0,577.3519163763067,1651.5057242409157,2228.8576406172224,577.3519163763067,https://tibia.fandom.com/wiki/Loot_Statistics:True_Dawnfire_Asura,1198171.0,2026-07-29T22:55:41Z,2026-08-02T17:23:20.466395+00:00,modeled,True,
cr_fea01d3692ac,rootthing amber shaper,rootthing amber shaper,rootthing amber shapers,1,13420847,2025-12-05,2026-07-30,84,False,False,False,False,False,,,,Rootthing Amber Shaper,insufficient_sample,2.0,insufficient,15.11.dd3523,1.0,1.0,0.0,1.0,,,,,https://tibia.fandom.com/wiki/Loot_Statistics:Rootthing_Amber_Shaper,1170633.0,2026-03-24T13:23:38Z,2026-08-02T17:23:20.466395+00:00,insufficient_sample,False,empirical loot sample below 100 kills
cr_fdbca25dfd2a,terror bird,terror bird,terror birds,1,13382715,2025-12-03,2026-07-30,93,False,False,False,False,False,,,,Terror Bird,complete,10330.0,high,8.6,8.0,7.0,1.0,1.0,0.821974830590513,15.316747337850918,16.138722168441433,0.821974830590513,https://tibia.fandom.com/wiki/Loot_Statistics:Terror_Bird,1198405.0,2026-07-31T17:17:58Z,2026-08-02T17:23:20.466395+00:00,modeled,True,
cr_5b364cae94ac,earth elemental,earth elemental,earth elementals,1,13366626,2025-12-03,2026-07-30,93,False,False,False,False,False,https://tibia.fandom.com/wiki/Earth_Elemental,1191715.0,2026-06-25T06:42:53Z,Earth Elemental,complete,96336.0,high,9.1,11.0,5.0,6.0,1.0,0.9294552399933566,27.109595582129213,28.03905082212257,0.9294552399933566,https://tibia.fandom.com/wiki/Loot_Statistics:Earth_Elemental,1197281.0,2026-07-22T04:49:53Z,2026-08-02T17:23:20.466395+00:00,modeled,True,
cr_c8585051a8bd,pirate gunner,pirate gunner,pirate gunners,1,13275074,2026-03-17,2026-07-30,93,False,False,False,False,False,,,,Pirate Gunner,complete,3108.0,medium,8.6,10.0,5.0,5.0,1.0,0.7966537966537967,12.158301158301159,12.954954954954955,0.7966537966537967,https://tibia.fandom.com/wiki/Loot_Statistics:Pirate_Gunner,1197940.0,2026-07-27T18:48:47Z,2026-08-02T17:23:20.466395+00:00,modeled,True,
cr_f93df9f9d00b,carrion worm,carrion worm,carrion worms,1,13158339,2025-12-03,2026-07-30,93,False,False,False,False,False,,,,Carrion Worm,complete,27200.0,high,9.1,5.0,5.0,0.0,1.0,0.5780147058823529,3.7417647058823533,4.319779411764706,0.5780147058823529,https://tibia.fandom.com/wiki/Loot_Statistics:Carrion_Worm,1195910.0,2026-07-13T22:50:20Z,2026-08-02T17:23:20.466395+00:00,modeled,True,
cr_bf8f9779a6b5,gladiator,gladiator,gladiators,1,13139870,2025-12-05,2026-07-30,93,False,False,False,False,False,https://tibia.fandom.com/wiki/Gladiator,1191811.0,2026-06-25T06:57:43Z,Gladiator,complete,10388.0,high,8.6,12.0,10.0,2.0,1.0,0.49586060839430113,19.543608009241435,20.039468617635738,0.49586060839430113,https://tibia.fandom.com/wiki/Loot_Statistics:Gladiator,1190033.0,2026-06-18T18:24:10Z,2026-08-02T17:23:20.466395+00:00,modeled,True,
cr_2d533bb5ab78,pirate buccaneer,pirate buccaneer,pirate buccaneers,1,13128107,2025-12-05,2026-07-30,93,False,False,False,False,False,,,,Pirate Buccaneer,complete,25852.0,high,8.6,17.0,7.0,10.0,1.0,0.6767368095311774,19.37525143122389,20.05198824075507,0.6767368095311774,https://tibia.fandom.com/wiki/Loot_Statistics:Pirate_Buccaneer,1196133.0,2026-07-14T11:12:17Z,2026-08-02T17:23:20.466395+00:00,modeled,True,
cr_7ba7f196d095,cult enforcer,cult enforcer,cult enforcers,1,13027510,2025-12-05,2026-07-30,93,False,False,False,False,False,,,,Cult Enforcer,complete,5961.0,medium,8.6,15.0,12.0,3.0,1.0,1.0,80.17983559805401,81.17983559805401,1.0,https://tibia.fandom.com/wiki/Loot_Statistics:Cult_Enforcer,1184215.0,2026-05-11T15:49:28Z,2026-08-02T17:23:20.466395+00:00,modeled,True,
cr_46f45015daf2,lost husher,lost husher,lost hushers,1,12981005,2025-12-03,2026-07-30,93,False,False,False,False,False,https://tibia.fandom.com/wiki/Lost_Husher,1191899.0,2026-06-25T07:25:25Z,Lost Husher,complete,12866.0,high,9.8,28.0,23.0,5.0,1.0,60.99533654593502,361.37027825275914,422.36561479869414,60.99533654593502,https://tibia.fandom.com/wiki/Loot_Statistics:Lost_Husher,1196591.0,2026-07-16T16:33:05Z,2026-08-02T17:23:20.466395+00:00,modeled,True,
cr_58ebef7a1ae0,lizard magician,lizard magician,lizard magicians,1,12965803,2026-03-17,2026-07-30,93,False,False,False,False,False,,,,Lizard Magician,complete,2441.0,medium,8.6,7.0,5.0,2.0,1.0,0.6521917247029906,16.66325276526014,17.31544448996313,0.6521917247029906,https://tibia.fandom.com/wiki/Loot_Statistics:Lizard_Magician,1198583.0,2026-08-01T12:15:14Z,2026-08-02T17:23:20.466395+00:00,modeled,True,
cr_359ce0caae50,rat,rat,rats,1,12790284,2025-12-03,2026-07-30,93,False,False,False,False,False,https://tibia.fandom.com/wiki/Rat,1192053.0,2026-06-25T08:08:05Z,Rat,complete,28586.0,high,9.63,2.0,2.0,0.0,1.0,0.9016651507731057,0.7111872944798153,1.612852445252921,0.9016651507731057,https://tibia.fandom.com/wiki/Loot_Statistics:Rat,1198246.0,2026-07-30T20:00:57Z,2026-08-02T17:23:20.466395+00:00,modeled,True,
cr_8d66a2d76407,poacher,poacher,poachers,1,12729087,2025-12-03,2026-07-30,93,False,False,False,False,False,https://tibia.fandom.com/wiki/Poacher,1191807.0,2026-06-25T06:57:34Z,Poacher,complete,15651.0,high,8.6,8.0,5.0,3.0,1.0,0.0,24.224266820011497,24.224266820011497,0.0,https://tibia.fandom.com/wiki/Loot_Statistics:Poacher,1198230.0,2026-07-30T19:12:32Z,2026-08-02T17:23:20.466395+00:00,modeled,True,
cr_73335c221018,penguin,penguin,penguins,1,12711142,2025-12-05,2026-07-30,93,False,False,False,False,False,https://tibia.fandom.com/wiki/Penguin,1191605.0,2026-06-25T06:31:45Z,Penguin,complete,34297.0,high,8.6,3.0,3.0,0.0,1.0,0.0,0.33711403329737294,0.33711403329737294,0.0,https://tibia.fandom.com/wiki/Loot_Statistics:Penguin,1198540.0,2026-08-01T08:58:39Z,2026-08-02T17:23:20.466395+00:00,modeled,True,
cr_146684ab5334,firestarter,firestarter,firestarters,1,12592311,2025-12-05,2026-07-30,93,False,False,False,False,False,https://tibia.fandom.com/wiki/Firestarter,1191891.0,2026-06-25T07:24:03Z,Firestarter,complete,47984.0,high,9.1,10.0,8.0,2.0,1.0,0.7816980660220073,18.89521507169056,19.676913137712567,0.7816980660220073,https://tibia.fandom.com/wiki/Loot_Statistics:Firestarter,1195875.0,2026-07-13T20:15:48Z,2026-08-02T17:23:20.466395+00:00,modeled,True,
cr_89040dac34ad,barkless fanatic,barkless fanatic,barkless fanatics,1,12571769,2025-12-05,2026-07-30,93,False,False,False,False,False,,,,Barkless Fanatic,complete,9630.0,medium,8.6,5.0,5.0,0.0,1.0,0.5010384215991692,48.60332294911734,49.10436137071651,0.5010384215991692,https://tibia.fandom.com/wiki/Loot_Statistics:Barkless_Fanatic,1177669.0,2026-04-23T13:52:39Z,2026-08-02T17:23:20.466395+00:00,modeled,True,
cr_4ea26e57ef93,raubritter chastener,raubritter chastener,raubritter chasteners,1,12452156,2025-12-03,2026-07-30,89,False,False,False,False,False,,,,Raubritter Chastener,complete,46129.0,high,8.6,17.0,16.0,1.0,1.0,101.51748357865985,775.9890741182336,877.5065576968934,101.51748357865985,https://tibia.fandom.com/wiki/Loot_Statistics:Raubritter_Chastener,1197251.0,2026-07-21T22:53:56Z,2026-08-02T17:23:20.466395+00:00,modeled,True,
cr_3bb481ca9255,rorc,rorc,rorcs,1,12382910,2025-12-03,2026-07-30,93,False,False,False,False,False,https://tibia.fandom.com/wiki/Rorc,1192015.0,2026-06-25T07:57:55Z,Rorc,complete,77359.0,high,10.1,9.0,8.0,1.0,1.0,0.7345880892979485,35.90092943290373,36.63551752220168,0.7345880892979485,https://tibia.fandom.com/wiki/Loot_Statistics:Rorc,1198009.0,2026-07-27T22:09:57Z,2026-08-02T17:23:20.466395+00:00,modeled,True,
cr_c63065df62cb,brachiodemon,brachiodemon,brachiodemons,1,12372234,2025-12-05,2026-07-30,88,False,False,False,False,False,https://tibia.fandom.com/wiki/Brachiodemon,1191681.0,2026-06-25T06:40:39Z,Brachiodemon,complete,2431.0,medium,15.11.b91244,20.0,18.0,2.0,1.0,4216.371863430687,1725.627313862608,5941.999177293295,4216.371863430687,https://tibia.fandom.com/wiki/Loot_Statistics:Brachiodemon,1197826.0,2026-07-26T20:22:39Z,2026-08-02T17:23:20.466395+00:00,modeled,True,
cr_38ecede88d6b,energetic book,energetic book,energetic books,1,12258749,2025-12-05,2026-07-30,90,False,False,False,False,False,,,,Energetic Book,complete,175.0,low,14.12.5229e4,14.0,12.0,2.0,1.0,77.71428571428571,1294.057142857143,1371.7714285714287,77.71428571428571,https://tibia.fandom.com/wiki/Loot_Statistics:Energetic_Book,1196026.0,2026-07-14T11:01:45Z,2026-08-02T17:23:20.466395+00:00,modeled,True,
cr_e93117832e1d,haunted hunter,haunted hunter,haunted hunters,1,12149941,2025-12-05,2026-07-30,82,False,False,False,False,False,,,,Haunted Hunter,complete,7776.0,medium,8.6,10.0,10.0,0.0,1.0,3868.312757201646,1375.2572016460906,5243.569958847736,3868.312757201646,https://tibia.fandom.com/wiki/Loot_Statistics:Haunted_Hunter,1197526.0,2026-07-23T21:51:06Z,2026-08-02T17:23:20.466395+00:00,modeled,True,
cr_385c9c472cfd,eyeless devourer,eyeless devourer,eyeless devourers,1,12136278,2025-12-03,2026-07-30,91,False,False,False,False,False,,,,Eyeless Devourer,complete,3342.0,medium,12.85.11525,23.0,22.0,1.0,1.0,100.0,2877.393776181926,2977.393776181926,100.0,https://tibia.fandom.com/wiki/Loot_Statistics:Eyeless_Devourer,1196031.0,2026-07-14T11:02:14Z,2026-08-02T17:23:20.466395+00:00,modeled,True,
cr_978766c1c6c1,corym vanguard,corym vanguard,corym vanguards,1,12115786,2025-12-03,2026-07-30,93,False,False,False,False,False,,,,Corym Vanguard,complete,14717.0,high,10.8,14.0,11.0,3.0,1.0,1.0,55.88720527281376,56.88720527281376,1.0,https://tibia.fandom.com/wiki/Loot_Statistics:Corym_Vanguard,1198208.0,2026-07-30T17:37:40Z,2026-08-02T17:23:20.466395+00:00,modeled,True,
cr_0edb54e23508,iks pututu,iks pututu,iks pututus,1,12058019,2025-12-03,2026-07-30,93,False,False,False,False,False,,,,Iks Pututu,complete,2678.0,medium,15.00.249ccc,15.0,14.0,1.0,1.0,39.764749813293506,508.76773711725167,548.5324869305451,39.764749813293506,https://tibia.fandom.com/wiki/Loot_Statistics:Iks_Pututu,1197775.0,2026-07-26T16:15:07Z,2026-08-02T17:23:20.466395+00:00,modeled,True,
cr_27aec2159eba,frost dragon hatchling,frost dragon hatchling,frost dragon hatchlings,1,12048902,2025-12-05,2026-07-30,93,False,False,False,False,False,,,,Frost Dragon Hatchling,complete,32968.0,high,8.6,5.0,3.0,2.0,1.0,0.8744843484591118,34.85440427080806,35.728888619267174,0.8744843484591118,https://tibia.fandom.com/wiki/Loot_Statistics:Frost_Dragon_Hatchling,1195896.0,2026-07-13T22:35:44Z,2026-08-02T17:23:20.466395+00:00,modeled,True,
cr_afc445a2d79e,deathling spellsinger,deathling spellsinger,deathling spellsingers,1,11862710,2025-12-05,2026-07-30,93,False,False,False,False,False,,,,Deathling Spellsinger,complete,6338.0,medium,12.31.9530,18.0,13.0,5.0,1.0,85.10571158094035,838.3307036920165,923.4364152729569,85.10571158094035,https://tibia.fandom.com/wiki/Loot_Statistics:Deathling_Spellsinger,1193559.0,2026-07-01T15:30:33Z,2026-08-02T17:23:20.466395+00:00,modeled,True,
cr_e52ca4281fcf,orc cult minion,orc cult minion,orc cult minions,1,11792249,2025-12-05,2026-07-30,93,False,False,False,False,False,,,,Orc Cult Minion,complete,9135.0,medium,8.6,8.0,6.0,2.0,1.0,1.0,92.14033935413245,93.14033935413245,1.0,https://tibia.fandom.com/wiki/Loot_Statistics:Orc_Cult_Minion,1196278.0,2026-07-14T19:20:09Z,2026-08-02T17:23:20.466395+00:00,modeled,True,
cr_5b36c42a2958,pirate cook,pirate cook,pirate cooks,1,11752235,2026-03-17,2026-07-30,93,False,False,False,False,False,,,,Pirate Cook,complete,2745.0,medium,8.6,9.0,4.0,5.0,1.0,0.6983606557377049,16.837887067395265,17.53624772313297,0.6983606557377049,https://tibia.fandom.com/wiki/Loot_Statistics:Pirate_Cook,1197939.0,2026-07-27T18:48:45Z,2026-08-02T17:23:20.466395+00:00,modeled,True,
cr_8589231090a3,ogre brute,ogre brute,ogre brutes,1,11727678,2025-12-03,2026-07-30,93,False,False,False,False,False,,,,Ogre Brute,complete,11007.0,high,8.6,22.0,18.0,4.0,1.0,0.9976378668120287,156.09066957390755,157.08830744071957,0.9976378668120287,https://tibia.fandom.com/wiki/Loot_Statistics:Ogre_Brute,1198296.0,2026-07-30T21:41:00Z,2026-08-02T17:23:20.466395+00:00,modeled,True,
cr_ce559129e938,braindeath,braindeath,braindeaths,1,11629601,2025-12-05,2026-07-30,93,False,False,False,False,False,https://tibia.fandom.com/wiki/Braindeath,1192193.0,2026-06-25T08:24:11Z,Braindeath,complete,1105.0,medium,14.12.5229e4,13.0,12.0,1.0,1.0,0.9909502262443439,169.45701357466064,170.44796380090497,0.9909502262443439,https://tibia.fandom.com/wiki/Loot_Statistics:Braindeath,1193070.0,2026-06-29T15:45:59Z,2026-08-02T17:23:20.466395+00:00,modeled,True,
cr_8ccd1993ce4f,hideous fungus,hideous fungus,hideous fungi,1,11582793,2025-12-03,2026-07-30,93,False,False,False,False,False,,,,Hideous Fungus,complete,19022.0,high,9.6,20.0,14.0,6.0,1.0,101.0,485.57459783408683,586.5745978340868,101.0,https://tibia.fandom.com/wiki/Loot_Statistics:Hideous_Fungus,1196063.0,2026-07-14T11:05:27Z,2026-08-02T17:23:20.466395+00:00,modeled,True,
cr_ccd83a005b79,deepling guard,deepling guard,deepling guards,1,11582775,2025-12-05,2026-07-30,93,False,False,False,False,False,,,,Deepling Guard,complete,59822.0,high,9.4,15.0,11.0,4.0,1.0,71.18153856440775,309.68540002005955,380.8669385844673,71.18153856440775,https://tibia.fandom.com/wiki/Loot_Statistics:Deepling_Guard,1187989.0,2026-06-01T15:44:47Z,2026-08-02T17:23:20.466395+00:00,modeled,True,
cr_6257b55733da,monk,monk,monks,1,11475076,2025-12-03,2026-07-30,93,False,False,False,False,False,https://tibia.fandom.com/wiki/Monk,1137740.0,2025-10-28T02:41:29Z,Monk,complete,1980.0,medium,8.6,12.0,8.0,4.0,1.0,0.1606060606060606,14.313131313131315,14.473737373737375,0.1606060606060606,https://tibia.fandom.com/wiki/Loot_Statistics:Monk,1197918.0,2026-07-27T18:46:48Z,2026-08-02T17:23:20.466395+00:00,modeled,True,
cr_ab4e003ddebc,guardian of tales,guardian of tales,guardians of tales,1,11448768,2025-12-05,2026-07-30,91,False,False,False,False,False,,,,Guardian of Tales,complete,7826.0,medium,12.31.9530,14.0,13.0,1.0,1.0,85.66317403526705,1884.7853309481213,1970.4485049833884,85.66317403526705,https://tibia.fandom.com/wiki/Loot_Statistics:Guardian_of_Tales,1193587.0,2026-07-01T15:33:13Z,2026-08-02T17:23:20.466395+00:00,modeled,True,
cr_ef6553413e03,pixie,pixie,pixies,1,11433280,2025-12-03,2026-07-30,93,False,False,False,False,False,https://tibia.fandom.com/wiki/Pixie,1191750.0,2026-06-25T06:50:41Z,Pixie,complete,16634.0,high,8.6,17.0,14.0,3.0,1.0,0.602380666105567,182.4272574245521,183.02963809065767,0.602380666105567,https://tibia.fandom.com/wiki/Loot_Statistics:Pixie,1196642.0,2026-07-17T00:17:14Z,2026-08-02T17:23:20.466395+00:00,modeled,True,
cr_939acd52a389,defiler,defiler,defilers,1,11428208,2025-12-05,2026-07-30,93,False,False,False,False,False,https://tibia.fandom.com/wiki/Defiler,1192166.0,2026-06-25T08:22:02Z,Defiler,complete,6338.0,medium,9.5,15.0,15.0,0.0,1.0,97.60776270116756,380.5190911959609,478.1268538971285,97.60776270116756,https://tibia.fandom.com/wiki/Loot_Statistics:Defiler,1187069.0,2026-05-24T04:42:48Z,2026-08-02T17:23:20.466395+00:00,modeled,True,
cr_e152a2b5b155,shock head,shock head,shock heads,1,11334321,2025-12-05,2026-07-30,93,False,False,False,False,False,,,,Shock Head,complete,27460.0,high,10.3,3.0,3.0,0.0,1.0,0.9190458849235251,64.04770575382375,64.96675163874727,0.9190458849235251,https://tibia.fandom.com/wiki/Loot_Statistics:Shock_Head,1188633.0,2026-06-08T14:45:10Z,2026-08-02T17:23:20.466395+00:00,modeled,True,
cr_b448a0265648,gazer,gazer,gazers,1,11186932,2025-12-03,2026-07-30,93,False,False,False,False,False,https://tibia.fandom.com/wiki/Gazer,1192002.0,2026-06-25T07:54:41Z,Gazer,complete,4879.0,medium,8.6,2.0,2.0,0.0,1.0,0.9932363189178111,2.8817380610780896,3.8749743799959004,0.9932363189178111,https://tibia.fandom.com/wiki/Loot_Statistics:Gazer,1198081.0,2026-07-28T23:19:34Z,2026-08-02T17:23:20.466395+00:00,modeled,True,
cr_c4b5ce3b175d,sopping corpus,sopping corpus,sopping corpuses,1,11149496,2025-12-05,2026-07-30,77,False,False,False,False,False,,,,Sopping Corpus,complete,2621.0,medium,14.12.5229e4,14.0,10.0,4.0,1.0,6138.87829072873,691.2247233880198,6830.103014116749,6138.87829072873,https://tibia.fandom.com/wiki/Loot_Statistics:Sopping_Corpus,1198894.0,2026-08-02T10:18:09Z,2026-08-02T17:23:20.466395+00:00,modeled,True,
cr_5811cb8a6910,crypt fiend,crypt fiend,crypt fiends,1,11026200,2025-12-05,2026-07-30,73,False,False,False,False,False,,,,Crypt Fiend,complete,2856.0,medium,8.6,12.0,12.0,0.0,1.0,3270.3081232492996,1728.8865546218487,4999.194677871148,3270.3081232492996,https://tibia.fandom.com/wiki/Loot_Statistics:Crypt_Fiend,1185516.0,2026-05-15T21:23:33Z,2026-08-02T17:23:20.466395+00:00,modeled,True,
cr_d426e0bf9dbb,cyclursus,cyclursus,cyclursuses,1,10913295,2025-12-05,2026-07-30,77,False,False,False,False,False,https://tibia.fandom.com/wiki/Cyclursus,1195840.0,2026-07-13T17:59:48Z,Cyclursus,complete,1010.0,medium,8.6,12.0,12.0,0.0,1.0,1004.1584158415842,852.7623762376237,1856.9207920792078,1004.1584158415842,https://tibia.fandom.com/wiki/Loot_Statistics:Cyclursus,1197107.0,2026-07-20T02:26:36Z,2026-08-02T17:23:20.466395+00:00,modeled,True,
cr_464167e2c791,squidgy slime,squidgy slime,squidgy slimes,1,10839969,2025-12-03,2026-07-30,93,False,False,False,False,False,,,,,absent,,,,,,,,,,,,,,,,missing_loot_table,False,no current empirical Loot2 table matched; no value imputed
cr_62856d0aaeff,nymph,nymph,nymphs,1,10821458,2025-12-05,2026-07-30,93,False,False,False,False,False,https://tibia.fandom.com/wiki/Nymph,1191752.0,2026-06-25T06:50:45Z,Nymph,complete,17376.0,high,8.6,17.0,14.0,3.0,1.0,0.648883517495396,315.0023020257827,315.6511855432781,0.648883517495396,https://tibia.fandom.com/wiki/Loot_Statistics:Nymph,1196638.0,2026-07-17T00:17:10Z,2026-08-02T17:23:20.466395+00:00,modeled,True,
cr_6398ecb6aeea,freakish lost soul,freakish lost soul,freakish lost souls,1,10734153,2025-12-05,2026-07-30,93,False,False,False,False,False,,,,Freakish Lost Soul,complete,1801.0,medium,14.12.5229e4,11.0,10.0,1.0,1.0,100.0,974.3697945585785,1074.3697945585786,100.0,https://tibia.fandom.com/wiki/Loot_Statistics:Freakish_Lost_Soul,1188526.0,2026-06-06T19:41:47Z,2026-08-02T17:23:20.466395+00:00,modeled,True,
cr_2c27018a15f0,mercury blob,mercury blob,mercury blobs,1,10580512,2025-12-05,2026-07-30,93,False,False,False,False,False,,,,Mercury Blob,complete,7969.0,medium,8.6,1.0,1.0,0.0,1.0,0.0,3.8398795331911155,3.8398795331911155,0.0,https://tibia.fandom.com/wiki/Loot_Statistics:Mercury_Blob,1198043.0,2026-07-28T19:33:09Z,2026-08-02T17:23:20.466395+00:00,modeled,True,
cr_e28051f5eb0e,quara mantassin scout,quara mantassin scout,quara mantassin scouts,1,10550227,2025-12-03,2026-07-30,93,False,False,False,False,False,,,,Quara Mantassin Scout,complete,73455.0,high,9.86,8.0,7.0,1.0,1.0,0.9397454223674359,33.919950990402285,34.85969641276972,0.9397454223674359,https://tibia.fandom.com/wiki/Loot_Statistics:Quara_Mantassin_Scout,1196886.0,2026-07-18T19:07:47Z,2026-08-02T17:23:20.466395+00:00,modeled,True,
cr_3c9031ff597a,lizard dragon priest,lizard dragon priest,lizard dragon priests,1,10370960,2025-12-03,2026-07-30,93,False,False,False,False,False,,,,Lizard Dragon Priest,complete,57110.0,high,8.6,16.0,14.0,2.0,1.0,4.964296970758186,202.3194711959377,207.2837681666959,4.964296970758186,https://tibia.fandom.com/wiki/Loot_Statistics:Lizard_Dragon_Priest,1194966.0,2026-07-08T13:04:07Z,2026-08-02T17:23:20.466395+00:00,modeled,True,
cr_3ea9be8b05f5,orc rider,orc rider,orc riders,1,10355708,2025-12-03,2026-07-30,93,False,False,False,False,False,https://tibia.fandom.com/wiki/Orc_Rider,1191854.0,2026-06-25T07:15:01Z,Orc Rider,complete,21581.0,high,8.6,13.0,10.0,3.0,1.0,0.4857513553588805,50.52875214308884,51.014503498447716,0.4857513553588805,https://tibia.fandom.com/wiki/Loot_Statistics:Orc_Rider,1198002.0,2026-07-27T22:09:49Z,2026-08-02T17:23:20.466395+00:00,modeled,True,
cr_142b7f1723e4,quara looter,quara looter,quara looters,1,10222657,2025-12-05,2026-07-30,83,False,False,False,False,False,,,,Quara Looter,complete,1988.0,medium,8.6,13.0,11.0,2.0,1.0,63.22937625754527,688.3953722334003,751.6247484909455,63.22937625754527,https://tibia.fandom.com/wiki/Loot_Statistics:Quara_Looter,1196146.0,2026-07-14T11:13:31Z,2026-08-02T17:23:20.466395+00:00,modeled,True,
cr_4496450fc030,infernoid soul,infernoid soul,infernoid souls,1,10080245,2026-03-17,2026-07-30,93,False,False,False,False,False,,,,Infernoid Soul,complete,4554.0,medium,8.6,8.0,5.0,3.0,1.0,0.6517347386912604,18.948177426438296,19.599912165129556,0.6517347386912604,https://tibia.fandom.com/wiki/Loot_Statistics:Infernoid_Soul,1197959.0,2026-07-27T18:49:59Z,2026-08-02T17:23:20.466395+00:00,modeled,True,
cr_0072fbb57ce8,magma crawler,magma crawler,magma crawlers,1,10067994,2025-12-03,2026-07-30,92,False,False,False,False,False,,,,Magma Crawler,complete,12758.0,high,9.6,25.0,22.0,3.0,1.0,100.96864712337357,666.3313215237498,767.2999686471234,100.96864712337357,https://tibia.fandom.com/wiki/Loot_Statistics:Magma_Crawler,1196099.0,2026-07-14T11:08:51Z,2026-08-02T17:23:20.466395+00:00,modeled,True,
cr_63eea40dfb32,lizard swordmaster,lizard swordmaster,lizard swordmasters,1,10050299,2026-03-17,2026-07-30,93,False,False,False,False,False,,,,Lizard Swordmaster,complete,1830.0,medium,8.6,8.0,6.0,2.0,1.0,0.6486338797814207,12.762295081967212,13.410928961748633,0.6486338797814207,https://tibia.fandom.com/wiki/Loot_Statistics:Lizard_Swordmaster,1198584.0,2026-08-01T12:15:15Z,2026-08-02T17:23:20.466395+00:00,modeled,True,
cr_1261d0253982,muglex clan assassin,muglex clan assassin,muglex clan assassins,1,9996851,2025-12-03,2026-07-30,93,False,False,False,False,False,,,,Muglex Clan Assassin,complete,1420.0,medium,15.12.c7d92c,9.0,8.0,1.0,1.0,1.0,2.6119718309859157,3.6119718309859157,1.0,https://tibia.fandom.com/wiki/Loot_Statistics:Muglex_Clan_Assassin,1197046.0,2026-07-19T20:09:31Z,2026-08-02T17:23:20.466395+00:00,modeled,True,
cr_ccfc49113410,ogre shaman,ogre shaman,ogre shamans,1,9991361,2025-12-03,2026-07-30,93,False,False,False,False,False,,,,Ogre Shaman,complete,6772.0,medium,8.6,21.0,16.0,5.0,1.0,1.0,209.02761370348492,210.02761370348492,1.0,https://tibia.fandom.com/wiki/Loot_Statistics:Ogre_Shaman,1193615.0,2026-07-01T15:35:45Z,2026-08-02T17:23:20.466395+00:00,modeled,True,
cr_0fdb794bee9b,rotten golem,rotten golem,rotten golems,1,9990822,2025-12-05,2026-07-30,86,False,False,False,False,False,,,,Rotten Golem,complete,2356.0,medium,13.15.13186,15.0,14.0,1.0,1.0,5415.959252971137,1308.7436332767404,6724.702886247877,5415.959252971137,https://tibia.fandom.com/wiki/Loot_Statistics:Rotten_Golem,1193645.0,2026-07-01T15:38:24Z,2026-08-02T17:23:20.466395+00:00,modeled,True,
cr_c150377f8bec,pirate skeleton,pirate skeleton,pirate skeletons,1,9984395,2025-12-05,2026-07-30,93,False,False,False,False,False,,,,Pirate Skeleton,complete,1231.0,medium,14.12.5229e4,9.0,6.0,3.0,1.0,0.48659626320064986,20.572705117790417,21.059301380991066,0.48659626320064986,https://tibia.fandom.com/wiki/Loot_Statistics:Pirate_Skeleton,1190197.0,2026-06-18T20:02:14Z,2026-08-02T17:23:20.466395+00:00,modeled,True,
cr_fcfdfec3e362,deepsea blood crab,deepsea blood crab,deepsea blood crabs,1,9758903,2025-12-05,2026-07-30,93,False,False,False,False,False,,,,Deepsea Blood Crab,complete,8000.0,medium,8.6,6.0,6.0,0.0,1.0,0.863125,12.50225,13.365375,0.863125,https://tibia.fandom.com/wiki/Loot_Statistics:Deepsea_Blood_Crab,1196008.0,2026-07-14T10:59:51Z,2026-08-02T17:23:20.466395+00:00,modeled,True,
cr_6d00fa6de63b,knowledge elemental,knowledge elemental,knowledge elementals,1,9710064,2025-12-05,2026-07-30,89,False,False,False,False,False,,,,Knowledge Elemental,complete,162.0,low,14.12.5229e4,21.0,17.0,4.0,1.0,69.75308641975309,1622.481481481481,1692.2345679012342,69.75308641975309,https://tibia.fandom.com/wiki/Loot_Statistics:Knowledge_Elemental,1196081.0,2026-07-14T11:07:08Z,2026-08-02T17:23:20.466395+00:00,modeled,True,
cr_a49109d45b81,energuardian of tales,energuardian of tales,energuardians of tales,1,9705628,2025-12-05,2026-07-30,90,False,False,False,False,False,,,,Energuardian of Tales,insufficient_sample,46.0,insufficient,14.12.5229e4,12.0,9.0,3.0,1.0,,,,,https://tibia.fandom.com/wiki/Loot_Statistics:Energuardian_of_Tales,1145530.0,2025-11-29T20:38:16Z,2026-08-02T17:23:20.466395+00:00,insufficient_sample,False,empirical loot sample below 100 kills
cr_05883abdfe59,instable breach brood,instable breach brood,instable breach broods,1,9632874,2025-12-05,2026-07-30,93,False,False,False,False,False,,,,Instable Breach Brood,complete,15614.0,high,8.6,13.0,8.0,5.0,1.0,70.70129371077239,176.9565774305111,247.65787114128347,70.70129371077239,https://tibia.fandom.com/wiki/Loot_Statistics:Instable_Breach_Brood,1185345.0,2026-05-15T14:02:36Z,2026-08-02T17:23:20.466395+00:00,modeled,True,
cr_eaf14a01af23,lion,lion,lions,1,9605689,2025-12-03,2026-07-30,93,False,False,False,False,False,https://tibia.fandom.com/wiki/Lion,1192057.0,2026-06-25T08:08:14Z,Lion,complete,7982.0,medium,8.6,3.0,3.0,0.0,1.0,0.0,2.360811826609872,2.360811826609872,0.0,https://tibia.fandom.com/wiki/Loot_Statistics:Lion,1197238.0,2026-07-21T20:44:23Z,2026-08-02T17:23:20.466395+00:00,modeled,True,
cr_a33abd74610b,gozzler,gozzler,gozzlers,1,9563966,2025-12-05,2026-07-30,93,False,False,False,False,False,https://tibia.fandom.com/wiki/Gozzler,1191660.0,2026-06-25T06:38:46Z,Gozzler,complete,101402.0,high,8.6,10.0,9.0,1.0,1.0,0.8220449300802746,18.298021735271494,19.120066665351768,0.8220449300802746,https://tibia.fandom.com/wiki/Loot_Statistics:Gozzler,1188911.0,2026-06-11T21:21:07Z,2026-08-02T17:23:20.466395+00:00,modeled,True,
cr_cb942837c34d,undead elite gladiator,undead elite gladiator,undead elite gladiators,1,9464367,2025-12-05,2026-07-30,93,False,False,False,False,False,,,,Undead Elite Gladiator,complete,864.0,low,14.12.5229e4,19.0,17.0,2.0,1.0,100.0,996.9050925925926,1096.9050925925926,100.0,https://tibia.fandom.com/wiki/Loot_Statistics:Undead_Elite_Gladiator,1183868.0,2026-05-09T20:17:42Z,2026-08-02T17:23:20.466395+00:00,modeled,True,
cr_20b065d8a6cb,ghastly dragon,ghastly dragon,ghastly dragons,1,9461404,2025-12-05,2026-07-30,93,False,False,False,False,False,,,,Ghastly Dragon,complete,23322.0,high,9.5,27.0,23.0,4.0,1.0,31.181502444044252,2061.3853871880624,2092.5668896321067,31.181502444044252,https://tibia.fandom.com/wiki/Loot_Statistics:Ghastly_Dragon,1169901.0,2026-03-24T12:24:10Z,2026-08-02T17:23:20.466395+00:00,modeled,True,
cr_ad2b5430592f,bone bear,bone bear,bone bears,1,9423655,2025-12-05,2026-07-30,82,False,False,False,False,False,,,,,absent,,,,,,,,,,,,,,,,missing_loot_table,False,no current empirical Loot2 table matched; no value imputed
cr_6d6598531124,crystal spider,crystal spider,crystal spiders,1,9287004,2025-12-05,2026-07-30,93,False,False,False,False,False,,,,Crystal Spider,complete,57102.0,high,9.86,18.0,15.0,3.0,1.0,1.0,205.2144758502329,206.2144758502329,1.0,https://tibia.fandom.com/wiki/Loot_Statistics:Crystal_Spider,1196003.0,2026-07-14T10:59:19Z,2026-08-02T17:23:20.466395+00:00,modeled,True,
cr_81da4e460c8b,goblin scavenger,goblin scavenger,goblin scavengers,1,9264747,2025-12-05,2026-07-30,93,False,False,False,False,False,,,,Goblin Scavenger,complete,11716.0,high,8.6,11.0,8.0,3.0,1.0,0.5000853533629225,3.56179583475589,4.061881188118813,0.5000853533629225,https://tibia.fandom.com/wiki/Loot_Statistics:Goblin_Scavenger,1197045.0,2026-07-19T20:09:30Z,2026-08-02T17:23:20.466395+00:00,modeled,True,
cr_957f554c342a,boar,boar,boars,1,9185005,2025-12-05,2026-07-30,93,False,False,False,False,False,https://tibia.fandom.com/wiki/Boar,1192086.0,2026-06-25T08:15:36Z,Boar,complete,6582.0,medium,8.6,3.0,2.0,1.0,1.0,0.24916438772409602,0.3798237617745366,0.6289881494986326,0.24916438772409602,https://tibia.fandom.com/wiki/Loot_Statistics:Boar,1198911.0,2026-08-02T12:49:50Z,2026-08-02T17:23:20.466395+00:00,modeled,True,
cr_6944c7eb25f1,skeleton warrior,skeleton warrior,skeleton warriors,1,9104820,2025-12-03,2026-07-30,93,False,False,False,False,False,,,,Skeleton Warrior,complete,749.0,low,14.12.5229e4,7.0,5.0,2.0,1.0,0.42990654205607476,4.268357810413885,4.69826435246996,0.42990654205607476,https://tibia.fandom.com/wiki/Loot_Statistics:Skeleton_Warrior,1198893.0,2026-08-02T10:18:08Z,2026-08-02T17:23:20.466395+00:00,modeled,True,
cr_da2dfa9ac5ad,frost giant,frost giant,frost giants,1,9083761,2025-12-05,2026-07-30,93,False,False,False,False,False,,,,Frost Giant,complete,17406.0,high,8.6,12.0,11.0,1.0,1.0,0.8191428243134551,24.103125359071583,24.92226818338504,0.8191428243134551,https://tibia.fandom.com/wiki/Loot_Statistics:Frost_Giant,1186237.0,2026-05-18T13:25:56Z,2026-08-02T17:23:20.466395+00:00,modeled,True,
cr_6cd7e2642c85,weeper,weeper,weepers,1,9039858,2025-12-03,2026-07-30,92,False,False,False,False,False,https://tibia.fandom.com/wiki/Weeper,1191633.0,2026-06-25T06:33:27Z,Weeper,complete,10235.0,high,9.6,19.0,16.0,3.0,1.0,101.0,1105.704445530044,1206.704445530044,101.0,https://tibia.fandom.com/wiki/Loot_Statistics:Weeper,1196212.0,2026-07-14T11:20:08Z,2026-08-02T17:23:20.466395+00:00,modeled,True,
cr_db2c450e6eb6,mantosaurus,mantosaurus,mantosauruses,1,8991666,2025-12-05,2026-07-30,88,False,False,False,False,False,https://tibia.fandom.com/wiki/Mantosaurus,1192160.0,2026-06-25T08:20:44Z,Mantosaurus,complete,1896.0,medium,14.00.7103e2,11.0,10.0,1.0,1.0,2252.10970464135,925.8175105485232,3177.927215189873,2252.10970464135,https://tibia.fandom.com/wiki/Loot_Statistics:Mantosaurus,1170026.0,2026-03-24T12:28:39Z,2026-08-02T17:23:20.466395+00:00,modeled,True,
cr_83b78a4dad72,island troll,island troll,island trolls,1,8882475,2025-12-05,2026-07-30,93,False,False,False,False,False,,,,Island Troll,complete,16907.0,high,8.6,12.0,11.0,1.0,1.0,0.5965576388478145,20.39415626663512,20.990713905482938,0.5965576388478145,https://tibia.fandom.com/wiki/Loot_Statistics:Island_Troll,1193131.0,2026-06-29T18:42:46Z,2026-08-02T17:23:20.466395+00:00,modeled,True,
cr_b4540542186c,orc warlord,orc warlord,orc warlords,1,8851101,2025-12-03,2026-07-30,93,False,False,False,False,False,,,,Orc Warlord,complete,8884.0,medium,8.6,22.0,21.0,1.0,1.0,0.18966681674921207,124.61289959477713,124.80256641152634,0.18966681674921207,https://tibia.fandom.com/wiki/Loot_Statistics:Orc_Warlord,1198425.0,2026-07-31T17:41:07Z,2026-08-02T17:23:20.466395+00:00,modeled,True,
cr_ea597fa2f1e9,iron servant replica,iron servant replica,iron servant replicas,1,8698504,2025-12-05,2026-07-30,93,False,False,False,False,False,,,,Iron Servant Replica,complete,10652.0,high,8.6,6.0,4.0,2.0,1.0,0.8562711227938415,30.660908749530606,31.517179872324448,0.8562711227938415,https://tibia.fandom.com/wiki/Loot_Statistics:Iron_Servant_Replica,1197173.0,2026-07-20T19:20:29Z,2026-08-02T17:23:20.466395+00:00,modeled,True,
cr_5d1162f31629,juggernaut,juggernaut,juggernauts,1,8674969,2025-12-03,2026-07-30,93,False,False,False,False,False,https://tibia.fandom.com/wiki/Juggernaut,1191658.0,2026-06-25T06:35:05Z,Juggernaut,complete,4193.0,medium,12.31.9580,29.0,24.0,5.0,1.0,86.66491772000954,2532.647984736466,2619.3129024564755,86.66491772000954,https://tibia.fandom.com/wiki/Loot_Statistics:Juggernaut,1195016.0,2026-07-08T22:37:13Z,2026-08-02T17:23:20.466395+00:00,modeled,True,
cr_fecf637dd019,massive earth elemental,massive earth elemental,massive earth elementals,1,8664911,2025-12-03,2026-07-30,93,False,False,False,False,False,,,,Massive Earth Elemental,complete,1111.0,medium,14.12.5229e4,14.0,11.0,3.0,1.0,0.936993699369937,100.77407740774078,101.71107110711071,0.936993699369937,https://tibia.fandom.com/wiki/Loot_Statistics:Massive_Earth_Elemental,1196587.0,2026-07-16T16:32:29Z,2026-08-02T17:23:20.466395+00:00,modeled,True,
cr_4a4192db404c,noxious ripptor,noxious ripptor,noxious ripptors,1,8655745,2025-12-05,2026-07-30,90,False,False,False,False,False,,,,Noxious Ripptor,complete,1768.0,medium,14.00.7103e2,9.0,8.0,1.0,1.0,2234.1628959276018,652.2058823529412,2886.3687782805428,2234.1628959276018,https://tibia.fandom.com/wiki/Loot_Statistics:Noxious_Ripptor,1170093.0,2026-03-24T12:31:04Z,2026-08-02T17:23:20.466395+00:00,modeled,True,
cr_fb0048a56cbe,cursed ape,cursed ape,cursed apes,1,8566803,2025-12-03,2026-07-30,93,False,False,False,False,False,,,,Cursed Ape,complete,2157.0,medium,14.12.5229e4,12.0,10.0,2.0,1.0,47.56699119146963,41.39545665275847,88.96244784422811,47.56699119146963,https://tibia.fandom.com/wiki/Loot_Statistics:Cursed_Ape,1198599.0,2026-08-01T16:05:36Z,2026-08-02T17:23:20.466395+00:00,modeled,True,
cr_91f809799d9f,pirate quartermaster,pirate quartermaster,pirate quartermasters,1,8564175,2026-03-17,2026-07-30,93,False,False,False,False,False,,,,Pirate Quartermaster,complete,2388.0,medium,8.6,9.0,3.0,6.0,1.0,0.6159966499162479,10.318257956448912,10.93425460636516,0.6159966499162479,https://tibia.fandom.com/wiki/Loot_Statistics:Pirate_Quartermaster,1197942.0,2026-07-27T18:48:50Z,2026-08-02T17:23:20.466395+00:00,modeled,True,
cr_56dfd6f882a0,killer caiman,killer caiman,killer caimans,1,8548106,2025-12-05,2026-07-30,93,False,False,False,False,False,,,,Killer Caiman,complete,42472.0,high,9.5,8.0,8.0,0.0,1.0,0.9999764550762855,93.87095027312111,94.87092672819739,0.9999764550762855,https://tibia.fandom.com/wiki/Loot_Statistics:Killer_Caiman,1198556.0,2026-08-01T11:21:39Z,2026-08-02T17:23:20.466395+00:00,modeled,True,
cr_970798b468c3,ogre rowdy,ogre rowdy,ogre rowdies,1,8519573,2025-12-05,2026-07-30,93,False,False,False,False,False,,,,Ogre Rowdy,complete,2563.0,medium,12.20,19.0,16.0,3.0,1.0,78.38470542333204,779.1377292235661,857.5224346468981,78.38470542333204,https://tibia.fandom.com/wiki/Loot_Statistics:Ogre_Rowdy,1189340.0,2026-06-15T07:16:13Z,2026-08-02T17:23:20.466395+00:00,modeled,True,
cr_cef7e59218e3,chicken,chicken,chickens,1,8494148,2025-12-03,2026-07-30,93,False,False,False,False,False,https://tibia.fandom.com/wiki/Chicken,1191598.0,2026-06-25T06:29:34Z,Chicken,complete,22084.0,high,8.6,4.0,4.0,0.0,1.0,0.0,5.497871762361892,5.497871762361892,0.0,https://tibia.fandom.com/wiki/Loot_Statistics:Chicken,1198239.0,2026-07-30T20:00:49Z,2026-08-02T17:23:20.466395+00:00,modeled,True,
cr_4b3e8869e4ac,gang member,gang member,gang members,1,8423075,2025-12-03,2026-07-30,93,False,False,False,False,False,,,,Gang Member,complete,5694.0,medium,8.6,6.0,5.0,1.0,1.0,0.48928696873902355,5.927467509659291,6.416754478398314,0.48928696873902355,https://tibia.fandom.com/wiki/Loot_Statistics:Gang_Member,1197836.0,2026-07-26T20:56:41Z,2026-08-02T17:23:20.466395+00:00,modeled,True,
cr_873a2d5a791a,worker golem,worker golem,worker golems,1,8408052,2025-12-03,2026-07-30,93,False,False,False,False,False,,,,Worker Golem,complete,22879.0,high,9.1,18.0,12.0,6.0,1.0,0.937978058481577,90.00852309978585,90.94650115826742,0.937978058481577,https://tibia.fandom.com/wiki/Loot_Statistics:Worker_Golem,1196921.0,2026-07-18T22:09:58Z,2026-08-02T17:23:20.466395+00:00,modeled,True,
cr_ec4dc678ec5d,acid blob,acid blob,acid blobs,1,8355261,2025-12-03,2026-07-30,93,False,False,False,False,False,,,,Acid Blob,complete,12420.0,high,8.6,1.0,1.0,0.0,1.0,0.0,4.830917874396135,4.830917874396135,0.0,https://tibia.fandom.com/wiki/Loot_Statistics:Acid_Blob,1198040.0,2026-07-28T19:33:06Z,2026-08-02T17:23:20.466395+00:00,modeled,True,
cr_9e0457a1c3e0,corrupt naga,corrupt naga,corrupt nagas,1,8326292,2025-12-03,2026-07-30,93,False,False,False,False,False,,,,Corrupt Naga,complete,1283.0,medium,13.22.14282,3.0,3.0,0.0,1.0,0.3897116134060795,106.4614185502728,106.85113016367887,0.3897116134060795,https://tibia.fandom.com/wiki/Loot_Statistics:Corrupt_Naga,1196874.0,2026-07-18T19:07:31Z,2026-08-02T17:23:20.466395+00:00,modeled,True,
cr_a2a89fffd31b,rogue naga,rogue naga,rogue nagas,1,8319180,2025-12-03,2026-07-30,93,False,False,False,False,False,,,,Rogue Naga,complete,1344.0,medium,13.22.14282,2.0,2.0,0.0,1.0,0.0744047619047619,84.39732142857143,84.47172619047619,0.0744047619047619,https://tibia.fandom.com/wiki/Loot_Statistics:Rogue_Naga,1196887.0,2026-07-18T19:07:49Z,2026-08-02T17:23:20.466395+00:00,modeled,True,
cr_0f326b163ad7,black sphinx acolyte,black sphinx acolyte,black sphinx acolytes,1,8275147,2025-12-05,2026-07-30,93,False,False,False,False,False,,,,Black Sphinx Acolyte,complete,6446.0,medium,12.31.9580,10.0,10.0,0.0,1.0,100.0,852.2401489295687,952.2401489295687,100.0,https://tibia.fandom.com/wiki/Loot_Statistics:Black_Sphinx_Acolyte,1195976.0,2026-07-14T10:56:30Z,2026-08-02T17:23:20.466395+00:00,modeled,True,
cr_fd093a74453c,broken shaper,broken shaper,broken shapers,1,8269856,2025-12-05,2026-07-30,93,False,False,False,False,False,,,,Broken Shaper,complete,10403.0,high,8.6,27.0,22.0,5.0,1.0,76.18023647024896,290.64356435643566,366.82380082668465,76.18023647024896,https://tibia.fandom.com/wiki/Loot_Statistics:Broken_Shaper,1195980.0,2026-07-14T10:56:57Z,2026-08-02T17:23:20.466395+00:00,modeled,True,
cr_bdebf5e80a50,mad scientist,mad scientist,mad scientists,1,8249559,2025-12-03,2026-07-30,93,False,False,False,False,False,,,,Mad Scientist,complete,34194.0,high,8.6,11.0,8.0,3.0,1.0,0.6014505468795696,4.745569398140025,5.3470199450195945,0.6014505468795696,https://tibia.fandom.com/wiki/Loot_Statistics:Mad_Scientist,1197985.0,2026-07-27T19:07:05Z,2026-08-02T17:23:20.466395+00:00,modeled,True,
cr_cd10099cd4c1,elder bonelord,elder bonelord,elder bonelords,1,8185726,2025-12-03,2026-07-30,93,False,False,False,False,False,,,,Elder Bonelord,complete,47137.0,high,10.8,12.0,10.0,2.0,1.0,0.9930203449519486,65.74845662642936,66.7414769713813,0.9930203449519486,https://tibia.fandom.com/wiki/Loot_Statistics:Elder_Bonelord,1198080.0,2026-07-28T23:19:32Z,2026-08-02T17:23:20.466395+00:00,modeled,True,
cr_c8df4b0730d0,boogy,boogy,boogies,1,8167251,2025-12-05,2026-07-30,93,False,False,False,False,False,https://tibia.fandom.com/wiki/Boogy,1191751.0,2026-06-25T06:50:43Z,Boogy,complete,5962.0,medium,12.90.12182,17.0,16.0,1.0,1.0,1.0,252.3985239852398,253.3985239852398,1.0,https://tibia.fandom.com/wiki/Loot_Statistics:Boogy,1194993.0,2026-07-08T21:51:05Z,2026-08-02T17:23:20.466395+00:00,modeled,True,
cr_b47224ef89ff,darklight emitter,darklight emitter,darklight emitters,1,8137934,2025-12-05,2026-07-30,74,False,False,False,False,False,,,,Darklight Emitter,complete,1584.0,medium,13.22.14242,9.0,8.0,1.0,1.0,5814.393939393939,831.9444444444445,6646.338383838383,5814.393939393939,https://tibia.fandom.com/wiki/Loot_Statistics:Darklight_Emitter,1198887.0,2026-08-02T10:18:00Z,2026-08-02T17:23:20.466395+00:00,modeled,True,
cr_f6f4ab7964bb,deer,deer,deer,1,8126675,2025-12-03,2026-07-30,93,False,False,False,False,False,https://tibia.fandom.com/wiki/Deer,1192055.0,2026-06-25T08:08:10Z,Deer,complete,22960.0,high,8.6,3.0,3.0,0.0,1.0,0.0,4.192770034843205,4.192770034843205,0.0,https://tibia.fandom.com/wiki/Loot_Statistics:Deer,1198913.0,2026-08-02T12:49:52Z,2026-08-02T17:23:20.466395+00:00,modeled,True,
cr_b4ab09ab9b20,mould phantom,mould phantom,mould phantoms,1,8121885,2025-12-05,2026-07-30,83,False,False,False,False,False,,,,Mould Phantom,complete,1107.0,medium,14.12.5229e4,15.0,15.0,0.0,1.0,5275.519421860885,2009.1237579042456,7284.64317976513,5275.519421860885,https://tibia.fandom.com/wiki/Loot_Statistics:Mould_Phantom,1193608.0,2026-07-01T15:35:06Z,2026-08-02T17:23:20.466395+00:00,modeled,True,
cr_713ccbb3f4b9,lamassu,lamassu,lamassus,1,8089862,2025-12-03,2026-07-30,93,False,False,False,False,False,https://tibia.fandom.com/wiki/Lamassu,1192035.0,2026-06-25T07:59:00Z,Lamassu,complete,3845.0,medium,12.20,20.0,20.0,0.0,1.0,100.0,1413.0845253576074,1513.0845253576074,100.0,https://tibia.fandom.com/wiki/Loot_Statistics:Lamassu,1193593.0,2026-07-01T15:33:43Z,2026-08-02T17:23:20.466395+00:00,modeled,True,
cr_0c05e6c6ff66,afflicted strider,afflicted strider,afflicted striders,1,8088728,2025-12-03,2026-07-30,91,False,False,False,False,False,,,,Afflicted Strider,complete,2250.0,medium,12.85.11525,22.0,22.0,0.0,1.0,100.0,3025.090666666667,3125.090666666667,100.0,https://tibia.fandom.com/wiki/Loot_Statistics:Afflicted_Strider,1195964.0,2026-07-14T10:55:11Z,2026-08-02T17:23:20.466395+00:00,modeled,True,
cr_2b56d70f4c94,chakoya windcaller,chakoya windcaller,chakoya windcallers,1,8087800,2025-12-05,2026-07-30,93,False,False,False,False,False,,,,Chakoya Windcaller,complete,8017.0,medium,10.37,8.0,7.0,1.0,1.0,0.7243357864537857,2.9923911687663716,3.716726955220157,0.7243357864537857,https://tibia.fandom.com/wiki/Loot_Statistics:Chakoya_Windcaller,1190073.0,2026-06-18T18:31:12Z,2026-08-02T17:23:20.466395+00:00,modeled,True,
cr_a5225ca1d66c,usurper archer,usurper archer,usurper archers,1,8060285,2025-12-05,2026-07-30,93,False,False,False,False,False,,,,Usurper Archer,complete,6988.0,medium,8.6,22.0,21.0,1.0,1.0,100.0,1706.8763594733834,1806.8763594733834,100.0,https://tibia.fandom.com/wiki/Loot_Statistics:Usurper_Archer,1187239.0,2026-05-24T21:11:44Z,2026-08-02T17:23:20.466395+00:00,modeled,True,
cr_8fdfce097afa,spit nettle,spit nettle,spit nettles,1,8020857,2025-12-05,2026-07-30,93,False,False,False,False,False,,,,Spit Nettle,complete,8850.0,medium,8.6,7.0,7.0,0.0,1.0,0.10350282485875706,6.54632768361582,6.649830508474577,0.10350282485875706,https://tibia.fandom.com/wiki/Loot_Statistics:Spit_Nettle,1198876.0,2026-08-02T09:56:53Z,2026-08-02T17:23:20.466395+00:00,modeled,True,
cr_a492883176c6,headpecker,headpecker,headpeckers,1,8019423,2025-12-05,2026-07-30,90,False,False,False,False,False,https://tibia.fandom.com/wiki/Headpecker,1191614.0,2026-06-25T06:32:00Z,Headpecker,complete,1628.0,medium,14.00.7103e2,12.0,12.0,0.0,1.0,3114.2506142506145,779.8814496314496,3894.1320638820644,3114.2506142506145,https://tibia.fandom.com/wiki/Loot_Statistics:Headpecker,1169943.0,2026-03-24T12:25:41Z,2026-08-02T17:23:20.466395+00:00,modeled,True,
cr_f353b475240b,corrupted skeleton,corrupted skeleton,corrupted skeletons,1,7823626,2025-12-03,2026-07-30,93,False,False,False,False,False,,,,Corrupted Skeleton,complete,2103.0,medium,8.6,11.0,8.0,3.0,1.0,1.0,1.7037565382786497,2.7037565382786495,1.0,https://tibia.fandom.com/wiki/Loot_Statistics:Corrupted_Skeleton,1191020.0,2026-06-22T22:11:59Z,2026-08-02T17:23:20.466395+00:00,modeled,True,
cr_49917e498356,corrupted ghost,corrupted ghost,corrupted ghosts,1,7740285,2025-12-03,2026-07-30,93,False,False,False,False,False,,,,Corrupted Ghost,complete,1974.0,medium,8.6,12.0,7.0,5.0,1.0,1.0,1.3145896656534957,2.3145896656534957,1.0,https://tibia.fandom.com/wiki/Loot_Statistics:Corrupted_Ghost,1191019.0,2026-06-22T22:11:57Z,2026-08-02T17:23:20.466395+00:00,modeled,True,
cr_e78a73f659f3,infernoid spiritual,infernoid spiritual,infernoid spirituals,1,7722073,2026-03-17,2026-07-30,93,False,False,False,False,False,,,,Infernoid Spiritual,complete,3553.0,medium,8.6,8.0,5.0,3.0,1.0,0.7579510273008725,19.423022797635802,20.180973824936675,0.7579510273008725,https://tibia.fandom.com/wiki/Loot_Statistics:Infernoid_Spiritual,1197960.0,2026-07-27T18:50:00Z,2026-08-02T17:23:20.466395+00:00,modeled,True,
cr_72ac561a9c95,lizard executioner,lizard executioner,lizard executioners,1,7661730,2026-03-17,2026-07-30,93,False,False,False,False,False,,,,Lizard Executioner,complete,1380.0,medium,8.6,9.0,8.0,1.0,1.0,0.6260869565217392,14.050724637681158,14.676811594202897,0.6260869565217392,https://tibia.fandom.com/wiki/Loot_Statistics:Lizard_Executioner,1198582.0,2026-08-01T12:15:13Z,2026-08-02T17:23:20.466395+00:00,modeled,True,
cr_97a328bcd086,humorless fungus,humorless fungus,humorless fungi,1,7657810,2025-12-03,2026-07-30,93,False,False,False,False,False,,,,,absent,,,,,,,,,,,,,,,,missing_loot_table,False,no current empirical Loot2 table matched; no value imputed
cr_f4f9c14c662e,green djinn,green djinn,green djinns,1,7629782,2025-12-03,2026-07-30,93,False,False,False,False,False,,,,Green Djinn,complete,14734.0,high,8.6,11.0,8.0,3.0,1.0,0.8864531016696077,16.03780371928872,16.92425682095833,0.8864531016696077,https://tibia.fandom.com/wiki/Loot_Statistics:Green_Djinn,1198354.0,2026-07-31T12:06:08Z,2026-08-02T17:23:20.466395+00:00,modeled,True,
cr_bc0a77d50e60,rabid wolves,rabid wolves,rabid wolves,1,7581289,2025-12-03,2026-07-30,93,False,False,False,False,False,,,,,absent,,,,,,,,,,,,,,,,missing_loot_table,False,no current empirical Loot2 table matched; no value imputed
cr_ed966a0e733b,moohtant,moohtant,moohtants,1,7563872,2025-12-03,2026-07-30,93,False,False,False,False,False,https://tibia.fandom.com/wiki/Moohtant,1191902.0,2026-06-25T07:25:31Z,Moohtant,complete,9332.0,medium,10.5,19.0,17.0,2.0,1.0,55.9078439777111,333.6513073296185,389.55915130732956,55.9078439777111,https://tibia.fandom.com/wiki/Loot_Statistics:Moohtant,1197004.0,2026-07-19T12:49:03Z,2026-08-02T17:23:20.466395+00:00,modeled,True,
cr_933d028e20ec,frost giantess,frost giantess,frost giantesses,1,7532551,2025-12-05,2026-07-30,93,False,False,False,False,False,,,,Frost Giantess,complete,16727.0,high,8.6,12.0,10.0,2.0,1.0,0.820350331798888,22.52747055658516,23.34782088838405,0.820350331798888,https://tibia.fandom.com/wiki/Loot_Statistics:Frost_Giantess,1186238.0,2026-05-18T13:25:57Z,2026-08-02T17:23:20.466395+00:00,modeled,True,
cr_4f90af664b82,shark,shark,sharks,1,7497204,2025-12-03,2026-07-30,93,False,False,False,False,False,https://tibia.fandom.com/wiki/Shark,1191581.0,2026-06-25T06:25:46Z,Shark,complete,12247.0,high,9.4,7.0,7.0,0.0,1.0,0.9139381072915816,24.87009063444109,25.784028741732673,0.9139381072915816,https://tibia.fandom.com/wiki/Loot_Statistics:Shark,1197481.0,2026-07-23T06:39:08Z,2026-08-02T17:23:20.466395+00:00,modeled,True,
cr_bf833ec27be2,quara plunderer,quara plunderer,quara plunderers,1,7490289,2025-12-05,2026-07-30,82,False,False,False,False,False,,,,Quara Plunderer,complete,3060.0,medium,8.6,12.0,10.0,2.0,1.0,57.32026143790849,946.6830065359478,1004.0032679738563,57.32026143790849,https://tibia.fandom.com/wiki/Loot_Statistics:Quara_Plunderer,1196148.0,2026-07-14T11:13:42Z,2026-08-02T17:23:20.466395+00:00,modeled,True,
cr_a7088a62a077,lizard snakecharmer,lizard snakecharmer,lizard snakecharmers,1,7463338,2025-12-03,2026-07-30,93,False,False,False,False,False,,,,Lizard Snakecharmer,complete,11727.0,high,8.6,13.0,10.0,3.0,1.0,0.8309030442568431,25.634006992410672,26.464910036667515,0.8309030442568431,https://tibia.fandom.com/wiki/Loot_Statistics:Lizard_Snakecharmer,1196092.0,2026-07-14T11:08:09Z,2026-08-02T17:23:20.466395+00:00,modeled,True,
cr_01e6902a273c,lesser swarmer,lesser swarmer,lesser swarmers,1,7407871,2025-12-03,2026-07-30,93,False,False,False,False,False,,,,Lesser Swarmer,complete,896.0,low,9.4,0.0,0.0,0.0,1.0,0.0,0.0,0.0,0.0,https://tibia.fandom.com/wiki/Loot_Statistics:Lesser_Swarmer,426082.0,2012-03-12T14:19:46Z,2026-08-02T17:23:20.466395+00:00,modeled,True,
cr_a0df361adcdf,tainted soul,tainted soul,tainted souls,1,7356150,2025-12-05,2026-07-30,93,False,False,False,False,False,,,,Tainted Soul,complete,3463.0,medium,10.8,1.0,1.0,0.0,1.0,0.0,2.8876696505919726,2.8876696505919726,0.0,https://tibia.fandom.com/wiki/Loot_Statistics:Tainted_Soul,1193269.0,2026-06-29T19:25:41Z,2026-08-02T17:23:20.466395+00:00,modeled,True,
cr_d97450338c17,lich,lich,liches,1,7306975,2025-12-03,2026-07-30,93,False,False,False,False,False,https://tibia.fandom.com/wiki/Lich,1194989.0,2026-07-08T19:07:22Z,Lich,complete,1297.0,medium,14.12.5229e4,19.0,17.0,2.0,1.0,20.737856592135696,153.8627602158828,174.6006168080185,20.737856592135696,https://tibia.fandom.com/wiki/Loot_Statistics:Lich,1198244.0,2026-07-30T20:00:55Z,2026-08-02T17:23:20.466395+00:00,modeled,True,
cr_127580a65260,orc cult priest,orc cult priest,orc cult priests,1,7095518,2025-12-05,2026-07-30,93,False,False,False,False,False,,,,Orc Cult Priest,complete,4684.0,medium,8.6,14.0,13.0,1.0,1.0,1.0,112.55123825789924,113.55123825789924,1.0,https://tibia.fandom.com/wiki/Loot_Statistics:Orc_Cult_Priest,1196279.0,2026-07-14T19:20:10Z,2026-08-02T17:23:20.466395+00:00,modeled,True,
cr_718af885e24c,deepling worker,deepling worker,deepling workers,1,7091827,2025-12-05,2026-07-30,93,False,False,False,False,False,,,,Deepling Worker,complete,20984.0,high,9.4,7.0,7.0,0.0,1.0,0.7549561570720549,17.358272969881817,18.113229126953872,0.7549561570720549,https://tibia.fandom.com/wiki/Loot_Statistics:Deepling_Worker,1187995.0,2026-06-01T15:44:53Z,2026-08-02T17:23:20.466395+00:00,modeled,True,
cr_0ae9e4deba26,elephant,elephant,elephants,1,7077448,2025-12-05,2026-07-30,93,False,False,False,False,False,https://tibia.fandom.com/wiki/Elephant,1192072.0,2026-06-25T08:12:39Z,Elephant,complete,12064.0,high,8.6,5.0,4.0,1.0,1.0,0.0,4.484084880636605,4.484084880636605,0.0,https://tibia.fandom.com/wiki/Loot_Statistics:Elephant,1198577.0,2026-08-01T12:15:08Z,2026-08-02T17:23:20.466395+00:00,modeled,True,
cr_4877988d74fa,blood priest,blood priest,blood priests,1,7034480,2025-12-03,2026-07-30,93,False,False,False,False,False,,,,Blood Priest,complete,6707.0,medium,10.1,19.0,18.0,1.0,1.0,0.999850902042642,288.5850603846727,289.58491128671534,0.999850902042642,https://tibia.fandom.com/wiki/Loot_Statistics:Blood_Priest,1189467.0,2026-06-16T06:10:57Z,2026-08-02T17:23:20.466395+00:00,modeled,True,
cr_1d252a79ef02,faun,faun,fauns,1,7017782,2025-12-05,2026-07-30,93,False,False,False,False,False,https://tibia.fandom.com/wiki/Faun,1191746.0,2026-06-25T06:50:32Z,Faun,complete,13690.0,high,8.6,19.0,13.0,6.0,1.0,1.0,258.27165814463115,259.27165814463115,1.0,https://tibia.fandom.com/wiki/Loot_Statistics:Faun,1198602.0,2026-08-01T16:05:39Z,2026-08-02T17:23:20.466395+00:00,modeled,True,
cr_c701a560a4ba,stampor,stampor,stampors,1,7009654,2025-12-05,2026-07-30,93,False,False,False,False,False,https://tibia.fandom.com/wiki/Stampor,1192149.0,2026-06-25T08:20:18Z,Stampor,complete,23156.0,high,8.6,11.0,9.0,2.0,1.0,10.925116600449128,119.73268267403697,130.65779927448608,10.925116600449128,https://tibia.fandom.com/wiki/Loot_Statistics:Stampor,1184953.0,2026-05-13T21:36:55Z,2026-08-02T17:23:20.466395+00:00,modeled,True,
cr_05dec11a0856,banshee,banshee,banshees,1,7009393,2025-12-05,2026-07-30,93,False,False,False,False,False,https://tibia.fandom.com/wiki/Banshee,1192182.0,2026-06-25T08:22:41Z,Banshee,complete,1160.0,medium,14.12.5229e4,20.0,17.0,3.0,1.0,0.2689655172413793,186.54741379310343,186.81637931034481,0.2689655172413793,https://tibia.fandom.com/wiki/Loot_Statistics:Banshee,1195042.0,2026-07-08T22:48:50Z,2026-08-02T17:23:20.466395+00:00,modeled,True,
cr_721dc746a1eb,ice witch,ice witch,ice witches,1,6977139,2025-12-05,2026-07-30,93,False,False,False,False,False,,,,Ice Witch,complete,24975.0,high,8.6,11.0,10.0,1.0,1.0,0.30002002002002004,62.042842842842845,62.342862862862866,0.30002002002002004,https://tibia.fandom.com/wiki/Loot_Statistics:Ice_Witch,1193800.0,2026-07-02T09:18:18Z,2026-08-02T17:23:20.466395+00:00,modeled,True,
cr_3e538dd2ed0d,fire devil,fire devil,fire devils,1,6926437,2025-12-03,2026-07-30,93,False,False,False,False,False,,,,Fire Devil,complete,18349.0,high,8.6,9.0,6.0,3.0,1.0,0.0,31.41751594092321,31.41751594092321,0.0,https://tibia.fandom.com/wiki/Loot_Statistics:Fire_Devil,1198350.0,2026-07-31T12:06:02Z,2026-08-02T17:23:20.466395+00:00,modeled,True,
cr_31c572828d1c,instable sparkion,instable sparkion,instable sparkions,1,6908233,2025-12-05,2026-07-30,93,False,False,False,False,False,,,,Instable Sparkion,complete,9219.0,medium,11.41,16.0,11.0,5.0,1.0,90.04653433127237,252.11194272697688,342.1584770582492,90.04653433127237,https://tibia.fandom.com/wiki/Loot_Statistics:Instable_Sparkion,1185346.0,2026-05-15T14:02:37Z,2026-08-02T17:23:20.466395+00:00,modeled,True,
cr_2c3199988097,converter,converter,converters,1,6874929,2025-12-05,2026-07-30,72,False,False,False,False,False,https://tibia.fandom.com/wiki/Converter,1191726.0,2026-06-25T06:45:00Z,Converter,complete,1373.0,medium,14.12.5229e4,12.0,9.0,3.0,1.0,6096.1398397669345,905.535324107793,7001.675163874727,6096.1398397669345,https://tibia.fandom.com/wiki/Loot_Statistics:Converter,1198885.0,2026-08-02T10:17:58Z,2026-08-02T17:23:20.466395+00:00,modeled,True,
cr_02991b287a07,minotaur amazon,minotaur amazon,minotaur amazons,1,6678653,2025-12-03,2026-07-30,93,False,False,False,False,False,,,,Minotaur Amazon,complete,9934.0,medium,10.5,25.0,22.0,3.0,1.0,66.16005637205556,427.27873968190045,493.438796053956,66.16005637205556,https://tibia.fandom.com/wiki/Loot_Statistics:Minotaur_Amazon,1197001.0,2026-07-19T12:49:00Z,2026-08-02T17:23:20.466395+00:00,modeled,True,
cr_4f42d02bd9d8,orc cultist,orc cultist,orc cultists,1,6661922,2025-12-05,2026-07-30,93,False,False,False,False,False,,,,Orc Cultist,complete,4565.0,medium,8.6,10.0,9.0,1.0,1.0,1.0,69.26746987951807,70.26746987951807,1.0,https://tibia.fandom.com/wiki/Loot_Statistics:Orc_Cultist,1196280.0,2026-07-14T19:20:11Z,2026-08-02T17:23:20.466395+00:00,modeled,True,
cr_e6f4389d2db5,floating savant,floating savant,floating savants,1,6602252,2025-12-03,2026-07-30,93,False,False,False,False,False,,,,Floating Savant,complete,7002.0,medium,8.6,10.0,8.0,2.0,1.0,0.0,1297.7527849185947,1297.7527849185947,0.0,https://tibia.fandom.com/wiki/Loot_Statistics:Floating_Savant,1197652.0,2026-07-25T09:25:14Z,2026-08-02T17:23:20.466395+00:00,modeled,True,
cr_6863632ef0b1,execowtioner,execowtioner,execowtioners,1,6599976,2025-12-03,2026-07-30,93,False,False,False,False,False,https://tibia.fandom.com/wiki/Execowtioner,1191904.0,2026-06-25T07:25:36Z,Execowtioner,complete,8542.0,medium,10.5,18.0,16.0,2.0,1.0,66.45305549051744,434.41629594942634,500.8693514399438,66.45305549051744,https://tibia.fandom.com/wiki/Loot_Statistics:Execowtioner,1196999.0,2026-07-19T12:48:58Z,2026-08-02T17:23:20.466395+00:00,modeled,True,
cr_d0f5adc1caf8,twisted shaper,twisted shaper,twisted shapers,1,6575100,2025-12-05,2026-07-30,93,False,False,False,False,False,,,,Twisted Shaper,complete,8954.0,medium,8.6,20.0,14.0,6.0,1.0,75.35782890328345,310.972972972973,386.3308018762565,75.35782890328345,https://tibia.fandom.com/wiki/Loot_Statistics:Twisted_Shaper,1196195.0,2026-07-14T11:18:20Z,2026-08-02T17:23:20.466395+00:00,modeled,True,
cr_10f32752aa1f,ogre ruffian,ogre ruffian,ogre ruffians,1,6571534,2025-12-05,2026-07-30,93,False,False,False,False,False,,,,Ogre Ruffian,complete,809.0,low,14.12.5229e4,20.0,20.0,0.0,1.0,74.66007416563659,619.7577255871447,694.4177997527813,74.66007416563659,https://tibia.fandom.com/wiki/Loot_Statistics:Ogre_Ruffian,1189341.0,2026-06-15T07:16:14Z,2026-08-02T17:23:20.466395+00:00,modeled,True,
cr_af06e46d2c29,cave chimera,cave chimera,cave chimeras,1,6566724,2025-12-05,2026-07-30,90,False,False,False,False,False,,,,Cave Chimera,complete,2020.0,medium,12.85.11525,20.0,18.0,2.0,1.0,100.0,2784.80198019802,2884.80198019802,100.0,https://tibia.fandom.com/wiki/Loot_Statistics:Cave_Chimera,1193481.0,2026-06-30T16:40:36Z,2026-08-02T17:23:20.466395+00:00,modeled,True,
cr_2baf92965b7e,blue djinn,blue djinn,blue djinns,1,6500474,2025-12-03,2026-07-30,93,False,False,False,False,False,,,,Blue Djinn,complete,27601.0,high,8.6,11.0,8.0,3.0,1.0,0.8805115756675482,15.385601970943082,16.26611354661063,0.8805115756675482,https://tibia.fandom.com/wiki/Loot_Statistics:Blue_Djinn,1195978.0,2026-07-14T10:56:44Z,2026-08-02T17:23:20.466395+00:00,modeled,True,
cr_92e3f578bcc0,ogre savage,ogre savage,ogre savages,1,6477720,2025-12-03,2026-07-30,93,False,False,False,False,False,,,,Ogre Savage,complete,6015.0,medium,8.6,17.0,15.0,2.0,1.0,0.9965087281795512,183.5724023275146,184.56891105569414,0.9965087281795512,https://tibia.fandom.com/wiki/Loot_Statistics:Ogre_Savage,1196122.0,2026-07-14T11:11:14Z,2026-08-02T17:23:20.466395+00:00,modeled,True,
cr_131358bbbf90,spidris,spidris,spidris,1,6448527,2025-12-05,2026-07-30,93,False,False,False,False,False,https://tibia.fandom.com/wiki/Spidris,1192319.0,2026-06-25T08:38:44Z,Spidris,complete,25652.0,high,9.4,14.0,12.0,2.0,1.0,46.06861063464837,679.387572119133,725.4561827537814,46.06861063464837,https://tibia.fandom.com/wiki/Loot_Statistics:Spidris,1177825.0,2026-04-23T13:58:21Z,2026-08-02T17:23:20.466395+00:00,modeled,True,
cr_c9406184a9ec,troll champion,troll champion,troll champions,1,6401301,2025-12-05,2026-07-30,93,False,False,False,False,False,,,,Troll Champion,complete,28584.0,high,8.6,10.0,9.0,1.0,1.0,0.6456409179960817,3.336481947942905,3.9821228659389867,0.6456409179960817,https://tibia.fandom.com/wiki/Loot_Statistics:Troll_Champion,1196190.0,2026-07-14T11:17:41Z,2026-08-02T17:23:20.466395+00:00,modeled,True,
cr_ef4f5ea1084a,priestess,priestess,priestesses,1,6400353,2025-12-03,2026-07-30,93,False,False,False,False,False,https://tibia.fandom.com/wiki/Priestess,1191786.0,2026-06-25T06:54:26Z,Priestess,complete,22960.0,high,8.6,18.0,13.0,5.0,1.0,0.0,68.5748693379791,68.5748693379791,0.0,https://tibia.fandom.com/wiki/Loot_Statistics:Priestess,1197924.0,2026-07-27T18:47:07Z,2026-08-02T17:23:20.466395+00:00,modeled,True,
cr_836b8243055d,varnished diremaw,varnished diremaw,varnished diremaws,1,6392790,2025-12-05,2026-07-30,90,False,False,False,False,False,,,,Varnished Diremaw,complete,1903.0,medium,12.85.11525,25.0,25.0,0.0,1.0,100.0,3050.388859695218,3150.388859695218,100.0,https://tibia.fandom.com/wiki/Loot_Statistics:Varnished_Diremaw,1196204.0,2026-07-14T11:19:16Z,2026-08-02T17:23:20.466395+00:00,modeled,True,
cr_37e29a5fc863,tremendous tyrant,tremendous tyrant,tremendous tyrants,1,6383989,2025-12-05,2026-07-30,90,False,False,False,False,False,,,,Tremendous Tyrant,complete,1777.0,medium,12.85.11525,21.0,21.0,0.0,1.0,100.0,3142.0483961733257,3242.0483961733257,100.0,https://tibia.fandom.com/wiki/Loot_Statistics:Tremendous_Tyrant,1196188.0,2026-07-14T11:17:29Z,2026-08-02T17:23:20.466395+00:00,modeled,True,
cr_9ecac389355c,creepy crawler,creepy crawler,creepy crawlers,1,6380578,2025-12-05,2026-07-30,67,False,False,False,False,False,,,,Creepy Crawler,complete,1664.0,medium,8.6,11.0,11.0,0.0,1.0,3924.278846153846,2075.6610576923076,5999.939903846154,3924.278846153846,https://tibia.fandom.com/wiki/Loot_Statistics:Creepy_Crawler,1187097.0,2026-05-24T08:44:43Z,2026-08-02T17:23:20.466395+00:00,modeled,True,
cr_4d499719d534,orclops doomhauler,orclops doomhauler,orclops doomhaulers,1,6322555,2025-12-05,2026-07-30,93,False,False,False,False,False,,,,Orclops Doomhauler,complete,11223.0,high,8.6,18.0,13.0,5.0,1.0,1.0,271.3392141138733,272.3392141138733,1.0,https://tibia.fandom.com/wiki/Loot_Statistics:Orclops_Doomhauler,1196284.0,2026-07-14T19:20:15Z,2026-08-02T17:23:20.466395+00:00,modeled,True,
cr_6f115b5f99b9,minotaur invader,minotaur invader,minotaur invaders,1,6300756,2025-12-05,2026-07-30,93,False,False,False,False,False,,,,Minotaur Invader,complete,15768.0,high,10.7,18.0,18.0,0.0,1.0,50.75266362252664,197.57293252156265,248.32559614408927,50.75266362252664,https://tibia.fandom.com/wiki/Loot_Statistics:Minotaur_Invader,1196918.0,2026-07-18T22:09:55Z,2026-08-02T17:23:20.466395+00:00,modeled,True,
cr_b9076b7956af,nightstalker,nightstalker,nightstalkers,1,6300123,2025-12-05,2026-07-30,93,False,False,False,False,False,https://tibia.fandom.com/wiki/Nightstalker,1192007.0,2026-06-25T07:57:36Z,Nightstalker,complete,24920.0,high,8.6,11.0,10.0,1.0,1.0,0.8996388443017657,76.2223113964687,77.12195024077046,0.8996388443017657,https://tibia.fandom.com/wiki/Loot_Statistics:Nightstalker,1196119.0,2026-07-14T11:10:56Z,2026-08-02T17:23:20.466395+00:00,modeled,True,
cr_6c75f8b917cb,seacrest serpent,seacrest serpent,seacrest serpents,1,6192312,2025-12-05,2026-07-30,93,False,False,False,False,False,,,,Seacrest Serpent,complete,7487.0,medium,10.7,20.0,16.0,4.0,1.0,100.0,631.4591959396286,731.4591959396286,100.0,https://tibia.fandom.com/wiki/Loot_Statistics:Seacrest_Serpent,1193140.0,2026-06-29T18:43:39Z,2026-08-02T17:23:20.466395+00:00,modeled,True,
cr_ab2161e415f5,lava golem,lava golem,lava golems,1,6141951,2025-12-03,2026-07-30,92,False,False,False,False,False,,,,Lava Golem,complete,7768.0,medium,9.6,29.0,23.0,6.0,1.0,100.98712667353244,1313.2839855818745,1414.271112255407,100.98712667353244,https://tibia.fandom.com/wiki/Loot_Statistics:Lava_Golem,1196082.0,2026-07-14T11:07:14Z,2026-08-02T17:23:20.466395+00:00,modeled,True,
cr_9c6d4556a840,pirate corsair,pirate corsair,pirate corsairs,1,6010882,2025-12-05,2026-07-30,93,False,False,False,False,False,,,,Pirate Corsair,complete,11387.0,high,8.6,16.0,8.0,8.0,1.0,0.5537894089751471,38.30086941248793,38.854658821463076,0.5537894089751471,https://tibia.fandom.com/wiki/Loot_Statistics:Pirate_Corsair,1196135.0,2026-07-14T11:12:27Z,2026-08-02T17:23:20.466395+00:00,modeled,True,
cr_79046b5a3a5c,crazed beggar,crazed beggar,crazed beggars,1,5950987,2025-12-03,2026-07-30,93,False,False,False,False,False,,,,Crazed Beggar,complete,4659.0,medium,8.6,15.0,7.0,8.0,1.0,0.9937754883022107,2.1395149173642407,3.1332904056664512,0.9937754883022107,https://tibia.fandom.com/wiki/Loot_Statistics:Crazed_Beggar,1197835.0,2026-07-26T20:56:40Z,2026-08-02T17:23:20.466395+00:00,modeled,True,
cr_4c0fa12c1a36,cloak of terror,cloak of terror,cloaks of terror,1,5944413,2025-12-05,2026-07-30,88,False,False,False,False,False,,,,Cloak of Terror,complete,17564.0,high,12.66.10866,14.0,13.0,1.0,1.0,5564.791619221134,2196.57253473013,7761.364153951265,5564.791619221134,https://tibia.fandom.com/wiki/Loot_Statistics:Cloak_of_Terror,1193550.0,2026-07-01T15:29:45Z,2026-08-02T17:23:20.466395+00:00,modeled,True,
cr_a09bd23c533e,frost troll,frost troll,frost trolls,1,5914657,2025-12-05,2026-07-30,93,False,False,False,False,False,https://tibia.fandom.com/wiki/Frost_Troll,1191863.0,2026-06-25T07:16:56Z,Frost Troll,complete,20465.0,high,8.6,8.0,7.0,1.0,1.0,0.5046665037869533,3.13295870999267,3.6376252137796232,0.5046665037869533,https://tibia.fandom.com/wiki/Loot_Statistics:Frost_Troll,1196876.0,2026-07-18T19:07:34Z,2026-08-02T17:23:20.466395+00:00,modeled,True,
cr_7f379e7ce2f7,murmillion,murmillion,murmillions,1,5861584,2025-12-03,2026-07-30,93,False,False,False,False,False,https://tibia.fandom.com/wiki/Murmillion,926509.0,2022-05-16T11:50:49Z,,absent,,,,,,,,,,,,,,,,missing_loot_table,False,no current empirical Loot2 table matched; no value imputed
cr_6d0ebbbdce32,rabbit,rabbit,rabbits,1,5846003,2025-12-03,2026-07-30,93,False,False,False,False,False,https://tibia.fandom.com/wiki/Rabbit,1192062.0,2026-06-25T08:08:26Z,Rabbit,complete,15988.0,high,8.6,2.0,2.0,0.0,1.0,0.0,1.68714035526645,1.68714035526645,0.0,https://tibia.fandom.com/wiki/Loot_Statistics:Rabbit,1198922.0,2026-08-02T12:50:05Z,2026-08-02T17:23:20.466395+00:00,modeled,True,
cr_6feb4cc33679,goggle cake,goggle cake,goggle cakes,1,5819751,2025-12-03,2026-07-30,93,False,False,False,False,False,,,,Goggle Cake,complete,5970.0,medium,8.6,24.0,15.0,9.0,1.0,81.15075376884423,230.45008375209378,311.600837520938,81.15075376884423,https://tibia.fandom.com/wiki/Loot_Statistics:Goggle_Cake,1198606.0,2026-08-01T16:05:43Z,2026-08-02T17:23:20.466395+00:00,modeled,True,
cr_a7c158043a48,night harpy,night harpy,night harpies,1,5811633,2025-12-05,2026-07-30,88,False,False,False,False,False,,,,Night Harpy,complete,8845.0,medium,8.6,10.0,7.0,3.0,1.0,11.305822498586771,447.71057094403614,459.0163934426229,11.305822498586771,https://tibia.fandom.com/wiki/Loot_Statistics:Night_Harpy,1196949.0,2026-07-19T05:05:09Z,2026-08-02T17:23:20.466395+00:00,modeled,True,
cr_f54fc3523d31,ink blob,ink blob,ink blobs,1,5803288,2025-12-05,2026-07-30,92,False,False,False,False,False,,,,Ink Blob,complete,3506.0,medium,12.31.9530,19.0,17.0,2.0,1.0,75.49914432401597,2132.3103251568737,2207.8094694808897,75.49914432401597,https://tibia.fandom.com/wiki/Loot_Statistics:Ink_Blob,1196780.0,2026-07-18T01:16:09Z,2026-08-02T17:23:20.466395+00:00,modeled,True,
cr_5ce8673900ed,orc cult fanatic,orc cult fanatic,orc cult fanatics,1,5716657,2025-12-05,2026-07-30,93,False,False,False,False,False,,,,Orc Cult Fanatic,complete,4699.0,medium,8.6,15.0,13.0,2.0,1.0,1.0,634.9589274313685,635.9589274313685,1.0,https://tibia.fandom.com/wiki/Loot_Statistics:Orc_Cult_Fanatic,1196276.0,2026-07-14T19:20:07Z,2026-08-02T17:23:20.466395+00:00,modeled,True,
cr_de63073f0e21,scissorion,scissorion,scissorions,1,5687680,2025-12-03,2026-07-30,93,False,False,False,False,False,https://tibia.fandom.com/wiki/Scissorion,926510.0,2022-05-16T11:51:01Z,,absent,,,,,,,,,,,,,,,,missing_loot_table,False,no current empirical Loot2 table matched; no value imputed
cr_b397582e84ad,goblin assassin,goblin assassin,goblin assassins,1,5620090,2025-12-03,2026-07-30,93,False,False,False,False,False,,,,Goblin Assassin,complete,8343.0,medium,8.6,11.0,8.0,3.0,1.0,0.5001797914419274,3.4985017379839385,3.9986815294258657,0.5001797914419274,https://tibia.fandom.com/wiki/Loot_Statistics:Goblin_Assassin,1197236.0,2026-07-21T20:44:21Z,2026-08-02T17:23:20.466395+00:00,modeled,True,
cr_8715fd6fe2f9,wandering pillar,wandering pillar,wandering pillars,1,5617200,2025-12-05,2026-07-30,74,False,False,False,False,False,,,,Wandering Pillar,complete,1159.0,medium,13.22.14242,15.0,14.0,1.0,1.0,5642.795513373598,1231.4754098360656,6874.270923209663,5642.795513373598,https://tibia.fandom.com/wiki/Loot_Statistics:Wandering_Pillar,1198897.0,2026-08-02T10:18:14Z,2026-08-02T17:23:20.466395+00:00,modeled,True,
cr_4c52babc39fd,misguided bully,misguided bully,misguided bullies,1,5504302,2025-12-05,2026-07-30,93,False,False,False,False,False,,,,Misguided Bully,complete,207.0,low,15.25.bd5a04,5.0,4.0,1.0,1.0,0.8405797101449275,266.7149758454106,267.55555555555554,0.8405797101449275,https://tibia.fandom.com/wiki/Loot_Statistics:Misguided_Bully,1195149.0,2026-07-10T04:29:58Z,2026-08-02T17:23:20.466395+00:00,modeled,True,
cr_80fe65f62903,usurper warlock,usurper warlock,usurper warlocks,1,5478737,2025-12-03,2026-07-30,93,False,False,False,False,False,,,,Usurper Warlock,complete,4604.0,medium,8.6,16.0,16.0,0.0,1.0,79.32232841007819,1564.618158123371,1643.940486533449,79.32232841007819,https://tibia.fandom.com/wiki/Loot_Statistics:Usurper_Warlock,1187241.0,2026-05-24T21:11:46Z,2026-08-02T17:23:20.466395+00:00,modeled,True,
cr_fab3fe03c62e,azure frog,azure frog,azure frogs,1,5402578,2025-12-05,2026-07-30,93,False,False,False,False,False,,,,Azure Frog,complete,4578.0,medium,8.6,2.0,2.0,0.0,1.0,0.745740498034076,0.09938837920489296,0.845128877238969,0.745740498034076,https://tibia.fandom.com/wiki/Loot_Statistics:Azure_Frog,1198160.0,2026-07-29T22:55:26Z,2026-08-02T17:23:20.466395+00:00,modeled,True,
cr_88f050d8241a,biting book,biting book,biting books,1,5327633,2025-12-05,2026-07-30,90,False,False,False,False,False,,,,Biting Book,insufficient_sample,75.0,insufficient,13.22.14282,6.0,5.0,1.0,1.0,,,,,https://tibia.fandom.com/wiki/Loot_Statistics:Biting_Book,1196774.0,2026-07-18T01:16:01Z,2026-08-02T17:23:20.466395+00:00,insufficient_sample,False,empirical loot sample below 100 kills
cr_c3560a6968a0,orclops ravager,orclops ravager,orclops ravagers,1,5266755,2025-12-05,2026-07-30,93,False,False,False,False,False,,,,Orclops Ravager,complete,10004.0,high,8.6,20.0,14.0,6.0,1.0,60.57616953218713,265.58876449420234,326.16493402638946,60.57616953218713,https://tibia.fandom.com/wiki/Loot_Statistics:Orclops_Ravager,1188313.0,2026-06-02T22:56:13Z,2026-08-02T17:23:20.466395+00:00,modeled,True,
cr_c78f1eb3d9c8,swan maiden,swan maiden,swan maidens,1,5262638,2025-12-05,2026-07-30,93,False,False,False,False,False,,,,Swan Maiden,complete,11935.0,high,8.6,18.0,16.0,2.0,1.0,0.601340594888982,393.61374109761203,394.21508169250103,0.601340594888982,https://tibia.fandom.com/wiki/Loot_Statistics:Swan_Maiden,1196647.0,2026-07-17T00:17:19Z,2026-08-02T17:23:20.466395+00:00,modeled,True,
cr_20830ea398c3,knowledge raider,knowledge raider,knowledge raiders,1,5219864,2025-12-05,2026-07-30,85,False,False,False,False,False,,,,,absent,,,,,,,,,,,,,,,,missing_loot_table,False,no current empirical Loot2 table matched; no value imputed
cr_d74c30558454,golden servant replica,golden servant replica,golden servant replicas,1,5199088,2025-12-05,2026-07-30,93,False,False,False,False,False,,,,Golden Servant Replica,complete,6486.0,medium,8.6,12.0,9.0,3.0,1.0,9.245760098674067,35.946654332408265,45.192414431082334,9.245760098674067,https://tibia.fandom.com/wiki/Loot_Statistics:Golden_Servant_Replica,1197172.0,2026-07-20T19:20:28Z,2026-08-02T17:23:20.466395+00:00,modeled,True,
cr_58d22f4e3828,diamond servant replica,diamond servant replica,diamond servant replicas,1,5196587,2025-12-05,2026-07-30,93,False,False,False,False,False,,,,Diamond Servant Replica,complete,7014.0,medium,8.6,18.0,15.0,3.0,1.0,20.73538637011691,96.19261477045909,116.928001140576,20.73538637011691,https://tibia.fandom.com/wiki/Loot_Statistics:Diamond_Servant_Replica,1197170.0,2026-07-20T19:20:26Z,2026-08-02T17:23:20.466395+00:00,modeled,True,
cr_02a9513658da,crypt mage,crypt mage,crypt mages,1,5182421,2025-12-05,2026-07-30,77,False,False,False,False,False,,,,Crypt Mage,complete,465.0,low,8.6,12.0,11.0,1.0,1.0,1141.9354838709678,644.516129032258,1786.4516129032259,1141.9354838709678,https://tibia.fandom.com/wiki/Loot_Statistics:Crypt_Mage,1152150.0,2025-12-24T16:45:39Z,2026-08-02T17:23:20.466395+00:00,modeled,True,
cr_f4b266cbd351,cult scholar,cult scholar,cult scholars,1,5111169,2025-12-05,2026-07-30,93,False,False,False,False,False,,,,Cult Scholar,complete,3597.0,medium,8.6,9.0,7.0,2.0,1.0,1.0,27.53628023352794,28.53628023352794,1.0,https://tibia.fandom.com/wiki/Loot_Statistics:Cult_Scholar,1184216.0,2026-05-11T15:49:29Z,2026-08-02T17:23:20.466395+00:00,modeled,True,
cr_4d43b48c181a,stabilizing dread intruder,stabilizing dread intruder,stabilizing dread intruders,1,5055992,2025-12-03,2026-07-30,93,False,False,False,False,False,,,,Stabilizing Dread Intruder,complete,6006.0,medium,8.6,17.0,12.0,5.0,1.0,87.46803196803198,276.2637362637363,363.7317682317683,87.46803196803198,https://tibia.fandom.com/wiki/Loot_Statistics:Stabilizing_Dread_Intruder,1189417.0,2026-06-15T07:23:09Z,2026-08-02T17:23:20.466395+00:00,modeled,True,
cr_d21757288adc,stabilizing reality reaver,stabilizing reality reaver,stabilizing reality reavers,1,5024142,2025-12-03,2026-07-30,93,False,False,False,False,False,,,,Stabilizing Reality Reaver,complete,5905.0,medium,8.6,18.0,13.0,5.0,1.0,99.34089754445384,281.07705334462315,380.417950889077,99.34089754445384,https://tibia.fandom.com/wiki/Loot_Statistics:Stabilizing_Reality_Reaver,1189418.0,2026-06-15T07:23:11Z,2026-08-02T17:23:20.466395+00:00,modeled,True,
cr_3b7364372264,pooka,pooka,pookas,1,4998392,2025-12-05,2026-07-30,93,False,False,False,False,False,https://tibia.fandom.com/wiki/Pooka,1191747.0,2026-06-25T06:50:34Z,Pooka,complete,8152.0,medium,8.6,14.0,11.0,3.0,1.0,1.0,89.88898429833169,90.88898429833169,1.0,https://tibia.fandom.com/wiki/Loot_Statistics:Pooka,1196643.0,2026-07-17T00:17:15Z,2026-08-02T17:23:20.466395+00:00,modeled,True,
cr_9b00321760d3,massive fire elemental,massive fire elemental,massive fire elementals,1,4949100,2025-12-03,2026-07-30,93,False,False,False,False,False,,,,Massive Fire Elemental,complete,1725.0,medium,14.12.5229e4,10.0,9.0,1.0,1.0,15.550724637681158,195.21739130434779,210.76811594202894,15.550724637681158,https://tibia.fandom.com/wiki/Loot_Statistics:Massive_Fire_Elemental,1196413.0,2026-07-15T10:31:19Z,2026-08-02T17:23:20.466395+00:00,modeled,True,
cr_1eb81607b841,crimson frog,crimson frog,crimson frogs,1,4939455,2025-12-05,2026-07-30,93,False,False,False,False,False,,,,Crimson Frog,complete,4216.0,medium,8.6,2.0,2.0,0.0,1.0,0.7540322580645161,0.0967741935483871,0.8508064516129032,0.7540322580645161,https://tibia.fandom.com/wiki/Loot_Statistics:Crimson_Frog,1198078.0,2026-07-28T23:19:29Z,2026-08-02T17:23:20.466395+00:00,modeled,True,
cr_9b5410e8c6c1,iron servant,iron servant,iron servants,1,4900666,2025-12-05,2026-07-30,93,False,False,False,False,False,,,,Iron Servant,complete,90170.0,high,9.1,6.0,4.0,2.0,1.0,0.8205057114339581,28.869635133636468,29.690140845070427,0.8205057114339581,https://tibia.fandom.com/wiki/Loot_Statistics:Iron_Servant,1105642.0,2025-06-16T09:18:29Z,2026-08-02T17:23:20.466395+00:00,modeled,True,
cr_3be5a99ed219,dragon lord hatchling,dragon lord hatchling,dragon lord hatchlings,1,4862693,2025-12-03,2026-07-30,93,False,False,False,False,False,,,,Dragon Lord Hatchling,complete,9766.0,medium,8.6,5.0,3.0,2.0,1.0,0.7506655744419414,2.2527134958017614,3.0033790702437027,0.7506655744419414,https://tibia.fandom.com/wiki/Loot_Statistics:Dragon_Lord_Hatchling,1196020.0,2026-07-14T11:01:09Z,2026-08-02T17:23:20.466395+00:00,modeled,True,
cr_67e76e8be77b,parder,parder,parders,1,4837193,2025-12-05,2026-07-30,93,False,False,False,False,False,https://tibia.fandom.com/wiki/Parder,1194753.0,2026-07-07T02:20:53Z,Parder,complete,5450.0,medium,8.6,8.0,6.0,2.0,1.0,1.0,170.79412844036696,171.79412844036696,1.0,https://tibia.fandom.com/wiki/Loot_Statistics:Parder,1198466.0,2026-07-31T19:13:29Z,2026-08-02T17:23:20.466395+00:00,modeled,True,
cr_20605fdd2a14,kollos,kollos,kollos,1,4818489,2025-12-05,2026-07-30,93,False,False,False,False,False,https://tibia.fandom.com/wiki/Kollos,1192320.0,2026-06-25T08:38:47Z,Kollos,complete,24222.0,high,9.4,16.0,12.0,4.0,1.0,67.16703822970852,778.499711006523,845.6667492362315,67.16703822970852,https://tibia.fandom.com/wiki/Loot_Statistics:Kollos,1184330.0,2026-05-12T01:52:28Z,2026-08-02T17:23:20.466395+00:00,modeled,True,
cr_606f685679f8,grynch clan goblin,grynch clan goblin,grynch clan goblins,1,4735408,2025-12-20,2025-12-28,87,False,False,False,False,False,,,,Grynch Clan Goblin,complete,35611.0,high,8.6,36.0,14.0,22.0,1.0,0.5533683412428744,2.4458734660638566,2.999241807306731,0.5533683412428744,https://tibia.fandom.com/wiki/Loot_Statistics:Grynch_Clan_Goblin,1169935.0,2026-03-24T12:25:24Z,2026-08-02T17:23:20.466395+00:00,modeled,True,
cr_46e3d772a188,tiger,tiger,tigers,1,4680735,2025-12-03,2026-07-30,93,False,False,False,False,False,https://tibia.fandom.com/wiki/Tiger,1192071.0,2026-06-25T08:12:37Z,Tiger,complete,8294.0,medium,8.6,2.0,2.0,0.0,1.0,0.0,5.963829274174102,5.963829274174102,0.0,https://tibia.fandom.com/wiki/Loot_Statistics:Tiger,1198510.0,2026-07-31T19:39:02Z,2026-08-02T17:23:20.466395+00:00,modeled,True,
cr_53adf74e5cfc,insect swarm,insect swarm,insect swarms,1,4614159,2025-12-03,2026-07-30,93,False,False,False,False,False,,,,,absent,,,,,,,,,,,,,,,,missing_loot_table,False,no current empirical Loot2 table matched; no value imputed
cr_652d1b4f63f3,misguided thief,misguided thief,misguided thieves,1,4567578,2025-12-05,2026-07-30,93,False,False,False,False,False,,,,Misguided Thief,complete,3804.0,medium,8.6,11.0,8.0,3.0,1.0,0.7442166140904312,169.23764458464774,169.98186119873816,0.7442166140904312,https://tibia.fandom.com/wiki/Loot_Statistics:Misguided_Thief,1170062.0,2026-03-24T12:29:57Z,2026-08-02T17:23:20.466395+00:00,modeled,True,
cr_3e14a424e3ca,enraged crystal golem,enraged crystal golem,enraged crystal golems,1,4457386,2025-12-03,2026-07-30,93,False,False,False,False,False,,,,Enraged Crystal Golem,complete,15947.0,high,9.6,9.0,6.0,3.0,1.0,1.0,100.13168621057252,101.13168621057252,1.0,https://tibia.fandom.com/wiki/Loot_Statistics:Enraged_Crystal_Golem,1196409.0,2026-07-15T10:31:14Z,2026-08-02T17:23:20.466395+00:00,modeled,True,
cr_af5c9d837938,darklight construct,darklight construct,darklight constructs,1,4372487,2025-12-05,2026-07-30,73,False,False,False,False,False,,,,Darklight Construct,complete,829.0,low,13.22.14242,10.0,9.0,1.0,1.0,6151.990349819059,811.0373944511459,6963.0277442702045,6151.990349819059,https://tibia.fandom.com/wiki/Loot_Statistics:Darklight_Construct,1198886.0,2026-08-02T10:17:59Z,2026-08-02T17:23:20.466395+00:00,modeled,True,
cr_0d0de3cfc8a8,enslaved dwarf,enslaved dwarf,enslaved dwarfs,1,4338254,2025-12-03,2026-07-30,93,False,False,False,False,False,,,,Enslaved Dwarf,complete,4031.0,medium,9.6,25.0,20.0,5.0,1.0,101.0,515.1823368891095,616.1823368891095,101.0,https://tibia.fandom.com/wiki/Loot_Statistics:Enslaved_Dwarf,1196029.0,2026-07-14T11:02:01Z,2026-08-02T17:23:20.466395+00:00,modeled,True,
cr_ab16aa1c130e,pirate ghost,pirate ghost,pirate ghosts,1,4334287,2025-12-05,2026-07-30,93,False,False,False,False,False,,,,Pirate Ghost,complete,584.0,low,14.12.5229e4,7.0,5.0,2.0,1.0,0.4708904109589041,27.294520547945204,27.76541095890411,0.4708904109589041,https://tibia.fandom.com/wiki/Loot_Statistics:Pirate_Ghost,1196137.0,2026-07-14T11:12:39Z,2026-08-02T17:23:20.466395+00:00,modeled,True,
cr_d54d278ea14c,lava lurker attendant,lava lurker attendant,lava lurker attendants,1,4197838,2025-12-03,2026-07-30,93,False,False,False,False,False,,,,,absent,,,,,,,,,,,,,,,,missing_loot_table,False,no current empirical Loot2 table matched; no value imputed
cr_ba856797a6ed,butterfly,butterfly,butterflies,1,4154700,2025-12-03,2026-07-30,93,False,False,False,False,False,https://tibia.fandom.com/wiki/Butterfly,1198136.0,2026-07-29T17:21:35Z,,absent,,,,,,,,,,,,,,,,missing_loot_table,False,no current empirical Loot2 table matched; no value imputed
cr_0155cd4dbed3,percht,percht,perchts,1,4136665,2025-12-22,2026-01-10,87,False,True,False,False,False,https://tibia.fandom.com/wiki/Percht,1191755.0,2026-06-25T06:50:52Z,Percht,complete,20780.0,high,8.6,18.0,6.0,12.0,1.0,1.0,9931.881616939363,9932.881616939363,1.0,https://tibia.fandom.com/wiki/Loot_Statistics:Percht,1170126.0,2026-03-24T12:32:16Z,2026-08-02T17:23:20.466395+00:00,modeled,True,
cr_db15e7f04b61,angry sugar fairy,angry sugar fairy,angry sugar fairies,1,4131976,2025-12-03,2026-07-30,93,False,False,False,False,False,,,,Angry Sugar Fairy,complete,4365.0,medium,8.6,18.0,17.0,1.0,1.0,92.32531500572738,364.08934707903785,456.4146620847652,92.32531500572738,https://tibia.fandom.com/wiki/Loot_Statistics:Angry_Sugar_Fairy,1198591.0,2026-08-01T16:05:29Z,2026-08-02T17:23:20.466395+00:00,modeled,True,
cr_d2024a5b95a1,orchid frog,orchid frog,orchid frogs,1,4125742,2025-12-05,2026-07-30,93,False,False,False,False,False,,,,Orchid Frog,complete,3454.0,medium,8.6,2.0,2.0,0.0,1.0,0.753329473074696,0.09872611464968153,0.8520555877243775,0.753329473074696,https://tibia.fandom.com/wiki/Loot_Statistics:Orchid_Frog,1198086.0,2026-07-28T23:21:04Z,2026-08-02T17:23:20.466395+00:00,modeled,True,
cr_56b2849df685,massive water elemental,massive water elemental,massive water elementals,1,4119349,2025-12-05,2026-07-30,93,False,False,False,False,False,,,,Massive Water Elemental,complete,631.0,low,14.12.5229e4,12.0,10.0,2.0,1.0,28.416798732171156,40.00633914421553,68.42313787638669,28.416798732171156,https://tibia.fandom.com/wiki/Loot_Statistics:Massive_Water_Elemental,1189231.0,2026-06-14T18:24:39Z,2026-08-02T17:23:20.466395+00:00,modeled,True,
cr_87bc29f9368a,oozing carcass,oozing carcass,oozing carcasses,1,4095771,2025-12-05,2026-07-30,81,False,False,False,False,False,,,,Oozing Carcass,complete,607.0,low,14.12.5229e4,11.0,9.0,2.0,1.0,4217.462932454695,827.5947281713346,5045.057660626029,4217.462932454695,https://tibia.fandom.com/wiki/Loot_Statistics:Oozing_Carcass,1195223.0,2026-07-11T02:59:34Z,2026-08-02T17:23:20.466395+00:00,modeled,True,
cr_3a6cf1cf80c1,efreet,efreet,efreet,1,4091662,2025-12-03,2026-07-30,93,False,False,False,False,False,https://tibia.fandom.com/wiki/Efreet,1191999.0,2026-06-25T07:54:33Z,Efreet,complete,8541.0,medium,8.6,15.0,11.0,4.0,1.0,0.9734223158880693,72.08874839011827,73.06217070600634,0.9734223158880693,https://tibia.fandom.com/wiki/Loot_Statistics:Efreet,1197233.0,2026-07-21T20:44:18Z,2026-08-02T17:23:20.466395+00:00,modeled,True,
cr_a6b3fbfb72a5,mearidion,mearidion,mearidions,1,4081620,2025-12-03,2026-07-30,93,False,False,False,False,False,https://tibia.fandom.com/wiki/Mearidion,926508.0,2022-05-16T11:50:36Z,,absent,,,,,,,,,,,,,,,,missing_loot_table,False,no current empirical Loot2 table matched; no value imputed
cr_90975eaea904,coral frog,coral frog,coral frogs,1,4068390,2025-12-05,2026-07-30,93,False,False,False,False,False,,,,Coral Frog,complete,3602.0,medium,8.6,2.0,2.0,0.0,1.0,0.7573570238756246,0.10688506385341477,0.8642420877290394,0.7573570238756246,https://tibia.fandom.com/wiki/Loot_Statistics:Coral_Frog,1198073.0,2026-07-28T23:19:21Z,2026-08-02T17:23:20.466395+00:00,modeled,True,
cr_59f230686f85,usurper commander,usurper commander,usurper commanders,1,4062856,2025-12-03,2026-07-30,93,False,False,False,False,False,,,,Usurper Commander,complete,5354.0,medium,8.6,18.0,18.0,0.0,1.0,100.0,2271.8933507657835,2371.8933507657835,100.0,https://tibia.fandom.com/wiki/Loot_Statistics:Usurper_Commander,1197591.0,2026-07-24T19:19:05Z,2026-08-02T17:23:20.466395+00:00,modeled,True,
cr_18e391090222,honour guard,honour guard,honour guards,1,4027155,2025-12-05,2026-07-30,92,False,False,False,False,False,,,,Honour Guard,complete,2493.0,medium,14.12.5229e4,7.0,6.0,1.0,1.0,0.4789410348977136,14.813477737665462,15.292418772563176,0.4789410348977136,https://tibia.fandom.com/wiki/Loot_Statistics:Honour_Guard,1198292.0,2026-07-30T21:40:54Z,2026-08-02T17:23:20.466395+00:00,modeled,True,
cr_9b45b50b589b,golden servant,golden servant,golden servants,1,4025131,2025-12-05,2026-07-30,93,False,False,False,False,False,,,,Golden Servant,complete,75383.0,high,9.1,12.0,9.0,3.0,1.0,0.8499927039252881,44.44370746720083,45.29370017112612,0.8499927039252881,https://tibia.fandom.com/wiki/Loot_Statistics:Golden_Servant,1105615.0,2025-06-16T09:17:21Z,2026-08-02T17:23:20.466395+00:00,modeled,True,
cr_2cd4ba93087f,pig,pig,pigs,1,3944721,2025-12-05,2026-07-30,93,False,False,False,False,False,https://tibia.fandom.com/wiki/Pig,1192061.0,2026-06-25T08:08:24Z,Pig,complete,5242.0,medium,8.6,2.0,2.0,0.0,1.0,0.0,1.4299885539870278,1.4299885539870278,0.0,https://tibia.fandom.com/wiki/Loot_Statistics:Pig,1196132.0,2026-07-14T11:12:11Z,2026-08-02T17:23:20.466395+00:00,modeled,True,
cr_98809a34e15d,ogre sage,ogre sage,ogre sages,1,3933226,2025-12-05,2026-07-30,93,False,False,False,False,False,,,,Ogre Sage,complete,1435.0,medium,12.20,15.0,15.0,0.0,1.0,100.0,1030.1637630662021,1130.1637630662021,100.0,https://tibia.fandom.com/wiki/Loot_Statistics:Ogre_Sage,1189342.0,2026-06-15T07:16:15Z,2026-08-02T17:23:20.466395+00:00,modeled,True,
cr_ee9d67079281,true frost flower asura,true frost flower asura,true frost flower asuras,1,3859740,2025-12-05,2026-07-30,93,False,False,False,False,False,,,,True Frost Flower Asura,complete,856.0,low,13.22.14242,32.0,28.0,4.0,1.0,627.4532710280374,1549.7313084112145,2177.184579439252,627.4532710280374,https://tibia.fandom.com/wiki/Loot_Statistics:True_Frost_Flower_Asura,1198895.0,2026-08-02T10:18:11Z,2026-08-02T17:23:20.466395+00:00,modeled,True,
cr_24e91cf69830,schiach,schiach,schiaches,1,3771411,2025-12-22,2026-01-10,87,False,True,False,False,False,https://tibia.fandom.com/wiki/Schiach,1191756.0,2026-06-25T06:50:54Z,Schiach,complete,19028.0,high,8.6,18.0,6.0,12.0,1.0,1.0,270.06726928736595,271.06726928736595,1.0,https://tibia.fandom.com/wiki/Loot_Statistics:Schiach,1170192.0,2026-03-24T12:34:31Z,2026-08-02T17:23:20.466395+00:00,modeled,True,
cr_af0990d2e723,dwarf geomancer,dwarf geomancer,dwarf geomancers,1,3725021,2025-12-03,2026-07-30,93,False,False,False,False,False,,,,Dwarf Geomancer,complete,4801.0,medium,8.6,13.0,11.0,2.0,1.0,0.7527598416996459,36.43261820454072,37.18537804624036,0.7527598416996459,https://tibia.fandom.com/wiki/Loot_Statistics:Dwarf_Geomancer,1198480.0,2026-07-31T19:29:11Z,2026-08-02T17:23:20.466395+00:00,modeled,True,
cr_c338143936c1,candy floss elemental,candy floss elemental,candy floss elementals,1,3704873,2025-12-03,2026-07-30,93,False,False,False,False,False,,,,Candy Floss Elemental,complete,976.0,low,14.12.5229e4,14.0,11.0,3.0,1.0,86.61782786885246,234.76434426229508,321.3821721311475,86.61782786885246,https://tibia.fandom.com/wiki/Loot_Statistics:Candy_Floss_Elemental,1190845.0,2026-06-21T07:22:30Z,2026-08-02T17:23:20.466395+00:00,modeled,True,
cr_415e03258e35,jungle moa,jungle moa,jungle moas,1,3690594,2025-12-05,2026-07-30,93,False,False,False,False,False,,,,Jungle Moa,complete,4380.0,medium,8.6,9.0,8.0,1.0,1.0,1.0,236.61643835616437,237.61643835616437,1.0,https://tibia.fandom.com/wiki/Loot_Statistics:Jungle_Moa,1198166.0,2026-07-29T22:55:34Z,2026-08-02T17:23:20.466395+00:00,modeled,True,
cr_1cc32c5bbf5d,shaburak demon,shaburak demon,shaburak demons,1,3675086,2025-12-05,2026-07-30,93,False,False,False,False,False,,,,Shaburak Demon,complete,22442.0,high,9.1,12.0,7.0,5.0,1.0,0.9708136529721059,58.570982978344176,59.54179663131628,0.9708136529721059,https://tibia.fandom.com/wiki/Loot_Statistics:Shaburak_Demon,1149257.0,2025-12-10T22:15:26Z,2026-08-02T17:23:20.466395+00:00,modeled,True,
cr_0499bfcf0f69,askarak demon,askarak demon,askarak demons,1,3571374,2025-12-05,2026-07-30,93,False,False,False,False,False,,,,Askarak Demon,complete,177.0,low,14.11.0fbf6c,10.0,5.0,5.0,1.0,78.35593220338983,20.056497175141246,98.41242937853107,78.35593220338983,https://tibia.fandom.com/wiki/Loot_Statistics:Askarak_Demon,1102743.0,2025-05-10T23:44:48Z,2026-08-02T17:23:20.466395+00:00,modeled,True,
cr_0376d0a920a3,honey elemental,honey elemental,honey elementals,1,3539573,2025-12-05,2026-07-30,93,False,False,False,False,False,,,,Honey Elemental,complete,1978.0,medium,14.12.5229e4,13.0,11.0,2.0,1.0,85.22649140546005,231.74418604651166,316.9706774519717,85.22649140546005,https://tibia.fandom.com/wiki/Loot_Statistics:Honey_Elemental,1198607.0,2026-08-01T16:05:44Z,2026-08-02T17:23:20.466395+00:00,modeled,True,
cr_5b212614e4b5,armadile,armadile,armadiles,1,3534066,2025-12-03,2026-07-30,92,False,False,False,False,False,https://tibia.fandom.com/wiki/Armadile,1192013.0,2026-06-25T07:57:51Z,Armadile,insufficient_sample,49.0,insufficient,15.24.95dcf3,16.0,9.0,7.0,1.0,,,,,https://tibia.fandom.com/wiki/Loot_Statistics:Armadile,1195967.0,2026-07-14T10:55:32Z,2026-08-02T17:23:20.466395+00:00,insufficient_sample,False,empirical loot sample below 100 kills
cr_62dea7040151,meandering mushroom,meandering mushroom,meandering mushrooms,1,3457302,2025-12-05,2026-07-30,80,False,False,False,False,False,,,,Meandering Mushroom,complete,387.0,low,14.00.7103e2,11.0,9.0,2.0,1.0,5271.3178294573645,532.5374677002584,5803.855297157623,5271.3178294573645,https://tibia.fandom.com/wiki/Loot_Statistics:Meandering_Mushroom,1195222.0,2026-07-11T02:59:33Z,2026-08-02T17:23:20.466395+00:00,modeled,True,
cr_693eb9f2b7e4,shaper matriarch,shaper matriarch,shaper matriarches,1,3435368,2025-12-05,2026-07-30,93,False,False,False,False,False,,,,Shaper Matriarch,complete,6879.0,medium,8.6,20.0,15.0,5.0,1.0,81.33144352376799,400.3648786160779,481.69632213984585,81.33144352376799,https://tibia.fandom.com/wiki/Loot_Statistics:Shaper_Matriarch,1196166.0,2026-07-14T11:15:26Z,2026-08-02T17:23:20.466395+00:00,modeled,True,
cr_e1310c98d50b,damaged worker golem,damaged worker golem,damaged worker golems,1,3434090,2025-12-03,2026-07-30,93,False,False,False,False,False,,,,Damaged Worker Golem,complete,6582.0,medium,8.6,6.0,5.0,1.0,1.0,0.6850501367365542,3.1267092069279854,3.81175934366454,0.6850501367365542,https://tibia.fandom.com/wiki/Loot_Statistics:Damaged_Worker_Golem,1189823.0,2026-06-16T22:34:22Z,2026-08-02T17:23:20.466395+00:00,modeled,True,
cr_14c06474bec5,flamingo,flamingo,flamingos,1,3400744,2025-12-05,2026-07-30,93,False,False,False,False,False,https://tibia.fandom.com/wiki/Flamingo,1191599.0,2026-06-25T06:29:36Z,Flamingo,complete,14616.0,high,8.6,1.0,1.0,0.0,1.0,0.0,0.20388615216201422,0.20388615216201422,0.0,https://tibia.fandom.com/wiki/Loot_Statistics:Flamingo,1198578.0,2026-08-01T12:15:09Z,2026-08-02T17:23:20.466395+00:00,modeled,True,
cr_7a78eb663e8c,spidris elite,spidris elite,spidris elite,1,3389998,2025-12-05,2026-07-30,93,False,False,False,False,False,https://tibia.fandom.com/wiki/Spidris_Elite,1192325.0,2026-06-25T08:38:59Z,Spidris Elite,complete,5825.0,medium,9.4,14.0,12.0,2.0,1.0,44.1919313304721,1252.1115879828326,1296.3035193133046,44.1919313304721,https://tibia.fandom.com/wiki/Loot_Statistics:Spidris_Elite,1177826.0,2026-04-23T13:58:23Z,2026-08-02T17:23:20.466395+00:00,modeled,True,
cr_d99bd93f4094,silver rabbit,silver rabbit,silver rabbits,1,3384647,2025-12-05,2026-07-30,93,False,False,False,False,False,,,,Silver Rabbit,complete,7388.0,medium,8.6,3.0,3.0,0.0,1.0,0.0,12.108825121819164,12.108825121819164,0.0,https://tibia.fandom.com/wiki/Loot_Statistics:Silver_Rabbit,1198542.0,2026-08-01T08:58:42Z,2026-08-02T17:23:20.466395+00:00,modeled,True,
cr_a2eaea3cce5f,shadow pupil,shadow pupil,shadow pupils,1,3373805,2025-12-05,2026-07-30,93,False,False,False,False,False,,,,Shadow Pupil,complete,6564.0,medium,10.1,11.0,9.0,2.0,1.0,1.0,53.18860450944546,54.18860450944546,1.0,https://tibia.fandom.com/wiki/Loot_Statistics:Shadow_Pupil,1195421.0,2026-07-12T11:44:32Z,2026-08-02T17:23:20.466395+00:00,modeled,True,
cr_b676bd1952ba,rift invader,rift invader,rift invaders,1,3357792,2025-12-05,2026-07-30,88,False,False,False,False,False,,,,,absent,,,,,,,,,,,,,,,,missing_loot_table,False,no current empirical Loot2 table matched; no value imputed
cr_e6d9f1c2e223,ladybug,ladybug,ladybugs,1,3356513,2025-12-05,2026-07-30,79,False,False,False,False,False,https://tibia.fandom.com/wiki/Ladybug,1192317.0,2026-06-25T08:38:39Z,Ladybug,complete,18965.0,high,9.4,1.0,1.0,0.0,1.0,0.649301344582125,0.0,0.649301344582125,0.649301344582125,https://tibia.fandom.com/wiki/Loot_Statistics:Ladybug,1197991.0,2026-07-27T20:34:42Z,2026-08-02T17:23:20.466395+00:00,modeled,True,
cr_bf3acbf92b3c,jellyfish,jellyfish,jellyfish,1,3345168,2025-12-03,2026-07-30,93,False,False,False,False,False,https://tibia.fandom.com/wiki/Jellyfish,1191580.0,2026-06-25T06:25:45Z,Jellyfish,complete,10823.0,high,9.4,1.0,0.0,1.0,1.0,0.0,0.0,0.0,0.0,https://tibia.fandom.com/wiki/Loot_Statistics:Jellyfish,1195472.0,2026-07-12T13:56:49Z,2026-08-02T17:23:20.466395+00:00,modeled,True,
cr_dc90cabbbf90,drowned deck hand,drowned deck hand,drowned deck hands,1,3337557,2025-12-03,2026-07-30,93,False,False,False,False,False,,,,,absent,,,,,,,,,,,,,,,,missing_loot_table,False,no current empirical Loot2 table matched; no value imputed
cr_9f3a473377eb,blood hand,blood hand,blood hands,1,3327860,2025-12-05,2026-07-30,93,False,False,False,False,False,,,,Blood Hand,complete,7008.0,medium,10.1,17.0,16.0,1.0,1.0,1.0,228.32334474885843,229.32334474885843,1.0,https://tibia.fandom.com/wiki/Loot_Statistics:Blood_Hand,1187968.0,2026-06-01T15:44:25Z,2026-08-02T17:23:20.466395+00:00,modeled,True,
cr_251585f74e1b,hardened usurper warlock,hardened usurper warlock,hardened usurper warlocks,1,3296780,2025-12-03,2026-07-30,93,False,False,False,False,False,,,,,absent,,,,,,,,,,,,,,,,missing_loot_table,False,no current empirical Loot2 table matched; no value imputed
cr_53b58d796b7a,courage leech,courage leech,courage leeches,1,3280065,2025-12-05,2026-07-30,87,False,False,False,False,False,,,,Courage Leech,complete,9892.0,medium,12.66.10866,15.0,14.0,1.0,1.0,6011.928831378892,1910.6348564496566,7922.563687828549,6011.928831378892,https://tibia.fandom.com/wiki/Loot_Statistics:Courage_Leech,1193553.0,2026-07-01T15:29:59Z,2026-08-02T17:23:20.466395+00:00,modeled,True,
cr_f91a8ee646a2,panda,panda,pandas,1,3234654,2025-12-03,2026-07-30,93,False,False,False,False,False,https://tibia.fandom.com/wiki/Panda,1192070.0,2026-06-25T08:12:35Z,Panda,complete,2204.0,medium,8.6,3.0,3.0,0.0,1.0,0.0,5.834845735027223,5.834845735027223,0.0,https://tibia.fandom.com/wiki/Loot_Statistics:Panda,1197951.0,2026-07-27T18:49:29Z,2026-08-02T17:23:20.466395+00:00,modeled,True,
cr_95dfb8dc6720,orc marauder,orc marauder,orc marauders,1,3218276,2025-12-05,2026-07-30,93,False,False,False,False,False,,,,Orc Marauder,complete,17850.0,high,8.6,11.0,11.0,0.0,1.0,0.5523809523809524,37.65338935574229,38.20577030812324,0.5523809523809524,https://tibia.fandom.com/wiki/Loot_Statistics:Orc_Marauder,1196639.0,2026-07-17T00:17:11Z,2026-08-02T17:23:20.466395+00:00,modeled,True,
cr_295b3d80170f,mercurial menace,mercurial menace,mercurial menaces,1,3206121,2025-12-05,2026-07-30,89,False,False,False,False,False,,,,Mercurial Menace,complete,688.0,low,14.00.7103e2,12.0,12.0,0.0,1.0,2165.6976744186045,940.4796511627907,3106.177325581395,2165.6976744186045,https://tibia.fandom.com/wiki/Loot_Statistics:Mercurial_Menace,1196786.0,2026-07-18T01:16:16Z,2026-08-02T17:23:20.466395+00:00,modeled,True,
cr_967979e47a62,shrieking cry-stal,shrieking cry-stal,shrieking cry-stals,1,3198461,2025-12-05,2026-07-30,88,False,False,False,False,False,,,,Shrieking Cry-Stal,complete,662.0,low,14.00.7103e2,12.0,10.0,2.0,1.0,2265.861027190332,846.6767371601208,3112.537764350453,2265.861027190332,https://tibia.fandom.com/wiki/Loot_Statistics:Shrieking_Cry-Stal,1170207.0,2026-03-24T12:35:03Z,2026-08-02T17:23:20.466395+00:00,modeled,True,
cr_5a7094e8296f,hardened usurper knight,hardened usurper knight,hardened usurper knights,1,3180812,2025-12-03,2026-07-30,93,False,False,False,False,False,,,,,absent,,,,,,,,,,,,,,,,missing_loot_table,False,no current empirical Loot2 table matched; no value imputed
cr_94207238d2a8,marid,marid,marid,1,3169955,2025-12-05,2026-07-30,93,False,False,False,False,False,https://tibia.fandom.com/wiki/Marid,1192000.0,2026-06-25T07:54:36Z,Marid,complete,10647.0,high,8.6,17.0,12.0,5.0,1.0,0.9691931999624307,83.62167746783132,84.59087066779375,0.9691931999624307,https://tibia.fandom.com/wiki/Loot_Statistics:Marid,1197239.0,2026-07-21T20:44:24Z,2026-08-02T17:23:20.466395+00:00,modeled,True,
cr_0903a14b7065,seagull,seagull,seagulls,1,3048301,2025-12-03,2026-07-30,93,False,False,False,False,False,https://tibia.fandom.com/wiki/Seagull,1191604.0,2026-06-25T06:31:44Z,Seagull,complete,5057.0,medium,8.6,0.0,0.0,0.0,1.0,0.0,0.0,0.0,0.0,https://tibia.fandom.com/wiki/Loot_Statistics:Seagull,1198519.0,2026-07-31T19:46:12Z,2026-08-02T17:23:20.466395+00:00,modeled,True,
cr_bdbbba2bbbfe,lion warlock,lion warlock,lion warlocks,1,3016123,2025-12-03,2026-07-30,93,False,False,False,False,False,,,,Lion Warlock,insufficient_sample,33.0,insufficient,8.6,0.0,0.0,0.0,1.0,,,,,https://tibia.fandom.com/wiki/Loot_Statistics:Lion_Warlock,1187209.0,2026-05-24T21:11:11Z,2026-08-02T17:23:20.466395+00:00,insufficient_sample,False,empirical loot sample below 100 kills
cr_e1373fe4dd32,ragged rabid wolves,ragged rabid wolves,ragged rabid wolves,1,2997224,2025-12-03,2026-07-30,93,False,False,False,False,False,,,,,absent,,,,,,,,,,,,,,,,missing_loot_table,False,no current empirical Loot2 table matched; no value imputed
cr_5319c6bc5a88,deathspawn,deathspawn,deathspawns,1,2929026,2025-12-05,2026-07-30,93,False,False,False,False,False,https://tibia.fandom.com/wiki/Deathspawn,1181688.0,2026-05-02T22:36:05Z,,absent,,,,,,,,,,,,,,,,missing_loot_table,False,no current empirical Loot2 table matched; no value imputed
cr_642c0df33b67,skunk,skunk,skunks,1,2901467,2025-12-03,2026-07-30,93,False,False,False,False,False,https://tibia.fandom.com/wiki/Skunk,1192065.0,2026-06-25T08:08:33Z,Skunk,complete,8343.0,medium,8.6,2.0,1.0,1.0,1.0,0.0,0.5094090854608654,0.5094090854608654,0.0,https://tibia.fandom.com/wiki/Loot_Statistics:Skunk,1198506.0,2026-07-31T19:38:57Z,2026-08-02T17:23:20.466395+00:00,modeled,True,
cr_d2a78e04fed2,lacewing moth,lacewing moth,lacewing moths,1,2870018,2025-12-03,2026-07-30,93,False,False,False,False,False,,,,Lacewing Moth,complete,2556.0,medium,12.00,0.0,0.0,0.0,1.0,0.0,0.0,0.0,0.0,https://tibia.fandom.com/wiki/Loot_Statistics:Lacewing_Moth,1186366.0,2026-05-19T14:19:08Z,2026-08-02T17:23:20.466395+00:00,modeled,True,
cr_e49512524f47,dog,dog,dogs,1,2858797,2025-12-03,2026-07-30,93,False,False,False,False,False,https://tibia.fandom.com/wiki/Dog,1192056.0,2026-06-25T08:08:12Z,Dog,complete,4630.0,medium,8.6,0.0,0.0,0.0,1.0,0.0,0.0,0.0,0.0,https://tibia.fandom.com/wiki/Loot_Statistics:Dog,1198601.0,2026-08-01T16:05:38Z,2026-08-02T17:23:20.466395+00:00,modeled,True,
cr_3e2bc6af9994,squirrel,squirrel,squirrels,1,2840816,2025-12-03,2026-07-30,93,False,False,False,False,False,https://tibia.fandom.com/wiki/Squirrel,1192076.0,2026-06-25T08:12:49Z,Squirrel,complete,8691.0,medium,8.6,3.0,2.0,1.0,1.0,0.0,4.589805545967092,4.589805545967092,0.0,https://tibia.fandom.com/wiki/Loot_Statistics:Squirrel,1198520.0,2026-07-31T19:46:13Z,2026-08-02T17:23:20.466395+00:00,modeled,True,
cr_7a9e1751f1ce,rotten man-maggot,rotten man-maggot,rotten man-maggots,1,2827643,2025-12-05,2026-07-30,79,False,False,False,False,False,,,,Rotten Man-Maggot,complete,331.0,low,14.00.7103e2,9.0,8.0,1.0,1.0,4471.299093655589,813.2930513595167,5284.592145015105,4471.299093655589,https://tibia.fandom.com/wiki/Loot_Statistics:Rotten_Man-Maggot,1195224.0,2026-07-11T02:59:35Z,2026-08-02T17:23:20.466395+00:00,modeled,True,
cr_2f798d19995a,stone devourer,stone devourer,stone devourers,1,2817524,2025-12-03,2026-07-30,92,False,False,False,False,False,,,,Stone Devourer,insufficient_sample,35.0,insufficient,15.24.95dcf3,17.0,11.0,6.0,1.0,,,,,https://tibia.fandom.com/wiki/Loot_Statistics:Stone_Devourer,1196178.0,2026-07-14T11:16:34Z,2026-08-02T17:23:20.466395+00:00,insufficient_sample,False,empirical loot sample below 100 kills
cr_e12c249ad80e,carnivorous butterfly,carnivorous butterfly,carnivorous butterflies,1,2760310,2025-12-05,2026-07-30,93,False,False,False,False,False,,,,,absent,,,,,,,,,,,,,,,,missing_loot_table,False,no current empirical Loot2 table matched; no value imputed
cr_a2fff3738704,mole,mole,moles,1,2750755,2025-12-05,2026-07-30,93,False,False,False,False,False,https://tibia.fandom.com/wiki/Mole,1192102.0,2026-06-25T08:16:15Z,Mole,complete,1831.0,medium,8.6,1.0,1.0,0.0,1.0,0.801201529219006,0.0,0.801201529219006,0.801201529219006,https://tibia.fandom.com/wiki/Loot_Statistics:Mole,1195017.0,2026-07-08T22:37:14Z,2026-08-02T17:23:20.466395+00:00,modeled,True,
cr_08c64518b73f,cave parrot,cave parrot,cave parrots,1,2749620,2025-12-05,2026-07-30,93,False,False,False,False,False,,,,Cave Parrot,complete,3147.0,medium,8.6,0.0,0.0,0.0,1.0,0.0,0.0,0.0,0.0,https://tibia.fandom.com/wiki/Loot_Statistics:Cave_Parrot,1197495.0,2026-07-23T07:31:14Z,2026-08-02T17:23:20.466395+00:00,modeled,True,
cr_56bb582198ec,bony sea devil,bony sea devil,bony sea devils,1,2747514,2025-12-05,2026-07-30,84,False,False,False,False,False,,,,Bony Sea Devil,complete,1923.0,medium,14.12.5229e4,19.0,18.0,1.0,1.0,3577.743109724389,2073.3749349973996,5651.1180447217885,3577.743109724389,https://tibia.fandom.com/wiki/Loot_Statistics:Bony_Sea_Devil,1192580.0,2026-06-27T16:02:04Z,2026-08-02T17:23:20.466395+00:00,modeled,True,
cr_9d989e8d27dc,cat,cat,cats,1,2666979,2025-12-03,2026-07-30,93,False,False,False,False,False,https://tibia.fandom.com/wiki/Cat,1192077.0,2026-06-25T08:12:51Z,Cat,complete,4309.0,medium,8.6,0.0,0.0,0.0,1.0,0.0,0.0,0.0,0.0,https://tibia.fandom.com/wiki/Loot_Statistics:Cat,1198041.0,2026-07-28T19:33:07Z,2026-08-02T17:23:20.466395+00:00,modeled,True,
cr_44a172de1f4c,dromedary,dromedary,dromedaries,1,2634237,2025-12-03,2026-07-30,93,False,False,False,False,False,https://tibia.fandom.com/wiki/Dromedary,1192090.0,2026-06-25T08:15:45Z,Dromedary,complete,4005.0,medium,9.1,1.0,1.0,0.0,1.0,0.0,0.69812734082397,0.69812734082397,0.0,https://tibia.fandom.com/wiki/Loot_Statistics:Dromedary,1198553.0,2026-08-01T11:21:36Z,2026-08-02T17:23:20.466395+00:00,modeled,True,
cr_86e7cc083663,cheeky sugar cube,cheeky sugar cube,cheeky sugar cubes,1,2634111,2025-12-05,2026-07-30,93,False,False,False,False,False,,,,Cheeky Sugar Cube,complete,1945.0,medium,8.6,0.0,0.0,0.0,1.0,0.0,0.0,0.0,0.0,https://tibia.fandom.com/wiki/Loot_Statistics:Cheeky_Sugar_Cube,1198595.0,2026-08-01T16:05:33Z,2026-08-02T17:23:20.466395+00:00,modeled,True,
cr_37da87dc08aa,many faces,many faces,many faces,1,2624966,2025-12-05,2026-07-30,85,False,False,False,False,False,,,,Many Faces,complete,9963.0,medium,12.66.10866,16.0,15.0,1.0,1.0,5584.663254039948,1893.8974204556857,7478.560674495633,5584.663254039948,https://tibia.fandom.com/wiki/Loot_Statistics:Many_Faces,1192597.0,2026-06-27T16:02:28Z,2026-08-02T17:23:20.466395+00:00,modeled,True,
cr_43ae54517b92,truffle worker,truffle worker,truffle workers,1,2570698,2025-12-05,2026-07-30,93,False,False,False,False,False,,,,Truffle Worker,complete,2266.0,medium,8.6,0.0,0.0,0.0,1.0,0.0,0.0,0.0,0.0,https://tibia.fandom.com/wiki/Loot_Statistics:Truffle_Worker,1196420.0,2026-07-15T10:31:29Z,2026-08-02T17:23:20.466395+00:00,modeled,True,
cr_f4e9d04b1ea2,infernal demon,infernal demon,infernal demons,1,2563829,2025-12-05,2026-07-30,88,False,False,False,False,False,,,,Infernal Demon,complete,240.0,low,15.11.b91244,16.0,15.0,1.0,1.0,4916.666666666666,1720.8333333333333,6637.499999999999,4916.666666666666,https://tibia.fandom.com/wiki/Loot_Statistics:Infernal_Demon,1197827.0,2026-07-26T20:22:51Z,2026-08-02T17:23:20.466395+00:00,modeled,True,
cr_69a01050d51e,vibrant phantom,vibrant phantom,vibrant phantoms,1,2552433,2025-12-05,2026-07-30,87,False,False,False,False,False,,,,Vibrant Phantom,complete,2231.0,medium,14.12.5229e4,17.0,16.0,1.0,1.0,5589.421783953384,2375.1232631107123,7964.545047064096,5589.421783953384,https://tibia.fandom.com/wiki/Loot_Statistics:Vibrant_Phantom,1193661.0,2026-07-01T15:39:49Z,2026-08-02T17:23:20.466395+00:00,modeled,True,
cr_c02cc175d7ab,mint drop,mint drop,mint drops,1,2531752,2025-12-05,2026-07-30,93,False,False,False,False,False,,,,Mint Drop,complete,2263.0,medium,8.6,0.0,0.0,0.0,1.0,0.0,0.0,0.0,0.0,https://tibia.fandom.com/wiki/Loot_Statistics:Mint_Drop,1196414.0,2026-07-15T10:31:21Z,2026-08-02T17:23:20.466395+00:00,modeled,True,
cr_5002fd0c6f31,spyrat,spyrat,spyrats,1,2519334,2025-12-05,2026-07-30,93,False,False,False,False,False,https://tibia.fandom.com/wiki/Spyrat,1164153.0,2026-02-21T19:53:12Z,,absent,,,,,,,,,,,,,,,,missing_loot_table,False,no current empirical Loot2 table matched; no value imputed
cr_b7609034e1e2,domestikion,domestikion,domestikions,1,2498477,2025-12-03,2026-07-30,93,False,False,False,False,False,https://tibia.fandom.com/wiki/Domestikion,926506.0,2022-05-16T11:49:39Z,,absent,,,,,,,,,,,,,,,,missing_loot_table,False,no current empirical Loot2 table matched; no value imputed
cr_79ed03bc0909,iks churrascan,iks churrascan,iks churrascans,1,2474798,2025-12-05,2026-07-30,93,False,False,False,False,False,,,,Iks Churrascan,complete,1287.0,medium,14.12.5229e4,9.0,9.0,0.0,1.0,1.0,146.03729603729604,147.03729603729604,1.0,https://tibia.fandom.com/wiki/Loot_Statistics:Iks_Churrascan,1197774.0,2026-07-26T16:15:06Z,2026-08-02T17:23:20.466395+00:00,modeled,True,
cr_7eede7352f6d,crusader guardian,crusader guardian,crusader guardians,1,2458255,2025-12-05,2026-07-30,93,False,False,False,False,False,,,,,absent,,,,,,,,,,,,,,,,missing_loot_table,False,no current empirical Loot2 table matched; no value imputed
cr_c3816bcbe785,infernal phantom,infernal phantom,infernal phantoms,1,2419728,2025-12-05,2026-07-30,88,False,False,False,False,False,,,,Infernal Phantom,complete,191.0,low,15.11.b91244,18.0,17.0,1.0,1.0,4607.329842931937,2489.528795811518,7096.858638743455,4607.329842931937,https://tibia.fandom.com/wiki/Loot_Statistics:Infernal_Phantom,1197828.0,2026-07-26T20:22:53Z,2026-08-02T17:23:20.466395+00:00,modeled,True,
cr_04d704353e7f,hibernal moth,hibernal moth,hibernal moths,1,2400347,2025-12-03,2026-07-30,93,False,False,False,False,False,,,,Hibernal Moth,complete,2055.0,medium,12.00,0.0,0.0,0.0,1.0,0.0,0.0,0.0,0.0,https://tibia.fandom.com/wiki/Loot_Statistics:Hibernal_Moth,1177736.0,2026-04-23T13:55:09Z,2026-08-02T17:23:20.466395+00:00,modeled,True,
cr_28ad8a88b482,hoodinion,hoodinion,hoodinions,1,2369121,2025-12-03,2026-07-30,93,False,False,False,False,False,https://tibia.fandom.com/wiki/Hoodinion,926507.0,2022-05-16T11:50:22Z,,absent,,,,,,,,,,,,,,,,missing_loot_table,False,no current empirical Loot2 table matched; no value imputed
cr_c4049d9a96e6,noble lion,noble lion,noble lions,1,2368574,2025-12-05,2026-07-30,93,False,False,False,False,False,,,,Noble Lion,complete,2759.0,medium,10.7,4.0,4.0,0.0,1.0,1.0,13.889815150416817,14.889815150416817,1.0,https://tibia.fandom.com/wiki/Loot_Statistics:Noble_Lion,1198558.0,2026-08-01T11:21:41Z,2026-08-02T17:23:20.466395+00:00,modeled,True,
cr_57fe0225d9bd,turbulent elemental,turbulent elemental,turbulent elementals,1,2338293,2025-12-05,2026-07-30,81,False,False,False,False,False,,,,Turbulent Elemental,complete,1209.0,medium,14.12.5229e4,16.0,15.0,1.0,1.0,3573.200992555831,1918.1555004135648,5491.356492969396,3573.200992555831,https://tibia.fandom.com/wiki/Loot_Statistics:Turbulent_Elemental,1192593.0,2026-06-27T16:02:23Z,2026-08-02T17:23:20.466395+00:00,modeled,True,
cr_64875fcccaac,fish,fish,fish,1,2336375,2025-12-03,2026-07-30,93,False,False,False,False,False,https://tibia.fandom.com/wiki/Fish,1113662.0,2025-07-25T21:29:53Z,,absent,,,,,,,,,,,,,,,,missing_loot_table,False,no current empirical Loot2 table matched; no value imputed
cr_ee545deca3fa,white tiger,white tiger,white tigers,1,2318885,2025-12-05,2026-07-30,93,False,False,False,False,False,,,,White Tiger,complete,2659.0,medium,8.6,2.0,2.0,0.0,1.0,0.0,5.3576532531026695,5.3576532531026695,0.0,https://tibia.fandom.com/wiki/Loot_Statistics:White_Tiger,1198877.0,2026-08-02T09:56:55Z,2026-08-02T17:23:20.466395+00:00,modeled,True,
cr_b3d30ef74673,son of Verminor,son of verminor,sons of verminor,1,2302559,2025-12-05,2026-07-30,93,False,False,False,False,False,https://tibia.fandom.com/wiki/Son_of_Verminor,1192206.0,2026-06-25T08:26:11Z,,absent,,,,,,,,,,,,,,,,missing_loot_table,False,no current empirical Loot2 table matched; no value imputed
cr_e76da7ab2563,lava lurker,lava lurker,lava lurkers,1,2217328,2025-12-05,2026-07-30,92,False,False,False,False,False,,,,Lava Lurker,complete,400.0,low,14.12.5229e4,2.0,2.0,0.0,1.0,0.0,35.625,35.625,0.0,https://tibia.fandom.com/wiki/Loot_Statistics:Lava_Lurker,1198875.0,2026-08-02T09:56:52Z,2026-08-02T17:23:20.466395+00:00,modeled,True,
cr_86d181fee620,sea captain,sea captain,sea captains,1,2213011,2026-03-17,2026-07-30,93,False,False,False,False,False,,,,Sea Captain,complete,794.0,low,15.24.c50b3f,12.0,5.0,7.0,1.0,1.0,47.05289672544081,48.05289672544081,1.0,https://tibia.fandom.com/wiki/Loot_Statistics:Sea_Captain,1197926.0,2026-07-27T18:47:12Z,2026-08-02T17:23:20.466395+00:00,modeled,True,
cr_10fa3eedb2fe,sopping carcass,sopping carcass,sopping carcasses,1,2194645,2025-12-05,2026-07-30,82,False,False,False,False,False,,,,Sopping Carcass,complete,338.0,low,14.12.5229e4,11.0,9.0,2.0,1.0,5059.171597633136,1831.8047337278106,6890.9763313609465,5059.171597633136,https://tibia.fandom.com/wiki/Loot_Statistics:Sopping_Carcass,1195225.0,2026-07-11T02:59:36Z,2026-08-02T17:23:20.466395+00:00,modeled,True,
cr_59a460743286,parasite,parasite,parasites,1,2161872,2025-12-03,2026-07-30,93,False,False,False,False,False,https://tibia.fandom.com/wiki/Parasite,928088.0,2022-05-28T17:40:15Z,Parasite,insufficient_sample,5.0,insufficient,8.6,0.0,0.0,0.0,1.0,,,,,https://tibia.fandom.com/wiki/Loot_Statistics:Parasite,464994.0,2012-09-24T17:14:41Z,2026-08-02T17:23:20.466395+00:00,insufficient_sample,False,empirical loot sample below 100 kills
cr_1974cd1d7b9b,green frog,green frog,green frogs,1,2161461,2025-12-05,2026-07-30,93,False,False,False,False,False,,,,Green Frog,complete,2703.0,medium,8.6,0.0,0.0,0.0,1.0,0.0,0.0,0.0,0.0,https://tibia.fandom.com/wiki/Loot_Statistics:Green_Frog,1198318.0,2026-07-30T22:31:28Z,2026-08-02T17:23:20.466395+00:00,modeled,True,
cr_3000eabfae45,lizard commander,lizard commander,lizard commanders,1,2132493,2026-03-17,2026-07-30,93,False,False,False,False,False,,,,Lizard Commander,complete,316.0,low,8.6,9.0,7.0,2.0,1.0,0.7436708860759493,87.78481012658227,88.52848101265822,0.7436708860759493,https://tibia.fandom.com/wiki/Loot_Statistics:Lizard_Commander,1198581.0,2026-08-01T12:15:12Z,2026-08-02T17:23:20.466395+00:00,modeled,True,
cr_764c4bb76b4a,abyssal calamary,abyssal calamary,abyssal calamaries,1,2103150,2025-12-05,2026-07-30,93,False,False,False,False,False,,,,Abyssal Calamary,complete,3611.0,medium,10.7,7.0,6.0,1.0,1.0,0.0,7.8698421489892,7.8698421489892,0.0,https://tibia.fandom.com/wiki/Loot_Statistics:Abyssal_Calamary,1193101.0,2026-06-29T18:41:30Z,2026-08-02T17:23:20.466395+00:00,modeled,True,
cr_a2858eb7c50d,cursed prospector,cursed prospector,cursed prospectors,1,2084599,2025-12-03,2026-07-30,93,False,False,False,False,False,,,,Cursed Prospector,complete,2353.0,medium,15.03.afe753,13.0,11.0,2.0,1.0,100.0,381.9592010199745,481.9592010199745,100.0,https://tibia.fandom.com/wiki/Loot_Statistics:Cursed_Prospector,1196005.0,2026-07-14T10:59:31Z,2026-08-02T17:23:20.466395+00:00,modeled,True,
cr_d2f3f914add4,bellicose orger,bellicose orger,bellicose orgers,1,2053917,2026-03-13,2026-03-20,90,False,False,False,False,False,,,,Bellicose Orger,complete,16965.0,high,12.31.9593,13.0,9.0,4.0,1.0,50.215148835838484,87.81237842617152,138.02752726201,50.215148835838484,https://tibia.fandom.com/wiki/Loot_Statistics:Bellicose_Orger,1172511.0,2026-04-06T16:43:19Z,2026-08-02T17:23:20.466395+00:00,modeled,True,
cr_95f65dee52a7,wisp,wisp,wisps,1,1992351,2025-12-03,2026-07-30,93,False,False,False,False,False,https://tibia.fandom.com/wiki/Wisp,1191745.0,2026-06-25T06:50:29Z,Wisp,complete,14852.0,high,8.6,1.0,0.0,1.0,1.0,0.0,0.0,0.0,0.0,https://tibia.fandom.com/wiki/Loot_Statistics:Wisp,1198512.0,2026-07-31T19:39:05Z,2026-08-02T17:23:20.466395+00:00,modeled,True,
cr_e72330292664,tarnished spirit,tarnished spirit,tarnished spirits,1,1990901,2025-12-05,2026-07-30,93,False,False,False,False,False,,,,Tarnished Spirit,complete,652.0,low,14.12.5229e4,9.0,7.0,2.0,1.0,0.0,47.194785276073624,47.194785276073624,0.0,https://tibia.fandom.com/wiki/Loot_Statistics:Tarnished_Spirit,1188120.0,2026-06-01T15:47:13Z,2026-08-02T17:23:20.466395+00:00,modeled,True,
cr_4b7561e8f77f,dryad,dryad,dryads,1,1953293,2026-06-01,2026-07-01,93,False,True,False,False,False,https://tibia.fandom.com/wiki/Dryad,1191744.0,2026-06-25T06:50:27Z,Dryad,complete,30370.0,high,8.6,10.0,9.0,1.0,1.0,0.39739874876522885,36.595521896608496,36.99292064537372,0.39739874876522885,https://tibia.fandom.com/wiki/Loot_Statistics:Dryad,1193173.0,2026-06-29T18:46:54Z,2026-08-02T17:23:20.466395+00:00,modeled,True,
cr_842afdeebd66,warlock,warlock,warlocks,1,1935980,2025-12-05,2026-07-30,93,False,False,False,False,False,https://tibia.fandom.com/wiki/Warlock,1191781.0,2026-06-25T06:54:13Z,Warlock,complete,16401.0,high,8.6,24.0,19.0,5.0,1.0,0.3004085116761173,840.8913480885311,841.1917566002072,0.3004085116761173,https://tibia.fandom.com/wiki/Loot_Statistics:Warlock,1195070.0,2026-07-09T05:57:41Z,2026-08-02T17:23:20.466395+00:00,modeled,True,
cr_648db3ac1f5a,Scarlett Etzel,scarlett etzel,Scarlett Etzel,1,1933128,2025-12-03,2026-07-30,93,True,False,False,False,False,https://tibia.fandom.com/wiki/Scarlett_Etzel,1154642.0,2026-01-06T10:54:45Z,Scarlett Etzel,complete,258.0,low,13.30.14423,30.0,23.0,7.0,1.0,1145.3488372093025,20149.224806201546,21294.573643410848,1145.3488372093025,https://tibia.fandom.com/wiki/Loot_Statistics:Scarlett_Etzel,1197603.0,2026-07-24T19:19:23Z,2026-08-02T17:23:20.466395+00:00,boss_separate,False,TibiaWiki/Bosstiary boss; emitted value retained only in boss series
cr_091b5035885c,horse,horse,horses,1,1911911,2025-12-03,2026-07-30,93,False,False,False,False,False,https://tibia.fandom.com/wiki/Horse,1070480.0,2024-07-18T11:59:35Z,,absent,,,,,,,,,,,,,,,,missing_loot_table,False,no current empirical Loot2 table matched; no value imputed
cr_a59ac3500853,elder bloodjaw,elder bloodjaw,elder bloodjaws,1,1904249,2025-12-05,2026-07-30,77,False,False,False,False,False,,,,,absent,,,,,,,,,,,,,,,,missing_loot_table,False,no current empirical Loot2 table matched; no value imputed
cr_2fd9307707da,flickering spirit elemental,flickering spirit elemental,flickering spirit elementals,1,1873778,2025-12-05,2026-07-30,79,False,False,False,False,False,,,,Flickering Spirit Elemental,complete,3638.0,medium,8.6,3.0,3.0,0.0,1.0,0.7611324903793293,152.47938427707533,153.24051676745466,0.7611324903793293,https://tibia.fandom.com/wiki/Loot_Statistics:Flickering_Spirit_Elemental,1189375.0,2026-06-15T07:18:51Z,2026-08-02T17:23:20.466395+00:00,modeled,True,
cr_9348c0096a86,capricious phantom,capricious phantom,capricious phantoms,1,1861006,2025-12-05,2026-07-30,83,False,False,False,False,False,,,,Capricious Phantom,complete,855.0,low,14.12.5229e4,14.0,13.0,1.0,1.0,3871.345029239766,1443.9766081871346,5315.3216374269,3871.345029239766,https://tibia.fandom.com/wiki/Loot_Statistics:Capricious_Phantom,1192582.0,2026-06-27T16:02:07Z,2026-08-02T17:23:20.466395+00:00,modeled,True,
cr_8b4a5fcb2e65,ice crawler,ice crawler,ice crawlers,1,1758577,2025-12-05,2026-07-30,83,False,False,False,False,False,,,,,absent,,,,,,,,,,,,,,,,missing_loot_table,False,no current empirical Loot2 table matched; no value imputed
cr_191065911a0f,pigeon,pigeon,pigeons,1,1754264,2025-12-05,2026-07-30,93,False,False,False,False,False,https://tibia.fandom.com/wiki/Pigeon,1191610.0,2026-06-25T06:31:54Z,Pigeon,complete,3125.0,medium,9.8,0.0,0.0,0.0,1.0,0.0,0.0,0.0,0.0,https://tibia.fandom.com/wiki/Loot_Statistics:Pigeon,1198209.0,2026-07-30T17:37:42Z,2026-08-02T17:23:20.466395+00:00,modeled,True,
cr_34252fbfc28b,adventurer,adventurer,adventurers,1,1747291,2025-12-05,2026-07-30,93,False,False,False,False,False,https://tibia.fandom.com/wiki/Adventurer,1191819.0,2026-06-25T07:12:29Z,Adventurer,complete,2877.0,medium,9.8,0.0,0.0,0.0,1.0,0.0,0.0,0.0,0.0,https://tibia.fandom.com/wiki/Loot_Statistics:Adventurer,1198205.0,2026-07-30T17:37:36Z,2026-08-02T17:23:20.466395+00:00,modeled,True,
cr_e9f60aa80c0f,brinebrute inferniarch,brinebrute inferniarch,brinebrute inferniarches,1,1715797,2025-12-03,2026-07-30,89,False,False,False,False,False,,,,Brinebrute Inferniarch,complete,781.0,low,15.24.95dcf3,25.0,21.0,4.0,1.0,1905.3777208706786,3744.622279129321,5650.0,1905.3777208706786,https://tibia.fandom.com/wiki/Loot_Statistics:Brinebrute_Inferniarch,1197275.0,2026-07-22T04:49:47Z,2026-08-02T17:23:20.466395+00:00,modeled,True,
cr_dbe37e078789,gravedigger,gravedigger,gravediggers,1,1698107,2025-12-05,2026-07-30,93,False,False,False,False,False,https://tibia.fandom.com/wiki/Gravedigger,1192218.0,2026-06-25T08:27:12Z,Gravedigger,complete,321.0,low,14.12.5229e4,13.0,10.0,3.0,1.0,25.922118380062305,287.3208722741433,313.24299065420564,25.922118380062305,https://tibia.fandom.com/wiki/Loot_Statistics:Gravedigger,1188033.0,2026-06-01T15:45:36Z,2026-08-02T17:23:20.466395+00:00,modeled,True,
cr_63007774fdc1,slug,slug,slugs,1,1687316,2025-12-05,2026-07-30,93,False,False,False,False,False,https://tibia.fandom.com/wiki/Slug,1192315.0,2026-06-25T08:38:34Z,Slug,complete,4198.0,medium,9.1,2.0,2.0,0.0,1.0,0.6257741781800857,0.04930919485469271,0.6750833730347785,0.6257741781800857,https://tibia.fandom.com/wiki/Loot_Statistics:Slug,1193079.0,2026-06-29T16:23:26Z,2026-08-02T17:23:20.466395+00:00,modeled,True,
cr_6525f2e663e8,sheep,sheep,sheep,1,1679398,2025-12-03,2026-07-30,93,False,False,False,False,False,https://tibia.fandom.com/wiki/Sheep,1192051.0,2026-06-25T08:08:00Z,Sheep,complete,4975.0,medium,8.6,2.0,2.0,0.0,1.0,0.0,1.4309547738693467,1.4309547738693467,0.0,https://tibia.fandom.com/wiki/Loot_Statistics:Sheep,1198249.0,2026-07-30T20:01:00Z,2026-08-02T17:23:20.466395+00:00,modeled,True,
cr_1ca7845a1eed,ink splash,ink splash,ink splashes,1,1652820,2025-12-05,2026-07-30,93,False,False,False,False,False,,,,Ink Splash,complete,2770.0,medium,8.6,13.0,12.0,1.0,1.0,64.96173285198556,280.36462093862815,345.3263537906137,64.96173285198556,https://tibia.fandom.com/wiki/Loot_Statistics:Ink_Splash,1187208.0,2026-05-24T21:11:10Z,2026-08-02T17:23:20.466395+00:00,modeled,True,
cr_a009c1598111,moonsilver guardian,moonsilver guardian,moonsilver guardians,1,1639387,2026-07-13,2026-07-30,73,False,False,False,False,False,,,,,absent,,,,,,,,,,,,,,,,missing_loot_table,False,no current empirical Loot2 table matched; no value imputed
cr_73a6be1c932d,tomb servant,tomb servant,tomb servants,1,1627843,2025-12-03,2026-07-30,93,False,False,False,False,False,,,,Tomb Servant,complete,631.0,low,14.12.5229e4,10.0,7.0,3.0,1.0,0.8145800316957211,21.56259904912837,22.377179080824092,0.8145800316957211,https://tibia.fandom.com/wiki/Loot_Statistics:Tomb_Servant,1197885.0,2026-07-27T09:51:37Z,2026-08-02T17:23:20.466395+00:00,modeled,True,
cr_07a5dba17710,infected weeper,infected weeper,infected weepers,1,1605239,2025-12-03,2026-07-30,92,False,False,False,False,False,,,,Infected Weeper,complete,3167.0,medium,8.6,3.0,3.0,0.0,1.0,101.0,0.22734449005367857,101.22734449005368,101.0,https://tibia.fandom.com/wiki/Loot_Statistics:Infected_Weeper,1196071.0,2026-07-14T11:06:14Z,2026-08-02T17:23:20.466395+00:00,modeled,True,
cr_de2409be904e,distorted phantom,distorted phantom,distorted phantoms,1,1604987,2025-12-05,2026-07-30,85,False,False,False,False,False,,,,Distorted Phantom,complete,2897.0,medium,15.00.249ccc,15.0,14.0,1.0,1.0,5764.584052468071,1645.736969278564,7410.321021746635,5764.584052468071,https://tibia.fandom.com/wiki/Loot_Statistics:Distorted_Phantom,1192585.0,2026-06-27T16:02:11Z,2026-08-02T17:23:20.466395+00:00,modeled,True,
cr_056ee6b2f6a2,bloodjaw,bloodjaw,bloodjaws,1,1551145,2025-12-05,2026-07-30,72,False,False,False,False,False,https://tibia.fandom.com/wiki/Bloodjaw,1181338.0,2026-05-02T18:51:05Z,Bloodjaw,complete,613.0,low,8.6,0.0,0.0,0.0,1.0,0.0,0.0,0.0,0.0,https://tibia.fandom.com/wiki/Loot_Statistics:Bloodjaw,1196717.0,2026-07-17T19:34:20Z,2026-08-02T17:23:20.466395+00:00,modeled,True,
cr_bf5b3bdae830,renegade quara mantassin,renegade quara mantassin,renegade quara mantassins,1,1544543,2025-12-05,2026-07-30,89,False,False,False,False,False,,,,Renegade Quara Mantassin,complete,3892.0,medium,10.7,12.0,11.0,1.0,1.0,0.0,201.0919835560123,201.0919835560123,0.0,https://tibia.fandom.com/wiki/Loot_Statistics:Renegade_Quara_Mantassin,1177811.0,2026-04-23T13:57:53Z,2026-08-02T17:23:20.466395+00:00,modeled,True,
cr_71299bedf5ea,overcharge,overcharge,overcharges,1,1525840,2025-12-03,2026-07-30,93,False,False,False,False,False,https://tibia.fandom.com/wiki/Overcharge,968119.0,2022-08-27T19:04:32Z,,absent,,,,,,,,,,,,,,,,missing_loot_table,False,no current empirical Loot2 table matched; no value imputed
cr_a8bdaad2e730,dwarf henchman,dwarf henchman,dwarf henchmen,1,1491840,2025-12-05,2026-07-30,93,False,False,False,False,False,,,,Dwarf Henchman,complete,3531.0,medium,8.6,0.0,0.0,0.0,1.0,0.0,0.0,0.0,0.0,https://tibia.fandom.com/wiki/Loot_Statistics:Dwarf_Henchman,1118929.0,2025-08-01T20:55:41Z,2026-08-02T17:23:20.466395+00:00,modeled,True,
cr_931be6780d44,enthralled demon,enthralled demon,enthralled demons,1,1394316,2025-12-05,2026-07-30,88,False,False,False,False,False,,,,,absent,,,,,,,,,,,,,,,,missing_loot_table,False,no current empirical Loot2 table matched; no value imputed
cr_2ab9ac857093,Drume,drume,Drume,1,1340283,2025-12-03,2026-07-30,93,True,False,False,False,False,https://tibia.fandom.com/wiki/Drume,1152307.0,2025-12-25T15:56:23Z,Drume,complete,342.0,low,13.30.14423,33.0,23.0,10.0,1.0,1035.672514619883,13549.41520467836,14585.087719298243,1035.672514619883,https://tibia.fandom.com/wiki/Loot_Statistics:Drume,1197594.0,2026-07-24T19:19:09Z,2026-08-02T17:23:20.466395+00:00,boss_separate,False,TibiaWiki/Bosstiary boss; emitted value retained only in boss series
cr_db1313d26b9f,diabolic imp,diabolic imp,diabolic imps,1,1328963,2025-12-05,2026-07-30,93,False,False,False,False,False,,,,Diabolic Imp,complete,8182.0,medium,8.6,17.0,13.0,4.0,1.0,4.37949156685407,324.5117330725984,328.8912246394525,4.37949156685407,https://tibia.fandom.com/wiki/Loot_Statistics:Diabolic_Imp,1188955.0,2026-06-12T19:41:53Z,2026-08-02T17:23:20.466395+00:00,modeled,True,
cr_a090c7864f93,renegade quara hydromancer,renegade quara hydromancer,renegade quara hydromancers,1,1313047,2025-12-05,2026-07-30,89,False,False,False,False,False,,,,Renegade Quara Hydromancer,complete,3241.0,medium,10.7,19.0,16.0,3.0,1.0,80.40728170317803,304.14995371798824,384.5572354211663,80.40728170317803,https://tibia.fandom.com/wiki/Loot_Statistics:Renegade_Quara_Hydromancer,1177810.0,2026-04-23T13:57:51Z,2026-08-02T17:23:20.466395+00:00,modeled,True,
cr_52fa8e830dbc,ghoulish hyaena,ghoulish hyaena,ghoulish hyaenas,1,1274504,2025-12-05,2026-07-30,93,False,False,False,False,False,,,,Ghoulish Hyaena,complete,622.0,low,14.12.5229e4,6.0,5.0,1.0,1.0,0.8745980707395499,16.55305466237942,17.42765273311897,0.8745980707395499,https://tibia.fandom.com/wiki/Loot_Statistics:Ghoulish_Hyaena,1195416.0,2026-07-12T11:44:26Z,2026-08-02T17:23:20.466395+00:00,modeled,True,
cr_23521b0187e6,grave robber,grave robber,grave robbers,1,1252575,2025-12-05,2026-07-30,93,False,False,False,False,False,,,,Grave Robber,complete,3083.0,medium,8.6,10.0,8.0,2.0,1.0,0.5549789166396367,11.173207914369122,11.72818683100876,0.5549789166396367,https://tibia.fandom.com/wiki/Loot_Statistics:Grave_Robber,1143967.0,2025-11-24T19:59:26Z,2026-08-02T17:23:20.466395+00:00,modeled,True,
cr_528ec39c38eb,walker,walker,walkers,1,1251738,2025-12-05,2026-07-30,93,False,False,False,False,False,https://tibia.fandom.com/wiki/Walker,1191641.0,2026-06-25T06:33:43Z,Walker,complete,3370.0,medium,10.5,12.0,10.0,2.0,1.0,52.068249258160236,529.4243323442137,581.4925816023739,52.068249258160236,https://tibia.fandom.com/wiki/Loot_Statistics:Walker,1196770.0,2026-07-17T21:02:33Z,2026-08-02T17:23:20.466395+00:00,modeled,True,
cr_36cdea481965,bog frog,bog frog,bog frogs,1,1250224,2025-12-05,2026-07-30,93,False,False,False,False,False,,,,Bog Frog,complete,1983.0,medium,9.1,0.0,0.0,0.0,1.0,0.0,0.0,0.0,0.0,https://tibia.fandom.com/wiki/Loot_Statistics:Bog_Frog,1169714.0,2026-03-24T12:17:24Z,2026-08-02T17:23:20.466395+00:00,modeled,True,
cr_a76acab1542a,party skeleton,party skeleton,party skeletons,1,1227646,2025-12-05,2026-07-30,91,False,False,False,False,False,,,,Party Skeleton,insufficient_sample,48.0,insufficient,9.8,0.0,0.0,0.0,1.0,,,,,https://tibia.fandom.com/wiki/Loot_Statistics:Party_Skeleton,1061206.0,2024-05-30T17:24:50Z,2026-08-02T17:23:20.466395+00:00,insufficient_sample,False,empirical loot sample below 100 kills
cr_870ec913ca6b,renegade quara constrictor,renegade quara constrictor,renegade quara constrictors,1,1223705,2025-12-05,2026-07-30,89,False,False,False,False,False,,,,Renegade Quara Constrictor,complete,3486.0,medium,10.7,14.0,9.0,5.0,1.0,80.80895008605852,87.36660929432014,168.17555938037867,80.80895008605852,https://tibia.fandom.com/wiki/Loot_Statistics:Renegade_Quara_Constrictor,1177809.0,2026-04-23T13:57:49Z,2026-08-02T17:23:20.466395+00:00,modeled,True,
cr_5aa1069d6039,starving wolf,starving wolf,starving wolves,1,1205754,2025-12-05,2026-07-30,91,False,False,False,False,False,,,,Starving Wolf,complete,3103.0,medium,9.1,3.0,2.0,1.0,1.0,0.0,1.1414759909764745,1.1414759909764745,0.0,https://tibia.fandom.com/wiki/Loot_Statistics:Starving_Wolf,1198010.0,2026-07-27T22:09:58Z,2026-08-02T17:23:20.466395+00:00,modeled,True,
cr_e39914ca8e9d,deepling master librarian,deepling master librarian,deepling master librarians,1,1184172,2025-12-05,2026-07-30,93,False,False,False,False,False,,,,Deepling Master Librarian,complete,1815.0,medium,8.6,13.0,12.0,1.0,1.0,91.19283746556474,370.39779614325073,461.59063360881544,91.19283746556474,https://tibia.fandom.com/wiki/Loot_Statistics:Deepling_Master_Librarian,1187990.0,2026-06-01T15:44:48Z,2026-08-02T17:23:20.466395+00:00,modeled,True,
cr_4bf3a49327f6,diamond servant,diamond servant,diamond servants,1,1176486,2025-12-05,2026-07-30,93,False,False,False,False,False,,,,Diamond Servant,complete,26589.0,high,9.1,17.0,14.0,3.0,1.0,0.9398247395539508,94.79070292226108,95.73052766181503,0.9398247395539508,https://tibia.fandom.com/wiki/Loot_Statistics:Diamond_Servant,1105566.0,2025-06-16T09:15:07Z,2026-08-02T17:23:20.466395+00:00,modeled,True,
cr_ef33dea6c557,sandstone scorpion,sandstone scorpion,sandstone scorpions,1,1169251,2025-12-05,2026-07-30,93,False,False,False,False,False,,,,Sandstone Scorpion,complete,11749.0,high,9.1,7.0,6.0,1.0,1.0,12.059324197804068,58.93778193888842,70.9971061366925,12.059324197804068,https://tibia.fandom.com/wiki/Loot_Statistics:Sandstone_Scorpion,1173808.0,2026-04-10T16:22:28Z,2026-08-02T17:23:20.466395+00:00,modeled,True,
cr_5f0a6177b04d,hardened usurper archer,hardened usurper archer,hardened usurper archers,1,1165374,2025-12-05,2026-07-30,93,False,False,False,False,False,,,,,absent,,,,,,,,,,,,,,,,missing_loot_table,False,no current empirical Loot2 table matched; no value imputed
cr_dbf0da02d175,The End of Days,the end of days,The End Of Days,1,1157465,2025-12-05,2026-07-30,90,False,False,False,False,False,https://tibia.fandom.com/wiki/The_End_of_Days,1116635.0,2025-07-26T12:54:33Z,,absent,,,,,,,,,,,,,,,,missing_loot_table,False,no current empirical Loot2 table matched; no value imputed
cr_0885ef4cdb65,magical sphere,magical sphere,magical spheres,1,1154161,2025-12-03,2026-07-30,93,False,False,False,False,False,,,,,absent,,,,,,,,,,,,,,,,missing_loot_table,False,no current empirical Loot2 table matched; no value imputed
cr_0aeb48c7c59d,mushroom sniffer,mushroom sniffer,mushroom sniffers,1,1143168,2025-12-05,2026-07-30,93,False,False,False,False,False,,,,Mushroom Sniffer,complete,756.0,low,9.6,0.0,0.0,0.0,1.0,0.0,0.0,0.0,0.0,https://tibia.fandom.com/wiki/Loot_Statistics:Mushroom_Sniffer,1185375.0,2026-05-15T14:03:09Z,2026-08-02T17:23:20.466395+00:00,modeled,True,
cr_019210ba7e4e,psychic spirit elemental,psychic spirit elemental,psychic spirit elementals,1,1127060,2025-12-05,2026-07-30,79,False,False,False,False,False,,,,Psychic Spirit Elemental,complete,2279.0,medium,8.6,5.0,5.0,0.0,1.0,0.8749451513821852,285.7393593681439,286.61430451952606,0.8749451513821852,https://tibia.fandom.com/wiki/Loot_Statistics:Psychic_Spirit_Elemental,1189403.0,2026-06-15T07:21:33Z,2026-08-02T17:23:20.466395+00:00,modeled,True,
cr_c1b1dd869ac7,strange rat,strange rat,strange rats,1,1124800,2025-12-05,2026-07-30,93,False,False,False,False,False,,,,Strange Rat,complete,713.0,low,8.6,1.0,0.0,1.0,1.0,0.0,0.0,0.0,0.0,https://tibia.fandom.com/wiki/Loot_Statistics:Strange_Rat,1170242.0,2026-03-24T12:36:20Z,2026-08-02T17:23:20.466395+00:00,modeled,True,
cr_56debb52bfc7,renegade quara predator,renegade quara predator,renegade quara predators,1,1118271,2025-12-05,2026-07-30,89,False,False,False,False,False,,,,Renegade Quara Predator,complete,3369.0,medium,10.7,16.0,10.0,6.0,1.0,80.70644108043929,602.0065301276343,682.7129712080736,80.70644108043929,https://tibia.fandom.com/wiki/Loot_Statistics:Renegade_Quara_Predator,1177813.0,2026-04-23T13:57:57Z,2026-08-02T17:23:20.466395+00:00,modeled,True,
cr_7fb8a9fabb3a,elder forest fury,elder forest fury,elder forest furies,1,1118158,2025-12-05,2026-07-30,93,False,False,False,False,False,,,,Elder Forest Fury,complete,1220.0,medium,10.8,13.0,10.0,3.0,1.0,0.8868852459016393,53.91475409836066,54.8016393442623,0.8868852459016393,https://tibia.fandom.com/wiki/Loot_Statistics:Elder_Forest_Fury,1194667.0,2026-07-06T22:29:56Z,2026-08-02T17:23:20.466395+00:00,modeled,True,
cr_aa9efe467cab,unstable spark,unstable spark,unstable sparks,1,1103784,2025-12-05,2026-07-30,93,False,False,False,False,False,,,,,absent,,,,,,,,,,,,,,,,missing_loot_table,False,no current empirical Loot2 table matched; no value imputed
cr_5f322499d335,orger,orger,orgers,1,1102434,2026-03-13,2026-03-20,90,False,True,False,False,False,https://tibia.fandom.com/wiki/Orger,1191777.0,2026-06-25T06:53:19Z,Orger,complete,11110.0,high,12.20.9066,12.0,12.0,0.0,1.0,100.0,48.52322232223222,148.52322232223221,100.0,https://tibia.fandom.com/wiki/Loot_Statistics:Orger,1172662.0,2026-04-06T16:48:28Z,2026-08-02T17:23:20.466395+00:00,modeled,True,
cr_bf018463b46e,Herald of Fire,herald of fire,Herald of Fire,1,1100290,2026-03-17,2026-07-30,93,True,False,False,False,False,https://tibia.fandom.com/wiki/Herald_of_Fire,1185980.0,2026-05-17T00:08:16Z,Herald of Fire,insufficient_sample,97.0,insufficient,15.24.c50b3f,16.0,13.0,3.0,1.0,,,,,https://tibia.fandom.com/wiki/Loot_Statistics:Herald_of_Fire,1197890.0,2026-07-27T09:51:54Z,2026-08-02T17:23:20.466395+00:00,boss_separate,False,TibiaWiki/Bosstiary boss; emitted value retained only in boss series
cr_d89d95d126c0,white deer,white deer,white deer,1,1097367,2025-12-03,2026-07-30,93,False,False,False,False,False,,,,,absent,,,,,,,,,,,,,,,,missing_loot_table,False,no current empirical Loot2 table matched; no value imputed
cr_ab9a418f928e,parrot,parrot,parrots,1,1093861,2025-12-05,2026-07-30,93,False,False,False,False,False,https://tibia.fandom.com/wiki/Parrot,1191600.0,2026-06-25T06:29:37Z,Parrot,complete,2811.0,medium,8.6,0.0,0.0,0.0,1.0,0.0,0.0,0.0,0.0,https://tibia.fandom.com/wiki/Loot_Statistics:Parrot,1198559.0,2026-08-01T11:21:42Z,2026-08-02T17:23:20.466395+00:00,modeled,True,
cr_4feb5094b331,white shade,white shade,white shades,1,1093668,2025-12-05,2026-07-30,93,False,False,False,False,False,,,,White Shade,complete,447.0,low,14.12.5229e4,2.0,2.0,0.0,1.0,0.0,25.27964205816555,25.27964205816555,0.0,https://tibia.fandom.com/wiki/Loot_Statistics:White_Shade,1188138.0,2026-06-01T15:47:33Z,2026-08-02T17:23:20.466395+00:00,modeled,True,
cr_1d1a496a7779,sacred spider,sacred spider,sacred spiders,1,1077406,2025-12-03,2026-07-30,93,False,False,False,False,False,,,,Sacred Spider,complete,8722.0,medium,9.1,5.0,5.0,0.0,1.0,0.8977298784682413,31.09837193304288,31.99610181151112,0.8977298784682413,https://tibia.fandom.com/wiki/Loot_Statistics:Sacred_Spider,1186009.0,2026-05-17T09:43:26Z,2026-08-02T17:23:20.466395+00:00,modeled,True,
cr_aa2e43df1644,venerable foam stalker,venerable foam stalker,venerable foam stalkers,1,1064246,2025-12-05,2026-07-30,93,False,False,False,False,False,,,,Venerable Foam Stalker,complete,212.0,low,8.6,23.0,19.0,4.0,1.0,100.0,834.7594339622642,934.7594339622642,100.0,https://tibia.fandom.com/wiki/Loot_Statistics:Venerable_Foam_Stalker,1193660.0,2026-07-01T15:39:42Z,2026-08-02T17:23:20.466395+00:00,modeled,True,
cr_ae4027ba748e,knight's apparitions,knight's apparitions,knight's apparitions,1,1062505,2025-12-05,2026-07-30,84,False,False,False,False,False,,,,,absent,,,,,,,,,,,,,,,,missing_loot_table,False,no current empirical Loot2 table matched; no value imputed
cr_e8c7a0193db4,crypt defiler,crypt defiler,crypt defilers,1,1039197,2025-12-05,2026-07-30,92,False,False,False,False,False,,,,Crypt Defiler,complete,2480.0,medium,8.6,10.0,8.0,2.0,1.0,0.5366935483870968,12.116935483870968,12.653629032258065,0.5366935483870968,https://tibia.fandom.com/wiki/Loot_Statistics:Crypt_Defiler,1134739.0,2025-10-16T19:31:34Z,2026-08-02T17:23:20.466395+00:00,modeled,True,
cr_abe11bc3e017,paladin's apparitions,paladin's apparitions,paladin's apparitions,1,1028299,2025-12-05,2026-07-30,84,False,False,False,False,False,,,,,absent,,,,,,,,,,,,,,,,missing_loot_table,False,no current empirical Loot2 table matched; no value imputed
cr_60e8fb329bd2,deepling tyrant,deepling tyrant,deepling tyrants,1,1024560,2025-12-05,2026-07-30,93,False,False,False,False,False,,,,Deepling Tyrant,complete,3996.0,medium,8.6,15.0,11.0,4.0,1.0,71.09509509509509,698.2832832832833,769.3783783783783,71.09509509509509,https://tibia.fandom.com/wiki/Loot_Statistics:Deepling_Tyrant,1187993.0,2026-06-01T15:44:51Z,2026-08-02T17:23:20.466395+00:00,modeled,True,
cr_002d5c019d64,flying book,flying book,flying books,1,1007020,2025-12-05,2026-07-30,91,False,False,False,False,False,,,,Flying Book,complete,1392.0,medium,8.6,0.0,0.0,0.0,1.0,0.0,0.0,0.0,0.0,https://tibia.fandom.com/wiki/Loot_Statistics:Flying_Book,1196034.0,2026-07-14T11:02:30Z,2026-08-02T17:23:20.466395+00:00,modeled,True,
cr_8f34dc008f70,Jailer,jailer,Jailer,1,999981,2025-12-03,2026-07-30,93,True,False,False,False,False,https://tibia.fandom.com/wiki/Jailer,935331.0,2022-07-06T19:05:35Z,Jailer,complete,1579.0,medium,8.6,7.0,5.0,2.0,1.0,0.4319189360354655,4.704243191893604,5.13616212792907,0.4319189360354655,https://tibia.fandom.com/wiki/Loot_Statistics:Jailer,1196895.0,2026-07-18T20:09:16Z,2026-08-02T17:23:20.466395+00:00,boss_separate,False,TibiaWiki/Bosstiary boss; emitted value retained only in boss series
cr_e3ed7e2d0f84,moonstone miner,moonstone miner,moonstone miners,1,998603,2026-07-13,2026-07-30,80,False,False,False,False,False,,,,Moonstone Miner,complete,568.0,low,8.6,1.0,0.0,1.0,1.0,0.0,0.0,0.0,0.0,https://tibia.fandom.com/wiki/Loot_Statistics:Moonstone_Miner,1197633.0,2026-07-25T06:06:25Z,2026-08-02T17:23:20.466395+00:00,modeled,True,
cr_e48b9774b5d6,renegade quara pincher,renegade quara pincher,renegade quara pinchers,1,978667,2025-12-05,2026-07-30,89,False,False,False,False,False,,,,Renegade Quara Pincher,complete,3110.0,medium,10.7,19.0,14.0,5.0,1.0,80.57877813504824,398.8102893890675,479.3890675241158,80.57877813504824,https://tibia.fandom.com/wiki/Loot_Statistics:Renegade_Quara_Pincher,1177812.0,2026-04-23T13:57:55Z,2026-08-02T17:23:20.466395+00:00,modeled,True,
cr_6c872e33587b,manta ray,manta ray,manta rays,1,975461,2025-12-05,2026-07-30,92,False,False,False,False,False,,,,Manta Ray,complete,3955.0,medium,9.4,1.0,1.0,0.0,1.0,0.6475347661188369,0.0,0.6475347661188369,0.6475347661188369,https://tibia.fandom.com/wiki/Loot_Statistics:Manta_Ray,1173757.0,2026-04-10T16:21:38Z,2026-08-02T17:23:20.466395+00:00,modeled,True,
cr_9fce2a0da8c8,raging raubritter,raging raubritter,raging raubritters,1,970746,2025-12-05,2026-07-30,81,False,False,False,False,False,,,,,absent,,,,,,,,,,,,,,,,missing_loot_table,False,no current empirical Loot2 table matched; no value imputed
cr_6a6d95c5567a,druid's apparitions,druid's apparitions,druid's apparitions,1,968247,2025-12-05,2026-07-30,83,False,False,False,False,False,,,,,absent,,,,,,,,,,,,,,,,missing_loot_table,False,no current empirical Loot2 table matched; no value imputed
cr_0f565a3355ce,Black Vixen,black vixen,Black Vixen,1,963414,2025-12-03,2026-07-30,93,True,False,False,False,False,https://tibia.fandom.com/wiki/Black_Vixen,1181544.0,2026-05-02T20:53:59Z,Black Vixen,insufficient_sample,2.0,insufficient,13.30.14423,8.0,6.0,2.0,1.0,,,,,https://tibia.fandom.com/wiki/Loot_Statistics:Black_Vixen,1197660.0,2026-07-25T09:25:24Z,2026-08-02T17:23:20.466395+00:00,boss_separate,False,TibiaWiki/Bosstiary boss; emitted value retained only in boss series
cr_faab643b570c,depolarized crackler,depolarized crackler,depolarized cracklers,1,959202,2025-12-03,2026-07-30,93,False,False,False,False,False,,,,,absent,,,,,,,,,,,,,,,,missing_loot_table,False,no current empirical Loot2 table matched; no value imputed
cr_5e34535613f2,infernalist,infernalist,infernalists,1,947332,2025-12-05,2026-07-30,93,False,False,False,False,False,https://tibia.fandom.com/wiki/Infernalist,1191813.0,2026-06-25T06:57:47Z,Infernalist,complete,5426.0,medium,8.6,17.0,13.0,4.0,1.0,0.9778842609657206,562.5875414670107,563.5654257279765,0.9778842609657206,https://tibia.fandom.com/wiki/Loot_Statistics:Infernalist,1169972.0,2026-03-24T12:26:42Z,2026-08-02T17:23:20.466395+00:00,modeled,True,
cr_72104665b57b,shadow fiend,shadow fiend,shadow fiends,1,937713,2025-12-05,2026-07-30,93,False,False,False,False,False,,,,,absent,,,,,,,,,,,,,,,,missing_loot_table,False,no current empirical Loot2 table matched; no value imputed
cr_b8d84d5f3644,undead jester,undead jester,undead jesters,1,932925,2026-04-01,2026-04-15,90,False,False,False,False,False,,,,Undead Jester,complete,337.0,low,14.12.5229e4,14.0,10.0,4.0,1.0,0.0,38.3620178041543,38.3620178041543,0.0,https://tibia.fandom.com/wiki/Loot_Statistics:Undead_Jester,1174787.0,2026-04-14T12:33:17Z,2026-08-02T17:23:20.466395+00:00,modeled,True,
cr_dc5bb3222e8b,bound iks aucar,bound iks aucar,bound iks aucars,1,921742,2025-12-05,2026-07-30,93,False,False,False,False,False,,,,,absent,,,,,,,,,,,,,,,,missing_loot_table,False,no current empirical Loot2 table matched; no value imputed
cr_442c3715fad0,Yirkas Blue Scales,yirkas blue scales,Yirkas Blue Scales,1,907404,2025-12-05,2026-07-30,93,True,False,False,False,False,https://tibia.fandom.com/wiki/Yirkas_Blue_Scales,1140965.0,2025-11-08T17:59:54Z,Yirkas Blue Scales,complete,303.0,low,13.30.14423,26.0,24.0,2.0,1.0,100.0,7920.363036303631,8020.363036303631,100.0,https://tibia.fandom.com/wiki/Loot_Statistics:Yirkas_Blue_Scales,1197674.0,2026-07-25T09:30:19Z,2026-08-02T17:23:20.466395+00:00,boss_separate,False,TibiaWiki/Bosstiary boss; emitted value retained only in boss series
cr_18aa5a955d80,Utua Stone Sting,utua stone sting,Utua Stone Sting,1,903058,2025-12-05,2026-07-30,93,True,False,False,False,False,https://tibia.fandom.com/wiki/Utua_Stone_Sting,1140960.0,2025-11-08T17:59:45Z,Utua Stone Sting,complete,300.0,low,13.30.14423,28.0,25.0,3.0,1.0,100.0,6957.200000000001,7057.200000000001,100.0,https://tibia.fandom.com/wiki/Loot_Statistics:Utua_Stone_Sting,1197672.0,2026-07-25T09:30:16Z,2026-08-02T17:23:20.466395+00:00,boss_separate,False,TibiaWiki/Bosstiary boss; emitted value retained only in boss series
cr_5f83c06d2f5c,Katex Blood Tongue,katex blood tongue,Katex Blood Tongue,1,902186,2025-12-05,2026-07-30,93,True,False,False,False,False,https://tibia.fandom.com/wiki/Katex_Blood_Tongue,1140896.0,2025-11-08T17:55:23Z,Katex Blood Tongue,complete,374.0,low,13.30.14423,27.0,23.0,4.0,1.0,99.46524064171123,8913.07486631016,9012.540106951872,99.46524064171123,https://tibia.fandom.com/wiki/Loot_Statistics:Katex_Blood_Tongue,1197664.0,2026-07-25T09:25:29Z,2026-08-02T17:23:20.466395+00:00,boss_separate,False,TibiaWiki/Bosstiary boss; emitted value retained only in boss series
cr_4af2ed8660d1,Srezz Yellow Eyes,srezz yellow eyes,Srezz Yellow Eyes,1,901870,2025-12-05,2026-07-30,93,True,False,False,False,False,https://tibia.fandom.com/wiki/Srezz_Yellow_Eyes,1140928.0,2025-11-08T17:56:12Z,Srezz Yellow Eyes,complete,303.0,low,13.30.14423,23.0,21.0,2.0,1.0,99.66996699669967,5450.231023102309,5549.900990099009,99.66996699669967,https://tibia.fandom.com/wiki/Loot_Statistics:Srezz_Yellow_Eyes,1197670.0,2026-07-25T09:30:11Z,2026-08-02T17:23:20.466395+00:00,boss_separate,False,TibiaWiki/Bosstiary boss; emitted value retained only in boss series
cr_7fa7e296a295,elder mummy,elder mummy,elder mummies,1,898817,2025-12-03,2026-07-30,93,False,False,False,False,False,,,,Elder Mummy,complete,219.0,low,14.12.5229e4,13.0,13.0,0.0,1.0,0.8858447488584474,86.18721461187214,87.07305936073058,0.8858447488584474,https://tibia.fandom.com/wiki/Loot_Statistics:Elder_Mummy,1173692.0,2026-04-10T16:20:37Z,2026-08-02T17:23:20.466395+00:00,modeled,True,
cr_a48028d05082,Grand Master Oberon,grand master oberon,Grand Master Oberon,1,896892,2025-12-03,2026-07-30,93,True,False,False,False,False,https://tibia.fandom.com/wiki/Grand_Master_Oberon,1154644.0,2026-01-06T11:04:53Z,Grand Master Oberon,complete,313.0,low,13.30.14423,5.0,0.0,5.0,1.0,0.0,0.0,0.0,0.0,https://tibia.fandom.com/wiki/Loot_Statistics:Grand_Master_Oberon,1197597.0,2026-07-24T19:19:14Z,2026-08-02T17:23:20.466395+00:00,boss_separate,False,TibiaWiki/Bosstiary boss; emitted value retained only in boss series
cr_9068b4c60490,sorcerer's apparitions,sorcerer's apparitions,sorcerer's apparitions,1,896684,2025-12-05,2026-07-30,84,False,False,False,False,False,,,,,absent,,,,,,,,,,,,,,,,missing_loot_table,False,no current empirical Loot2 table matched; no value imputed
cr_1b986b963085,charging Outburst,charging outburst,charging Outburst,1,889514,2025-12-03,2026-07-30,93,True,False,False,False,False,https://tibia.fandom.com/wiki/Charging_Outburst,906352.0,2022-02-25T23:26:18Z,,absent,,,,,,,,,,,,,,,,boss_separate,False,TibiaWiki/Bosstiary boss; emitted value retained only in boss series
cr_26312adef71d,Frenzy,frenzy,Frenzy,1,873637,2025-12-05,2026-07-30,93,False,False,False,False,False,https://tibia.fandom.com/wiki/Frenzy,1084211.0,2024-11-26T10:32:30Z,,absent,,,,,,,,,,,,,,,,missing_loot_table,False,no current empirical Loot2 table matched; no value imputed
cr_46952f9bea09,arctic faun,arctic faun,arctic fauns,1,858730,2025-12-05,2026-07-30,93,False,False,False,False,False,,,,Arctic Faun,complete,8489.0,medium,8.6,17.0,11.0,6.0,1.0,1.0,161.99882200494758,162.99882200494758,1.0,https://tibia.fandom.com/wiki/Loot_Statistics:Arctic_Faun,1154875.0,2026-01-07T19:21:46Z,2026-08-02T17:23:20.466395+00:00,modeled,True,
cr_380a1701d7b9,Timira the Many-Headed,timira the many-headed,Timira the Many-Headed,1,852965,2025-12-03,2026-07-30,93,True,False,False,False,False,https://tibia.fandom.com/wiki/Timira_the_Many-Headed,1140956.0,2025-11-08T17:59:38Z,Timira the Many-Headed,complete,467.0,low,13.30.14423,16.0,12.0,4.0,1.0,10000.0,30948.60813704497,40948.60813704497,10000.0,https://tibia.fandom.com/wiki/Loot_Statistics:Timira_the_Many-Headed,1198038.0,2026-07-28T17:54:13Z,2026-08-02T17:23:20.466395+00:00,boss_separate,False,TibiaWiki/Bosstiary boss; emitted value retained only in boss series
cr_7bf2eb1ce093,black sheep,black sheep,black sheep,1,846281,2025-12-05,2026-07-30,93,False,False,False,False,False,https://tibia.fandom.com/wiki/Black_Sheep,1192050.0,2026-06-25T08:07:58Z,Black Sheep,complete,1691.0,medium,8.6,2.0,2.0,0.0,1.0,0.0,2.436428149024246,2.436428149024246,0.0,https://tibia.fandom.com/wiki/Loot_Statistics:Black_Sheep,1169702.0,2026-03-24T12:16:58Z,2026-08-02T17:23:20.466395+00:00,modeled,True,
cr_58152e808d95,Shadowpelt,shadowpelt,Shadowpelt,1,842581,2025-12-03,2026-07-30,93,True,False,False,False,False,https://tibia.fandom.com/wiki/Shadowpelt,1140921.0,2025-11-08T17:56:02Z,Shadowpelt,insufficient_sample,2.0,insufficient,13.30.14423,10.0,9.0,1.0,1.0,,,,,https://tibia.fandom.com/wiki/Loot_Statistics:Shadowpelt,1197668.0,2026-07-25T09:25:34Z,2026-08-02T17:23:20.466395+00:00,boss_separate,False,TibiaWiki/Bosstiary boss; emitted value retained only in boss series
cr_3a39404e7209,haunted dragon,haunted dragon,haunted dragons,1,840107,2026-01-14,2026-02-12,84,False,False,False,False,False,,,,Haunted Dragon,complete,3882.0,medium,8.6,23.0,20.0,3.0,1.0,34.79701184956208,1204.8493044822255,1239.6463163317876,34.79701184956208,https://tibia.fandom.com/wiki/Loot_Statistics:Haunted_Dragon,1157877.0,2026-01-23T19:58:28Z,2026-08-02T17:23:20.466395+00:00,modeled,True,
cr_ee97249c9942,hive overseer,hive overseer,hive overseers,1,837708,2025-12-05,2026-07-30,93,False,False,False,False,False,,,,Hive Overseer,complete,4455.0,medium,8.6,15.0,12.0,3.0,1.0,85.56273849607183,2923.4096520763187,3008.9723905723904,85.56273849607183,https://tibia.fandom.com/wiki/Loot_Statistics:Hive_Overseer,1167938.0,2026-03-17T23:18:46Z,2026-08-02T17:23:20.466395+00:00,modeled,True,
cr_ba14981f13cc,Darkfang,darkfang,Darkfang,1,824717,2025-12-03,2026-07-30,93,True,False,False,False,False,https://tibia.fandom.com/wiki/Darkfang,1140874.0,2025-11-08T17:54:48Z,Darkfang,insufficient_sample,2.0,insufficient,13.30.14423,11.0,10.0,1.0,1.0,,,,,https://tibia.fandom.com/wiki/Loot_Statistics:Darkfang,1197663.0,2026-07-25T09:25:28Z,2026-08-02T17:23:20.466395+00:00,boss_separate,False,TibiaWiki/Bosstiary boss; emitted value retained only in boss series
cr_871196938c4a,Bloodback,bloodback,Bloodback,1,824652,2025-12-03,2026-07-30,93,True,False,False,False,False,https://tibia.fandom.com/wiki/Bloodback,1140867.0,2025-11-08T17:54:39Z,Bloodback,insufficient_sample,2.0,insufficient,13.30.14423,8.0,7.0,1.0,1.0,,,,,https://tibia.fandom.com/wiki/Loot_Statistics:Bloodback,1197662.0,2026-07-25T09:25:27Z,2026-08-02T17:23:20.466395+00:00,boss_separate,False,TibiaWiki/Bosstiary boss; emitted value retained only in boss series
cr_33583b47822d,grave guard,grave guard,grave guards,1,823166,2025-12-05,2026-07-30,93,False,False,False,False,False,,,,Grave Guard,complete,163.0,low,14.12.5229e4,8.0,6.0,2.0,1.0,0.9386503067484663,91.41104294478528,92.34969325153375,0.9386503067484663,https://tibia.fandom.com/wiki/Loot_Statistics:Grave_Guard,1173720.0,2026-04-10T16:21:04Z,2026-08-02T17:23:20.466395+00:00,modeled,True,
cr_19fdbe0b1465,Sharpclaw,sharpclaw,Sharpclaw,1,818637,2025-12-03,2026-07-30,93,True,False,False,False,False,https://tibia.fandom.com/wiki/Sharpclaw,1179345.0,2026-04-26T18:05:22Z,Sharpclaw,insufficient_sample,2.0,insufficient,13.30.14423,7.0,6.0,1.0,1.0,,,,,https://tibia.fandom.com/wiki/Loot_Statistics:Sharpclaw,1197669.0,2026-07-25T09:29:57Z,2026-08-02T17:23:20.466395+00:00,boss_separate,False,TibiaWiki/Bosstiary boss; emitted value retained only in boss series
cr_889c6853a117,player,player,players,1,809699,2025-12-05,2026-07-30,89,False,False,False,False,False,,,,,absent,,,,,,,,,,,,,,,,missing_loot_table,False,no current empirical Loot2 table matched; no value imputed
cr_b8fc94eeeae4,desperate white deer,desperate white deer,desperate white deer,1,792245,2025-12-03,2026-07-30,93,False,False,False,False,False,https://tibia.fandom.com/wiki/Desperate_White_Deer,1070447.0,2024-07-18T04:31:27Z,Desperate White Deer,complete,5515.0,medium,9.1,3.0,3.0,0.0,1.0,0.0,136.91242067089755,136.91242067089755,0.0,https://tibia.fandom.com/wiki/Loot_Statistics:Desperate_White_Deer,1198417.0,2026-07-31T17:40:58Z,2026-08-02T17:23:20.466395+00:00,modeled,True,
cr_2b53e9e59f18,calamary,calamary,calamaries,1,791832,2025-12-03,2026-07-30,93,False,False,False,False,False,https://tibia.fandom.com/wiki/Calamary,1191579.0,2026-06-25T06:25:43Z,Calamary,complete,2909.0,medium,9.4,1.0,0.0,1.0,1.0,0.0,0.0,0.0,0.0,https://tibia.fandom.com/wiki/Loot_Statistics:Calamary,1197464.0,2026-07-23T06:37:51Z,2026-08-02T17:23:20.466395+00:00,modeled,True,
cr_f85d0bbc0413,stag,stag,stags,1,781800,2025-12-05,2026-07-30,90,False,False,False,False,False,https://tibia.fandom.com/wiki/Stag,1192113.0,2026-06-25T08:18:08Z,Stag,complete,799.0,low,8.6,4.0,3.0,1.0,1.0,0.0,4.543178973717146,4.543178973717146,0.0,https://tibia.fandom.com/wiki/Loot_Statistics:Stag,1196953.0,2026-07-19T05:05:16Z,2026-08-02T17:23:20.466395+00:00,modeled,True,
cr_6fb05044dead,thorn minion,thorn minion,thorn minions,1,764790,2025-12-05,2026-07-30,92,False,False,False,False,False,,,,,absent,,,,,,,,,,,,,,,,missing_loot_table,False,no current empirical Loot2 table matched; no value imputed
cr_582d7497b258,evil sheep,evil sheep,evil sheep,1,742855,2025-12-05,2026-07-30,92,False,False,False,False,False,https://tibia.fandom.com/wiki/Evil_Sheep,1192081.0,2026-06-25T08:13:01Z,Evil Sheep,complete,3650.0,medium,8.6,1.0,1.0,0.0,1.0,0.7975342465753424,0.0,0.7975342465753424,0.7975342465753424,https://tibia.fandom.com/wiki/Loot_Statistics:Evil_Sheep,1145342.0,2025-11-29T20:26:49Z,2026-08-02T17:23:20.466395+00:00,modeled,True,
cr_7df96c161f9a,terrified elephant,terrified elephant,terrified elephants,1,738594,2025-12-05,2026-07-30,93,False,False,False,False,False,,,,Terrified Elephant,complete,4538.0,medium,8.6,4.0,4.0,0.0,1.0,0.0,11.129572498898192,11.129572498898192,0.0,https://tibia.fandom.com/wiki/Loot_Statistics:Terrified_Elephant,1189606.0,2026-06-16T14:01:49Z,2026-08-02T17:23:20.466395+00:00,modeled,True,
cr_2681087232db,symbol of hatred,symbol of hatred,symbols of hatred,1,721088,2025-12-05,2026-07-30,84,False,False,False,False,False,,,,,absent,,,,,,,,,,,,,,,,missing_loot_table,False,no current empirical Loot2 table matched; no value imputed
cr_f92e7f3a5d37,husky,husky,huskies,1,720342,2025-12-03,2026-07-30,93,False,False,False,False,False,https://tibia.fandom.com/wiki/Husky,1192074.0,2026-06-25T08:12:44Z,Husky,complete,1410.0,medium,8.6,0.0,0.0,0.0,1.0,0.0,0.0,0.0,0.0,https://tibia.fandom.com/wiki/Loot_Statistics:Husky,1198608.0,2026-08-01T16:05:45Z,2026-08-02T17:23:20.466395+00:00,modeled,True,
cr_85fbdadc01b4,furious fire elemental,furious fire elemental,furious fire elementals,1,720186,2025-12-05,2026-07-30,92,False,False,False,False,False,,,,Furious Fire Elemental,complete,2526.0,medium,8.6,0.0,0.0,0.0,1.0,0.0,0.0,0.0,0.0,https://tibia.fandom.com/wiki/Loot_Statistics:Furious_Fire_Elemental,1117694.0,2025-07-27T20:04:19Z,2026-08-02T17:23:20.466395+00:00,modeled,True,
cr_7dde34fab23e,lion knight,lion knight,lion knights,1,717916,2025-12-05,2026-07-30,93,False,False,False,False,False,,,,Lion Knight,complete,282.0,low,8.6,0.0,0.0,0.0,1.0,0.0,0.0,0.0,0.0,https://tibia.fandom.com/wiki/Loot_Statistics:Lion_Knight,1166215.0,2026-03-07T19:41:01Z,2026-08-02T17:23:20.466395+00:00,modeled,True,
cr_8b505459c4b4,berserker chicken,berserker chicken,berserker chickens,1,700776,2025-12-05,2026-07-30,92,False,False,False,False,False,,,,Berserker Chicken,complete,3144.0,medium,8.6,1.0,1.0,0.0,1.0,0.662531806615776,0.0,0.662531806615776,0.662531806615776,https://tibia.fandom.com/wiki/Loot_Statistics:Berserker_Chicken,1190307.0,2026-06-18T23:43:08Z,2026-08-02T17:23:20.466395+00:00,modeled,True,
cr_299c5699b14e,massive energy elemental,massive energy elemental,massive energy elementals,1,699820,2025-12-05,2026-07-30,93,False,False,False,False,False,,,,Massive Energy Elemental,complete,257.0,low,14.12.5229e4,8.0,4.0,4.0,1.0,0.9922178988326849,68.09338521400778,69.08560311284046,0.9922178988326849,https://tibia.fandom.com/wiki/Loot_Statistics:Massive_Energy_Elemental,1170029.0,2026-03-24T12:28:45Z,2026-08-02T17:23:20.466395+00:00,modeled,True,
cr_f03a1dacb1a7,ancient lion knight,ancient lion knight,ancient lion knights,1,691794,2025-12-03,2026-07-30,93,False,False,False,False,False,,,,Ancient Lion Knight,complete,679.0,low,12.86.11580,21.0,11.0,10.0,1.0,836.3770250368188,125.5478645066274,961.9248895434463,836.3770250368188,https://tibia.fandom.com/wiki/Loot_Statistics:Ancient_Lion_Knight,1166484.0,2026-03-08T17:38:58Z,2026-08-02T17:23:20.466395+00:00,modeled,True,
cr_7323762db09b,Sir Leonard,sir leonard,Sir Leonard,1,688899,2025-12-03,2026-07-30,93,True,False,False,False,False,https://tibia.fandom.com/wiki/Sir_Leonard,1126960.0,2025-09-06T22:19:59Z,Sir Leonard,complete,379.0,low,8.6,24.0,18.0,6.0,1.0,100.0,6494.195250659632,6594.195250659632,100.0,https://tibia.fandom.com/wiki/Loot_Statistics:Sir_Leonard,1197501.0,2026-07-23T08:38:00Z,2026-08-02T17:23:20.466395+00:00,boss_separate,False,TibiaWiki/Bosstiary boss; emitted value retained only in boss series
cr_f2166bb16c15,Kroazur,kroazur,Kroazur,1,683225,2025-12-03,2026-07-30,93,True,False,False,False,False,https://tibia.fandom.com/wiki/Kroazur,1116456.0,2025-07-26T12:49:43Z,Kroazur,complete,718.0,low,12.90.12182,20.0,12.0,8.0,1.0,101.0,4191.155988857939,4292.155988857939,101.0,https://tibia.fandom.com/wiki/Loot_Statistics:Kroazur,1196896.0,2026-07-18T20:09:17Z,2026-08-02T17:23:20.466395+00:00,boss_separate,False,TibiaWiki/Bosstiary boss; emitted value retained only in boss series
cr_1b6e53ab0a5a,modified gnarlhound,modified gnarlhound,modified gnarlhounds,1,664068,2025-12-05,2026-07-30,93,False,False,False,False,False,,,,Modified Gnarlhound,insufficient_sample,54.0,insufficient,9.6,0.0,0.0,0.0,1.0,,,,,https://tibia.fandom.com/wiki/Loot_Statistics:Modified_Gnarlhound,1170065.0,2026-03-24T12:30:05Z,2026-08-02T17:23:20.466395+00:00,insufficient_sample,False,empirical loot sample below 100 kills
cr_ac72e226850c,evil prospector,evil prospector,evil prospectors,1,657377,2025-12-05,2026-07-30,93,False,False,False,False,False,,,,Evil Prospector,complete,635.0,low,15.03.afe753,9.0,9.0,0.0,1.0,100.0,803.5748031496064,903.5748031496064,100.0,https://tibia.fandom.com/wiki/Loot_Statistics:Evil_Prospector,1196030.0,2026-07-14T11:02:07Z,2026-08-02T17:23:20.466395+00:00,modeled,True,
cr_69e24d53fb46,deepling brawler,deepling brawler,deepling brawlers,1,652210,2025-12-05,2026-07-30,93,False,False,False,False,False,,,,Deepling Brawler,complete,1608.0,medium,8.6,7.0,7.0,0.0,1.0,0.970771144278607,43.17164179104478,44.142412935323385,0.970771144278607,https://tibia.fandom.com/wiki/Loot_Statistics:Deepling_Brawler,1176043.0,2026-04-19T23:34:47Z,2026-08-02T17:23:20.466395+00:00,modeled,True,
cr_27a7b14bb458,Preceptor Lazare,preceptor lazare,Preceptor Lazare,1,643715,2025-12-03,2026-07-30,93,True,False,False,False,False,https://tibia.fandom.com/wiki/Preceptor_Lazare,1129064.0,2025-09-19T21:55:02Z,Preceptor Lazare,complete,953.0,low,12.86.11580,3.0,2.0,1.0,1.0,0.0,214.42812172088142,214.42812172088142,0.0,https://tibia.fandom.com/wiki/Loot_Statistics:Preceptor_Lazare,1197602.0,2026-07-24T19:19:22Z,2026-08-02T17:23:20.466395+00:00,boss_separate,False,TibiaWiki/Bosstiary boss; emitted value retained only in boss series
cr_30c0d0281829,monk's apparitions,monk's apparitions,monk's apparitions,1,640670,2025-12-05,2026-07-30,84,False,False,False,False,False,,,,,absent,,,,,,,,,,,,,,,,missing_loot_table,False,no current empirical Loot2 table matched; no value imputed
cr_8d7a725518a4,lion archer,lion archer,lion archers,1,633259,2025-12-03,2026-07-30,93,False,False,False,False,False,,,,Lion Archer,insufficient_sample,34.0,insufficient,8.6,0.0,0.0,0.0,1.0,,,,,https://tibia.fandom.com/wiki/Loot_Statistics:Lion_Archer,1172630.0,2026-04-06T16:47:15Z,2026-08-02T17:23:20.466395+00:00,insufficient_sample,False,empirical loot sample below 100 kills
cr_3dd4f7a9dac5,troll legionnaire,troll legionnaire,troll legionnaires,1,629553,2025-12-05,2026-07-30,92,False,False,False,False,False,,,,Troll Legionnaire,complete,3532.0,medium,8.6,4.0,4.0,0.0,1.0,0.9377123442808607,2.6104190260475653,3.548131370328426,0.9377123442808607,https://tibia.fandom.com/wiki/Loot_Statistics:Troll_Legionnaire,1170271.0,2026-03-24T12:37:24Z,2026-08-02T17:23:20.466395+00:00,modeled,True,
cr_6603522a37f4,cave hydra,cave hydra,cave hydras,1,624408,2025-12-03,2026-07-30,93,False,False,False,False,False,,,,Cave Hydra,complete,1339.0,medium,8.6,0.0,0.0,0.0,1.0,0.0,0.0,0.0,0.0,https://tibia.fandom.com/wiki/Loot_Statistics:Cave_Hydra,1197466.0,2026-07-23T06:37:54Z,2026-08-02T17:23:20.466395+00:00,modeled,True,
cr_a25904ddbf83,water buffalo,water buffalo,water buffalos,1,620675,2025-12-05,2026-07-30,93,False,False,False,False,False,,,,Water Buffalo,complete,1117.0,medium,9.8,3.0,3.0,0.0,1.0,1.0,1.9212175470008952,2.921217547000895,1.0,https://tibia.fandom.com/wiki/Loot_Statistics:Water_Buffalo,1195880.0,2026-07-13T20:15:53Z,2026-08-02T17:23:20.466395+00:00,modeled,True,
cr_b5a8b84dfb83,killer rabbit,killer rabbit,killer rabbits,1,617428,2025-12-05,2026-07-30,92,False,False,False,False,False,,,,Killer Rabbit,complete,2745.0,medium,8.6,1.0,1.0,0.0,1.0,0.38579234972677595,0.0,0.38579234972677595,0.38579234972677595,https://tibia.fandom.com/wiki/Loot_Statistics:Killer_Rabbit,1127429.0,2025-09-10T18:34:40Z,2026-08-02T17:23:20.466395+00:00,modeled,True,
cr_79535ad533ca,filth toad,filth toad,filth toads,1,598142,2025-12-05,2026-07-30,93,False,False,False,False,False,,,,Filth Toad,complete,1568.0,medium,9.1,4.0,4.0,0.0,1.0,0.7786989795918368,3.1198979591836737,3.8985969387755106,0.7786989795918368,https://tibia.fandom.com/wiki/Loot_Statistics:Filth_Toad,1186694.0,2026-05-21T20:29:10Z,2026-08-02T17:23:20.466395+00:00,modeled,True,
cr_ad14a805c441,ice dragon,ice dragon,ice dragons,1,592082,2026-01-14,2026-02-12,85,False,False,False,False,False,,,,Ice Dragon,complete,2910.0,medium,8.6,16.0,13.0,3.0,1.0,0.965979381443299,428.8006872852234,429.76666666666665,0.965979381443299,https://tibia.fandom.com/wiki/Loot_Statistics:Ice_Dragon,1169961.0,2026-03-24T12:26:20Z,2026-08-02T17:23:20.466395+00:00,modeled,True,
cr_6825c220ff03,damaged crystal golem,damaged crystal golem,damaged crystal golems,1,588850,2025-12-05,2026-07-30,93,False,False,False,False,False,,,,Damaged Crystal Golem,complete,2126.0,medium,9.6,0.0,0.0,0.0,1.0,0.0,0.0,0.0,0.0,https://tibia.fandom.com/wiki/Loot_Statistics:Damaged_Crystal_Golem,1185299.0,2026-05-15T14:01:45Z,2026-08-02T17:23:20.466395+00:00,modeled,True,
cr_120120336b9f,baleful bunny,baleful bunny,baleful bunnies,1,588473,2025-12-22,2026-01-10,87,False,False,False,False,False,,,,Baleful Bunny,complete,4598.0,medium,8.6,8.0,7.0,1.0,1.0,100.0,294.3344932579382,394.3344932579382,100.0,https://tibia.fandom.com/wiki/Loot_Statistics:Baleful_Bunny,1155801.0,2026-01-11T18:29:00Z,2026-08-02T17:23:20.466395+00:00,modeled,True,
cr_0607e386af03,Ahau,ahau,Ahau,1,586620,2025-12-03,2026-07-30,93,True,False,False,False,False,https://tibia.fandom.com/wiki/Ahau,1197074.0,2026-07-19T23:00:33Z,Ahau,complete,351.0,low,13.30.14423,20.0,16.0,4.0,1.0,1.0,7469.643874643875,7470.643874643875,1.0,https://tibia.fandom.com/wiki/Loot_Statistics:Ahau,1197782.0,2026-07-26T16:15:14Z,2026-08-02T17:23:20.466395+00:00,boss_separate,False,TibiaWiki/Bosstiary boss; emitted value retained only in boss series
cr_2ac8d881cd23,magma crystal,magma crystal,magma crystals,1,583414,2025-12-05,2026-07-30,90,False,False,False,False,False,,,,,absent,,,,,,,,,,,,,,,,missing_loot_table,False,no current empirical Loot2 table matched; no value imputed
cr_6e285ce7c445,redeemed soul,redeemed soul,redeemed souls,1,564759,2025-12-05,2026-07-30,87,False,False,False,False,False,,,,Redeemed Soul,complete,3787.0,medium,10.8,0.0,0.0,0.0,1.0,0.0,0.0,0.0,0.0,https://tibia.fandom.com/wiki/Loot_Statistics:Redeemed_Soul,1188097.0,2026-06-01T15:46:49Z,2026-08-02T17:23:20.466395+00:00,modeled,True,
cr_3be0bc87ba97,shaburak lord,shaburak lord,shaburak lords,1,554754,2025-12-05,2026-07-30,83,False,False,False,False,False,,,,Shaburak Lord,complete,3857.0,medium,9.1,12.0,9.0,3.0,1.0,35.261861550427795,135.07907700285196,170.34093855327976,35.261861550427795,https://tibia.fandom.com/wiki/Loot_Statistics:Shaburak_Lord,1093041.0,2025-03-01T00:25:40Z,2026-08-02T17:23:20.466395+00:00,modeled,True,
cr_3549ce5ce15c,The Corruptor,the corruptor,The Corruptor,1,547746,2025-12-05,2026-07-30,93,True,False,False,False,False,https://tibia.fandom.com/wiki/The_Corruptor,1186988.0,2026-05-23T09:51:22Z,The Corruptor,insufficient_sample,21.0,insufficient,15.12.c7d92c,10.0,8.0,2.0,1.0,,,,,https://tibia.fandom.com/wiki/Loot_Statistics:The_Corruptor,1183156.0,2026-05-07T11:34:26Z,2026-08-02T17:23:20.466395+00:00,boss_separate,False,TibiaWiki/Bosstiary boss; emitted value retained only in boss series
cr_c848ec407375,Sugar Daddy,sugar daddy,Sugar Daddy,1,547691,2025-12-05,2026-07-30,93,True,False,False,False,False,https://tibia.fandom.com/wiki/Sugar_Daddy,1181372.0,2026-05-02T20:25:37Z,Sugar Daddy,complete,533.0,low,8.6,18.0,11.0,7.0,1.0,101.0,6834.652908067542,6935.652908067542,101.0,https://tibia.fandom.com/wiki/Loot_Statistics:Sugar_Daddy,1196701.0,2026-07-17T18:35:59Z,2026-08-02T17:23:20.466395+00:00,boss_separate,False,TibiaWiki/Bosstiary boss; emitted value retained only in boss series
cr_05eac6474e3a,death priest,death priest,death priests,1,540086,2025-12-05,2026-07-30,93,False,False,False,False,False,,,,Death Priest,complete,100.0,low,14.12.5229e4,9.0,7.0,2.0,1.0,0.81,142.2,143.01,0.81,https://tibia.fandom.com/wiki/Loot_Statistics:Death_Priest,1173670.0,2026-04-10T16:20:15Z,2026-08-02T17:23:20.466395+00:00,modeled,True,
cr_a59277d96672,furious troll,furious troll,furious trolls,1,537527,2025-12-05,2026-07-30,93,False,False,False,False,False,,,,Furious Troll,complete,2937.0,medium,8.6,4.0,4.0,0.0,1.0,6.036772216547498,10.949948927477017,16.986721144024514,6.036772216547498,https://tibia.fandom.com/wiki/Loot_Statistics:Furious_Troll,1169895.0,2026-03-24T12:23:57Z,2026-08-02T17:23:20.466395+00:00,modeled,True,
cr_e74310ef063b,northern pike,northern pike,northern pikes,1,531396,2025-12-03,2026-07-30,93,False,False,False,False,False,,,,,absent,,,,,,,,,,,,,,,,missing_loot_table,False,no current empirical Loot2 table matched; no value imputed
cr_e0249133fbeb,earworm,earworm,earworms,1,527502,2025-12-05,2026-07-30,91,False,False,False,False,False,https://tibia.fandom.com/wiki/Earworm,971265.0,2022-09-12T19:06:48Z,Earworm,complete,1047.0,medium,12.20,11.0,6.0,5.0,1.0,100.0,244.6427889207259,344.64278892072593,100.0,https://tibia.fandom.com/wiki/Loot_Statistics:Earworm,1169848.0,2026-03-24T12:22:13Z,2026-08-02T17:23:20.466395+00:00,modeled,True,
cr_1277918140ea,vampire pig,vampire pig,vampire pigs,1,520431,2025-12-05,2026-07-30,92,False,False,False,False,False,,,,Vampire Pig,insufficient_sample,35.0,insufficient,14.05.0a7868,1.0,1.0,0.0,1.0,,,,,https://tibia.fandom.com/wiki/Loot_Statistics:Vampire_Pig,1127485.0,2025-09-10T18:35:34Z,2026-08-02T17:23:20.466395+00:00,insufficient_sample,False,empirical loot sample below 100 kills
cr_9991d526745d,askarak lord,askarak lord,askarak lords,1,519545,2025-12-05,2026-07-30,88,False,False,False,False,False,,,,Askarak Lord,insufficient_sample,6.0,insufficient,14.11.0fbf6c,4.0,4.0,0.0,1.0,,,,,https://tibia.fandom.com/wiki/Loot_Statistics:Askarak_Lord,1196712.0,2026-07-17T19:29:46Z,2026-08-02T17:23:20.466395+00:00,insufficient_sample,False,empirical loot sample below 100 kills
cr_ad4d12c9ef2f,energised raubritter,energised raubritter,energised raubritters,1,516569,2025-12-05,2026-07-30,81,False,False,False,False,False,,,,,absent,,,,,,,,,,,,,,,,missing_loot_table,False,no current empirical Loot2 table matched; no value imputed
cr_c735eba35f91,moonsilver custodian,moonsilver custodian,moonsilver custodians,1,515839,2026-07-13,2026-07-30,80,False,False,False,False,False,,,,,absent,,,,,,,,,,,,,,,,missing_loot_table,False,no current empirical Loot2 table matched; no value imputed
cr_b38c89054e4f,sand brood,sand brood,sand broods,1,509577,2025-12-05,2026-07-30,89,False,False,False,False,False,,,,,absent,,,,,,,,,,,,,,,,missing_loot_table,False,no current empirical Loot2 table matched; no value imputed
cr_062f726ac232,Heoni,heoni,Heoni,1,490291,2025-12-03,2026-07-30,93,True,False,False,False,False,https://tibia.fandom.com/wiki/Heoni,1181373.0,2026-05-02T20:26:46Z,,absent,,,,,,,,,,,,,,,,boss_separate,False,TibiaWiki/Bosstiary boss; emitted value retained only in boss series
cr_f1237c5d10d8,lost exile,lost exile,lost exiles,1,488996,2025-12-03,2026-07-30,93,False,False,False,False,False,,,,Lost Exile,complete,2607.0,medium,8.6,28.0,23.0,5.0,1.0,60.64710395090142,382.5584963559647,443.2056003068661,60.64710395090142,https://tibia.fandom.com/wiki/Loot_Statistics:Lost_Exile,1189206.0,2026-06-14T10:08:15Z,2026-08-02T17:23:20.466395+00:00,modeled,True,
cr_46edc1db61d4,vicious lich,vicious lich,vicious liches,1,488309,2025-12-03,2026-07-30,93,False,False,False,False,False,,,,Vicious Lich,complete,1073.0,medium,8.6,0.0,0.0,0.0,1.0,0.0,0.0,0.0,0.0,https://tibia.fandom.com/wiki/Loot_Statistics:Vicious_Lich,1190058.0,2026-06-18T18:26:00Z,2026-08-02T17:23:20.466395+00:00,modeled,True,
cr_a2e69e7edaea,cursed book,cursed book,cursed books,1,484270,2025-12-05,2026-07-30,81,False,False,False,False,False,,,,Cursed Book,complete,4350.0,medium,12.31.9530,17.0,16.0,1.0,1.0,75.65517241379311,1897.5862068965514,1973.2413793103444,75.65517241379311,https://tibia.fandom.com/wiki/Loot_Statistics:Cursed_Book,1196775.0,2026-07-18T01:16:02Z,2026-08-02T17:23:20.466395+00:00,modeled,True,
cr_bff1220eda1e,infernoid minion,infernoid minion,infernoid minions,1,481949,2026-03-17,2026-07-30,93,False,False,False,False,False,,,,,absent,,,,,,,,,,,,,,,,missing_loot_table,False,no current empirical Loot2 table matched; no value imputed
cr_0ef9c9328c00,fruit drop,fruit drop,fruit drops,1,476190,2025-12-03,2026-07-30,93,False,False,False,False,False,,,,Fruit Drop,complete,862.0,low,8.6,0.0,0.0,0.0,1.0,0.0,0.0,0.0,0.0,https://tibia.fandom.com/wiki/Loot_Statistics:Fruit_Drop,1198604.0,2026-08-01T16:05:41Z,2026-08-02T17:23:20.466395+00:00,modeled,True,
cr_ebaa193f55f5,Tropical Desolator,tropical desolator,Tropical Desolator,1,475366,2025-12-03,2026-07-30,93,True,False,False,False,False,https://tibia.fandom.com/wiki/Tropical_Desolator,1182959.0,2026-05-07T10:54:21Z,Tropical Desolator,complete,335.0,low,8.6,22.0,14.0,8.0,1.0,100.0,3990.089552238806,4090.089552238806,100.0,https://tibia.fandom.com/wiki/Loot_Statistics:Tropical_Desolator,1198103.0,2026-07-29T04:46:56Z,2026-08-02T17:23:20.466395+00:00,boss_separate,False,TibiaWiki/Bosstiary boss; emitted value retained only in boss series
cr_2c0be9040350,undead mine worker,undead mine worker,undead mine workers,1,467824,2025-12-05,2026-07-30,93,False,False,False,False,False,,,,Undead Mine Worker,complete,185.0,low,14.12.5229e4,7.0,5.0,2.0,1.0,0.43783783783783786,29.572972972972973,30.01081081081081,0.43783783783783786,https://tibia.fandom.com/wiki/Loot_Statistics:Undead_Mine_Worker,1196199.0,2026-07-14T11:18:44Z,2026-08-02T17:23:20.466395+00:00,modeled,True,
cr_51bf23ad5aa7,servant of Tentugly,servant of tentugly,servants of Tentugly,1,467259,2025-12-05,2026-07-30,93,False,False,False,False,False,https://tibia.fandom.com/wiki/Servant_of_Tentugly,968166.0,2022-08-27T19:09:05Z,Servant of Tentugly,complete,1922.0,medium,8.6,0.0,0.0,0.0,1.0,0.0,0.0,0.0,0.0,https://tibia.fandom.com/wiki/Loot_Statistics:Servant_of_Tentugly,1182500.0,2026-05-06T05:44:33Z,2026-08-02T17:23:20.466395+00:00,modeled,True,
cr_437861ab4b63,trapped soul,trapped soul,trapped souls,1,460338,2026-07-13,2026-07-30,80,False,False,False,False,False,,,,,absent,,,,,,,,,,,,,,,,missing_loot_table,False,no current empirical Loot2 table matched; no value imputed
cr_5a8ef7aeaa2d,Wrathful Archivist,wrathful archivist,Wrathful Archivist,1,453499,2025-12-03,2026-07-30,93,True,False,False,False,False,https://tibia.fandom.com/wiki/Wrathful_Archivist,1140964.0,2025-11-08T17:59:51Z,Wrathful Archivist,complete,339.0,low,8.6,31.0,24.0,7.0,1.0,100.37463126843657,7093.657817109146,7194.032448377582,100.37463126843657,https://tibia.fandom.com/wiki/Loot_Statistics:Wrathful_Archivist,1198104.0,2026-07-29T04:46:58Z,2026-08-02T17:23:20.466395+00:00,boss_separate,False,TibiaWiki/Bosstiary boss; emitted value retained only in boss series
cr_363b9b30b8f3,iks ahpututu,iks ahpututu,iks ahpututus,1,451839,2025-12-05,2026-07-30,93,False,False,False,False,False,,,,Iks Ahpututu,complete,260.0,low,14.12.5229e4,13.0,11.0,2.0,1.0,1.0,337.8846153846154,338.8846153846154,1.0,https://tibia.fandom.com/wiki/Loot_Statistics:Iks_Ahpututu,1197771.0,2026-07-26T16:15:03Z,2026-08-02T17:23:20.466395+00:00,modeled,True,
cr_58e8027a6486,Mitmah Vanguard,mitmah vanguard,Mitmah Vanguard,1,451771,2025-12-03,2026-07-30,93,True,False,False,False,False,https://tibia.fandom.com/wiki/Mitmah_Vanguard,1197459.0,2026-07-23T05:12:52Z,Mitmah Vanguard,complete,296.0,low,8.6,19.0,13.0,6.0,1.0,2407.7702702702704,29503.547297297304,31911.317567567574,2407.7702702702704,https://tibia.fandom.com/wiki/Loot_Statistics:Mitmah_Vanguard,1197601.0,2026-07-24T19:19:20Z,2026-08-02T17:23:20.466395+00:00,boss_separate,False,TibiaWiki/Bosstiary boss; emitted value retained only in boss series
cr_8bbddb4a0374,cow,cow,cows,1,448429,2026-03-13,2026-03-20,90,False,True,False,False,False,https://tibia.fandom.com/wiki/Cow,1192105.0,2026-06-25T08:16:21Z,Cow,complete,9181.0,medium,12.20.9066,5.0,5.0,0.0,1.0,0.0,3.9156954580111094,3.9156954580111094,0.0,https://tibia.fandom.com/wiki/Loot_Statistics:Cow,1172539.0,2026-04-06T16:44:01Z,2026-08-02T17:23:20.466395+00:00,modeled,True,
cr_ac41e8e70e40,winged jaracal,winged jaracal,winged jaracals,1,444565,2026-07-13,2026-07-30,91,False,False,False,False,False,,,,Winged Jaracal,complete,333.0,low,8.6,11.0,10.0,1.0,1.0,601.8018018018018,246.67867867867866,848.4804804804805,601.8018018018018,https://tibia.fandom.com/wiki/Loot_Statistics:Winged_Jaracal,1198471.0,2026-07-31T19:13:37Z,2026-08-02T17:23:20.466395+00:00,modeled,True,
cr_1bc2a6006797,greater fire elemental,greater fire elemental,greater fire elementals,1,442867,2025-12-03,2026-07-30,93,False,False,False,False,False,,,,Greater Fire Elemental,complete,888.0,low,8.6,0.0,0.0,0.0,1.0,0.0,0.0,0.0,0.0,https://tibia.fandom.com/wiki/Loot_Statistics:Greater_Fire_Elemental,1197476.0,2026-07-23T06:38:09Z,2026-08-02T17:23:20.466395+00:00,modeled,True,
cr_2eb7fdcebd03,disruption,disruption,disruptions,1,441725,2025-12-05,2026-07-30,93,False,False,False,False,False,https://tibia.fandom.com/wiki/Disruption,967917.0,2022-08-27T18:46:17Z,,absent,,,,,,,,,,,,,,,,missing_loot_table,False,no current empirical Loot2 table matched; no value imputed
cr_f9ab6d5951cd,Damage Resonance,damage resonance,Damage Resonance,1,432481,2025-12-03,2026-07-30,93,True,False,False,False,False,https://tibia.fandom.com/wiki/Damage_Resonance,1025771.0,2023-08-07T21:23:17Z,,absent,,,,,,,,,,,,,,,,boss_separate,False,TibiaWiki/Bosstiary boss; emitted value retained only in boss series
cr_de8bf458e0ec,Muglex Clan Chief,muglex clan chief,Muglex Clan Chief,1,428628,2025-12-03,2026-07-30,93,True,False,False,False,False,https://tibia.fandom.com/wiki/Muglex_Clan_Chief,1175835.0,2026-04-19T16:25:21Z,Muglex Clan Chief,insufficient_sample,65.0,insufficient,8.6,18.0,15.0,3.0,1.0,,,,,https://tibia.fandom.com/wiki/Loot_Statistics:Muglex_Clan_Chief,1186468.0,2026-05-20T13:02:01Z,2026-08-02T17:23:20.466395+00:00,boss_separate,False,TibiaWiki/Bosstiary boss; emitted value retained only in boss series
cr_3ef9769c521f,Blight Mariner,blight mariner,Blight Mariner,1,425505,2025-12-03,2026-07-30,93,True,False,False,False,False,https://tibia.fandom.com/wiki/Blight_Mariner,1144784.0,2025-11-27T00:48:07Z,Blight Mariner,complete,331.0,low,8.6,22.0,20.0,2.0,1.0,100.0,6988.3685800604235,7088.3685800604235,100.0,https://tibia.fandom.com/wiki/Loot_Statistics:Blight_Mariner,1198102.0,2026-07-29T04:46:39Z,2026-08-02T17:23:20.466395+00:00,boss_separate,False,TibiaWiki/Bosstiary boss; emitted value retained only in boss series
cr_ea6ec7461fdb,lion commander,lion commander,lion commanders,1,419074,2025-12-03,2026-07-30,93,False,False,False,False,False,,,,Lion Commander,complete,271.0,low,8.6,0.0,0.0,0.0,1.0,0.0,0.0,0.0,0.0,https://tibia.fandom.com/wiki/Loot_Statistics:Lion_Commander,1198356.0,2026-07-31T12:06:11Z,2026-08-02T17:23:20.466395+00:00,modeled,True,
cr_75706bf576dc,Grand Commander Soeren,grand commander soeren,Grand Commander Soeren,1,413837,2025-12-03,2026-07-30,93,True,False,False,False,False,https://tibia.fandom.com/wiki/Grand_Commander_Soeren,1181546.0,2026-05-02T20:54:02Z,Grand Commander Soeren,complete,836.0,low,12.86.11580,3.0,2.0,1.0,1.0,0.0,219.37799043062202,219.37799043062202,0.0,https://tibia.fandom.com/wiki/Loot_Statistics:Grand_Commander_Soeren,1193675.0,2026-07-01T15:41:00Z,2026-08-02T17:23:20.466395+00:00,boss_separate,False,TibiaWiki/Bosstiary boss; emitted value retained only in boss series
cr_4dddbd9448e3,furious jaracal,furious jaracal,furious jaracals,1,409897,2026-07-13,2026-07-30,92,False,False,False,False,False,,,,Furious Jaracal,insufficient_sample,11.0,insufficient,8.6,0.0,0.0,0.0,1.0,,,,,https://tibia.fandom.com/wiki/Loot_Statistics:Furious_Jaracal,1197629.0,2026-07-25T06:06:20Z,2026-08-02T17:23:20.466395+00:00,insufficient_sample,False,empirical loot sample below 100 kills
cr_48fdf8f729af,insectoid scout,insectoid scout,insectoid scouts,1,409055,2025-12-05,2026-07-30,93,False,False,False,False,False,,,,Insectoid Scout,complete,1298.0,medium,9.1,4.0,3.0,1.0,1.0,0.8189522342064715,2.0030816640986133,2.8220338983050848,0.8189522342064715,https://tibia.fandom.com/wiki/Loot_Statistics:Insectoid_Scout,1039527.0,2023-09-26T14:12:16Z,2026-08-02T17:23:20.466395+00:00,modeled,True,
cr_1c15d09b93ef,doom deer,doom deer,doom deer,1,407604,2025-12-05,2026-07-30,92,False,False,False,False,False,https://tibia.fandom.com/wiki/Doom_Deer,1192084.0,2026-06-25T08:13:09Z,Doom Deer,complete,2436.0,medium,8.6,1.0,1.0,0.0,1.0,0.5935960591133005,0.0,0.5935960591133005,0.5935960591133005,https://tibia.fandom.com/wiki/Loot_Statistics:Doom_Deer,1127392.0,2025-09-10T18:34:03Z,2026-08-02T17:23:20.466395+00:00,modeled,True,
cr_304d49cd2a52,vicious ink splash,vicious ink splash,vicious ink splashes,1,404629,2025-12-05,2026-07-30,93,False,False,False,False,False,,,,,absent,,,,,,,,,,,,,,,,missing_loot_table,False,no current empirical Loot2 table matched; no value imputed
cr_0e88da179036,gryphon,gryphon,gryphons,1,403359,2025-12-05,2026-07-30,93,False,False,False,False,False,https://tibia.fandom.com/wiki/Gryphon,1192039.0,2026-06-25T07:59:10Z,Gryphon,complete,321.0,low,12.20,0.0,0.0,0.0,1.0,0.0,0.0,0.0,0.0,https://tibia.fandom.com/wiki/Loot_Statistics:Gryphon,1172598.0,2026-04-06T16:46:21Z,2026-08-02T17:23:20.466395+00:00,modeled,True,
cr_e54774803661,Inkwing,inkwing,Inkwing,1,402993,2025-12-05,2026-07-30,93,True,False,False,False,False,https://tibia.fandom.com/wiki/Inkwing,1135304.0,2025-10-18T16:10:35Z,Inkwing,complete,758.0,low,8.6,15.0,10.0,5.0,1.0,100.0,1504.089709762533,1604.089709762533,100.0,https://tibia.fandom.com/wiki/Loot_Statistics:Inkwing,1187246.0,2026-05-24T21:11:52Z,2026-08-02T17:23:20.466395+00:00,boss_separate,False,TibiaWiki/Bosstiary boss; emitted value retained only in boss series
cr_bab7012404d8,piñata dragon,piñata dragon,Piñata Dragons,1,398944,2026-01-07,2026-01-10,86,False,False,False,False,False,,,,Piñata Dragon,complete,1656.0,medium,12.86.11580,16.0,3.0,13.0,1.0,0.0,24.78985507246377,24.78985507246377,0.0,https://tibia.fandom.com/wiki/Loot_Statistics:Pi%C3%B1ata_Dragon,1159987.0,2026-02-01T21:25:52Z,2026-08-02T17:23:20.466395+00:00,modeled,True,
cr_f8bd56f23666,infernal frog,infernal frog,infernal frogs,1,398350,2025-12-05,2026-07-30,93,False,False,False,False,False,https://tibia.fandom.com/wiki/Infernal_Frog,1191555.0,2026-06-25T06:23:33Z,Infernal Frog,complete,3296.0,medium,8.6,1.0,1.0,0.0,1.0,0.7099514563106796,0.0,0.7099514563106796,0.7099514563106796,https://tibia.fandom.com/wiki/Loot_Statistics:Infernal_Frog,1161883.0,2026-02-08T20:46:26Z,2026-08-02T17:23:20.466395+00:00,modeled,True,
cr_80fd33515c20,loricate orger,loricate orger,loricate orgers,1,396347,2026-03-13,2026-03-20,90,False,False,False,False,False,,,,Loricate Orger,complete,4192.0,medium,12.20.9066,12.0,12.0,0.0,1.0,100.0,101.00166984732824,201.00166984732823,100.0,https://tibia.fandom.com/wiki/Loot_Statistics:Loricate_Orger,1172631.0,2026-04-06T16:47:16Z,2026-08-02T17:23:20.466395+00:00,modeled,True,
cr_84576ea27878,poisoned raubritter,poisoned raubritter,poisoned raubritters,1,394209,2025-12-05,2026-07-30,81,False,False,False,False,False,,,,,absent,,,,,,,,,,,,,,,,missing_loot_table,False,no current empirical Loot2 table matched; no value imputed
cr_7031ba0fecfb,corrupted soul,corrupted soul,corrupted souls,1,392564,2025-12-05,2026-07-30,92,False,False,False,False,False,,,,,absent,,,,,,,,,,,,,,,,missing_loot_table,False,no current empirical Loot2 table matched; no value imputed
cr_4238e8743993,vile destroyer,vile destroyer,vile destroyers,1,391052,2025-12-03,2026-07-30,93,False,False,False,False,False,,,,Vile Destroyer,complete,843.0,low,8.6,0.0,0.0,0.0,1.0,0.0,0.0,0.0,0.0,https://tibia.fandom.com/wiki/Loot_Statistics:Vile_Destroyer,1190059.0,2026-06-18T18:26:01Z,2026-08-02T17:23:20.466395+00:00,modeled,True,
cr_9d30023eb9c6,greater energy elemental,greater energy elemental,greater energy elementals,1,388703,2025-12-03,2026-07-30,93,False,False,False,False,False,,,,Greater Energy Elemental,complete,888.0,low,8.6,0.0,0.0,0.0,1.0,0.0,0.0,0.0,0.0,https://tibia.fandom.com/wiki/Loot_Statistics:Greater_Energy_Elemental,1197475.0,2026-07-23T06:38:08Z,2026-08-02T17:23:20.466395+00:00,modeled,True,
cr_a8b6b030fc34,moonstone excavator,moonstone excavator,moonstone excavators,1,382242,2026-07-13,2026-07-30,88,False,False,False,False,False,,,,Moonstone Excavator,complete,540.0,low,8.6,12.0,11.0,1.0,1.0,80.37037037037037,487.6481481481481,568.0185185185185,80.37037037037037,https://tibia.fandom.com/wiki/Loot_Statistics:Moonstone_Excavator,1198130.0,2026-07-29T13:49:35Z,2026-08-02T17:23:20.466395+00:00,modeled,True,
cr_f4ac9da8cfcb,Grand Canon Dominus,grand canon dominus,Grand Canon Dominus,1,376691,2025-12-03,2026-07-30,93,True,False,False,False,False,https://tibia.fandom.com/wiki/Grand_Canon_Dominus,1191547.0,2026-06-24T23:01:47Z,Grand Canon Dominus,complete,479.0,low,12.86.11580,18.0,14.0,4.0,1.0,89.14405010438414,670.2296450939456,759.3736951983298,89.14405010438414,https://tibia.fandom.com/wiki/Loot_Statistics:Grand_Canon_Dominus,1193673.0,2026-07-01T15:40:48Z,2026-08-02T17:23:20.466395+00:00,boss_separate,False,TibiaWiki/Bosstiary boss; emitted value retained only in boss series
cr_6be382257e1f,reality reaver,reality reaver,reality reaver,1,370956,2025-12-05,2026-03-10,89,False,False,False,False,False,https://tibia.fandom.com/wiki/Reality_Reaver,1191734.0,2026-06-25T06:45:17Z,Reality Reaver,complete,7521.0,medium,15.00.249ccc,28.0,23.0,5.0,1.0,101.0,614.0898816646721,715.0898816646721,101.0,https://tibia.fandom.com/wiki/Loot_Statistics:Reality_Reaver,1198939.0,2026-08-02T14:50:48Z,2026-08-02T17:23:20.466395+00:00,modeled,True,
cr_52d4e58f07b0,agrestic chicken,agrestic chicken,agrestic chickens,1,362526,2025-12-05,2026-07-30,93,False,False,False,False,False,,,,Agrestic Chicken,complete,3527.0,medium,8.6,4.0,4.0,0.0,1.0,0.0,5.261695491919478,5.261695491919478,0.0,https://tibia.fandom.com/wiki/Loot_Statistics:Agrestic_Chicken,1193519.0,2026-07-01T15:27:26Z,2026-08-02T17:23:20.466395+00:00,modeled,True,
cr_07a8f68ad51a,Spirit Overlord,spirit overlord,Spirit Overlord,1,359690,2025-12-06,2026-07-29,71,True,False,False,False,False,https://tibia.fandom.com/wiki/Spirit_Overlord,1124177.0,2025-08-27T02:36:58Z,Spirit Overlord,insufficient_sample,3.0,insufficient,8.6,5.0,5.0,0.0,1.0,,,,,https://tibia.fandom.com/wiki/Loot_Statistics:Spirit_Overlord,1098878.0,2025-04-13T00:07:32Z,2026-08-02T17:23:20.466395+00:00,boss_separate,False,TibiaWiki/Bosstiary boss; emitted value retained only in boss series
cr_cca924a1eace,lizard magistratus,lizard magistratus,lizard magistratuses,1,359576,2025-12-05,2026-07-30,93,False,False,False,False,False,,,,Lizard Magistratus,complete,1290.0,medium,8.6,7.0,5.0,2.0,1.0,16.136434108527133,26.635658914728683,42.77209302325582,16.136434108527133,https://tibia.fandom.com/wiki/Loot_Statistics:Lizard_Magistratus,1187466.0,2026-05-27T08:53:12Z,2026-08-02T17:23:20.466395+00:00,modeled,True,
cr_39c5e8b98024,Rage of Mazoran,rage of mazoran,Rage of Mazoran,1,346954,2025-12-05,2026-07-30,91,False,False,False,False,False,https://tibia.fandom.com/wiki/Rage_of_Mazoran,1078205.0,2024-09-29T22:44:38Z,,absent,,,,,,,,,,,,,,,,missing_loot_table,False,no current empirical Loot2 table matched; no value imputed
cr_1132190d6d42,primal pack beast,primal pack beast,primal pack beasts,1,345576,2025-12-05,2026-07-30,86,False,False,False,False,False,,,,,absent,,,,,,,,,,,,,,,,missing_loot_table,False,no current empirical Loot2 table matched; no value imputed
cr_52493d9e265e,gingerbread man,gingerbread man,gingerbread mans | gingerbread men,2,344999,2025-12-05,2026-07-30,93,False,False,False,False,False,,,,Gingerbread Man,complete,749.0,low,8.6,0.0,0.0,0.0,1.0,0.0,0.0,0.0,0.0,https://tibia.fandom.com/wiki/Loot_Statistics:Gingerbread_Man,1198605.0,2026-08-01T16:05:42Z,2026-08-02T17:23:20.466395+00:00,modeled,True,
cr_67f6bf167be6,moonspawn oozecrown,moonspawn oozecrown,moonspawn oozecrowns,1,342383,2026-07-13,2026-07-30,90,False,False,False,False,False,,,,Moonspawn Oozecrown,complete,212.0,low,8.6,9.0,7.0,2.0,1.0,81.13207547169812,176.93396226415095,258.0660377358491,81.13207547169812,https://tibia.fandom.com/wiki/Loot_Statistics:Moonspawn_Oozecrown,1197830.0,2026-07-26T20:23:40Z,2026-08-02T17:23:20.466395+00:00,modeled,True,
cr_0e7460e68496,mechanical fighter,mechanical fighter,mechanical fighters,1,337369,2025-12-05,2026-07-30,93,False,False,False,False,False,,,,,absent,,,,,,,,,,,,,,,,missing_loot_table,False,no current empirical Loot2 table matched; no value imputed
cr_c2cb017fb25f,moonspawn blightspitter,moonspawn blightspitter,moonspawn blightspitters,1,336567,2026-07-13,2026-07-30,90,False,False,False,False,False,,,,Moonspawn Blightspitter,complete,174.0,low,8.6,12.0,10.0,2.0,1.0,75.28735632183908,1086.2068965517242,1161.4942528735633,75.28735632183908,https://tibia.fandom.com/wiki/Loot_Statistics:Moonspawn_Blightspitter,1197829.0,2026-07-26T20:22:58Z,2026-08-02T17:23:20.466395+00:00,modeled,True,
cr_afca17926f5a,iceplume strider,iceplume strider,iceplume striders,1,328461,2026-07-13,2026-07-30,91,False,False,False,False,False,,,,Iceplume Strider,complete,484.0,low,8.6,8.0,8.0,0.0,1.0,813.0165289256198,294.4214876033058,1107.4380165289256,813.0165289256198,https://tibia.fandom.com/wiki/Loot_Statistics:Iceplume_Strider,1198888.0,2026-08-02T10:18:02Z,2026-08-02T17:23:20.466395+00:00,modeled,True,
cr_845e9554d501,Grand Chaplain Gaunder,grand chaplain gaunder,Grand Chaplain Gaunder,1,326939,2025-12-03,2026-07-30,93,True,False,False,False,False,https://tibia.fandom.com/wiki/Grand_Chaplain_Gaunder,1181547.0,2026-05-02T20:54:03Z,Grand Chaplain Gaunder,complete,668.0,low,12.86.11580,26.0,21.0,5.0,1.0,0.0,1438.6002994011976,1438.6002994011976,0.0,https://tibia.fandom.com/wiki/Loot_Statistics:Grand_Chaplain_Gaunder,1193674.0,2026-07-01T15:40:54Z,2026-08-02T17:23:20.466395+00:00,boss_separate,False,TibiaWiki/Bosstiary boss; emitted value retained only in boss series
cr_e46f8ef09071,demon parrot,demon parrot,demon parrots,1,319789,2025-12-05,2026-07-30,91,False,False,False,False,False,,,,Demon Parrot,complete,1771.0,medium,8.6,1.0,1.0,0.0,1.0,0.8001129305477132,0.0,0.8001129305477132,0.8001129305477132,https://tibia.fandom.com/wiki/Loot_Statistics:Demon_Parrot,1127389.0,2025-09-10T18:34:00Z,2026-08-02T17:23:20.466395+00:00,modeled,True,
cr_fdb6d694d682,hazardous phantom,hazardous phantom,hazardous phantoms,1,317342,2025-12-05,2026-07-30,83,False,False,False,False,False,,,,Hazardous Phantom,complete,255.0,low,14.00.7103e2,17.0,16.0,1.0,1.0,6078.431372549019,2354.9019607843134,8433.333333333332,6078.431372549019,https://tibia.fandom.com/wiki/Loot_Statistics:Hazardous_Phantom,1184194.0,2026-05-11T06:05:39Z,2026-08-02T17:23:20.466395+00:00,modeled,True,
cr_fe123c379617,hot dog,hot dog,hot dogs,1,316932,2025-12-05,2026-07-30,90,False,False,False,False,False,,,,Hot Dog,complete,1369.0,medium,8.6,1.0,1.0,0.0,1.0,0.7355734112490869,0.0,0.7355734112490869,0.7355734112490869,https://tibia.fandom.com/wiki/Loot_Statistics:Hot_Dog,1127424.0,2025-09-10T18:34:35Z,2026-08-02T17:23:20.466395+00:00,modeled,True,
cr_eb4161a16827,deepling elite,deepling elite,deepling elites,1,314536,2025-12-05,2026-07-30,93,False,False,False,False,False,,,,Deepling Elite,complete,2338.0,medium,8.6,15.0,11.0,4.0,1.0,1.0,499.47390932420876,500.47390932420876,1.0,https://tibia.fandom.com/wiki/Loot_Statistics:Deepling_Elite,1187988.0,2026-06-01T15:44:46Z,2026-08-02T17:23:20.466395+00:00,modeled,True,
cr_c6b4592a74a0,overcharged demon,overcharged demon,overcharged demons,1,313017,2025-12-05,2026-07-30,88,False,False,False,False,False,,,,,absent,,,,,,,,,,,,,,,,missing_loot_table,False,no current empirical Loot2 table matched; no value imputed
cr_64fe5dad49a7,stone rhino,stone rhino,stone rhinos,1,311283,2025-12-05,2026-07-30,86,False,False,False,False,False,,,,Stone Rhino,complete,2379.0,medium,8.6,5.0,4.0,1.0,1.0,0.0,47.261454392601934,47.261454392601934,0.0,https://tibia.fandom.com/wiki/Loot_Statistics:Stone_Rhino,1196179.0,2026-07-14T11:16:39Z,2026-08-02T17:23:20.466395+00:00,modeled,True,
cr_aadae704913a,imp warden,imp warden,imp wardens,1,309848,2025-12-05,2026-07-30,88,False,False,False,False,False,,,,,absent,,,,,,,,,,,,,,,,missing_loot_table,False,no current empirical Loot2 table matched; no value imputed
cr_e7ac28aa84df,roast pork,roast pork,roast porks,1,304894,2026-03-13,2026-03-20,90,False,False,False,False,False,,,,Roast Pork,complete,4719.0,medium,12.20.9066,5.0,2.0,3.0,1.0,0.0,0.7128628946810764,0.7128628946810764,0.0,https://tibia.fandom.com/wiki/Loot_Statistics:Roast_Pork,1172692.0,2026-04-06T16:49:24Z,2026-08-02T17:23:20.466395+00:00,modeled,True,
cr_c5c542b06639,wafer paper butterfly,wafer paper butterfly,wafer paper butterflies,1,292293,2025-12-05,2026-07-30,93,False,False,False,False,False,,,,Wafer Paper Butterfly,complete,469.0,low,8.6,0.0,0.0,0.0,1.0,0.0,0.0,0.0,0.0,https://tibia.fandom.com/wiki/Loot_Statistics:Wafer_Paper_Butterfly,1173846.0,2026-04-10T16:23:03Z,2026-08-02T17:23:20.466395+00:00,modeled,True,
cr_edad98c45e2d,dragonling,dragonling,dragonlings,1,289490,2025-12-05,2026-07-30,93,False,False,False,False,False,https://tibia.fandom.com/wiki/Dragonling,1192014.0,2026-06-25T07:57:53Z,Dragonling,complete,3151.0,medium,9.6,4.0,2.0,2.0,1.0,0.9676293240241193,67.17549984132022,68.14312916534433,0.9676293240241193,https://tibia.fandom.com/wiki/Loot_Statistics:Dragonling,1187713.0,2026-05-30T20:13:16Z,2026-08-02T17:23:20.466395+00:00,modeled,True,
cr_78b2047044c5,silverfrost sentinel,silverfrost sentinel,silverfrost sentinels,1,287492,2026-07-13,2026-07-30,91,False,False,False,False,False,,,,Silverfrost Sentinel,complete,413.0,low,8.6,9.0,9.0,0.0,1.0,1082.324455205811,365.01210653753026,1447.3365617433415,1082.324455205811,https://tibia.fandom.com/wiki/Loot_Statistics:Silverfrost_Sentinel,1198892.0,2026-08-02T10:18:07Z,2026-08-02T17:23:20.466395+00:00,modeled,True,
cr_80e831d79126,Dragon Warden,dragon warden,Dragon Wardens,1,284123,2026-01-14,2026-02-12,79,False,True,False,False,False,https://tibia.fandom.com/wiki/Dragon_Warden,1085626.0,2024-12-08T23:06:42Z,Dragon Warden,complete,1412.0,medium,8.6,0.0,0.0,0.0,1.0,0.0,0.0,0.0,0.0,https://tibia.fandom.com/wiki/Loot_Statistics:Dragon_Warden,1169663.0,2026-03-24T12:15:59Z,2026-08-02T17:23:20.466395+00:00,modeled,True,
cr_ebcecd8312ad,undead prospector,undead prospector,undead prospectors,1,281788,2025-12-05,2026-07-30,93,False,False,False,False,False,,,,Undead Prospector,insufficient_sample,64.0,insufficient,14.12.5229e4,7.0,6.0,1.0,1.0,,,,,https://tibia.fandom.com/wiki/Loot_Statistics:Undead_Prospector,1196200.0,2026-07-14T11:18:50Z,2026-08-02T17:23:20.466395+00:00,insufficient_sample,False,empirical loot sample below 100 kills
cr_66d4694d4bf1,frozen minion,frozen minion,frozen minions,1,276226,2025-12-05,2026-07-30,93,False,False,False,False,False,,,,Frozen Minion,complete,2760.0,medium,8.6,0.0,0.0,0.0,1.0,0.0,0.0,0.0,0.0,https://tibia.fandom.com/wiki/Loot_Statistics:Frozen_Minion,1169892.0,2026-03-24T12:23:50Z,2026-08-02T17:23:20.466395+00:00,modeled,True,
cr_e71bf68b0a8a,cream blob,cream blob,cream blobs,1,274361,2025-12-05,2026-07-30,93,False,False,False,False,False,,,,Cream Blob,complete,553.0,low,8.6,0.0,0.0,0.0,1.0,0.0,0.0,0.0,0.0,https://tibia.fandom.com/wiki/Loot_Statistics:Cream_Blob,1198598.0,2026-08-01T16:05:35Z,2026-08-02T17:23:20.466395+00:00,modeled,True,
cr_b6f2994e3a7e,evil sheep lord,evil sheep lord,evil sheep lord,1,273916,2025-12-05,2026-07-30,92,False,False,False,False,False,https://tibia.fandom.com/wiki/Evil_Sheep_Lord,1192082.0,2026-06-25T08:13:04Z,Evil Sheep Lord,complete,1367.0,medium,8.6,1.0,1.0,0.0,1.0,0.7995610826627652,0.0,0.7995610826627652,0.7995610826627652,https://tibia.fandom.com/wiki/Loot_Statistics:Evil_Sheep_Lord,1127407.0,2025-09-10T18:34:19Z,2026-08-02T17:23:20.466395+00:00,modeled,True,
cr_ddd5115166d4,lizard noble,lizard noble,lizard nobles,1,270641,2025-12-05,2026-07-30,93,False,False,False,False,False,,,,Lizard Noble,complete,1710.0,medium,8.6,7.0,5.0,2.0,1.0,15.221637426900584,27.239766081871345,42.46140350877193,15.221637426900584,https://tibia.fandom.com/wiki/Loot_Statistics:Lizard_Noble,1194969.0,2026-07-08T13:04:10Z,2026-08-02T17:23:20.466395+00:00,modeled,True,
cr_86e7e7fb26ae,sight of surrender,sight of surrender,sights of surrender,1,269832,2025-12-05,2026-07-30,83,False,False,False,False,False,,,,Sight of Surrender,complete,4691.0,medium,10.3,25.0,20.0,5.0,1.0,100.0,10471.55190790876,10571.55190790876,100.0,https://tibia.fandom.com/wiki/Loot_Statistics:Sight_of_Surrender,1195021.0,2026-07-08T22:37:19Z,2026-08-02T17:23:20.466395+00:00,modeled,True,
cr_503988434d8a,little corym charlatan,little corym charlatan,little corym charlatans,1,262384,2025-12-05,2026-07-30,93,False,False,False,False,False,,,,Little Corym Charlatan,complete,791.0,low,9.8,0.0,0.0,0.0,1.0,0.0,0.0,0.0,0.0,https://tibia.fandom.com/wiki/Loot_Statistics:Little_Corym_Charlatan,1161759.0,2026-02-08T12:30:50Z,2026-08-02T17:23:20.466395+00:00,modeled,True,
cr_e2623f687c63,goldhanded cultist,goldhanded cultist,goldhanded cultists,1,255620,2025-12-05,2026-07-30,89,False,False,False,False,False,,,,Goldhanded Cultist,complete,1257.0,medium,8.6,10.0,8.0,2.0,1.0,1.2179793158313443,530.5887032617343,531.8066825775657,1.2179793158313443,https://tibia.fandom.com/wiki/Loot_Statistics:Goldhanded_Cultist,1088334.0,2025-01-15T19:13:48Z,2026-08-02T17:23:20.466395+00:00,modeled,True,
cr_d5004eb6823e,mean maw,mean maw,mean maws,1,255471,2025-12-05,2026-07-30,84,False,False,False,False,False,,,,,absent,,,,,,,,,,,,,,,,missing_loot_table,False,no current empirical Loot2 table matched; no value imputed
cr_60ab5985316b,goldhanded cultist bride,goldhanded cultist bride,goldhanded cultist brides,1,255462,2025-12-05,2026-07-30,88,False,False,False,False,False,,,,Goldhanded Cultist Bride,complete,1253.0,medium,8.6,9.0,7.0,2.0,1.0,1.6839584996009576,290.78212290502796,292.46608140462894,1.6839584996009576,https://tibia.fandom.com/wiki/Loot_Statistics:Goldhanded_Cultist_Bride,1088335.0,2025-01-15T19:13:49Z,2026-08-02T17:23:20.466395+00:00,modeled,True,
cr_e536f76b819b,frozen raubritter,frozen raubritter,frozen raubritters,1,253995,2025-12-05,2026-07-30,81,False,False,False,False,False,,,,,absent,,,,,,,,,,,,,,,,missing_loot_table,False,no current empirical Loot2 table matched; no value imputed
cr_e778eef55259,tormented ghost,tormented ghost,tormented ghosts,1,251088,2025-12-05,2026-07-30,93,False,False,False,False,False,,,,,absent,,,,,,,,,,,,,,,,missing_loot_table,False,no current empirical Loot2 table matched; no value imputed
cr_139752868065,truffle,truffle,truffles,1,249707,2025-12-05,2026-07-30,93,False,False,False,False,False,https://tibia.fandom.com/wiki/Truffle,1191757.0,2026-06-25T06:50:56Z,Truffle,complete,490.0,low,8.6,0.0,0.0,0.0,1.0,0.0,0.0,0.0,0.0,https://tibia.fandom.com/wiki/Loot_Statistics:Truffle,1173838.0,2026-04-10T16:22:56Z,2026-08-02T17:23:20.466395+00:00,modeled,True,
cr_227c3adbefbf,energized raging mage,energized raging mage,energized raging mages,1,246181,2025-12-05,2026-07-30,93,False,False,False,False,False,,,,,absent,,,,,,,,,,,,,,,,missing_loot_table,False,no current empirical Loot2 table matched; no value imputed
cr_b25c6358c5e6,yalahari despoiler,yalahari despoiler,yalahari despoilers,1,242188,2025-12-05,2026-07-30,71,False,False,False,False,False,,,,,absent,,,,,,,,,,,,,,,,missing_loot_table,False,no current empirical Loot2 table matched; no value imputed
cr_0ccf9e4814ff,Soul Cages,soul cages,Soul Cages,1,238760,2025-12-05,2026-07-30,84,False,False,False,False,False,,,,,absent,,,,,,,,,,,,,,,,missing_loot_table,False,no current empirical Loot2 table matched; no value imputed
cr_9b2714212953,moonstone overseer,moonstone overseer,moonstone overseers,1,237076,2026-07-13,2026-07-30,88,False,False,False,False,False,,,,Moonstone Overseer,complete,375.0,low,8.6,10.0,10.0,0.0,1.0,62.4,683.4666666666666,745.8666666666666,62.4,https://tibia.fandom.com/wiki/Loot_Statistics:Moonstone_Overseer,1198131.0,2026-07-29T13:49:56Z,2026-08-02T17:23:20.466395+00:00,modeled,True,
cr_7f578dd4280e,Diseased Dan,diseased dan,Diseased Dan,1,235996,2025-12-05,2026-07-30,93,True,False,False,False,False,https://tibia.fandom.com/wiki/Diseased_Dan,1181472.0,2026-05-02T20:50:59Z,Diseased Dan,complete,465.0,low,8.6,1.0,1.0,0.0,1.0,0.410752688172043,0.0,0.410752688172043,0.410752688172043,https://tibia.fandom.com/wiki/Loot_Statistics:Diseased_Dan,1186634.0,2026-05-21T20:27:43Z,2026-08-02T17:23:20.466395+00:00,boss_separate,False,TibiaWiki/Bosstiary boss; emitted value retained only in boss series
cr_556acea45eb4,Anomaly,anomaly,Anomaly,1,230052,2025-12-03,2026-07-30,93,True,False,False,False,False,https://tibia.fandom.com/wiki/Anomaly,1140863.0,2025-11-08T17:54:34Z,Anomaly,complete,127.0,low,13.30.14423,40.0,31.0,9.0,1.0,101.0,18870.866141732284,18971.866141732284,101.0,https://tibia.fandom.com/wiki/Loot_Statistics:Anomaly,1197800.0,2026-07-26T18:00:41Z,2026-08-02T17:23:20.466395+00:00,boss_separate,False,TibiaWiki/Bosstiary boss; emitted value retained only in boss series
cr_06f56d523682,bound cave spider,bound cave spider,bound cave spiders,1,227603,2025-12-05,2026-07-30,93,False,False,False,False,False,,,,,absent,,,,,,,,,,,,,,,,missing_loot_table,False,no current empirical Loot2 table matched; no value imputed
cr_978025b7e914,truffle cook,truffle cook,truffle cooks,1,226905,2025-12-05,2026-07-30,93,False,False,False,False,False,,,,Truffle Cook,complete,291.0,low,8.6,0.0,0.0,0.0,1.0,0.0,0.0,0.0,0.0,https://tibia.fandom.com/wiki/Loot_Statistics:Truffle_Cook,1183916.0,2026-05-10T05:45:49Z,2026-08-02T17:23:20.466395+00:00,modeled,True,
cr_6b74006fad4e,Outburst,outburst,Outburst,1,226157,2025-12-03,2026-07-30,93,True,False,False,False,False,https://tibia.fandom.com/wiki/Outburst,1140912.0,2025-11-08T17:55:49Z,Outburst,complete,120.0,low,13.30.14423,42.0,33.0,9.0,1.0,101.0,17983.333333333336,18084.333333333336,101.0,https://tibia.fandom.com/wiki/Loot_Statistics:Outburst,1197806.0,2026-07-26T18:00:51Z,2026-08-02T17:23:20.466395+00:00,boss_separate,False,TibiaWiki/Bosstiary boss; emitted value retained only in boss series
cr_9e6184b73855,Eradicator,eradicator,Eradicator,1,226085,2025-12-03,2026-07-30,93,True,False,False,False,False,https://tibia.fandom.com/wiki/Eradicator,1140882.0,2025-11-08T17:54:59Z,Eradicator,complete,121.0,low,13.30.14423,40.0,32.0,8.0,1.0,101.0,19328.26446280992,19429.26446280992,101.0,https://tibia.fandom.com/wiki/Loot_Statistics:Eradicator,1197804.0,2026-07-26T18:00:47Z,2026-08-02T17:23:20.466395+00:00,boss_separate,False,TibiaWiki/Bosstiary boss; emitted value retained only in boss series
cr_1f3ca2409231,death dragon,death dragon,death dragons,1,224585,2025-12-05,2026-07-30,90,False,False,False,False,False,,,,,absent,,,,,,,,,,,,,,,,missing_loot_table,False,no current empirical Loot2 table matched; no value imputed
cr_39cddef901c5,vermin swarm,vermin swarm,vermin swarms,1,223380,2025-12-05,2026-07-30,85,False,False,False,False,False,,,,,absent,,,,,,,,,,,,,,,,missing_loot_table,False,no current empirical Loot2 table matched; no value imputed
cr_d4c05e5f938f,Gorga,gorga,Gorga,1,223078,2025-12-03,2026-07-30,93,True,False,False,False,False,https://tibia.fandom.com/wiki/Gorga,1197193.0,2026-07-21T03:18:23Z,Gorga,insufficient_sample,74.0,insufficient,8.6,12.0,9.0,3.0,1.0,,,,,https://tibia.fandom.com/wiki/Loot_Statistics:Gorga,1186516.0,2026-05-20T21:14:04Z,2026-08-02T17:23:20.466395+00:00,boss_separate,False,TibiaWiki/Bosstiary boss; emitted value retained only in boss series
cr_2f2e16c34532,enraged white deer,enraged white deer,enraged white deer,1,220185,2025-12-03,2026-07-30,93,False,False,False,False,False,https://tibia.fandom.com/wiki/Enraged_White_Deer,1187281.0,2026-05-25T19:13:22Z,Enraged White Deer,complete,1556.0,medium,9.1,3.0,3.0,0.0,1.0,0.0,129.16902313624678,129.16902313624678,0.0,https://tibia.fandom.com/wiki/Loot_Statistics:Enraged_White_Deer,1198421.0,2026-07-31T17:41:02Z,2026-08-02T17:23:20.466395+00:00,modeled,True,
cr_8e342a42db1c,bound ape,bound ape,bound apes,1,219499,2025-12-03,2026-07-30,93,False,False,False,False,False,,,,,absent,,,,,,,,,,,,,,,,missing_loot_table,False,no current empirical Loot2 table matched; no value imputed
cr_114d3a8c8921,toxic swarm,toxic swarm,toxic swarms,1,219040,2025-12-05,2026-07-30,89,False,False,False,False,False,,,,Toxic Swarm,complete,1427.0,medium,8.6,0.0,0.0,0.0,1.0,0.0,0.0,0.0,0.0,https://tibia.fandom.com/wiki/Loot_Statistics:Toxic_Swarm,1193486.0,2026-06-30T16:40:43Z,2026-08-02T17:23:20.466395+00:00,modeled,True,
cr_36afbf6b48df,Diseased Fred,diseased fred,Diseased Fred,1,217767,2025-12-05,2026-07-30,93,True,False,False,False,False,https://tibia.fandom.com/wiki/Diseased_Fred,1181473.0,2026-05-02T20:51:00Z,Diseased Fred,complete,411.0,low,8.6,1.0,1.0,0.0,1.0,0.40875912408759124,0.0,0.40875912408759124,0.40875912408759124,https://tibia.fandom.com/wiki/Loot_Statistics:Diseased_Fred,1198039.0,2026-07-28T19:33:05Z,2026-08-02T17:23:20.466395+00:00,boss_separate,False,TibiaWiki/Bosstiary boss; emitted value retained only in boss series
cr_fdc089844d2c,chocolate blob,chocolate blob,chocolate blobs,1,216232,2025-12-05,2026-07-30,93,False,False,False,False,False,,,,Chocolate Blob,complete,426.0,low,8.6,0.0,0.0,0.0,1.0,0.0,0.0,0.0,0.0,https://tibia.fandom.com/wiki/Loot_Statistics:Chocolate_Blob,1198596.0,2026-08-01T16:05:34Z,2026-08-02T17:23:20.466395+00:00,modeled,True,
cr_70da0acc4cfb,jaracal,jaracal,jaracals,1,213551,2026-07-13,2026-07-30,93,False,False,False,False,False,https://tibia.fandom.com/wiki/Jaracal,1197228.0,2026-07-21T19:43:50Z,Jaracal,insufficient_sample,71.0,insufficient,8.6,5.0,4.0,1.0,1.0,,,,,https://tibia.fandom.com/wiki/Loot_Statistics:Jaracal,1198165.0,2026-07-29T22:55:33Z,2026-08-02T17:23:20.466395+00:00,insufficient_sample,False,empirical loot sample below 100 kills
cr_6fed3d1375d0,rootthing buckler,rootthing buckler,rootthing bucklers,1,212079,2025-12-05,2026-07-30,76,False,False,False,False,False,,,,Rootthing Buckler,insufficient_sample,27.0,insufficient,8.6,0.0,0.0,0.0,1.0,,,,,https://tibia.fandom.com/wiki/Loot_Statistics:Rootthing_Buckler,1067972.0,2024-07-04T17:13:40Z,2026-08-02T17:23:20.466395+00:00,insufficient_sample,False,empirical loot sample below 100 kills
cr_f5a2974f9b37,sugar cube,sugar cube,sugar cubes,1,211937,2025-12-05,2026-07-30,93,False,False,False,False,False,,,,Sugar Cube,complete,774.0,low,8.6,0.0,0.0,0.0,1.0,0.0,0.0,0.0,0.0,https://tibia.fandom.com/wiki/Loot_Statistics:Sugar_Cube,1196418.0,2026-07-15T10:31:26Z,2026-08-02T17:23:20.466395+00:00,modeled,True,
cr_13c606d78a21,Kusuma,kusuma,Kusuma,1,202015,2025-12-05,2026-07-30,93,True,False,False,False,False,https://tibia.fandom.com/wiki/Kusuma,1140898.0,2025-11-08T17:55:26Z,Kusuma,complete,197.0,low,13.30.14423,27.0,24.0,3.0,1.0,101.0,4136.218274111676,4237.218274111676,101.0,https://tibia.fandom.com/wiki/Loot_Statistics:Kusuma,1171915.0,2026-04-02T19:53:46Z,2026-08-02T17:23:20.466395+00:00,boss_separate,False,TibiaWiki/Bosstiary boss; emitted value retained only in boss series
cr_2d13d8fc4cc3,solitary frost dragon,solitary frost dragon,solitary frost dragons,1,197979,2025-12-03,2026-07-30,93,False,False,False,False,False,,,,Solitary Frost Dragon,complete,495.0,low,8.6,0.0,0.0,0.0,1.0,0.0,0.0,0.0,0.0,https://tibia.fandom.com/wiki/Loot_Statistics:Solitary_Frost_Dragon,1197483.0,2026-07-23T06:39:13Z,2026-08-02T17:23:20.466395+00:00,modeled,True,
cr_8e213b0d65e0,disgusting ooze,disgusting ooze,disgusting oozes,1,197194,2025-12-05,2026-07-30,91,False,False,False,False,False,,,,,absent,,,,,,,,,,,,,,,,missing_loot_table,False,no current empirical Loot2 table matched; no value imputed
cr_22aa4f630f65,young troll,young troll,young trolls,1,196167,2025-12-03,2026-07-30,93,False,False,False,False,False,,,,Young Troll,complete,405.0,low,9.63,8.0,8.0,0.0,1.0,0.6469135802469136,2.7604938271604937,3.4074074074074074,0.6469135802469136,https://tibia.fandom.com/wiki/Loot_Statistics:Young_Troll,1186825.0,2026-05-21T20:32:17Z,2026-08-02T17:23:20.466395+00:00,modeled,True,
cr_0bc5e3046bcc,Atab,atab,Atab,1,195273,2025-12-05,2026-07-30,93,True,False,False,False,False,https://tibia.fandom.com/wiki/Atab,1153599.0,2025-12-31T17:10:41Z,Atab,complete,1221.0,medium,8.6,5.0,3.0,2.0,1.0,0.0,243.4889434889435,243.4889434889435,0.0,https://tibia.fandom.com/wiki/Loot_Statistics:Atab,1193301.0,2026-06-29T20:28:39Z,2026-08-02T17:23:20.466395+00:00,boss_separate,False,TibiaWiki/Bosstiary boss; emitted value retained only in boss series
cr_12274abf0cc8,animated snowman,animated snowman,animated snowmen,1,194940,2025-12-22,2026-01-10,87,False,False,False,False,False,,,,Animated Snowman,complete,1086.0,medium,12.02,10.0,7.0,3.0,1.0,1.0,425.23020257826886,426.23020257826886,1.0,https://tibia.fandom.com/wiki/Loot_Statistics:Animated_Snowman,1169681.0,2026-03-24T12:16:20Z,2026-08-02T17:23:20.466395+00:00,modeled,True,
cr_1e75a7a491f2,Diseased Bill,diseased bill,Diseased Bill,1,194772,2025-12-05,2026-07-30,93,True,False,False,False,False,https://tibia.fandom.com/wiki/Diseased_Bill,1181471.0,2026-05-02T20:50:58Z,Diseased Bill,complete,366.0,low,8.6,1.0,1.0,0.0,1.0,0.3825136612021858,0.0,0.3825136612021858,0.3825136612021858,https://tibia.fandom.com/wiki/Loot_Statistics:Diseased_Bill,1186633.0,2026-05-21T20:27:42Z,2026-08-02T17:23:20.466395+00:00,boss_separate,False,TibiaWiki/Bosstiary boss; emitted value retained only in boss series
cr_dae3ec13b927,flame of Omrafir,flame of omrafir,flames of omrafir,1,193530,2025-12-05,2026-07-29,69,False,False,False,False,False,https://tibia.fandom.com/wiki/Flame_of_Omrafir,968342.0,2022-08-27T20:17:03Z,,absent,,,,,,,,,,,,,,,,missing_loot_table,False,no current empirical Loot2 table matched; no value imputed
cr_402b28f6caf2,Magma Bubble,magma bubble,Magma Bubble,1,192295,2025-12-05,2026-07-30,90,True,False,False,False,False,https://tibia.fandom.com/wiki/Magma_Bubble,1140904.0,2025-11-08T17:55:36Z,Magma Bubble,insufficient_sample,75.0,insufficient,13.30.14423,15.0,11.0,4.0,1.0,,,,,https://tibia.fandom.com/wiki/Loot_Statistics:Magma_Bubble,1197600.0,2026-07-24T19:19:19Z,2026-08-02T17:23:20.466395+00:00,boss_separate,False,TibiaWiki/Bosstiary boss; emitted value retained only in boss series
cr_8f099e29d352,dragon servant,dragon servant,dragon servants,1,191703,2025-12-05,2026-07-30,92,False,False,False,False,False,,,,,absent,,,,,,,,,,,,,,,,missing_loot_table,False,no current empirical Loot2 table matched; no value imputed
cr_4196001ce542,depowered minotaur,depowered minotaur,depowered minotaurs,1,188678,2025-12-05,2026-07-30,92,False,False,False,False,False,,,,Depowered Minotaur,complete,797.0,low,10.7,17.0,15.0,2.0,1.0,59.21831869510665,200.44667503136765,259.6649937264743,59.21831869510665,https://tibia.fandom.com/wiki/Loot_Statistics:Depowered_Minotaur,1178025.0,2026-04-23T18:25:53Z,2026-08-02T17:23:20.466395+00:00,modeled,True,
cr_f721f45e4264,Tazhadur,tazhadur,Tazhadur,1,188326,2026-01-14,2026-02-12,87,True,True,False,False,False,https://tibia.fandom.com/wiki/Tazhadur,1088706.0,2025-01-19T10:29:16Z,Tazhadur,complete,440.0,low,8.6,16.0,14.0,2.0,1.0,0.9090909090909091,12902.045454545458,12902.954545454548,0.9090909090909091,https://tibia.fandom.com/wiki/Loot_Statistics:Tazhadur,1170459.0,2026-03-24T12:44:18Z,2026-08-02T17:23:20.466395+00:00,boss_separate,False,TibiaWiki/Bosstiary boss; emitted value retained only in boss series
cr_88f65a0ccbc2,The Flaming Orchid,the flaming orchid,The Flaming Orchid,1,186835,2025-12-03,2026-07-30,93,True,False,False,False,False,https://tibia.fandom.com/wiki/The_Flaming_Orchid,1181532.0,2026-05-02T20:53:42Z,The Flaming Orchid,complete,261.0,low,13.30.14423,27.0,20.0,7.0,1.0,101.0,3394.7126436781605,3495.7126436781605,101.0,https://tibia.fandom.com/wiki/Loot_Statistics:The_Flaming_Orchid,1197491.0,2026-07-23T06:39:32Z,2026-08-02T17:23:20.466395+00:00,boss_separate,False,TibiaWiki/Bosstiary boss; emitted value retained only in boss series
cr_e60d1beb143b,sugar cube worker,sugar cube worker,sugar cube workers,1,186276,2025-12-05,2026-07-30,93,False,False,False,False,False,,,,Sugar Cube Worker,complete,187.0,low,8.6,0.0,0.0,0.0,1.0,0.0,0.0,0.0,0.0,https://tibia.fandom.com/wiki/Loot_Statistics:Sugar_Cube_Worker,1196419.0,2026-07-15T10:31:27Z,2026-08-02T17:23:20.466395+00:00,modeled,True,
cr_1442bf3015e9,Zorvorax,zorvorax,Zorvorax,1,184913,2026-01-14,2026-02-12,87,True,True,False,False,False,https://tibia.fandom.com/wiki/Zorvorax,1088633.0,2025-01-18T22:02:16Z,Zorvorax,complete,378.0,low,8.6,17.0,12.0,5.0,1.0,70.57671957671958,19886.507936507933,19957.08465608465,70.57671957671958,https://tibia.fandom.com/wiki/Loot_Statistics:Zorvorax,1170516.0,2026-03-24T12:46:25Z,2026-08-02T17:23:20.466395+00:00,boss_separate,False,TibiaWiki/Bosstiary boss; emitted value retained only in boss series
cr_b2d5090891d1,true feverbloom asura,true feverbloom asura,true feverbloom asuras,1,184791,2026-07-13,2026-07-30,71,False,False,False,False,False,,,,True Feverbloom Asura,complete,340.0,low,8.6,11.0,10.0,1.0,1.0,939.4117647058824,527.9705882352941,1467.3823529411766,939.4117647058824,https://tibia.fandom.com/wiki/Loot_Statistics:True_Feverbloom_Asura,1198172.0,2026-07-29T22:55:42Z,2026-08-02T17:23:20.466395+00:00,modeled,True,
cr_d12caba554d0,Gelidrazah the Frozen,gelidrazah the frozen,Gelidrazah the Frozen,1,181578,2026-01-14,2026-02-12,87,True,True,False,False,False,https://tibia.fandom.com/wiki/Gelidrazah_the_Frozen,1181540.0,2026-05-02T20:53:53Z,Gelidrazah the Frozen,complete,463.0,low,8.6,19.0,14.0,5.0,1.0,69.57019438444925,12669.01727861771,12738.587473002159,69.57019438444925,https://tibia.fandom.com/wiki/Loot_Statistics:Gelidrazah_the_Frozen,1170385.0,2026-03-24T12:41:33Z,2026-08-02T17:23:20.466395+00:00,boss_separate,False,TibiaWiki/Bosstiary boss; emitted value retained only in boss series
cr_b1bf8ed7a8e8,The Moonlight Aster,the moonlight aster,The Moonlight Aster,1,181037,2025-12-03,2026-07-30,93,True,False,False,False,False,https://tibia.fandom.com/wiki/The_Moonlight_Aster,1181447.0,2026-05-02T20:46:35Z,The Moonlight Aster,complete,250.0,low,13.30.14423,28.0,23.0,5.0,1.0,101.0,3438.88,3539.88,101.0,https://tibia.fandom.com/wiki/Loot_Statistics:The_Moonlight_Aster,1197492.0,2026-07-23T06:39:34Z,2026-08-02T17:23:20.466395+00:00,boss_separate,False,TibiaWiki/Bosstiary boss; emitted value retained only in boss series
cr_eb1b955ca1a1,Kalyassa,kalyassa,Kalyassa,1,180658,2026-01-14,2026-02-12,87,True,True,False,False,False,https://tibia.fandom.com/wiki/Kalyassa,1090227.0,2025-02-06T07:25:23Z,Kalyassa,complete,396.0,low,8.6,15.0,10.0,5.0,1.0,100.0,14198.939393939394,14298.939393939394,100.0,https://tibia.fandom.com/wiki/Loot_Statistics:Kalyassa,1170407.0,2026-03-24T12:42:22Z,2026-08-02T17:23:20.466395+00:00,boss_separate,False,TibiaWiki/Bosstiary boss; emitted value retained only in boss series
cr_a335d4e1c117,The Winter Bloom,the winter bloom,The Winter Bloom,1,177560,2025-12-03,2026-07-30,93,True,False,False,False,False,https://tibia.fandom.com/wiki/The_Winter_Bloom,1181618.0,2026-05-02T22:27:03Z,The Winter Bloom,complete,255.0,low,13.30.14423,27.0,22.0,5.0,1.0,101.0,3288.823529411765,3389.823529411765,101.0,https://tibia.fandom.com/wiki/Loot_Statistics:The_Winter_Bloom,1197493.0,2026-07-23T06:39:35Z,2026-08-02T17:23:20.466395+00:00,boss_separate,False,TibiaWiki/Bosstiary boss; emitted value retained only in boss series
cr_b5fd56d0019f,rift worm,rift worm,rift worms,1,174801,2025-12-05,2026-07-30,93,False,False,False,False,False,,,,Rift Worm,complete,225.0,low,8.6,0.0,0.0,0.0,1.0,0.0,0.0,0.0,0.0,https://tibia.fandom.com/wiki/Loot_Statistics:Rift_Worm,1135752.0,2025-10-19T17:41:24Z,2026-08-02T17:23:20.466395+00:00,modeled,True,
cr_a59e5593b590,makeshift home,makeshift home,makeshift homes,1,174133,2025-12-05,2026-07-30,93,False,False,False,False,False,,,,,absent,,,,,,,,,,,,,,,,missing_loot_table,False,no current empirical Loot2 table matched; no value imputed
cr_a469d94de56b,dark soul,dark soul,dark souls,1,170115,2025-12-05,2026-07-30,67,False,False,False,False,False,,,,,absent,,,,,,,,,,,,,,,,missing_loot_table,False,no current empirical Loot2 table matched; no value imputed
cr_f16aa944413a,goblin leader,goblin leader,goblin leaders,1,167262,2025-12-03,2026-07-30,93,False,False,False,False,False,,,,Goblin Leader,complete,1784.0,medium,8.6,10.0,8.0,2.0,1.0,0.492152466367713,3.6748878923766815,4.167040358744394,0.492152466367713,https://tibia.fandom.com/wiki/Loot_Statistics:Goblin_Leader,1169920.0,2026-03-24T12:24:51Z,2026-08-02T17:23:20.466395+00:00,modeled,True,
cr_07f3bd687302,memory of a carnisylvan,memory of a carnisylvan,memories of a carnisylvan,1,166944,2025-12-05,2026-07-30,93,False,False,False,False,False,,,,Memory of a Carnisylvan,complete,266.0,low,12.85.11542,9.0,6.0,3.0,1.0,0.9887218045112782,166.1654135338346,167.15413533834587,0.9887218045112782,https://tibia.fandom.com/wiki/Loot_Statistics:Memory_of_a_Carnisylvan,1170037.0,2026-03-24T12:29:03Z,2026-08-02T17:23:20.466395+00:00,modeled,True,
cr_2c0ebf9c62da,charged energy elemental,charged energy elemental,charged energy elementals,1,166656,2025-12-05,2026-07-30,82,False,False,False,False,False,,,,Charged Energy Elemental,complete,886.0,low,8.6,3.0,2.0,1.0,1.0,0.7539503386004515,137.69751693002257,138.45146726862302,0.7539503386004515,https://tibia.fandom.com/wiki/Loot_Statistics:Charged_Energy_Elemental,1178008.0,2026-04-23T18:25:33Z,2026-08-02T17:23:20.466395+00:00,modeled,True,
cr_6b51238c16cc,askarak prince,askarak prince,askarak princes,1,164386,2025-12-05,2026-07-30,82,False,False,False,False,False,,,,Askarak Prince,complete,1878.0,medium,9.1,13.0,10.0,3.0,1.0,36.36528221512247,288.57827476038335,324.9435569755058,36.36528221512247,https://tibia.fandom.com/wiki/Loot_Statistics:Askarak_Prince,1002900.0,2023-05-23T02:13:42Z,2026-08-02T17:23:20.466395+00:00,modeled,True,
cr_637aec90e00d,fungosaurus,fungosaurus,fungosauruses,1,164255,2025-12-05,2026-07-30,89,False,False,False,False,False,https://tibia.fandom.com/wiki/Fungosaurus,1091199.0,2025-02-18T21:00:40Z,Fungosaurus,insufficient_sample,58.0,insufficient,8.6,0.0,0.0,0.0,1.0,,,,,https://tibia.fandom.com/wiki/Loot_Statistics:Fungosaurus,1196041.0,2026-07-14T11:03:06Z,2026-08-02T17:23:20.466395+00:00,insufficient_sample,False,empirical loot sample below 100 kills
cr_04b63f05cafb,shaburak prince,shaburak prince,shaburak princes,1,162071,2025-12-05,2026-07-30,76,False,False,False,False,False,,,,Shaburak Prince,complete,2673.0,medium,9.1,14.0,11.0,3.0,1.0,34.93004115226337,260.43771043771045,295.3677515899738,34.93004115226337,https://tibia.fandom.com/wiki/Loot_Statistics:Shaburak_Prince,1093042.0,2025-03-01T00:25:41Z,2026-08-02T17:23:20.466395+00:00,modeled,True,
cr_d16c4359dede,dread minion,dread minion,dread minions,1,160859,2025-12-05,2026-07-30,86,False,False,False,False,False,,,,,absent,,,,,,,,,,,,,,,,missing_loot_table,False,no current empirical Loot2 table matched; no value imputed
cr_fcfcb79f794a,Ferumbras Soul Splinter,ferumbras soul splinter,Ferumbras Soul Splinter,1,159861,2025-12-05,2026-07-30,88,True,False,False,False,False,https://tibia.fandom.com/wiki/Ferumbras_Soul_Splinter,1116427.0,2025-07-26T12:48:52Z,,absent,,,,,,,,,,,,,,,,boss_separate,False,TibiaWiki/Bosstiary boss; emitted value retained only in boss series
cr_7956a43070df,Dazed Leaf Golem,dazed leaf golem,Dazed Leaf Golem,1,156237,2025-12-03,2026-07-30,93,True,False,False,False,False,https://tibia.fandom.com/wiki/Dazed_Leaf_Golem,1181438.0,2026-05-02T20:45:14Z,Dazed Leaf Golem,complete,360.0,low,8.6,5.0,5.0,0.0,1.0,0.9722222222222222,15.127777777777778,16.1,0.9722222222222222,https://tibia.fandom.com/wiki/Loot_Statistics:Dazed_Leaf_Golem,1169659.0,2026-03-24T12:15:55Z,2026-08-02T17:23:20.466395+00:00,boss_separate,False,TibiaWiki/Bosstiary boss; emitted value retained only in boss series
cr_7d08ebe16f5b,frostnight asura,frostnight asura,frostnight asuras,1,155543,2026-07-13,2026-07-30,92,False,False,False,False,False,,,,Frostnight Asura,insufficient_sample,2.0,insufficient,8.6,0.0,0.0,0.0,1.0,,,,,https://tibia.fandom.com/wiki/Loot_Statistics:Frostnight_Asura,1196551.0,2026-07-16T08:47:33Z,2026-08-02T17:23:20.466395+00:00,insufficient_sample,False,empirical loot sample below 100 kills
cr_3f61b7e2c783,The Moonsnow Magnolia,the moonsnow magnolia,The Moonsnow Magnolia,1,153240,2026-07-13,2026-07-30,92,True,False,False,False,False,https://tibia.fandom.com/wiki/The_Moonsnow_Magnolia,1197343.0,2026-07-22T17:54:21Z,The Moonsnow Magnolia,insufficient_sample,22.0,insufficient,8.6,22.0,19.0,3.0,1.0,,,,,https://tibia.fandom.com/wiki/Loot_Statistics:The_Moonsnow_Magnolia,1198200.0,2026-07-30T17:03:37Z,2026-08-02T17:23:20.466395+00:00,boss_separate,False,TibiaWiki/Bosstiary boss; emitted value retained only in boss series
cr_c9c0341915f9,lost time,lost time,lost times,1,153172,2025-12-05,2026-07-30,90,False,False,False,False,False,,,,,absent,,,,,,,,,,,,,,,,missing_loot_table,False,no current empirical Loot2 table matched; no value imputed
cr_698284b198bf,Bibby Bloodbath,bibby bloodbath,Bibby Bloodbath,1,152757,2025-12-03,2026-07-30,93,True,False,False,False,False,https://tibia.fandom.com/wiki/Bibby_Bloodbath,1181515.0,2026-05-02T20:53:17Z,Bibby Bloodbath,complete,218.0,low,13.30.14423,17.0,15.0,2.0,1.0,96.41284403669725,681.6697247706423,778.0825688073396,96.41284403669725,https://tibia.fandom.com/wiki/Loot_Statistics:Bibby_Bloodbath,1198431.0,2026-07-31T17:41:13Z,2026-08-02T17:23:20.466395+00:00,boss_separate,False,TibiaWiki/Bosstiary boss; emitted value retained only in boss series
cr_6fe6528f9248,Duke Krule,duke krule,Duke Krule,1,149730,2025-12-03,2026-07-30,93,True,False,False,False,False,https://tibia.fandom.com/wiki/Duke_Krule,1140878.0,2025-11-08T17:54:53Z,Duke Krule,complete,104.0,low,13.30.14423,35.0,29.0,6.0,1.0,1926.923076923077,25668.269230769227,27595.192307692305,1926.923076923077,https://tibia.fandom.com/wiki/Loot_Statistics:Duke_Krule,1198472.0,2026-07-31T19:13:38Z,2026-08-02T17:23:20.466395+00:00,boss_separate,False,TibiaWiki/Bosstiary boss; emitted value retained only in boss series
cr_215aa9452737,sword of vengeance,sword of vengeance,swords of vengeance,1,149293,2025-12-05,2026-07-30,63,False,False,False,False,False,,,,,absent,,,,,,,,,,,,,,,,missing_loot_table,False,no current empirical Loot2 table matched; no value imputed
cr_c13154b42bdd,voidshard,voidshard,voidshards,1,144925,2025-12-05,2026-07-30,86,False,False,False,False,False,https://tibia.fandom.com/wiki/Voidshard,971873.0,2022-09-25T09:57:14Z,,absent,,,,,,,,,,,,,,,,missing_loot_table,False,no current empirical Loot2 table matched; no value imputed
cr_a4970746c7d3,Earl Osam,earl osam,Earl Osam,1,144667,2025-12-03,2026-07-30,93,True,False,False,False,False,https://tibia.fandom.com/wiki/Earl_Osam,1140879.0,2025-11-08T17:54:55Z,Earl Osam,complete,100.0,low,13.30.14423,35.0,30.0,5.0,1.0,2200.0,38420.0,40620.0,2200.0,https://tibia.fandom.com/wiki/Loot_Statistics:Earl_Osam,1197803.0,2026-07-26T18:00:46Z,2026-08-02T17:23:20.466395+00:00,boss_separate,False,TibiaWiki/Bosstiary boss; emitted value retained only in boss series
cr_e8026fe78a86,Count Vlarkorth,count vlarkorth,Count Vlarkorth,1,141868,2025-12-03,2026-07-30,93,True,False,False,False,False,https://tibia.fandom.com/wiki/Count_Vlarkorth,1140872.0,2025-11-08T17:54:45Z,Count Vlarkorth,insufficient_sample,96.0,insufficient,13.30.14423,35.0,28.0,7.0,1.0,,,,,https://tibia.fandom.com/wiki/Loot_Statistics:Count_Vlarkorth,1197801.0,2026-07-26T18:00:43Z,2026-08-02T17:23:20.466395+00:00,boss_separate,False,TibiaWiki/Bosstiary boss; emitted value retained only in boss series
cr_27ed568e51bb,Sir Baeloc,sir baeloc,Sir Baeloc,1,141073,2025-12-03,2026-07-30,93,True,False,False,False,False,https://tibia.fandom.com/wiki/Sir_Baeloc,1181368.0,2026-05-02T20:24:07Z,Sir Baeloc,insufficient_sample,97.0,insufficient,13.30.14423,35.0,30.0,5.0,1.0,,,,,https://tibia.fandom.com/wiki/Loot_Statistics:Sir_Baeloc,1197808.0,2026-07-26T18:00:55Z,2026-08-02T17:23:20.466395+00:00,boss_separate,False,TibiaWiki/Bosstiary boss; emitted value retained only in boss series
cr_a02b54c4c840,Sir Nictros,sir nictros,Sir Nictros,1,141048,2025-12-03,2026-07-30,93,True,False,False,False,False,https://tibia.fandom.com/wiki/Sir_Nictros,1181369.0,2026-05-02T20:24:16Z,Sir Nictros,insufficient_sample,1.0,insufficient,13.30.14423,1.0,0.0,1.0,1.0,,,,,https://tibia.fandom.com/wiki/Loot_Statistics:Sir_Nictros,1162224.0,2026-02-11T15:15:22Z,2026-08-02T17:23:20.466395+00:00,boss_separate,False,TibiaWiki/Bosstiary boss; emitted value retained only in boss series
cr_991893dad491,eruption of destruction,eruption of destruction,eruption of destruction,1,140822,2025-12-05,2026-07-30,90,False,False,False,False,False,https://tibia.fandom.com/wiki/Eruption_of_Destruction,1003673.0,2023-05-31T01:13:17Z,,absent,,,,,,,,,,,,,,,,missing_loot_table,False,no current empirical Loot2 table matched; no value imputed
cr_fd172e073380,Lord Azaram,lord azaram,Lord Azaram,1,140402,2025-12-03,2026-07-30,93,True,False,False,False,False,https://tibia.fandom.com/wiki/Lord_Azaram,1181365.0,2026-05-02T20:15:24Z,Lord Azaram,complete,101.0,low,13.30.14423,37.0,30.0,7.0,1.0,2278.2178217821784,34618.811881188114,36897.02970297029,2278.2178217821784,https://tibia.fandom.com/wiki/Loot_Statistics:Lord_Azaram,1197805.0,2026-07-26T18:00:49Z,2026-08-02T17:23:20.466395+00:00,boss_separate,False,TibiaWiki/Bosstiary boss; emitted value retained only in boss series
cr_e530bc8673a0,minion of Versperoth,minion of versperoth,minions of Versperoth,1,140226,2025-12-05,2026-07-30,90,False,False,False,False,False,https://tibia.fandom.com/wiki/Minion_of_Versperoth,1063968.0,2024-06-15T05:22:58Z,Minion of Versperoth,complete,893.0,low,8.6,0.0,0.0,0.0,1.0,0.0,0.0,0.0,0.0,https://tibia.fandom.com/wiki/Loot_Statistics:Minion_of_Versperoth,1170047.0,2026-03-24T12:29:26Z,2026-08-02T17:23:20.466395+00:00,modeled,True,
cr_d59f916b118d,enraged squirrel,enraged squirrel,enraged squirrels,1,140019,2025-12-05,2026-07-30,93,False,False,False,False,False,,,,Enraged Squirrel,complete,147.0,low,8.6,1.0,1.0,0.0,1.0,0.0,2.1768707482993195,2.1768707482993195,0.0,https://tibia.fandom.com/wiki/Loot_Statistics:Enraged_Squirrel,1145131.0,2025-11-29T11:38:13Z,2026-08-02T17:23:20.466395+00:00,modeled,True,
cr_aca768ab7978,Black Knight,black knight,Black Knight,1,138576,2025-12-03,2026-07-30,93,True,False,False,False,False,https://tibia.fandom.com/wiki/Black_Knight,963732.0,2022-08-17T16:25:08Z,Black Knight,complete,3840.0,medium,8.6,21.0,19.0,2.0,1.0,0.4864583333333333,809.1580729166667,809.64453125,0.4864583333333333,https://tibia.fandom.com/wiki/Loot_Statistics:Black_Knight,1193100.0,2026-06-29T18:41:29Z,2026-08-02T17:23:20.466395+00:00,boss_separate,False,TibiaWiki/Bosstiary boss; emitted value retained only in boss series
cr_435150f0db1c,bane bringer,bane bringer,bane bringers,1,136063,2026-06-21,2026-06-25,92,False,False,False,False,False,,,,Bane Bringer,complete,1238.0,medium,8.6,2.0,0.0,2.0,1.0,0.0,0.0,0.0,0.0,https://tibia.fandom.com/wiki/Loot_Statistics:Bane_Bringer,1193526.0,2026-07-01T15:27:56Z,2026-08-02T17:23:20.466395+00:00,modeled,True,
cr_ffc2f128fca9,rift brood,rift brood,rift broods,1,134227,2025-12-05,2026-07-30,93,False,False,False,False,False,,,,Rift Brood,complete,217.0,low,8.6,0.0,0.0,0.0,1.0,0.0,0.0,0.0,0.0,https://tibia.fandom.com/wiki/Loot_Statistics:Rift_Brood,1135750.0,2025-10-19T17:41:22Z,2026-08-02T17:23:20.466395+00:00,modeled,True,
cr_99747392bcad,rift scythe,rift scythe,rift scythes,1,132770,2025-12-05,2026-07-30,93,False,False,False,False,False,,,,Rift Scythe,complete,232.0,low,8.6,0.0,0.0,0.0,1.0,0.0,0.0,0.0,0.0,https://tibia.fandom.com/wiki/Loot_Statistics:Rift_Scythe,1135751.0,2025-10-19T17:41:23Z,2026-08-02T17:23:20.466395+00:00,modeled,True,
cr_d8b85a67c681,cellar rat,cellar rat,cellar rats,1,125408,2025-12-05,2026-07-30,92,False,False,False,False,False,,,,Cellar Rat,complete,128.0,low,8.6,0.0,0.0,0.0,1.0,0.0,0.0,0.0,0.0,https://tibia.fandom.com/wiki/Loot_Statistics:Cellar_Rat,1169743.0,2026-03-24T12:18:25Z,2026-08-02T17:23:20.466395+00:00,modeled,True,
cr_a1c16441e72a,animated sword,animated sword,animated swords,1,125243,2025-12-05,2026-07-30,66,False,False,False,False,False,,,,,absent,,,,,,,,,,,,,,,,missing_loot_table,False,no current empirical Loot2 table matched; no value imputed
cr_873171b88a1e,overcharged energy element,overcharged energy element,overcharged energy elements,1,124157,2025-12-05,2026-07-30,82,False,False,False,False,False,,,,Overcharged Energy Element,complete,611.0,low,8.6,6.0,5.0,1.0,1.0,0.867430441898527,323.40425531914894,324.2716857610475,0.867430441898527,https://tibia.fandom.com/wiki/Loot_Statistics:Overcharged_Energy_Element,1178075.0,2026-04-23T18:26:53Z,2026-08-02T17:23:20.466395+00:00,modeled,True,
cr_7ac26e69a1f7,cake golem,cake golem,cake golems,1,123076,2026-02-21,2026-02-26,90,False,False,False,False,False,,,,Cake Golem,complete,202.0,low,8.6,1.0,0.0,1.0,1.0,0.0,0.0,0.0,0.0,https://tibia.fandom.com/wiki/Loot_Statistics:Cake_Golem,1091529.0,2025-02-21T12:38:46Z,2026-08-02T17:23:20.466395+00:00,modeled,True,
cr_9099791d7c09,time keeper,time keeper,time keepers,1,119739,2025-12-05,2026-07-30,90,False,False,False,False,False,,,,,absent,,,,,,,,,,,,,,,,missing_loot_table,False,no current empirical Loot2 table matched; no value imputed
cr_0e95261acce9,Unaz the Mean,unaz the mean,Unaz the Mean,1,119359,2025-12-03,2026-07-30,93,True,False,False,False,False,https://tibia.fandom.com/wiki/Unaz_the_Mean,1140958.0,2025-11-08T17:59:41Z,Unaz the Mean,insufficient_sample,32.0,insufficient,13.30.14423,10.0,9.0,1.0,1.0,,,,,https://tibia.fandom.com/wiki/Loot_Statistics:Unaz_the_Mean,1179559.0,2026-04-26T21:30:30Z,2026-08-02T17:23:20.466395+00:00,boss_separate,False,TibiaWiki/Bosstiary boss; emitted value retained only in boss series
cr_1915f05789f1,neutral deepling warrior,neutral deepling warrior,neutral deepling warriors,1,118562,2025-12-05,2026-07-30,93,False,False,False,False,False,,,,Neutral Deepling Warrior,complete,175.0,low,8.6,14.0,10.0,4.0,1.0,1.0,286.2285714285714,287.2285714285714,1.0,https://tibia.fandom.com/wiki/Loot_Statistics:Neutral_Deepling_Warrior,1170080.0,2026-03-24T12:30:37Z,2026-08-02T17:23:20.466395+00:00,modeled,True,
cr_8b6892e4e3e3,Adlerauge,adlerauge,Adlerauge,1,116096,2025-12-05,2026-07-30,87,True,False,False,False,False,https://tibia.fandom.com/wiki/Adlerauge,1195821.0,2026-07-13T17:29:58Z,Adlerauge,complete,279.0,low,8.6,30.0,22.0,8.0,1.0,100.0,6783.26164874552,6883.26164874552,100.0,https://tibia.fandom.com/wiki/Loot_Statistics:Adlerauge,1196954.0,2026-07-19T05:05:18Z,2026-08-02T17:23:20.466395+00:00,boss_separate,False,TibiaWiki/Bosstiary boss; emitted value retained only in boss series
cr_0081bb94274b,Ichgahal,ichgahal,Ichgahal,1,114651,2025-12-05,2026-07-30,82,True,False,False,False,False,https://tibia.fandom.com/wiki/Ichgahal,1140894.0,2025-11-08T17:55:19Z,Ichgahal,insufficient_sample,29.0,insufficient,15.23.bf9553,21.0,16.0,5.0,1.0,,,,,https://tibia.fandom.com/wiki/Loot_Statistics:Ichgahal,1196730.0,2026-07-17T19:34:36Z,2026-08-02T17:23:20.466395+00:00,boss_separate,False,TibiaWiki/Bosstiary boss; emitted value retained only in boss series
cr_371e55793365,Irgix the Flimsy,irgix the flimsy,Irgix the Flimsy,1,114076,2025-12-03,2026-07-30,93,True,False,False,False,False,https://tibia.fandom.com/wiki/Irgix_the_Flimsy,1140895.0,2025-11-08T17:55:21Z,Irgix the Flimsy,insufficient_sample,32.0,insufficient,13.30.14423,10.0,9.0,1.0,1.0,,,,,https://tibia.fandom.com/wiki/Loot_Statistics:Irgix_the_Flimsy,1179944.0,2026-04-28T08:34:54Z,2026-08-02T17:23:20.466395+00:00,boss_separate,False,TibiaWiki/Bosstiary boss; emitted value retained only in boss series
cr_0bf7a9864770,Neferi the Spy,neferi the spy,Neferi the Spy,1,113551,2025-12-03,2026-07-30,90,True,False,False,False,False,https://tibia.fandom.com/wiki/Neferi_the_Spy,1174587.0,2026-04-13T03:31:50Z,Neferi the Spy,complete,568.0,low,8.6,25.0,21.0,4.0,1.0,4683.098591549296,3826.6690140845067,8509.767605633802,4683.098591549296,https://tibia.fandom.com/wiki/Loot_Statistics:Neferi_the_Spy,1187247.0,2026-05-24T21:11:53Z,2026-08-02T17:23:20.466395+00:00,boss_separate,False,TibiaWiki/Bosstiary boss; emitted value retained only in boss series
cr_13a7883f8856,Faceless Bane,faceless bane,Faceless Bane,1,113377,2025-12-05,2026-07-30,93,True,False,False,False,False,https://tibia.fandom.com/wiki/Faceless_Bane,1140986.0,2025-11-08T18:44:20Z,Faceless Bane,complete,101.0,low,13.30.14423,35.0,32.0,3.0,1.0,100.0,4174.594059405941,4274.594059405941,100.0,https://tibia.fandom.com/wiki/Loot_Statistics:Faceless_Bane,1185896.0,2026-05-16T20:27:17Z,2026-08-02T17:23:20.466395+00:00,boss_separate,False,TibiaWiki/Bosstiary boss; emitted value retained only in boss series
cr_80d26fd7c7e1,shadow tentacle,shadow tentacle,shadow tentacles,1,112725,2025-12-05,2026-07-30,93,False,False,False,False,False,,,,Shadow Tentacle,complete,710.0,low,8.6,0.0,0.0,0.0,1.0,0.0,0.0,0.0,0.0,https://tibia.fandom.com/wiki/Loot_Statistics:Shadow_Tentacle,1170201.0,2026-03-24T12:34:50Z,2026-08-02T17:23:20.466395+00:00,modeled,True,
cr_def566be12fe,canopic jar,canopic jar,canopic jars,1,112589,2025-12-05,2026-07-30,90,False,False,False,False,False,,,,,absent,,,,,,,,,,,,,,,,missing_loot_table,False,no current empirical Loot2 table matched; no value imputed
cr_c63fcbf3d621,Vok the Freakish,vok the freakish,Vok the Freakish,1,110915,2025-12-03,2026-07-30,93,True,False,False,False,False,https://tibia.fandom.com/wiki/Vok_the_Freakish,1140963.0,2025-11-08T17:59:49Z,Vok the Freakish,insufficient_sample,32.0,insufficient,13.30.14423,11.0,9.0,2.0,1.0,,,,,https://tibia.fandom.com/wiki/Loot_Statistics:Vok_the_Freakish,1179946.0,2026-04-28T08:35:04Z,2026-08-02T17:23:20.466395+00:00,boss_separate,False,TibiaWiki/Bosstiary boss; emitted value retained only in boss series
cr_56610d4a5e01,Court Warlock,court warlock,Court Warlock,1,109672,2025-12-05,2026-07-30,81,True,False,False,False,False,https://tibia.fandom.com/wiki/Court_Warlock,1195816.0,2026-07-13T17:21:29Z,Court Warlock,insufficient_sample,22.0,insufficient,8.6,31.0,24.0,7.0,1.0,,,,,https://tibia.fandom.com/wiki/Loot_Statistics:Court_Warlock,1197326.0,2026-07-22T15:54:53Z,2026-08-02T17:23:20.466395+00:00,boss_separate,False,TibiaWiki/Bosstiary boss; emitted value retained only in boss series
cr_9895445427b2,minotaur idol,minotaur idol,minotaur idols,1,108664,2025-12-05,2026-07-30,88,False,False,False,False,False,,,,Minotaur Idol,complete,600.0,low,8.6,0.0,0.0,0.0,1.0,0.0,0.0,0.0,0.0,https://tibia.fandom.com/wiki/Loot_Statistics:Minotaur_Idol,1187568.0,2026-05-28T13:28:41Z,2026-08-02T17:23:20.466395+00:00,modeled,True,
cr_35772f1b8de9,symbol of fear,symbol of fear,symbols of fear,1,108444,2025-12-05,2026-07-30,92,False,False,False,False,False,,,,,absent,,,,,,,,,,,,,,,,missing_loot_table,False,no current empirical Loot2 table matched; no value imputed
cr_f4b121cb333c,Urmahlullu the Weakened,urmahlullu the weakened,Urmahlullu the Weakened,1,107272,2025-12-05,2026-07-30,93,True,False,False,False,False,https://tibia.fandom.com/wiki/Urmahlullu_the_Weakened,1197302.0,2026-07-22T09:22:49Z,Urmahlullu the Weakened,complete,186.0,low,13.30.14423,41.0,25.0,16.0,1.0,1175.268817204301,42720.43010752688,43895.69892473118,1175.268817204301,https://tibia.fandom.com/wiki/Loot_Statistics:Urmahlullu_the_Weakened,1198331.0,2026-07-30T23:05:39Z,2026-08-02T17:23:20.466395+00:00,boss_separate,False,TibiaWiki/Bosstiary boss; emitted value retained only in boss series
cr_4b0da9fe47f9,Glitterscale,glitterscale,Glitterscale,1,105649,2025-12-05,2026-07-30,93,True,False,False,False,False,https://tibia.fandom.com/wiki/Glitterscale,1051283.0,2024-01-16T10:04:05Z,,absent,,,,,,,,,,,,,,,,boss_separate,False,TibiaWiki/Bosstiary boss; emitted value retained only in boss series
cr_692040b40981,Trollwut,trollwut,Trollwut,1,103144,2025-12-05,2026-07-30,93,True,False,False,False,False,https://tibia.fandom.com/wiki/Trollwut,1159008.0,2026-01-28T22:52:41Z,Trollwut,insufficient_sample,47.0,insufficient,14.00.142f15,4.0,4.0,0.0,1.0,,,,,https://tibia.fandom.com/wiki/Loot_Statistics:Trollwut,1196237.0,2026-07-14T11:22:34Z,2026-08-02T17:23:20.466395+00:00,boss_separate,False,TibiaWiki/Bosstiary boss; emitted value retained only in boss series
cr_0199079219d7,tunnel devourer,tunnel devourer,tunnel devourers,1,101666,2025-12-05,2026-07-30,88,False,False,False,False,False,,,,Tunnel Devourer,complete,589.0,low,8.6,0.0,0.0,0.0,1.0,0.0,0.0,0.0,0.0,https://tibia.fandom.com/wiki/Loot_Statistics:Tunnel_Devourer,1193488.0,2026-06-30T16:40:46Z,2026-08-02T17:23:20.466395+00:00,modeled,True,
cr_5be878cdff7f,hunger worm,hunger worm,hunger worms,1,100414,2025-12-05,2026-07-30,93,False,False,False,False,False,,,,,absent,,,,,,,,,,,,,,,,missing_loot_table,False,no current empirical Loot2 table matched; no value imputed
cr_a442cbed83b9,Leiden,leiden,Leiden,1,100058,2025-12-05,2026-07-30,93,True,False,False,False,False,https://tibia.fandom.com/wiki/Leiden,1135307.0,2025-10-18T16:32:40Z,,absent,,,,,,,,,,,,,,,,boss_separate,False,TibiaWiki/Bosstiary boss; emitted value retained only in boss series
cr_0dbfe81fe9db,Ravenous Hunger,ravenous hunger,Ravenous Hunger,1,99454,2025-12-05,2026-07-30,93,True,False,False,False,False,https://tibia.fandom.com/wiki/Ravenous_Hunger,1140916.0,2025-11-08T17:55:55Z,Ravenous Hunger,complete,116.0,low,13.30.14423,43.0,33.0,10.0,1.0,101.0,24350.000000000004,24451.000000000004,101.0,https://tibia.fandom.com/wiki/Loot_Statistics:Ravenous_Hunger,1190941.0,2026-06-21T17:54:02Z,2026-08-02T17:23:20.466395+00:00,boss_separate,False,TibiaWiki/Bosstiary boss; emitted value retained only in boss series
cr_29a5ffe661ac,Clavius,clavius,Clavius,1,98281,2025-12-05,2026-07-30,88,True,False,False,False,False,https://tibia.fandom.com/wiki/Clavius,1195820.0,2026-07-13T17:29:38Z,Clavius,complete,695.0,low,8.6,32.0,28.0,4.0,1.0,100.0,5819.223021582735,5919.223021582735,100.0,https://tibia.fandom.com/wiki/Loot_Statistics:Clavius,1196955.0,2026-07-19T05:05:20Z,2026-08-02T17:23:20.466395+00:00,boss_separate,False,TibiaWiki/Bosstiary boss; emitted value retained only in boss series
cr_536eaf2ed035,charged imp,charged imp,charged imps,1,96740,2025-12-05,2026-07-30,88,False,False,False,False,False,,,,,absent,,,,,,,,,,,,,,,,missing_loot_table,False,no current empirical Loot2 table matched; no value imputed
cr_9228a6166360,slick water elemental,slick water elemental,slick water elementals,1,96322,2025-12-05,2026-07-30,75,False,False,False,False,False,,,,Slick Water Elemental,complete,1546.0,medium,8.6,3.0,2.0,1.0,1.0,0.759379042690815,117.72315653298836,118.48253557567917,0.759379042690815,https://tibia.fandom.com/wiki/Loot_Statistics:Slick_Water_Elemental,1178101.0,2026-04-23T18:27:23Z,2026-08-02T17:23:20.466395+00:00,modeled,True,
cr_e3a447a6b9b9,Sugar Mommy,sugar mommy,Sugar Mommy,1,95895,2025-12-05,2026-07-27,93,True,False,False,False,False,https://tibia.fandom.com/wiki/Sugar_Mommy,1088707.0,2025-01-19T10:33:25Z,Sugar Mommy,complete,355.0,low,8.6,11.0,8.0,3.0,1.0,100.0,1542.549295774648,1642.549295774648,100.0,https://tibia.fandom.com/wiki/Loot_Statistics:Sugar_Mommy,1187880.0,2026-05-31T19:48:10Z,2026-08-02T17:23:20.466395+00:00,boss_separate,False,TibiaWiki/Bosstiary boss; emitted value retained only in boss series
cr_c22689a4e8aa,black cobra,black cobra,black cobras,1,95357,2025-12-05,2026-07-30,93,False,False,False,False,False,,,,,absent,,,,,,,,,,,,,,,,missing_loot_table,False,no current empirical Loot2 table matched; no value imputed
cr_8d72eceeb95d,sun-marked goanna,sun-marked goanna,sun-marked goannas,1,93899,2025-12-05,2026-07-30,92,False,False,False,False,False,,,,Sun-Marked Goanna,insufficient_sample,14.0,insufficient,12.20,10.0,7.0,3.0,1.0,,,,,https://tibia.fandom.com/wiki/Loot_Statistics:Sun-Marked_Goanna,1170248.0,2026-03-24T12:36:33Z,2026-08-02T17:23:20.466395+00:00,insufficient_sample,False,empirical loot sample below 100 kills
cr_bd2ee9a1df28,Sister Hetai,sister hetai,Sister Hetai,1,92826,2025-12-03,2026-07-30,90,True,False,False,False,False,https://tibia.fandom.com/wiki/Sister_Hetai,1140926.0,2025-11-08T17:56:09Z,Sister Hetai,complete,428.0,low,8.6,32.0,30.0,2.0,1.0,4742.990654205608,4279.16355140187,9022.154205607478,4742.990654205608,https://tibia.fandom.com/wiki/Loot_Statistics:Sister_Hetai,1170451.0,2026-03-24T12:44:01Z,2026-08-02T17:23:20.466395+00:00,boss_separate,False,TibiaWiki/Bosstiary boss; emitted value retained only in boss series
cr_ac518003d242,blight spitter,blight spitter,blight spitters,1,91060,2025-12-03,2026-07-30,93,False,False,False,False,False,,,,,absent,,,,,,,,,,,,,,,,missing_loot_table,False,no current empirical Loot2 table matched; no value imputed
cr_fc9d4b283f5d,Aftershock,aftershock,Aftershock,1,90760,2025-12-05,2026-07-30,93,True,False,False,False,False,https://tibia.fandom.com/wiki/Aftershock,1129095.0,2025-09-19T22:30:35Z,,absent,,,,,,,,,,,,,,,,boss_separate,False,TibiaWiki/Bosstiary boss; emitted value retained only in boss series
cr_ae064038e8f0,Realityquake,realityquake,Realityquake,1,90756,2025-12-05,2026-07-30,93,True,False,False,False,False,https://tibia.fandom.com/wiki/Realityquake,1140918.0,2025-11-08T17:55:58Z,Realityquake,insufficient_sample,57.0,insufficient,13.30.14423,39.0,31.0,8.0,1.0,,,,,https://tibia.fandom.com/wiki/Loot_Statistics:Realityquake,1170439.0,2026-03-24T12:43:34Z,2026-08-02T17:23:20.466395+00:00,boss_separate,False,TibiaWiki/Bosstiary boss; emitted value retained only in boss series
cr_9527cf04d86c,Amenef the Burning,amenef the burning,Amenef the Burning,1,89699,2025-12-03,2026-07-30,90,True,False,False,False,False,https://tibia.fandom.com/wiki/Amenef_the_Burning,1140862.0,2025-11-08T17:54:33Z,Amenef the Burning,complete,394.0,low,8.6,31.0,27.0,4.0,1.0,4644.670050761421,5363.934010152286,10008.604060913707,4644.670050761421,https://tibia.fandom.com/wiki/Loot_Statistics:Amenef_the_Burning,1180059.0,2026-04-28T21:04:17Z,2026-08-02T17:23:20.466395+00:00,boss_separate,False,TibiaWiki/Bosstiary boss; emitted value retained only in boss series
cr_2a599c087631,memory of a werelion,memory of a werelion,memories of a werelion,1,89670,2025-12-05,2026-07-30,92,False,False,False,False,False,,,,Memory of a Werelion,complete,256.0,low,12.85.11542,10.0,8.0,2.0,1.0,0.8828125,67.734375,68.6171875,0.8828125,https://tibia.fandom.com/wiki/Loot_Statistics:Memory_of_a_Werelion,1160058.0,2026-02-01T21:26:42Z,2026-08-02T17:23:20.466395+00:00,modeled,True,
cr_13fad94359f7,Foreshock,foreshock,Foreshock,1,85626,2025-12-05,2026-07-30,93,True,False,False,False,False,https://tibia.fandom.com/wiki/Foreshock,1129098.0,2025-09-19T22:32:07Z,,absent,,,,,,,,,,,,,,,,boss_separate,False,TibiaWiki/Bosstiary boss; emitted value retained only in boss series
cr_1be9d2d57a98,damned soul,damned soul,damned souls,1,84628,2025-12-05,2026-07-30,91,False,False,False,False,False,,,,,absent,,,,,,,,,,,,,,,,missing_loot_table,False,no current empirical Loot2 table matched; no value imputed
cr_56f462a77c81,bookworm,bookworm,bookworms,1,84571,2025-12-05,2026-07-30,93,False,False,False,False,False,,,,,absent,,,,,,,,,,,,,,,,missing_loot_table,False,no current empirical Loot2 table matched; no value imputed
cr_da8b86bc43db,Vladrukh,vladrukh,Vladrukh,1,83825,2025-12-05,2026-07-30,87,True,False,False,False,False,https://tibia.fandom.com/wiki/Vladrukh,1140962.0,2025-11-08T17:59:48Z,Vladrukh,insufficient_sample,18.0,insufficient,8.6,26.0,19.0,7.0,1.0,,,,,https://tibia.fandom.com/wiki/Loot_Statistics:Vladrukh,1170503.0,2026-03-24T12:45:56Z,2026-08-02T17:23:20.466395+00:00,boss_separate,False,TibiaWiki/Bosstiary boss; emitted value retained only in boss series
cr_ad3fe107be8a,Guard Captain Quaid,guard captain quaid,Guard Captain Quaid,1,81454,2025-12-03,2026-07-30,93,True,False,False,False,False,https://tibia.fandom.com/wiki/Guard_Captain_Quaid,1116557.0,2025-07-26T12:52:38Z,Guard Captain Quaid,insufficient_sample,1.0,insufficient,12.86.11580,2.0,2.0,0.0,1.0,,,,,https://tibia.fandom.com/wiki/Loot_Statistics:Guard_Captain_Quaid,1189362.0,2026-06-15T07:17:24Z,2026-08-02T17:23:20.466395+00:00,boss_separate,False,TibiaWiki/Bosstiary boss; emitted value retained only in boss series
cr_ca0d58b6f48d,blazing fire elemental,blazing fire elemental,blazing fire elementals,1,78141,2025-12-05,2026-07-28,77,False,False,False,False,False,,,,Blazing Fire Elemental,complete,2120.0,medium,9.1,5.0,4.0,1.0,1.0,0.7641509433962265,103.27830188679245,104.04245283018868,0.7641509433962265,https://tibia.fandom.com/wiki/Loot_Statistics:Blazing_Fire_Elemental,1179226.0,2026-04-26T18:04:03Z,2026-08-02T17:23:20.466395+00:00,modeled,True,
cr_6007514637eb,Rupture,rupture,Rupture,1,77744,2025-12-03,2026-07-30,93,True,False,False,False,False,https://tibia.fandom.com/wiki/Rupture,1140919.0,2025-11-08T17:56:00Z,Rupture,insufficient_sample,37.0,insufficient,13.30.14423,39.0,32.0,7.0,1.0,,,,,https://tibia.fandom.com/wiki/Loot_Statistics:Rupture,1197807.0,2026-07-26T18:00:53Z,2026-08-02T17:23:20.466395+00:00,boss_separate,False,TibiaWiki/Bosstiary boss; emitted value retained only in boss series
cr_5d8cb6ae12f0,possessed tree,possessed tree,possessed trees,1,75882,2025-12-05,2026-07-30,92,False,False,False,False,False,,,,,absent,,,,,,,,,,,,,,,,missing_loot_table,False,no current empirical Loot2 table matched; no value imputed
cr_984fcde6c617,Chagorz,chagorz,Chagorz,1,74241,2025-12-05,2026-07-30,75,True,False,False,False,False,https://tibia.fandom.com/wiki/Chagorz,1174487.0,2026-04-12T20:56:31Z,Chagorz,insufficient_sample,22.0,insufficient,15.23.bf9553,23.0,18.0,5.0,1.0,,,,,https://tibia.fandom.com/wiki/Loot_Statistics:Chagorz,1198898.0,2026-08-02T10:18:15Z,2026-08-02T17:23:20.466395+00:00,boss_separate,False,TibiaWiki/Bosstiary boss; emitted value retained only in boss series
cr_065986540633,muddy earth elemental,muddy earth elemental,muddy earth elementals,1,73303,2025-12-05,2026-07-30,76,False,False,False,False,False,,,,Muddy Earth Elemental,complete,2446.0,medium,9.1,7.0,4.0,3.0,1.0,0.7657399836467702,106.79476696647588,107.56050695012264,0.7657399836467702,https://tibia.fandom.com/wiki/Loot_Statistics:Muddy_Earth_Elemental,1178071.0,2026-04-23T18:26:48Z,2026-08-02T17:23:20.466395+00:00,modeled,True,
cr_b326182f4132,Vemiath,vemiath,Vemiath,1,71995,2025-12-05,2026-07-30,75,True,False,False,False,False,https://tibia.fandom.com/wiki/Vemiath,1181620.0,2026-05-02T22:28:16Z,Vemiath,insufficient_sample,25.0,insufficient,15.23.bf9553,23.0,19.0,4.0,1.0,,,,,https://tibia.fandom.com/wiki/Loot_Statistics:Vemiath,1196733.0,2026-07-17T19:34:40Z,2026-08-02T17:23:20.466395+00:00,boss_separate,False,TibiaWiki/Bosstiary boss; emitted value retained only in boss series
cr_263fc8c7c494,fairy tale rabbit,fairy tale rabbit,fairy tale rabbits,1,68571,2025-12-05,2026-07-30,93,False,False,False,False,False,,,,,absent,,,,,,,,,,,,,,,,missing_loot_table,False,no current empirical Loot2 table matched; no value imputed
cr_5eec3510fe14,destrier,destrier,destriers,1,68099,2025-12-05,2026-07-30,86,False,False,False,False,False,,,,,absent,,,,,,,,,,,,,,,,missing_loot_table,False,no current empirical Loot2 table matched; no value imputed
cr_3ae89c75a579,Murcion,murcion,Murcion,1,67516,2025-12-05,2026-07-30,75,True,False,False,False,False,https://tibia.fandom.com/wiki/Murcion,1174485.0,2026-04-12T20:55:49Z,Murcion,insufficient_sample,20.0,insufficient,15.23.bf9553,19.0,15.0,4.0,1.0,,,,,https://tibia.fandom.com/wiki/Loot_Statistics:Murcion,1198899.0,2026-08-02T10:18:17Z,2026-08-02T17:23:20.466395+00:00,boss_separate,False,TibiaWiki/Bosstiary boss; emitted value retained only in boss series
cr_80e75318b0bf,mythical rat,mythical rat,mythical rats,1,67053,2025-12-03,2026-07-30,93,False,False,False,False,False,,,,,absent,,,,,,,,,,,,,,,,missing_loot_table,False,no current empirical Loot2 table matched; no value imputed
cr_4251727cbdf5,moonsilver protector,moonsilver protector,moonsilver protectors,1,66467,2026-07-13,2026-07-30,72,False,False,False,False,False,,,,,absent,,,,,,,,,,,,,,,,missing_loot_table,False,no current empirical Loot2 table matched; no value imputed
cr_3e91835cc115,Arbaziloth,arbaziloth,Arbaziloth,1,62927,2025-12-05,2026-07-30,88,True,False,False,False,False,https://tibia.fandom.com/wiki/Arbaziloth,1181346.0,2026-05-02T19:04:36Z,Arbaziloth,insufficient_sample,37.0,insufficient,8.6,34.0,26.0,8.0,1.0,,,,,https://tibia.fandom.com/wiki/Loot_Statistics:Arbaziloth,1175796.0,2026-04-19T15:31:10Z,2026-08-02T17:23:20.466395+00:00,boss_separate,False,TibiaWiki/Bosstiary boss; emitted value retained only in boss series
cr_4a67e3e9b840,dragon wrath,dragon wrath,dragon wraths,1,62723,2025-12-05,2026-07-30,92,False,False,False,False,False,,,,,absent,,,,,,,,,,,,,,,,missing_loot_table,False,no current empirical Loot2 table matched; no value imputed
cr_f082efdacacc,The Monster,the monster,The Monster,1,59189,2025-12-05,2026-07-30,89,True,False,False,False,False,https://tibia.fandom.com/wiki/The_Monster,1183496.0,2026-05-08T18:23:29Z,The Monster,insufficient_sample,63.0,insufficient,13.30.14423,18.0,14.0,4.0,1.0,,,,,https://tibia.fandom.com/wiki/Loot_Statistics:The_Monster,1190446.0,2026-06-19T18:49:54Z,2026-08-02T17:23:20.466395+00:00,boss_separate,False,TibiaWiki/Bosstiary boss; emitted value retained only in boss series
cr_08bef7b2998f,Eldritch Dragon Lord,eldritch dragon lord,Eldritch Dragon Lord,1,58260,2025-12-05,2026-07-30,83,True,False,False,False,False,https://tibia.fandom.com/wiki/Eldritch_Dragon_Lord,1188545.0,2026-06-06T21:42:31Z,Eldritch Dragon Lord,insufficient_sample,27.0,insufficient,8.6,20.0,12.0,8.0,1.0,,,,,https://tibia.fandom.com/wiki/Loot_Statistics:Eldritch_Dragon_Lord,1198410.0,2026-07-31T17:30:38Z,2026-08-02T17:23:20.466395+00:00,boss_separate,False,TibiaWiki/Bosstiary boss; emitted value retained only in boss series
cr_9772937af88c,Despair,despair,Despair,1,58077,2025-12-05,2026-07-30,90,False,False,False,False,False,https://tibia.fandom.com/wiki/Despair,999953.0,2023-04-27T10:46:57Z,,absent,,,,,,,,,,,,,,,,missing_loot_table,False,no current empirical Loot2 table matched; no value imputed
cr_cd19d3ad9415,Tentugly,tentugly,Tentugly,1,57995,2025-12-05,2026-07-30,93,True,False,False,False,False,,,,,absent,,,,,,,,,,,,,,,,boss_separate,False,TibiaWiki/Bosstiary boss; emitted value retained only in boss series
cr_57090441041c,Thawing Dragon Lord,thawing dragon lord,Thawing Dragon Lord,1,57918,2025-12-03,2026-07-30,88,True,False,False,False,False,https://tibia.fandom.com/wiki/Thawing_Dragon_Lord,1082707.0,2024-11-20T17:59:52Z,Thawing Dragon Lord,complete,366.0,low,8.6,4.0,3.0,1.0,1.0,0.0,2844.9453551912566,2844.9453551912566,0.0,https://tibia.fandom.com/wiki/Loot_Statistics:Thawing_Dragon_Lord,1193517.0,2026-07-01T15:27:16Z,2026-08-02T17:23:20.466395+00:00,boss_separate,False,TibiaWiki/Bosstiary boss; emitted value retained only in boss series
cr_953e01ae2602,troll guard,troll guard,troll guards,1,57679,2025-12-05,2026-07-30,93,False,False,False,False,False,,,,Troll Guard,complete,433.0,low,8.6,5.0,5.0,0.0,1.0,0.6558891454965358,2.1270207852193996,2.7829099307159355,0.6558891454965358,https://tibia.fandom.com/wiki/Loot_Statistics:Troll_Guard,1170270.0,2026-03-24T12:37:22Z,2026-08-02T17:23:20.466395+00:00,modeled,True,
cr_9a17eff0bc33,nightfiend,nightfiend,nightfiends,1,57306,2025-12-05,2026-07-30,93,False,False,False,False,False,https://tibia.fandom.com/wiki/Nightfiend,1191669.0,2026-06-25T06:39:08Z,Nightfiend,complete,618.0,low,10.1,12.0,10.0,2.0,1.0,33.349514563106794,117.97734627831716,151.32686084142395,33.349514563106794,https://tibia.fandom.com/wiki/Loot_Statistics:Nightfiend,1170083.0,2026-03-24T12:30:42Z,2026-08-02T17:23:20.466395+00:00,modeled,True,
cr_f5fbc0afc083,Anmothra,anmothra,Anmothra,1,56254,2025-12-05,2026-07-30,80,True,True,False,False,False,https://tibia.fandom.com/wiki/Anmothra,1133416.0,2025-10-11T10:11:55Z,Anmothra,complete,593.0,low,12.50.10135,1.0,1.0,0.0,1.0,0.0,320.0,320.0,0.0,https://tibia.fandom.com/wiki/Loot_Statistics:Anmothra,1165983.0,2026-03-07T08:52:20Z,2026-08-02T17:23:20.466395+00:00,boss_separate,False,TibiaWiki/Bosstiary boss; emitted value retained only in boss series
cr_3331eeb07597,lost gnome,lost gnome,lost gnomes,1,55420,2025-12-05,2026-07-30,93,False,False,False,False,False,,,,Lost Gnome,insufficient_sample,19.0,insufficient,8.6,2.0,1.0,1.0,1.0,,,,,https://tibia.fandom.com/wiki/Loot_Statistics:Lost_Gnome,1184314.0,2026-05-11T23:19:43Z,2026-08-02T17:23:20.466395+00:00,insufficient_sample,False,empirical loot sample below 100 kills
cr_3245310fa0af,Doctor Perhaps,doctor perhaps,Doctor Perhaps,1,55085,2025-12-05,2026-07-30,91,True,False,False,False,False,https://tibia.fandom.com/wiki/Doctor_Perhaps,1181282.0,2026-05-02T17:20:55Z,Doctor Perhaps,insufficient_sample,5.0,insufficient,8.6,3.0,0.0,3.0,1.0,,,,,https://tibia.fandom.com/wiki/Loot_Statistics:Doctor_Perhaps,447776.0,2012-07-09T17:20:32Z,2026-08-02T17:23:20.466395+00:00,boss_separate,False,TibiaWiki/Bosstiary boss; emitted value retained only in boss series
cr_c34964384e24,Adventurer Group,adventurer group,Adventurer Group,1,54359,2025-12-05,2026-07-30,83,True,False,False,False,False,https://tibia.fandom.com/wiki/Adventurer_Group,1188550.0,2026-06-06T21:49:15Z,,absent,,,,,,,,,,,,,,,,boss_separate,False,TibiaWiki/Bosstiary boss; emitted value retained only in boss series
cr_690b6782eca1,Crultor,crultor,Crultor,1,53607,2025-12-05,2026-07-30,92,True,False,False,False,True,https://tibia.fandom.com/wiki/Crultor,1054220.0,2024-02-17T17:12:40Z,,absent,,,,,,,,,,,,,,,,boss_separate,False,TibiaWiki/Bosstiary boss; emitted value retained only in boss series
cr_393300fed039,Maliz,maliz,Maliz,1,53598,2025-12-05,2026-07-30,92,True,False,False,False,True,https://tibia.fandom.com/wiki/Maliz,1054203.0,2024-02-17T17:03:44Z,,absent,,,,,,,,,,,,,,,,boss_separate,False,TibiaWiki/Bosstiary boss; emitted value retained only in boss series
cr_a3b41a2941ee,Vengar,vengar,Vengar,1,53589,2025-12-05,2026-07-30,92,True,False,False,False,True,https://tibia.fandom.com/wiki/Vengar,1054222.0,2024-02-17T17:13:42Z,,absent,,,,,,,,,,,,,,,,boss_separate,False,TibiaWiki/Bosstiary boss; emitted value retained only in boss series
cr_d75941b558ee,Greedok,greedok,Greedok,1,53571,2025-12-05,2026-07-30,92,True,False,False,False,True,https://tibia.fandom.com/wiki/Greedok,1059419.0,2024-05-12T20:30:05Z,,absent,,,,,,,,,,,,,,,,boss_separate,False,TibiaWiki/Bosstiary boss; emitted value retained only in boss series
cr_cd1fc57bd5b6,Despor,despor,Despor,1,53525,2025-12-05,2026-07-30,92,True,False,False,False,True,https://tibia.fandom.com/wiki/Despor,1054221.0,2024-02-17T17:13:23Z,,absent,,,,,,,,,,,,,,,,boss_separate,False,TibiaWiki/Bosstiary boss; emitted value retained only in boss series
cr_95cd39fc045a,Vilear,vilear,Vilear,1,53368,2025-12-05,2026-07-30,91,True,False,False,False,True,https://tibia.fandom.com/wiki/Vilear,1080520.0,2024-10-31T17:55:58Z,,absent,,,,,,,,,,,,,,,,boss_separate,False,TibiaWiki/Bosstiary boss; emitted value retained only in boss series
cr_c212cccc1bad,wild horse,wild horse,wild horses,1,53215,2025-12-05,2026-07-30,93,False,False,False,False,False,,,,,absent,,,,,,,,,,,,,,,,missing_loot_table,False,no current empirical Loot2 table matched; no value imputed
cr_27e3f55aaf64,Bruton,bruton,Bruton,1,52885,2025-12-05,2026-07-30,92,True,False,False,False,True,https://tibia.fandom.com/wiki/Bruton,1054201.0,2024-02-17T16:57:39Z,,absent,,,,,,,,,,,,,,,,boss_separate,False,TibiaWiki/Bosstiary boss; emitted value retained only in boss series
cr_88fc9fdf1a6e,Gorzindel,gorzindel,Gorzindel,1,52100,2025-12-05,2026-07-30,85,True,False,False,False,False,https://tibia.fandom.com/wiki/Gorzindel,1175294.0,2026-04-17T20:30:29Z,Gorzindel,insufficient_sample,5.0,insufficient,13.30.14423,30.0,23.0,7.0,1.0,,,,,https://tibia.fandom.com/wiki/Loot_Statistics:Gorzindel,1110394.0,2025-07-14T06:37:43Z,2026-08-02T17:23:20.466395+00:00,boss_separate,False,TibiaWiki/Bosstiary boss; emitted value retained only in boss series
cr_e68f8cbaec82,druid familiar,druid familiar,druid familiars,1,51807,2025-12-05,2026-07-30,54,False,False,False,False,False,,,,,absent,,,,,,,,,,,,,,,,missing_loot_table,False,no current empirical Loot2 table matched; no value imputed
cr_651aa347a995,minions of Gaz'haragoth,minions of gaz'haragoth,minions of Gaz'haragoth,1,51618,2025-12-05,2026-07-30,79,False,False,False,False,False,,,,,absent,,,,,,,,,,,,,,,,missing_loot_table,False,no current empirical Loot2 table matched; no value imputed
cr_9f213e54c16b,Michael the Stalwart,michael the stalwart,Michael the Stalwart,1,51409,2025-12-05,2026-07-30,86,True,False,False,False,False,https://tibia.fandom.com/wiki/Michael_the_Stalwart,1195817.0,2026-07-13T17:22:26Z,Michael the Stalwart,complete,395.0,low,8.6,30.0,26.0,4.0,1.0,100.0,6471.4177215189875,6571.4177215189875,100.0,https://tibia.fandom.com/wiki/Loot_Statistics:Michael_the_Stalwart,1196232.0,2026-07-14T11:22:05Z,2026-08-02T17:23:20.466395+00:00,boss_separate,False,TibiaWiki/Bosstiary boss; emitted value retained only in boss series
cr_32e83ded49f6,Ice Horror,ice horror,Ice Horror,1,49767,2025-12-05,2026-07-30,83,True,False,False,False,False,https://tibia.fandom.com/wiki/Ice_Horror,1197567.0,2026-07-24T08:10:32Z,Ice Horror,insufficient_sample,31.0,insufficient,8.6,26.0,19.0,7.0,1.0,,,,,https://tibia.fandom.com/wiki/Loot_Statistics:Ice_Horror,1198411.0,2026-07-31T17:30:39Z,2026-08-02T17:23:20.466395+00:00,boss_separate,False,TibiaWiki/Bosstiary boss; emitted value retained only in boss series
cr_c64a54134ad3,Mazzinor,mazzinor,Mazzinor,1,49272,2025-12-05,2026-07-30,85,True,False,False,False,False,https://tibia.fandom.com/wiki/Mazzinor,1140906.0,2025-11-08T17:55:40Z,Mazzinor,insufficient_sample,8.0,insufficient,13.30.14423,31.0,23.0,8.0,1.0,,,,,https://tibia.fandom.com/wiki/Loot_Statistics:Mazzinor,1185976.0,2026-05-16T23:50:22Z,2026-08-02T17:23:20.466395+00:00,boss_separate,False,TibiaWiki/Bosstiary boss; emitted value retained only in boss series
cr_0d265b5a8ea6,Dirtbeard,dirtbeard,Dirtbeard,1,48675,2025-12-05,2026-07-30,91,True,False,False,False,False,https://tibia.fandom.com/wiki/Dirtbeard,1179252.0,2026-04-26T18:04:20Z,Dirtbeard,insufficient_sample,5.0,insufficient,8.6,2.0,0.0,2.0,1.0,,,,,https://tibia.fandom.com/wiki/Loot_Statistics:Dirtbeard,447778.0,2012-07-09T17:23:29Z,2026-08-02T17:23:20.466395+00:00,boss_separate,False,TibiaWiki/Bosstiary boss; emitted value retained only in boss series
cr_aef05cf069a4,memory of a golem,memory of a golem,memories of a golem,1,47580,2025-12-05,2026-07-30,88,False,False,False,False,False,,,,Memory of a Golem,insufficient_sample,35.0,insufficient,12.85.11542,7.0,5.0,2.0,1.0,,,,,https://tibia.fandom.com/wiki/Loot_Statistics:Memory_of_a_Golem,1160051.0,2026-02-01T21:26:37Z,2026-08-02T17:23:20.466395+00:00,insufficient_sample,False,empirical loot sample below 100 kills
cr_4db371c43a59,Lokathmor,lokathmor,Lokathmor,1,47045,2025-12-05,2026-07-30,84,True,False,False,False,False,https://tibia.fandom.com/wiki/Lokathmor,1140901.0,2025-11-08T17:55:32Z,Lokathmor,insufficient_sample,7.0,insufficient,13.30.14423,27.0,19.0,8.0,1.0,,,,,https://tibia.fandom.com/wiki/Loot_Statistics:Lokathmor,1110404.0,2025-07-14T06:37:54Z,2026-08-02T17:23:20.466395+00:00,boss_separate,False,TibiaWiki/Bosstiary boss; emitted value retained only in boss series
cr_087cb8176062,Gaffir,gaffir,Gaffir,1,46795,2025-12-05,2026-07-30,93,True,False,False,False,False,https://tibia.fandom.com/wiki/Gaffir,1116558.0,2025-07-26T12:52:39Z,Gaffir,complete,153.0,low,12.86.11580,6.0,6.0,0.0,1.0,0.0,240.19607843137254,240.19607843137254,0.0,https://tibia.fandom.com/wiki/Loot_Statistics:Gaffir,1144169.0,2025-11-24T20:06:19Z,2026-08-02T17:23:20.466395+00:00,boss_separate,False,TibiaWiki/Bosstiary boss; emitted value retained only in boss series
cr_68b43f7c404a,Ghulosh,ghulosh,Ghulosh,1,46632,2025-12-05,2026-07-30,84,True,False,False,False,False,https://tibia.fandom.com/wiki/Ghulosh,1140884.0,2025-11-08T17:55:03Z,Ghulosh,insufficient_sample,6.0,insufficient,13.30.14423,30.0,23.0,7.0,1.0,,,,,https://tibia.fandom.com/wiki/Loot_Statistics:Ghulosh,1110392.0,2025-07-14T06:37:42Z,2026-08-02T17:23:20.466395+00:00,boss_separate,False,TibiaWiki/Bosstiary boss; emitted value retained only in boss series
cr_38e2e9764d81,Mephiles,mephiles,Mephiles,1,46596,2025-12-05,2026-07-30,91,True,False,False,False,False,https://tibia.fandom.com/wiki/Mephiles,1068594.0,2024-07-07T04:11:49Z,Mephiles,insufficient_sample,5.0,insufficient,8.6,3.0,0.0,3.0,1.0,,,,,https://tibia.fandom.com/wiki/Loot_Statistics:Mephiles,447779.0,2012-07-09T17:24:11Z,2026-08-02T17:23:20.466395+00:00,boss_separate,False,TibiaWiki/Bosstiary boss; emitted value retained only in boss series
cr_15c9f553d3dc,Boogey,boogey,Boogey,1,44956,2025-12-05,2026-07-30,91,True,False,False,False,False,https://tibia.fandom.com/wiki/Boogey,1068595.0,2024-07-07T04:13:52Z,Boogey,insufficient_sample,5.0,insufficient,8.6,2.0,0.0,2.0,1.0,,,,,https://tibia.fandom.com/wiki/Loot_Statistics:Boogey,447780.0,2012-07-09T17:24:27Z,2026-08-02T17:23:20.466395+00:00,boss_separate,False,TibiaWiki/Bosstiary boss; emitted value retained only in boss series
cr_f80c0cda426c,The Gravedigger,the gravedigger,The Gravedigger,1,44732,2025-12-05,2026-07-30,82,True,False,False,False,False,https://tibia.fandom.com/wiki/The_Gravedigger,1188547.0,2026-06-06T21:45:38Z,The Gravedigger,insufficient_sample,28.0,insufficient,8.6,24.0,16.0,8.0,1.0,,,,,https://tibia.fandom.com/wiki/Loot_Statistics:The_Gravedigger,1198412.0,2026-07-31T17:30:41Z,2026-08-02T17:23:20.466395+00:00,boss_separate,False,TibiaWiki/Bosstiary boss; emitted value retained only in boss series
cr_dbf720d6e6b1,The Brainstealer,the brainstealer,The Brainstealer,1,44600,2025-12-05,2026-07-30,88,True,False,False,False,False,https://tibia.fandom.com/wiki/The_Brainstealer,1140933.0,2025-11-08T17:59:02Z,The Brainstealer,insufficient_sample,50.0,insufficient,13.30.14423,22.0,15.0,7.0,1.0,,,,,https://tibia.fandom.com/wiki/Loot_Statistics:The_Brainstealer,1198203.0,2026-07-30T17:09:12Z,2026-08-02T17:23:20.466395+00:00,boss_separate,False,TibiaWiki/Bosstiary boss; emitted value retained only in boss series
cr_b71044bd309e,Monstor,monstor,Monstor,1,44055,2025-12-05,2026-07-30,91,True,False,False,False,False,https://tibia.fandom.com/wiki/Monstor,1084167.0,2024-11-26T08:39:57Z,Monstor,insufficient_sample,5.0,insufficient,8.6,2.0,0.0,2.0,1.0,,,,,https://tibia.fandom.com/wiki/Loot_Statistics:Monstor,447777.0,2012-07-09T17:21:04Z,2026-08-02T17:23:20.466395+00:00,boss_separate,False,TibiaWiki/Bosstiary boss; emitted value retained only in boss series
cr_f881ea41ca48,Evil Mastermind,evil mastermind,Evil Mastermind,1,43969,2025-12-05,2026-07-30,91,True,False,False,False,False,https://tibia.fandom.com/wiki/Evil_Mastermind,1181480.0,2026-05-02T20:51:10Z,,absent,,,,,,,,,,,,,,,,boss_separate,False,TibiaWiki/Bosstiary boss; emitted value retained only in boss series
cr_683d5d3301ea,Annihilon,annihilon,Annihilon,1,43878,2025-12-05,2026-07-30,93,True,False,False,False,False,https://tibia.fandom.com/wiki/Annihilon,1181514.0,2026-05-02T20:53:16Z,Annihilon,complete,375.0,low,8.6,40.0,27.0,13.0,1.0,19.4,33218.799999999996,33238.2,19.4,https://tibia.fandom.com/wiki/Loot_Statistics:Annihilon,1188977.0,2026-06-12T19:54:48Z,2026-08-02T17:23:20.466395+00:00,boss_separate,False,TibiaWiki/Bosstiary boss; emitted value retained only in boss series
cr_e102f2ce1d4e,security golem,security golem,security golems,1,43084,2025-12-05,2026-07-30,90,False,False,False,False,False,,,,Security Golem,complete,292.0,low,8.6,0.0,0.0,0.0,1.0,0.0,0.0,0.0,0.0,https://tibia.fandom.com/wiki/Loot_Statistics:Security_Golem,1170196.0,2026-03-24T12:34:39Z,2026-08-02T17:23:20.466395+00:00,modeled,True,
cr_3925e1be4cf4,paladin familiar,paladin familiar,paladin familiars,1,42886,2025-12-03,2026-07-30,55,False,False,False,False,False,,,,,absent,,,,,,,,,,,,,,,,missing_loot_table,False,no current empirical Loot2 table matched; no value imputed
cr_ba715ffee00c,ugly monster,ugly monster,ugly monsters,1,42597,2025-12-03,2026-07-30,93,False,False,False,False,False,,,,Ugly Monster,complete,267.0,low,8.6,4.0,0.0,4.0,1.0,0.0,0.0,0.0,0.0,https://tibia.fandom.com/wiki/Loot_Statistics:Ugly_Monster,1189353.0,2026-06-15T07:17:12Z,2026-08-02T17:23:20.466395+00:00,modeled,True,
cr_070ed67fcd51,Rakesh Moonfang,rakesh moonfang,Rakesh Moonfang,1,42119,2026-07-13,2026-07-30,92,True,False,False,False,False,https://tibia.fandom.com/wiki/Rakesh_Moonfang,1197716.0,2026-07-25T17:46:42Z,Rakesh Moonfang,insufficient_sample,54.0,insufficient,8.6,14.0,13.0,1.0,1.0,,,,,https://tibia.fandom.com/wiki/Loot_Statistics:Rakesh_Moonfang,1198941.0,2026-08-02T15:26:01Z,2026-08-02T17:23:20.466395+00:00,boss_separate,False,TibiaWiki/Bosstiary boss; emitted value retained only in boss series
cr_0b25d15414d7,jagged earth elemental,jagged earth elemental,jagged earth elementals,1,42082,2025-12-05,2026-07-30,76,False,False,False,False,False,,,,Jagged Earth Elemental,complete,1332.0,medium,9.1,10.0,7.0,3.0,1.0,0.8708708708708709,238.5135135135135,239.38438438438436,0.8708708708708709,https://tibia.fandom.com/wiki/Loot_Statistics:Jagged_Earth_Elemental,1178054.0,2026-04-23T18:26:28Z,2026-08-02T17:23:20.466395+00:00,modeled,True,
cr_f4aa614bd48e,lesser death minion,lesser death minion,lesser death minions,1,41896,2025-12-05,2026-07-30,83,False,False,False,False,False,,,,,absent,,,,,,,,,,,,,,,,missing_loot_table,False,no current empirical Loot2 table matched; no value imputed
cr_d9acb7689b98,Brokul,brokul,Brokul,1,41864,2025-12-05,2026-07-30,93,True,False,False,False,False,https://tibia.fandom.com/wiki/Brokul,1181579.0,2026-05-02T21:48:38Z,Brokul,complete,100.0,low,13.30.14423,12.0,8.0,4.0,1.0,52.0,327.8,379.8,52.0,https://tibia.fandom.com/wiki/Loot_Statistics:Brokul,1197489.0,2026-07-23T06:39:28Z,2026-08-02T17:23:20.466395+00:00,boss_separate,False,TibiaWiki/Bosstiary boss; emitted value retained only in boss series
cr_f5b791590d5b,necromantic focus,necromantic focus,necromantic focuses,1,41705,2025-12-05,2026-07-30,78,False,False,False,False,False,,,,,absent,,,,,,,,,,,,,,,,missing_loot_table,False,no current empirical Loot2 table matched; no value imputed
cr_c92efe21f84d,dreadbeast,dreadbeast,dreadbeasts,1,41668,2025-12-05,2026-07-30,93,False,False,False,False,False,https://tibia.fandom.com/wiki/Dreadbeast,1181277.0,2026-05-02T17:09:37Z,Dreadbeast,complete,806.0,low,8.6,10.0,6.0,4.0,1.0,0.18238213399503722,23.722084367245657,23.904466501240694,0.18238213399503722,https://tibia.fandom.com/wiki/Loot_Statistics:Dreadbeast,1188956.0,2026-06-12T19:41:54Z,2026-08-02T17:23:20.466395+00:00,modeled,True,
cr_9430a9bee6e8,enraged sand brood,enraged sand brood,enraged sand broods,1,41412,2025-12-05,2026-07-30,89,False,False,False,False,False,,,,,absent,,,,,,,,,,,,,,,,missing_loot_table,False,no current empirical Loot2 table matched; no value imputed
cr_659568cd0826,radiant templar,radiant templar,radiant templars,1,41187,2026-07-13,2026-07-30,63,False,False,False,False,False,,,,Radiant Templar,complete,145.0,low,8.6,1.0,0.0,1.0,1.0,0.0,0.0,0.0,0.0,https://tibia.fandom.com/wiki/Loot_Statistics:Radiant_Templar,1198098.0,2026-07-29T03:32:10Z,2026-08-02T17:23:20.466395+00:00,modeled,True,
cr_92b3b0772c21,rootthing cocoon,rootthing cocoon,rootthing cocoons,1,40842,2025-12-05,2026-07-30,74,False,False,False,False,False,,,,,absent,,,,,,,,,,,,,,,,missing_loot_table,False,no current empirical Loot2 table matched; no value imputed
cr_2eb91c9fed0c,roaring water elemental,roaring water elemental,roaring water elementals,1,40806,2025-12-05,2026-07-30,74,False,False,False,False,False,,,,Roaring Water Elemental,complete,618.0,low,8.6,5.0,5.0,0.0,1.0,0.8673139158576052,274.67637540453075,275.54368932038835,0.8673139158576052,https://tibia.fandom.com/wiki/Loot_Statistics:Roaring_Water_Elemental,1178093.0,2026-04-23T18:27:13Z,2026-08-02T17:23:20.466395+00:00,modeled,True,
cr_335bedaf1729,The Many,the many,The Many,1,40685,2025-12-05,2026-07-30,93,True,False,False,False,False,https://tibia.fandom.com/wiki/The_Many,1181510.0,2026-05-02T20:53:10Z,The Many,complete,443.0,low,9.2,10.0,9.0,1.0,1.0,0.0,27215.575620767497,27215.575620767497,0.0,https://tibia.fandom.com/wiki/Loot_Statistics:The_Many,1183595.0,2026-05-08T20:12:09Z,2026-08-02T17:23:20.466395+00:00,boss_separate,False,TibiaWiki/Bosstiary boss; emitted value retained only in boss series
cr_4ae1d2b2e1d1,The Pale Worm,the pale worm,The Pale Worm,1,40288,2025-12-05,2026-07-30,93,True,False,False,False,False,https://tibia.fandom.com/wiki/The_Pale_Worm,1140946.0,2025-11-08T17:59:21Z,The Pale Worm,insufficient_sample,99.0,insufficient,13.30.14423,28.0,19.0,9.0,1.0,,,,,https://tibia.fandom.com/wiki/Loot_Statistics:The_Pale_Worm,1189957.0,2026-06-18T07:25:34Z,2026-08-02T17:23:20.466395+00:00,boss_separate,False,TibiaWiki/Bosstiary boss; emitted value retained only in boss series
cr_c1fecc82fa69,blistering fire elemental,blistering fire elemental,blistering fire elementals,1,39668,2025-12-05,2026-07-30,78,False,False,False,False,False,,,,Blistering Fire Elemental,complete,1067.0,medium,9.1,6.0,6.0,0.0,1.0,0.8791002811621368,215.28116213683225,216.16026241799437,0.8791002811621368,https://tibia.fandom.com/wiki/Loot_Statistics:Blistering_Fire_Elemental,1179227.0,2026-04-26T18:04:04Z,2026-08-02T17:23:20.466395+00:00,modeled,True,
cr_3e16249ecfd6,memory of a manticore,memory of a manticore,memories of a manticore,1,38765,2025-12-05,2026-07-30,88,False,False,False,False,False,,,,Memory of a Manticore,complete,126.0,low,12.85.11542,7.0,6.0,1.0,1.0,0.8650793650793651,239.28571428571428,240.15079365079364,0.8650793650793651,https://tibia.fandom.com/wiki/Loot_Statistics:Memory_of_a_Manticore,1160054.0,2026-02-01T21:26:39Z,2026-08-02T17:23:20.466395+00:00,modeled,True,
cr_30921724094a,The Blazing Rose,the blazing rose,The Blazing Rose,1,38126,2025-12-05,2026-07-30,91,True,False,False,False,False,https://tibia.fandom.com/wiki/The_Blazing_Rose,1140932.0,2025-11-08T17:59:01Z,The Blazing Rose,complete,124.0,low,8.6,28.0,20.0,8.0,1.0,101.0,2984.91935483871,3085.91935483871,101.0,https://tibia.fandom.com/wiki/Loot_Statistics:The_Blazing_Rose,1187574.0,2026-05-28T13:28:50Z,2026-08-02T17:23:20.466395+00:00,boss_separate,False,TibiaWiki/Bosstiary boss; emitted value retained only in boss series
cr_26b32af86f4b,Megasylvan Yselda,megasylvan yselda,Megasylvan Yselda,1,37797,2025-12-05,2026-07-30,86,True,False,False,False,False,https://tibia.fandom.com/wiki/Megasylvan_Yselda,1176233.0,2026-04-21T15:21:37Z,Megasylvan Yselda,complete,210.0,low,13.30.14423,26.0,21.0,5.0,1.0,1480.952380952381,20811.904761904763,22292.857142857145,1480.952380952381,https://tibia.fandom.com/wiki/Loot_Statistics:Megasylvan_Yselda,1189363.0,2026-06-15T07:17:25Z,2026-08-02T17:23:20.466395+00:00,boss_separate,False,TibiaWiki/Bosstiary boss; emitted value retained only in boss series
cr_2e273ff63a64,Ashmunrah,ashmunrah,Ashmunrah,1,37768,2025-12-05,2026-07-30,93,True,False,False,False,False,https://tibia.fandom.com/wiki/Ashmunrah,1113861.0,2025-07-26T09:30:28Z,Ashmunrah,complete,1780.0,medium,8.6,8.0,5.0,3.0,1.0,0.9387640449438203,105.92696629213484,106.86573033707866,0.9387640449438203,https://tibia.fandom.com/wiki/Loot_Statistics:Ashmunrah,1144165.0,2025-11-24T20:06:12Z,2026-08-02T17:23:20.466395+00:00,boss_separate,False,TibiaWiki/Bosstiary boss; emitted value retained only in boss series
cr_60d2a1f5ced9,Tamru the Black,tamru the black,Tamru the Black,1,37739,2025-12-12,2026-07-15,93,True,False,False,False,False,https://tibia.fandom.com/wiki/Tamru_the_Black,1135992.0,2025-10-20T13:52:52Z,Tamru the Black,complete,173.0,low,8.6,15.0,14.0,1.0,1.0,100.0,11115.43352601156,11215.43352601156,100.0,https://tibia.fandom.com/wiki/Loot_Statistics:Tamru_the_Black,1185435.0,2026-05-15T14:04:15Z,2026-08-02T17:23:20.466395+00:00,boss_separate,False,TibiaWiki/Bosstiary boss; emitted value retained only in boss series
cr_fbc066daf23b,moonsilver sentinel,moonsilver sentinel,moonsilver sentinels,1,37680,2026-07-13,2026-07-30,72,False,False,False,False,False,,,,,absent,,,,,,,,,,,,,,,,missing_loot_table,False,no current empirical Loot2 table matched; no value imputed
cr_a70a93abf482,Overseer Osverger,overseer osverger,Overseer Osverger,1,37373,2025-12-05,2026-07-30,87,True,False,False,False,False,https://tibia.fandom.com/wiki/Overseer_Osverger,1195819.0,2026-07-13T17:28:56Z,Overseer Osverger,complete,410.0,low,8.6,31.0,29.0,2.0,1.0,2148.780487804878,5762.658536585364,7911.439024390242,2148.780487804878,https://tibia.fandom.com/wiki/Loot_Statistics:Overseer_Osverger,1196233.0,2026-07-14T11:22:11Z,2026-08-02T17:23:20.466395+00:00,boss_separate,False,TibiaWiki/Bosstiary boss; emitted value retained only in boss series
cr_cd1a3920f8fd,The Nightmare Beast,the nightmare beast,The Nightmare Beast,1,37297,2025-12-05,2026-07-30,90,True,False,False,False,False,https://tibia.fandom.com/wiki/The_Nightmare_Beast,1140945.0,2025-11-08T17:59:20Z,The Nightmare Beast,insufficient_sample,94.0,insufficient,13.30.14423,45.0,31.0,14.0,1.0,,,,,https://tibia.fandom.com/wiki/Loot_Statistics:The_Nightmare_Beast,1197986.0,2026-07-27T19:07:06Z,2026-08-02T17:23:20.466395+00:00,boss_separate,False,TibiaWiki/Bosstiary boss; emitted value retained only in boss series
cr_d8f4befd8f2c,radiant zealot,radiant zealot,radiant zealots,1,37204,2026-07-13,2026-07-30,63,False,False,False,False,False,,,,Radiant Zealot,complete,101.0,low,8.6,1.0,0.0,1.0,1.0,0.0,0.0,0.0,0.0,https://tibia.fandom.com/wiki/Loot_Statistics:Radiant_Zealot,1198100.0,2026-07-29T03:32:13Z,2026-08-02T17:23:20.466395+00:00,modeled,True,
cr_b3fdce208e94,misguided shadow,misguided shadow,misguided shadows,1,36516,2025-12-05,2026-07-30,93,False,False,False,False,False,,,,Misguided Shadow,complete,113.0,low,8.6,4.0,2.0,2.0,1.0,0.0,57.52212389380531,57.52212389380531,0.0,https://tibia.fandom.com/wiki/Loot_Statistics:Misguided_Shadow,1170061.0,2026-03-24T12:29:56Z,2026-08-02T17:23:20.466395+00:00,modeled,True,
cr_c3f724c251e8,Shard of Corruption,shard of corruption,Shard of Corruption,1,35893,2025-12-05,2026-07-30,93,True,False,False,False,False,https://tibia.fandom.com/wiki/Shard_of_Corruption,1181276.0,2026-05-02T16:29:54Z,Shard of Corruption,insufficient_sample,39.0,insufficient,8.6,0.0,0.0,0.0,1.0,,,,,https://tibia.fandom.com/wiki/Loot_Statistics:Shard_of_Corruption,1145144.0,2025-11-29T11:38:31Z,2026-08-02T17:23:20.466395+00:00,boss_separate,False,TibiaWiki/Bosstiary boss; emitted value retained only in boss series
cr_7a2bee523c01,The Diamond Blossom,the diamond blossom,The Diamond Blossom,1,35494,2025-12-05,2026-07-30,87,True,False,False,False,False,https://tibia.fandom.com/wiki/The_Diamond_Blossom,1140934.0,2025-11-08T17:59:04Z,The Diamond Blossom,complete,120.0,low,8.6,25.0,18.0,7.0,1.0,101.0,3052.708333333333,3153.708333333333,101.0,https://tibia.fandom.com/wiki/Loot_Statistics:The_Diamond_Blossom,1187575.0,2026-05-28T13:28:53Z,2026-08-02T17:23:20.466395+00:00,boss_separate,False,TibiaWiki/Bosstiary boss; emitted value retained only in boss series
cr_92e2311d8f4b,moonsilver augur,moonsilver augur,moonsilver augurs,1,35485,2026-07-13,2026-07-30,71,False,False,False,False,False,,,,,absent,,,,,,,,,,,,,,,,missing_loot_table,False,no current empirical Loot2 table matched; no value imputed
cr_8a8ac9c04086,thieving squirrel,thieving squirrel,thieving squirrels,1,35428,2025-12-05,2026-07-30,93,False,False,False,False,False,,,,Thieving Squirrel,insufficient_sample,26.0,insufficient,8.6,2.0,0.0,2.0,1.0,,,,,https://tibia.fandom.com/wiki/Loot_Statistics:Thieving_Squirrel,1104245.0,2025-06-02T18:13:21Z,2026-08-02T17:23:20.466395+00:00,insufficient_sample,False,empirical loot sample below 100 kills
cr_856b9e0fa2ff,Mindmasher,mindmasher,Mindmasher,1,35011,2025-12-05,2026-07-30,75,True,False,False,False,False,https://tibia.fandom.com/wiki/Mindmasher,1181383.0,2026-05-02T20:39:19Z,Mindmasher,insufficient_sample,59.0,insufficient,9.5,17.0,14.0,3.0,1.0,,,,,https://tibia.fandom.com/wiki/Loot_Statistics:Mindmasher,1187776.0,2026-05-31T04:31:02Z,2026-08-02T17:23:20.466395+00:00,boss_separate,False,TibiaWiki/Bosstiary boss; emitted value retained only in boss series
cr_b294d67bf055,The Lily of Night,the lily of night,The Lily of Night,1,34209,2025-12-05,2026-07-30,88,True,False,False,False,False,https://tibia.fandom.com/wiki/The_Lily_of_Night,1140941.0,2025-11-08T17:59:14Z,The Lily of Night,complete,112.0,low,8.6,26.0,20.0,6.0,1.0,101.0,3771.339285714286,3872.339285714286,101.0,https://tibia.fandom.com/wiki/Loot_Statistics:The_Lily_of_Night,1187579.0,2026-05-28T13:29:00Z,2026-08-02T17:23:20.466395+00:00,boss_separate,False,TibiaWiki/Bosstiary boss; emitted value retained only in boss series
cr_327a0665f99f,unbound demon,unbound demon,unbound demons,1,33795,2025-12-05,2026-07-30,92,False,False,False,False,False,,,,Unbound Demon,complete,198.0,low,8.6,0.0,0.0,0.0,1.0,0.0,0.0,0.0,0.0,https://tibia.fandom.com/wiki/Loot_Statistics:Unbound_Demon,1198470.0,2026-07-31T19:13:35Z,2026-08-02T17:23:20.466395+00:00,modeled,True,
cr_7ef11fbcd2e3,Goshnar's Hatred,goshnar's hatred,Goshnar's Hatred,1,33524,2025-12-05,2026-07-30,84,True,False,False,False,False,https://tibia.fandom.com/wiki/Goshnar's_Hatred,1140889.0,2025-11-08T17:55:12Z,Goshnar's Hatred,insufficient_sample,11.0,insufficient,15.23.bf9553,20.0,16.0,4.0,1.0,,,,,https://tibia.fandom.com/wiki/Loot_Statistics:Goshnar's_Hatred,1190333.0,2026-06-19T04:39:05Z,2026-08-02T17:23:20.466395+00:00,boss_separate,False,TibiaWiki/Bosstiary boss; emitted value retained only in boss series
cr_f749fffbb16a,monk of the order,monk of the order,monks of the order,1,33310,2025-12-05,2026-07-30,93,False,False,False,False,False,,,,Monk of the Order,complete,363.0,low,8.6,13.0,9.0,4.0,1.0,0.1322314049586777,13.606060606060607,13.738292011019285,0.1322314049586777,https://tibia.fandom.com/wiki/Loot_Statistics:Monk_of_the_Order,1187216.0,2026-05-24T21:11:19Z,2026-08-02T17:23:20.466395+00:00,modeled,True,
cr_353ebee56d0a,Ayana the Crimson Curse,ayana the crimson curse,Ayana the Crimson Curse,1,32389,2025-12-12,2026-07-15,93,True,False,False,False,False,https://tibia.fandom.com/wiki/Ayana_the_Crimson_Curse,1156381.0,2026-01-13T17:13:56Z,Ayana the Crimson Curse,complete,178.0,low,8.6,14.0,13.0,1.0,1.0,100.0,10512.191011235955,10612.191011235955,100.0,https://tibia.fandom.com/wiki/Loot_Statistics:Ayana_the_Crimson_Curse,1185433.0,2026-05-15T14:04:13Z,2026-08-02T17:23:20.466395+00:00,boss_separate,False,TibiaWiki/Bosstiary boss; emitted value retained only in boss series
cr_580bbe147b53,The Count of the Core,the count of the core,The Count Of The Core,1,32312,2025-12-05,2026-07-30,91,True,False,False,False,False,https://tibia.fandom.com/wiki/The_Count_of_the_Core,1103760.0,2025-05-31T00:45:17Z,The Count of the Core,complete,178.0,low,12.86.11580,42.0,29.0,13.0,1.0,661.7977528089888,28134.831460674148,28796.62921348314,661.7977528089888,https://tibia.fandom.com/wiki/Loot_Statistics:The_Count_of_the_Core,1198880.0,2026-08-02T09:56:59Z,2026-08-02T17:23:20.466395+00:00,boss_separate,False,TibiaWiki/Bosstiary boss; emitted value retained only in boss series
cr_e8654e3bc540,dark soul reaper,dark soul reaper,dark soul reapers,1,32253,2025-12-05,2026-07-30,67,False,False,False,False,False,,,,,absent,,,,,,,,,,,,,,,,missing_loot_table,False,no current empirical Loot2 table matched; no value imputed
cr_10a456880bff,Custodian,custodian,Custodian,1,32222,2025-12-05,2026-07-30,93,True,False,False,False,False,https://tibia.fandom.com/wiki/Custodian,1107956.0,2025-07-03T13:16:33Z,Custodian,complete,118.0,low,12.86.11580,2.0,1.0,1.0,1.0,0.0,250.0,250.0,0.0,https://tibia.fandom.com/wiki/Loot_Statistics:Custodian,1138308.0,2025-10-30T18:15:25Z,2026-08-02T17:23:20.466395+00:00,boss_separate,False,TibiaWiki/Bosstiary boss; emitted value retained only in boss series
cr_585d75e23811,animated skunk,animated skunk,animated skunks,1,32211,2025-12-05,2026-07-30,93,False,False,False,False,False,,,,Animated Skunk,complete,131.0,low,8.6,1.0,0.0,1.0,1.0,0.0,0.0,0.0,0.0,https://tibia.fandom.com/wiki/Loot_Statistics:Animated_Skunk,1129204.0,2025-09-20T15:10:37Z,2026-08-02T17:23:20.466395+00:00,modeled,True,
cr_325eec45015c,cosmic energy prism A,cosmic energy prism a,cosmic energy prism A,1,31657,2025-12-05,2026-07-30,93,False,False,False,False,False,https://tibia.fandom.com/wiki/Cosmic_Energy_Prism_A,852556.0,2021-06-04T20:19:42Z,,absent,,,,,,,,,,,,,,,,missing_loot_table,False,no current empirical Loot2 table matched; no value imputed
cr_44d6fa35b0aa,Zharvorin's Spirit,zharvorin's spirit,Zharvorin's Spirit,1,31636,2025-12-05,2026-07-30,78,False,False,False,False,False,https://tibia.fandom.com/wiki/Zharvorin's_Spirit,1177970.0,2026-04-23T17:56:59Z,,absent,,,,,,,,,,,,,,,,missing_loot_table,False,no current empirical Loot2 table matched; no value imputed
cr_bc2715a29f47,Ratmiral Blackwhiskers,ratmiral blackwhiskers,Ratmiral Blackwhiskers,1,31587,2025-12-05,2026-07-30,90,True,False,False,False,False,https://tibia.fandom.com/wiki/Ratmiral_Blackwhiskers,1140915.0,2025-11-08T17:55:54Z,Ratmiral Blackwhiskers,complete,156.0,low,13.30.14423,23.0,15.0,8.0,1.0,10046.794871794871,22427.115384615383,32473.910256410254,10046.794871794871,https://tibia.fandom.com/wiki/Loot_Statistics:Ratmiral_Blackwhiskers,1185898.0,2026-05-16T20:27:59Z,2026-08-02T17:23:20.466395+00:00,boss_separate,False,TibiaWiki/Bosstiary boss; emitted value retained only in boss series
cr_c643a232e8fe,Myzareth's Spirit,myzareth's spirit,Myzareth's Spirit,1,31532,2025-12-05,2026-07-30,78,False,False,False,False,False,https://tibia.fandom.com/wiki/Myzareth's_Spirit,1194920.0,2026-07-08T00:48:50Z,,absent,,,,,,,,,,,,,,,,missing_loot_table,False,no current empirical Loot2 table matched; no value imputed
cr_17c9f16854dc,Elyrax's Spirit,elyrax's spirit,Elyrax's Spirit,1,31514,2025-12-05,2026-07-30,77,False,False,False,False,False,https://tibia.fandom.com/wiki/Elyrax's_Spirit,1195845.0,2026-07-13T18:05:35Z,,absent,,,,,,,,,,,,,,,,missing_loot_table,False,no current empirical Loot2 table matched; no value imputed
cr_467b591a7dc8,Scarith's Spirit,scarith's spirit,Scarith's Spirit,1,31500,2025-12-05,2026-07-30,78,False,False,False,False,False,https://tibia.fandom.com/wiki/Scarith's_Spirit,1183804.0,2026-05-09T13:09:37Z,,absent,,,,,,,,,,,,,,,,missing_loot_table,False,no current empirical Loot2 table matched; no value imputed
cr_ffc24540d78e,cosmic energy prism B,cosmic energy prism b,cosmic energy prism B,1,31463,2025-12-05,2026-07-30,93,False,False,False,False,False,https://tibia.fandom.com/wiki/Cosmic_Energy_Prism_B,858070.0,2021-06-27T14:48:44Z,,absent,,,,,,,,,,,,,,,,missing_loot_table,False,no current empirical Loot2 table matched; no value imputed
cr_18d9f9dd2c58,cosmic energy prism C,cosmic energy prism c,cosmic energy prism C,1,31256,2025-12-05,2026-07-30,93,False,False,False,False,False,https://tibia.fandom.com/wiki/Cosmic_Energy_Prism_C,852558.0,2021-06-04T20:21:05Z,,absent,,,,,,,,,,,,,,,,missing_loot_table,False,no current empirical Loot2 table matched; no value imputed
cr_4a1f8c3275c3,cosmic energy prism D,cosmic energy prism d,cosmic energy prism D,1,30921,2025-12-05,2026-07-30,93,False,False,False,False,False,https://tibia.fandom.com/wiki/Cosmic_Energy_Prism_D,852559.0,2021-06-04T20:21:14Z,,absent,,,,,,,,,,,,,,,,missing_loot_table,False,no current empirical Loot2 table matched; no value imputed
cr_8dc5ed2a0d85,radiant inquisitor,radiant inquisitor,radiant inquisitors,1,30515,2026-07-13,2026-07-30,64,False,False,False,False,False,,,,Radiant Inquisitor,complete,122.0,low,8.6,2.0,0.0,2.0,1.0,0.0,0.0,0.0,0.0,https://tibia.fandom.com/wiki/Loot_Statistics:Radiant_Inquisitor,1198096.0,2026-07-29T03:32:08Z,2026-08-02T17:23:20.466395+00:00,modeled,True,
cr_0c64b831819b,mad sheep,mad sheep,mad sheep,1,30509,2025-12-05,2026-07-30,91,False,False,False,False,False,https://tibia.fandom.com/wiki/Mad_Sheep,1037891.0,2023-09-08T15:28:44Z,Mad Sheep,insufficient_sample,36.0,insufficient,8.6,0.0,0.0,0.0,1.0,,,,,https://tibia.fandom.com/wiki/Loot_Statistics:Mad_Sheep,1158441.0,2026-01-25T16:29:52Z,2026-08-02T17:23:20.466395+00:00,insufficient_sample,False,empirical loot sample below 100 kills
cr_93c8c96b4641,Hide,hide,Hide,1,30358,2025-12-05,2026-07-30,93,True,False,False,False,False,https://tibia.fandom.com/wiki/Hide,1174190.0,2026-04-11T18:24:22Z,Hide,complete,108.0,low,9.86,6.0,6.0,0.0,1.0,82.4074074074074,2812.666666666667,2895.0740740740744,82.4074074074074,https://tibia.fandom.com/wiki/Loot_Statistics:Hide,1186829.0,2026-05-21T20:32:22Z,2026-08-02T17:23:20.466395+00:00,boss_separate,False,TibiaWiki/Bosstiary boss; emitted value retained only in boss series
cr_e221e8ca6d1e,Lloyd,lloyd,Lloyd,1,30302,2025-12-05,2026-07-30,93,True,False,False,False,False,https://tibia.fandom.com/wiki/Lloyd,1186449.0,2026-05-20T09:59:22Z,Lloyd,insufficient_sample,92.0,insufficient,13.30.14423,38.0,30.0,8.0,1.0,,,,,https://tibia.fandom.com/wiki/Loot_Statistics:Lloyd,1185872.0,2026-05-16T20:16:27Z,2026-08-02T17:23:20.466395+00:00,boss_separate,False,TibiaWiki/Bosstiary boss; emitted value retained only in boss series
cr_fce7f018d96f,Morik the Gladiator,morik the gladiator,Morik the Gladiator,1,30154,2025-12-05,2026-07-30,93,True,False,False,False,False,https://tibia.fandom.com/wiki/Morik_the_Gladiator,1181326.0,2026-05-02T17:45:32Z,Morik the Gladiator,insufficient_sample,30.0,insufficient,8.6,1.0,0.0,1.0,1.0,,,,,https://tibia.fandom.com/wiki/Loot_Statistics:Morik_the_Gladiator,1102560.0,2025-05-09T12:32:07Z,2026-08-02T17:23:20.466395+00:00,boss_separate,False,TibiaWiki/Bosstiary boss; emitted value retained only in boss series
cr_7956d7809f59,Raxias,raxias,Raxias,1,30086,2025-12-05,2026-07-30,93,True,False,False,False,False,https://tibia.fandom.com/wiki/Raxias,1181404.0,2026-05-02T20:39:48Z,Raxias,insufficient_sample,94.0,insufficient,12.90.12182,17.0,11.0,6.0,1.0,,,,,https://tibia.fandom.com/wiki/Loot_Statistics:Raxias,1197667.0,2026-07-25T09:25:33Z,2026-08-02T17:23:20.466395+00:00,boss_separate,False,TibiaWiki/Bosstiary boss; emitted value retained only in boss series
cr_79ff753a1699,Mahrdis,mahrdis,Mahrdis,1,30029,2025-12-03,2026-07-30,93,True,False,False,False,False,https://tibia.fandom.com/wiki/Mahrdis,1181288.0,2026-05-02T17:36:28Z,Mahrdis,complete,3605.0,medium,8.6,10.0,6.0,4.0,1.0,0.8868238557558946,142.62135922330094,143.50818307905683,0.8868238557558946,https://tibia.fandom.com/wiki/Loot_Statistics:Mahrdis,1184351.0,2026-05-12T03:49:23Z,2026-08-02T17:23:20.466395+00:00,boss_separate,False,TibiaWiki/Bosstiary boss; emitted value retained only in boss series
cr_e5ffb8349164,Bone Overlord,bone overlord,Bone Overlord,1,29960,2025-12-05,2026-07-30,76,True,False,False,False,False,https://tibia.fandom.com/wiki/Bone_Overlord,1195313.0,2026-07-11T20:22:48Z,,absent,,,,,,,,,,,,,,,,boss_separate,False,TibiaWiki/Bosstiary boss; emitted value retained only in boss series
cr_3fae46211618,The Fear Feaster,the fear feaster,The Fear Feaster,1,29250,2025-12-05,2026-07-30,92,True,False,False,False,False,https://tibia.fandom.com/wiki/The_Fear_Feaster,1140938.0,2025-11-08T17:59:10Z,The Fear Feaster,insufficient_sample,55.0,insufficient,13.30.14423,23.0,17.0,6.0,1.0,,,,,https://tibia.fandom.com/wiki/Loot_Statistics:The_Fear_Feaster,1189950.0,2026-06-18T07:16:33Z,2026-08-02T17:23:20.466395+00:00,boss_separate,False,TibiaWiki/Bosstiary boss; emitted value retained only in boss series
cr_b2c29e410a06,The Unwelcome,the unwelcome,The Unwelcome,1,28512,2025-12-05,2026-07-30,93,True,False,False,False,False,https://tibia.fandom.com/wiki/The_Unwelcome,1140954.0,2025-11-08T17:59:34Z,The Unwelcome,insufficient_sample,55.0,insufficient,13.30.14423,20.0,15.0,5.0,1.0,,,,,https://tibia.fandom.com/wiki/Loot_Statistics:The_Unwelcome,1189951.0,2026-06-18T07:16:34Z,2026-08-02T17:23:20.466395+00:00,boss_separate,False,TibiaWiki/Bosstiary boss; emitted value retained only in boss series
cr_05f885bba5b6,Brother Worm,brother worm,Brother Worm,1,28512,2025-12-05,2026-07-30,93,False,False,False,False,False,https://tibia.fandom.com/wiki/Brother_Worm,1138918.0,2025-11-01T06:13:11Z,,absent,,,,,,,,,,,,,,,,missing_loot_table,False,no current empirical Loot2 table matched; no value imputed
cr_6b7a15ed084b,radiant warden,radiant warden,radiant wardens,1,28193,2026-07-13,2026-07-30,64,False,False,False,False,False,,,,Radiant Warden,complete,189.0,low,8.6,2.0,0.0,2.0,1.0,0.0,0.0,0.0,0.0,https://tibia.fandom.com/wiki/Loot_Statistics:Radiant_Warden,1198099.0,2026-07-29T03:32:12Z,2026-08-02T17:23:20.466395+00:00,modeled,True,
cr_e4cfe74b8644,knight familiar,knight familiar,knight familiars,1,28154,2025-12-05,2026-07-30,55,False,False,False,False,False,,,,,absent,,,,,,,,,,,,,,,,missing_loot_table,False,no current empirical Loot2 table matched; no value imputed
cr_880926f0797b,tamed frazzlemaw,tamed frazzlemaw,tamed frazzlemaws,1,27539,2025-12-05,2026-07-30,83,False,False,False,False,False,,,,Tamed Frazzlemaw,insufficient_sample,19.0,insufficient,8.6,0.0,0.0,0.0,1.0,,,,,https://tibia.fandom.com/wiki/Loot_Statistics:Tamed_Frazzlemaw,1196186.0,2026-07-14T11:17:18Z,2026-08-02T17:23:20.466395+00:00,insufficient_sample,False,empirical loot sample below 100 kills
cr_145aff16e41f,Bakragore,bakragore,Bakragore,1,27099,2025-12-05,2026-07-30,73,True,False,False,False,False,https://tibia.fandom.com/wiki/Bakragore,1119058.0,2025-08-02T15:52:29Z,Bakragore,insufficient_sample,67.0,insufficient,8.6,27.0,20.0,7.0,1.0,,,,,https://tibia.fandom.com/wiki/Loot_Statistics:Bakragore,1196728.0,2026-07-17T19:34:34Z,2026-08-02T17:23:20.466395+00:00,boss_separate,False,TibiaWiki/Bosstiary boss; emitted value retained only in boss series
cr_b8f2c8e113ce,glooth battery,glooth battery,glooth batteries,1,26905,2025-12-05,2026-07-30,90,False,False,False,False,False,,,,Glooth Battery,complete,199.0,low,10.7,14.0,10.0,4.0,1.0,77.38693467336684,896.1809045226131,973.5678391959799,77.38693467336684,https://tibia.fandom.com/wiki/Loot_Statistics:Glooth_Battery,1196911.0,2026-07-18T22:09:47Z,2026-08-02T17:23:20.466395+00:00,modeled,True,
cr_5851ee516820,memory of a wolf,memory of a wolf,memories of a wolf,1,26783,2025-12-05,2026-07-30,88,False,False,False,False,False,,,,Memory of a Wolf,complete,105.0,low,12.85.11542,6.0,6.0,0.0,1.0,0.8476190476190476,218.34285714285716,219.1904761904762,0.8476190476190476,https://tibia.fandom.com/wiki/Loot_Statistics:Memory_of_a_Wolf,1170038.0,2026-03-24T12:29:05Z,2026-08-02T17:23:20.466395+00:00,modeled,True,
cr_674484573425,imperial,imperial,imperials,1,26725,2025-12-05,2026-07-30,88,False,False,False,False,False,https://tibia.fandom.com/wiki/Imperial,1195192.0,2026-07-10T23:14:44Z,Imperial,insufficient_sample,36.0,insufficient,8.6,4.0,3.0,1.0,1.0,,,,,https://tibia.fandom.com/wiki/Loot_Statistics:Imperial,1196070.0,2026-07-14T11:06:09Z,2026-08-02T17:23:20.466395+00:00,insufficient_sample,False,empirical loot sample below 100 kills
cr_80835fb04b49,Bragrumol,bragrumol,Bragrumol,1,26129,2025-12-03,2026-07-30,91,True,False,False,False,False,https://tibia.fandom.com/wiki/Bragrumol,1119930.0,2025-08-07T07:16:53Z,Bragrumol,insufficient_sample,60.0,insufficient,12.86.11580,3.0,3.0,0.0,1.0,,,,,https://tibia.fandom.com/wiki/Loot_Statistics:Bragrumol,1170362.0,2026-03-24T12:40:42Z,2026-08-02T17:23:20.466395+00:00,boss_separate,False,TibiaWiki/Bosstiary boss; emitted value retained only in boss series
cr_c35be238d2f5,albino dragon,albino dragon,albino dragons,1,26008,2025-12-05,2026-07-30,93,False,False,False,False,False,,,,Albino Dragon,insufficient_sample,50.0,insufficient,8.6,12.0,7.0,5.0,1.0,,,,,https://tibia.fandom.com/wiki/Loot_Statistics:Albino_Dragon,1169675.0,2026-03-24T12:16:13Z,2026-08-02T17:23:20.466395+00:00,insufficient_sample,False,empirical loot sample below 100 kills
cr_a0dcfd7e9f41,Owin,owin,Owin,1,25973,2025-12-12,2026-07-15,93,True,False,False,False,False,https://tibia.fandom.com/wiki/Owin,999104.0,2023-04-14T00:59:17Z,,absent,,,,,,,,,,,,,,,,boss_separate,False,TibiaWiki/Bosstiary boss; emitted value retained only in boss series
cr_16edd8db5fd9,Enusat the Onyx Wing,enusat the onyx wing,Enusat the Onyx Wing,1,25507,2025-12-03,2026-07-30,90,True,False,False,False,False,https://tibia.fandom.com/wiki/Enusat_the_Onyx_Wing,1119107.0,2025-08-02T17:35:16Z,Enusat the Onyx Wing,insufficient_sample,66.0,insufficient,8.6,23.0,22.0,1.0,1.0,,,,,https://tibia.fandom.com/wiki/Loot_Statistics:Enusat_the_Onyx_Wing,1170377.0,2026-03-24T12:41:16Z,2026-08-02T17:23:20.466395+00:00,boss_separate,False,TibiaWiki/Bosstiary boss; emitted value retained only in boss series
cr_77714c10895a,thorn steed,thorn steed,thorn steeds,1,25437,2025-12-05,2026-07-30,92,False,False,False,False,False,,,,,absent,,,,,,,,,,,,,,,,missing_loot_table,False,no current empirical Loot2 table matched; no value imputed
cr_0ae2e8aad73f,The Enraged Thorn Knight,the enraged thorn knight,The Enraged Thorn Knight,1,25404,2025-12-05,2026-07-30,92,True,False,False,False,False,https://tibia.fandom.com/wiki/The_Enraged_Thorn_Knight,1140936.0,2025-11-08T17:59:07Z,The Enraged Thorn Knight,insufficient_sample,49.0,insufficient,13.30.14423,43.0,35.0,8.0,1.0,,,,,https://tibia.fandom.com/wiki/Loot_Statistics:The_Enraged_Thorn_Knight,1198473.0,2026-07-31T19:13:39Z,2026-08-02T17:23:20.466395+00:00,boss_separate,False,TibiaWiki/Bosstiary boss; emitted value retained only in boss series
cr_b6e34efad6a0,The Dread Maiden,the dread maiden,The Dread Maiden,1,25268,2025-12-05,2026-07-30,93,True,False,False,False,False,https://tibia.fandom.com/wiki/The_Dread_Maiden,1140935.0,2025-11-08T17:59:05Z,The Dread Maiden,insufficient_sample,59.0,insufficient,13.30.14423,24.0,17.0,7.0,1.0,,,,,https://tibia.fandom.com/wiki/Loot_Statistics:The_Dread_Maiden,1189949.0,2026-06-18T07:16:31Z,2026-08-02T17:23:20.466395+00:00,boss_separate,False,TibiaWiki/Bosstiary boss; emitted value retained only in boss series
cr_96c0f1cdd6b0,tame terror bird,tame terror bird,tame terror birds,1,24280,2025-12-05,2026-07-30,93,False,False,False,False,False,,,,Tame Terror Bird,insufficient_sample,63.0,insufficient,8.6,2.0,2.0,0.0,1.0,,,,,https://tibia.fandom.com/wiki/Loot_Statistics:Tame_Terror_Bird,1171575.0,2026-03-30T00:32:05Z,2026-08-02T17:23:20.466395+00:00,insufficient_sample,False,empirical loot sample below 100 kills
cr_f6465977ffaa,Zugurosh,zugurosh,Zugurosh,1,23914,2025-12-05,2026-07-30,93,True,False,False,False,False,https://tibia.fandom.com/wiki/Zugurosh,1181669.0,2026-05-02T22:31:48Z,Zugurosh,complete,1489.0,medium,8.6,25.0,17.0,8.0,1.0,21.953660174613834,8722.189388851577,8744.14304902619,21.953660174613834,https://tibia.fandom.com/wiki/Loot_Statistics:Zugurosh,1188997.0,2026-06-12T19:55:56Z,2026-08-02T17:23:20.466395+00:00,boss_separate,False,TibiaWiki/Bosstiary boss; emitted value retained only in boss series
cr_e8cad634075a,Ungreez,ungreez,Ungreez,1,23554,2025-12-05,2026-07-30,93,True,False,False,False,False,https://tibia.fandom.com/wiki/Ungreez,851470.0,2021-06-04T06:01:16Z,Ungreez,insufficient_sample,28.0,insufficient,8.6,3.0,2.0,1.0,1.0,,,,,https://tibia.fandom.com/wiki/Loot_Statistics:Ungreez,1097436.0,2025-04-02T11:48:47Z,2026-08-02T17:23:20.466395+00:00,boss_separate,False,TibiaWiki/Bosstiary boss; emitted value retained only in boss series
cr_ed8a02fd0c4e,vicious manbat,vicious manbat,vicious manbats,1,23491,2025-12-05,2026-07-30,93,False,False,False,False,False,,,,Vicious Manbat,insufficient_sample,17.0,insufficient,14.12.5229e4,3.0,2.0,1.0,1.0,,,,,https://tibia.fandom.com/wiki/Loot_Statistics:Vicious_Manbat,1170302.0,2026-03-24T12:38:34Z,2026-08-02T17:23:20.466395+00:00,insufficient_sample,False,empirical loot sample below 100 kills
cr_370a50047ead,sorcerer familiar,sorcerer familiar,sorcerer familiars,1,23323,2025-12-05,2026-07-30,54,False,False,False,False,False,,,,,absent,,,,,,,,,,,,,,,,missing_loot_table,False,no current empirical Loot2 table matched; no value imputed
cr_62f3e925f754,cult initiate,cult initiate,cult initiates,1,23209,2026-07-13,2026-07-30,88,False,False,False,False,False,,,,,absent,,,,,,,,,,,,,,,,missing_loot_table,False,no current empirical Loot2 table matched; no value imputed
cr_b31b35737ce4,Dragon Essence,dragon essence,Dragon Essences,1,22968,2026-01-14,2026-02-12,79,False,True,False,False,False,https://tibia.fandom.com/wiki/Dragon_Essence,1085622.0,2024-12-08T20:51:42Z,,absent,,,,,,,,,,,,,,,,missing_loot_table,False,no current empirical Loot2 table matched; no value imputed
cr_5337cfcfee04,King Zelos,king zelos,King Zelos,1,22901,2025-12-05,2026-07-30,88,True,False,False,False,False,https://tibia.fandom.com/wiki/King_Zelos,1181364.0,2026-05-02T20:14:59Z,King Zelos,insufficient_sample,48.0,insufficient,13.30.14423,42.0,35.0,7.0,1.0,,,,,https://tibia.fandom.com/wiki/Loot_Statistics:King_Zelos,1185885.0,2026-05-16T20:23:06Z,2026-08-02T17:23:20.466395+00:00,boss_separate,False,TibiaWiki/Bosstiary boss; emitted value retained only in boss series
cr_d89752542753,Lady Tenebris,lady tenebris,Lady Tenebris,1,22887,2025-12-05,2026-07-30,93,True,False,False,False,False,https://tibia.fandom.com/wiki/Lady_Tenebris,1140899.0,2025-11-08T17:55:28Z,Lady Tenebris,insufficient_sample,54.0,insufficient,13.30.14423,37.0,28.0,9.0,1.0,,,,,https://tibia.fandom.com/wiki/Loot_Statistics:Lady_Tenebris,1185881.0,2026-05-16T20:21:17Z,2026-08-02T17:23:20.466395+00:00,boss_separate,False,TibiaWiki/Bosstiary boss; emitted value retained only in boss series
cr_d75198486f10,Ekatrix,ekatrix,Ekatrix,1,22521,2025-12-05,2026-07-30,89,True,False,False,False,False,https://tibia.fandom.com/wiki/Ekatrix,1187610.0,2026-05-30T00:51:32Z,Ekatrix,complete,156.0,low,10.8,16.0,12.0,4.0,1.0,1.0,167.99999999999997,168.99999999999997,1.0,https://tibia.fandom.com/wiki/Loot_Statistics:Ekatrix,1188146.0,2026-06-01T15:47:42Z,2026-08-02T17:23:20.466395+00:00,boss_separate,False,TibiaWiki/Bosstiary boss; emitted value retained only in boss series
cr_7498ca86e5ff,Bone Capsule,bone capsule,Bone Capsule,1,22498,2025-12-05,2026-07-30,90,False,False,False,False,False,https://tibia.fandom.com/wiki/Bone_Capsule,906301.0,2022-02-25T23:25:22Z,,absent,,,,,,,,,,,,,,,,missing_loot_table,False,no current empirical Loot2 table matched; no value imputed
cr_e800ffc91573,Gorgo,gorgo,Gorgo,1,22161,2025-12-05,2026-07-30,93,True,False,False,False,False,https://tibia.fandom.com/wiki/Gorgo,1181499.0,2026-05-02T20:52:54Z,Gorgo,insufficient_sample,45.0,insufficient,9.5,11.0,9.0,2.0,1.0,,,,,https://tibia.fandom.com/wiki/Loot_Statistics:Gorgo,1106790.0,2025-06-26T20:08:58Z,2026-08-02T17:23:20.466395+00:00,boss_separate,False,TibiaWiki/Bosstiary boss; emitted value retained only in boss series
cr_1997b7b777da,control tower,control tower,control towers,1,21985,2025-12-05,2026-07-30,89,False,False,False,False,False,,,,Control Tower,complete,207.0,low,10.7,16.0,12.0,4.0,1.0,74.8792270531401,1056.8115942028985,1131.6908212560386,74.8792270531401,https://tibia.fandom.com/wiki/Loot_Statistics:Control_Tower,1196823.0,2026-07-18T12:49:02Z,2026-08-02T17:23:20.466395+00:00,modeled,True,
cr_a07b45ccd3c5,Deathstrike,deathstrike,Deathstrike,1,21882,2025-12-05,2026-07-30,91,True,False,False,False,False,https://tibia.fandom.com/wiki/Deathstrike,1181511.0,2026-05-02T20:53:11Z,Deathstrike,insufficient_sample,11.0,insufficient,13.36.d8d851,7.0,2.0,5.0,1.0,,,,,https://tibia.fandom.com/wiki/Loot_Statistics:Deathstrike,1170371.0,2026-03-24T12:41:02Z,2026-08-02T17:23:20.466395+00:00,boss_separate,False,TibiaWiki/Bosstiary boss; emitted value retained only in boss series
cr_634055a6a4e7,Versperoth,versperoth,Versperoth,1,21849,2025-12-05,2026-07-30,91,True,False,False,False,False,https://tibia.fandom.com/wiki/Versperoth,1080895.0,2024-11-02T16:59:28Z,,absent,,,,,,,,,,,,,,,,boss_separate,False,TibiaWiki/Bosstiary boss; emitted value retained only in boss series
cr_e04e0178fc64,Gnomevil,gnomevil,Gnomevil,1,21777,2025-12-05,2026-07-30,91,True,False,False,False,False,https://tibia.fandom.com/wiki/Gnomevil,1179417.0,2026-04-26T19:04:19Z,Gnomevil,insufficient_sample,10.0,insufficient,13.36.d8d851,5.0,1.0,4.0,1.0,,,,,https://tibia.fandom.com/wiki/Loot_Statistics:Gnomevil,1155978.0,2026-01-11T19:23:51Z,2026-08-02T17:23:20.466395+00:00,boss_separate,False,TibiaWiki/Bosstiary boss; emitted value retained only in boss series
cr_6cdbc2cfd25c,raging fire,raging fire,raging fires,1,21714,2025-12-05,2026-07-29,69,False,False,False,False,False,,,,,absent,,,,,,,,,,,,,,,,missing_loot_table,False,no current empirical Loot2 table matched; no value imputed
cr_f41047f58200,strange slime,strange slime,strange slimes,1,21710,2025-12-05,2026-07-30,93,False,False,False,False,False,,,,,absent,,,,,,,,,,,,,,,,missing_loot_table,False,no current empirical Loot2 table matched; no value imputed
cr_af807bd49fad,Abyssador,abyssador,Abyssador,1,21659,2025-12-05,2026-07-30,91,True,False,False,False,False,https://tibia.fandom.com/wiki/Abyssador,1181356.0,2026-05-02T19:59:57Z,Abyssador,insufficient_sample,2.0,insufficient,13.36.d8d851,3.0,1.0,2.0,1.0,,,,,https://tibia.fandom.com/wiki/Loot_Statistics:Abyssador,1104305.0,2025-06-02T18:15:10Z,2026-08-02T17:23:20.466395+00:00,boss_separate,False,TibiaWiki/Bosstiary boss; emitted value retained only in boss series
cr_5864d1927f17,guardian golem,guardian golem,guardian golems,1,21557,2025-12-05,2026-07-30,89,False,False,False,False,False,,,,,absent,,,,,,,,,,,,,,,,missing_loot_table,False,no current empirical Loot2 table matched; no value imputed
cr_5ed6481d7390,Xogixath,xogixath,Xogixath,1,21333,2025-12-03,2026-07-30,89,True,False,False,False,False,https://tibia.fandom.com/wiki/Xogixath,1116555.0,2025-07-26T12:52:34Z,Xogixath,insufficient_sample,48.0,insufficient,12.86.11580,3.0,3.0,0.0,1.0,,,,,https://tibia.fandom.com/wiki/Loot_Statistics:Xogixath,1196238.0,2026-07-14T11:22:40Z,2026-08-02T17:23:20.466395+00:00,boss_separate,False,TibiaWiki/Bosstiary boss; emitted value retained only in boss series
cr_4fa6024f1249,egg,egg,eggs,1,21273,2025-12-05,2026-07-30,93,False,False,False,False,False,https://tibia.fandom.com/wiki/Egg,1113787.0,2025-07-26T09:26:29Z,,absent,,,,,,,,,,,,,,,,missing_loot_table,False,no current empirical Loot2 table matched; no value imputed
cr_8d66ab4a8d78,radiant acolyte,radiant acolyte,radiant acolytes,1,21055,2026-07-13,2026-07-30,64,False,False,False,False,False,,,,Radiant Acolyte,complete,107.0,low,8.6,1.0,0.0,1.0,1.0,0.0,0.0,0.0,0.0,https://tibia.fandom.com/wiki/Loot_Statistics:Radiant_Acolyte,1198095.0,2026-07-29T03:32:07Z,2026-08-02T17:23:20.466395+00:00,modeled,True,
cr_1b2b11aaee35,memory of a book,memory of a book,memories of a book,1,20986,2025-12-05,2026-07-30,87,False,False,False,False,False,,,,Memory of a Book,complete,191.0,low,12.85.11542,11.0,4.0,7.0,1.0,1.0,199.4764397905759,200.4764397905759,1.0,https://tibia.fandom.com/wiki/Loot_Statistics:Memory_of_a_Book,1170036.0,2026-03-24T12:29:01Z,2026-08-02T17:23:20.466395+00:00,modeled,True,
cr_6b67177be56b,Lersatio,lersatio,Lersatio,1,20871,2025-12-05,2026-07-30,91,True,False,False,False,False,https://tibia.fandom.com/wiki/Lersatio,1084069.0,2024-11-26T06:56:45Z,Lersatio,complete,1027.0,medium,8.6,8.0,7.0,1.0,1.0,10.737098344693282,463.5053554040896,474.24245374878285,10.737098344693282,https://tibia.fandom.com/wiki/Loot_Statistics:Lersatio,1128354.0,2025-09-13T15:25:12Z,2026-08-02T17:23:20.466395+00:00,boss_separate,False,TibiaWiki/Bosstiary boss; emitted value retained only in boss series
cr_e3147f324828,Rahemos,rahemos,Rahemos,1,20729,2025-12-05,2026-07-30,92,True,False,False,False,False,https://tibia.fandom.com/wiki/Rahemos,1181600.0,2026-05-02T22:24:37Z,Rahemos,complete,1863.0,medium,8.6,11.0,6.0,5.0,1.0,0.8990874932903918,145.81320450885667,146.71229200214705,0.8990874932903918,https://tibia.fandom.com/wiki/Loot_Statistics:Rahemos,1184352.0,2026-05-12T03:49:24Z,2026-08-02T17:23:20.466395+00:00,boss_separate,False,TibiaWiki/Bosstiary boss; emitted value retained only in boss series
cr_dcc3c0350f15,Goshnar's Cruelty,goshnar's cruelty,Goshnar's Cruelty,1,20249,2025-12-05,2026-07-30,84,True,False,False,False,False,https://tibia.fandom.com/wiki/Goshnar's_Cruelty,1140887.0,2025-11-08T17:55:09Z,Goshnar's Cruelty,insufficient_sample,11.0,insufficient,15.23.bf9553,21.0,18.0,3.0,1.0,,,,,https://tibia.fandom.com/wiki/Loot_Statistics:Goshnar's_Cruelty,1190332.0,2026-06-19T04:39:03Z,2026-08-02T17:23:20.466395+00:00,boss_separate,False,TibiaWiki/Bosstiary boss; emitted value retained only in boss series
cr_87c12a6fb44d,radiant paragon,radiant paragon,radiant paragons,1,20097,2026-07-13,2026-07-30,64,False,False,False,False,False,,,,Radiant Paragon,complete,151.0,low,8.6,3.0,0.0,3.0,1.0,0.0,0.0,0.0,0.0,https://tibia.fandom.com/wiki/Loot_Statistics:Radiant_Paragon,1198097.0,2026-07-29T03:32:09Z,2026-08-02T17:23:20.466395+00:00,modeled,True,
cr_0b6a19a7ae2d,Mozradek,mozradek,Mozradek,1,20054,2025-12-05,2026-07-30,89,True,False,False,False,False,https://tibia.fandom.com/wiki/Mozradek,1116556.0,2025-07-26T12:52:36Z,Mozradek,complete,242.0,low,12.86.11580,4.0,3.0,1.0,1.0,0.0,6780.991735537191,6780.991735537191,0.0,https://tibia.fandom.com/wiki/Loot_Statistics:Mozradek,1170426.0,2026-03-24T12:43:04Z,2026-08-02T17:23:20.466395+00:00,boss_separate,False,TibiaWiki/Bosstiary boss; emitted value retained only in boss series
cr_a564e82146c5,Deathbine,deathbine,Deathbine,1,19979,2025-12-05,2026-07-30,93,True,False,False,False,False,https://tibia.fandom.com/wiki/Deathbine,1181498.0,2026-05-02T20:51:35Z,Deathbine,complete,170.0,low,9.86,12.0,10.0,2.0,1.0,100.0,4609.117647058823,4709.117647058823,100.0,https://tibia.fandom.com/wiki/Loot_Statistics:Deathbine,1184779.0,2026-05-13T17:31:43Z,2026-08-02T17:23:20.466395+00:00,boss_separate,False,TibiaWiki/Bosstiary boss; emitted value retained only in boss series
cr_f59b8025da78,Destabilized Ferumbras,destabilized ferumbras,Destabilized Ferumbras,1,19975,2025-12-05,2026-07-30,88,True,False,False,False,False,https://tibia.fandom.com/wiki/Destabilized_Ferumbras,1108776.0,2025-07-07T06:22:36Z,,absent,,,,,,,,,,,,,,,,boss_separate,False,TibiaWiki/Bosstiary boss; emitted value retained only in boss series
cr_db23be2179fd,Ascending Ferumbras,ascending ferumbras,Ascending Ferumbras,1,19948,2025-12-05,2026-07-30,88,True,False,False,False,False,https://tibia.fandom.com/wiki/Ascending_Ferumbras,1108777.0,2025-07-07T06:23:21Z,,absent,,,,,,,,,,,,,,,,boss_separate,False,TibiaWiki/Bosstiary boss; emitted value retained only in boss series
cr_d09154b006ab,The Primal Menace,the primal menace,The Primal Menace,1,19658,2025-12-05,2026-07-30,85,True,False,False,False,False,https://tibia.fandom.com/wiki/The_Primal_Menace,1135998.0,2025-10-20T14:23:52Z,,absent,,,,,,,,,,,,,,,,boss_separate,False,TibiaWiki/Bosstiary boss; emitted value retained only in boss series
cr_f763e757585d,Vashresamun,vashresamun,Vashresamun,1,19612,2025-12-05,2026-07-30,93,True,False,False,False,False,https://tibia.fandom.com/wiki/Vashresamun,1181451.0,2026-05-02T20:50:30Z,Vashresamun,complete,1373.0,medium,8.6,11.0,6.0,5.0,1.0,0.9126001456664239,240.35688273852878,241.2694828841952,0.9126001456664239,https://tibia.fandom.com/wiki/Loot_Statistics:Vashresamun,1178897.0,2026-04-25T19:27:38Z,2026-08-02T17:23:20.466395+00:00,boss_separate,False,TibiaWiki/Bosstiary boss; emitted value retained only in boss series
cr_c9eab34c1277,minotaur totem,minotaur totem,minotaur totems,1,19485,2025-12-05,2026-07-30,85,False,False,False,False,False,,,,,absent,,,,,,,,,,,,,,,,missing_loot_table,False,no current empirical Loot2 table matched; no value imputed
cr_3fa5acb6396f,Mad Mage,mad mage,Mad Mage,1,19353,2025-12-05,2026-07-30,93,True,False,False,False,False,https://tibia.fandom.com/wiki/Mad_Mage,1176226.0,2026-04-21T15:11:44Z,Mad Mage,complete,157.0,low,12.86.11580,16.0,11.0,5.0,1.0,78.07006369426752,356.62420382165607,434.69426751592357,78.07006369426752,https://tibia.fandom.com/wiki/Loot_Statistics:Mad_Mage,1169664.0,2026-03-24T12:16:00Z,2026-08-02T17:23:20.466395+00:00,boss_separate,False,TibiaWiki/Bosstiary boss; emitted value retained only in boss series
cr_6bb55e1feb07,The Snapper,the snapper,The Snapper,1,19314,2025-12-05,2026-07-30,93,True,False,False,False,False,https://tibia.fandom.com/wiki/The_Snapper,1116310.0,2025-07-26T12:45:27Z,The Snapper,complete,163.0,low,9.2,8.0,7.0,1.0,1.0,1.0,751.5030674846626,752.5030674846626,1.0,https://tibia.fandom.com/wiki/Loot_Statistics:The_Snapper,1184927.0,2026-05-13T19:59:27Z,2026-08-02T17:23:20.466395+00:00,boss_separate,False,TibiaWiki/Bosstiary boss; emitted value retained only in boss series
cr_b3b55a8686d7,angry plant,angry plant,angry plants,1,19307,2026-01-14,2026-02-12,79,False,False,False,False,False,,,,,absent,,,,,,,,,,,,,,,,missing_loot_table,False,no current empirical Loot2 table matched; no value imputed
cr_8e541c362547,somewhat beatable dragon,somewhat beatable dragon,somewhat beatable dragons,1,19196,2026-01-14,2026-02-12,79,False,False,False,False,False,,,,,absent,,,,,,,,,,,,,,,,missing_loot_table,False,no current empirical Loot2 table matched; no value imputed
cr_4add97971804,The Noxious Spawn,the noxious spawn,The Noxious Spawn,1,18869,2025-12-05,2026-07-30,93,True,False,False,False,False,https://tibia.fandom.com/wiki/The_Noxious_Spawn,1181506.0,2026-05-02T20:53:04Z,The Noxious Spawn,insufficient_sample,78.0,insufficient,9.2,17.0,15.0,2.0,1.0,,,,,https://tibia.fandom.com/wiki/Loot_Statistics:The_Noxious_Spawn,1097062.0,2025-04-01T03:14:08Z,2026-08-02T17:23:20.466395+00:00,boss_separate,False,TibiaWiki/Bosstiary boss; emitted value retained only in boss series
cr_af2eff5de4c4,Tentacle of the Deep Terror,tentacle of the deep terror,tentacle of the Deep Terror,1,18823,2025-12-05,2026-07-30,77,False,False,False,False,False,https://tibia.fandom.com/wiki/Tentacle_of_the_Deep_Terror,851462.0,2021-06-04T05:12:02Z,Tentacle of the Deep Terror,complete,247.0,low,10.7,1.0,1.0,0.0,1.0,100.0,0.0,100.0,100.0,https://tibia.fandom.com/wiki/Loot_Statistics:Tentacle_of_the_Deep_Terror,1196799.0,2026-07-18T01:17:25Z,2026-08-02T17:23:20.466395+00:00,modeled,True,
cr_1eba0c23c262,Omruc,omruc,Omruc,1,18757,2025-12-05,2026-07-30,93,True,False,False,False,False,https://tibia.fandom.com/wiki/Omruc,1181609.0,2026-05-02T22:26:48Z,Omruc,complete,174.0,low,8.6,13.0,4.0,9.0,1.0,0.867816091954023,214.94252873563218,215.8103448275862,0.867816091954023,https://tibia.fandom.com/wiki/Loot_Statistics:Omruc,1198177.0,2026-07-29T22:55:49Z,2026-08-02T17:23:20.466395+00:00,boss_separate,False,TibiaWiki/Bosstiary boss; emitted value retained only in boss series
cr_bd07c210404a,Boreth,boreth,Boreth,1,18466,2025-12-05,2026-07-30,91,True,False,False,False,False,https://tibia.fandom.com/wiki/Boreth,938774.0,2022-07-20T05:12:03Z,Boreth,complete,646.0,low,8.6,9.0,8.0,1.0,1.0,10.75232198142415,553.095975232198,563.8482972136222,10.75232198142415,https://tibia.fandom.com/wiki/Loot_Statistics:Boreth,1128353.0,2025-09-13T15:25:11Z,2026-08-02T17:23:20.466395+00:00,boss_separate,False,TibiaWiki/Bosstiary boss; emitted value retained only in boss series
cr_819915db27eb,plunder patriarch,plunder patriarch,plunder patriarches,1,18363,2025-12-05,2026-07-30,78,False,False,False,False,False,,,,Plunder Patriarch,insufficient_sample,10.0,insufficient,8.6,9.0,6.0,3.0,1.0,,,,,https://tibia.fandom.com/wiki/Loot_Statistics:Plunder_Patriarch,1194539.0,2026-07-06T15:08:09Z,2026-08-02T17:23:20.466395+00:00,insufficient_sample,False,empirical loot sample below 100 kills
cr_d94757cb4d97,Maxxenius,maxxenius,Maxxenius,1,18345,2025-12-03,2026-07-30,93,True,False,False,False,False,https://tibia.fandom.com/wiki/Maxxenius,1116545.0,2025-07-26T12:52:17Z,Maxxenius,insufficient_sample,62.0,insufficient,12.86.11580,38.0,27.0,11.0,1.0,,,,,https://tibia.fandom.com/wiki/Loot_Statistics:Maxxenius,1186010.0,2026-05-17T09:43:27Z,2026-08-02T17:23:20.466395+00:00,boss_separate,False,TibiaWiki/Bosstiary boss; emitted value retained only in boss series
cr_4e01aa8cafe0,planedweller,planedweller,planedweller,1,18312,2025-12-05,2026-07-30,62,False,False,False,False,False,https://tibia.fandom.com/wiki/Planedweller,1193964.0,2026-07-03T05:01:41Z,Planedweller,complete,495.0,low,8.6,10.0,1.0,9.0,1.0,0.0,48.08080808080808,48.08080808080808,0.0,https://tibia.fandom.com/wiki/Loot_Statistics:Planedweller,1077663.0,2024-09-15T01:16:34Z,2026-08-02T17:23:20.466395+00:00,modeled,True,
cr_e0f04250b3b1,Goshnar's Malice,goshnar's malice,Goshnar's Malice,1,18177,2025-12-05,2026-07-30,83,True,False,False,False,False,https://tibia.fandom.com/wiki/Goshnar's_Malice,1140890.0,2025-11-08T17:55:14Z,Goshnar's Malice,insufficient_sample,17.0,insufficient,15.23.bf9553,24.0,20.0,4.0,1.0,,,,,https://tibia.fandom.com/wiki/Loot_Statistics:Goshnar's_Malice,1197831.0,2026-07-26T20:24:38Z,2026-08-02T17:23:20.466395+00:00,boss_separate,False,TibiaWiki/Bosstiary boss; emitted value retained only in boss series
cr_00fc1e360e3c,The Old Widow,the old widow,The Old Widow,1,18106,2025-12-05,2026-07-30,93,True,False,False,False,False,https://tibia.fandom.com/wiki/The_Old_Widow,1181602.0,2026-05-02T22:24:40Z,The Old Widow,complete,211.0,low,9.2,15.0,13.0,2.0,1.0,100.04739336492891,5311.246445497632,5411.293838862561,100.04739336492891,https://tibia.fandom.com/wiki/Loot_Statistics:The_Old_Widow,1188778.0,2026-06-10T16:41:36Z,2026-08-02T17:23:20.466395+00:00,boss_separate,False,TibiaWiki/Bosstiary boss; emitted value retained only in boss series
cr_5253c07f7822,unbound demon outcast,unbound demon outcast,unbound demon outcasts,1,17959,2025-12-05,2026-07-30,91,False,False,False,False,False,,,,Unbound Demon Outcast,complete,117.0,low,8.6,0.0,0.0,0.0,1.0,0.0,0.0,0.0,0.0,https://tibia.fandom.com/wiki/Loot_Statistics:Unbound_Demon_Outcast,1177843.0,2026-04-23T13:58:58Z,2026-08-02T17:23:20.466395+00:00,modeled,True,
cr_335dc9368ef6,unbound blightwalker,unbound blightwalker,unbound blightwalkers,1,17832,2025-12-05,2026-07-30,92,False,False,False,False,False,,,,Unbound Blightwalker,complete,132.0,low,8.6,0.0,0.0,0.0,1.0,0.0,0.0,0.0,0.0,https://tibia.fandom.com/wiki/Loot_Statistics:Unbound_Blightwalker,1170283.0,2026-03-24T12:37:51Z,2026-08-02T17:23:20.466395+00:00,modeled,True,
cr_b90bfee82ffd,Fallen Challenger,fallen challenger,Fallen Challengers,1,17798,2026-01-14,2026-02-12,79,False,True,False,False,False,https://tibia.fandom.com/wiki/Fallen_Challenger,1084452.0,2024-11-27T20:54:07Z,,absent,,,,,,,,,,,,,,,,missing_loot_table,False,no current empirical Loot2 table matched; no value imputed
cr_47bd7d33b3a1,lesser magma crystal,lesser magma crystal,lesser magma crystals,1,17784,2025-12-05,2026-07-30,88,False,False,False,False,False,,,,,absent,,,,,,,,,,,,,,,,missing_loot_table,False,no current empirical Loot2 table matched; no value imputed
cr_8be038e7b8d2,Ushuriel,ushuriel,Ushuriel,1,17630,2025-12-05,2026-07-30,93,True,False,False,False,False,https://tibia.fandom.com/wiki/Ushuriel,1181300.0,2026-05-02T17:39:43Z,Ushuriel,complete,638.0,low,8.6,35.0,27.0,8.0,1.0,21.50783699059561,36975.94043887148,36997.44827586208,21.50783699059561,https://tibia.fandom.com/wiki/Loot_Statistics:Ushuriel,1188993.0,2026-06-12T19:55:44Z,2026-08-02T17:23:20.466395+00:00,boss_separate,False,TibiaWiki/Bosstiary boss; emitted value retained only in boss series
cr_fe80bca1a00c,Ethershreck,ethershreck,Ethershreck,1,17314,2025-12-05,2026-07-30,93,True,False,False,False,False,https://tibia.fandom.com/wiki/Ethershreck,1181421.0,2026-05-02T20:44:50Z,Ethershreck,complete,326.0,low,9.5,25.0,19.0,6.0,1.0,101.0,24617.423312883435,24718.423312883435,101.0,https://tibia.fandom.com/wiki/Loot_Statistics:Ethershreck,1130094.0,2025-09-26T16:34:58Z,2026-08-02T17:23:20.466395+00:00,boss_separate,False,TibiaWiki/Bosstiary boss; emitted value retained only in boss series
cr_45ef01d3ac3b,The Rage,the rage,The Rage,1,17243,2025-12-05,2026-07-30,93,True,False,False,False,False,https://tibia.fandom.com/wiki/The_Rage,968248.0,2022-08-27T19:16:22Z,,absent,,,,,,,,,,,,,,,,boss_separate,False,TibiaWiki/Bosstiary boss; emitted value retained only in boss series
cr_3d0530d833cb,The Destruction,the destruction,The Destruction,1,17242,2025-12-05,2026-07-30,93,True,False,False,False,False,https://tibia.fandom.com/wiki/The_Destruction,968395.0,2022-08-27T20:31:37Z,,absent,,,,,,,,,,,,,,,,boss_separate,False,TibiaWiki/Bosstiary boss; emitted value retained only in boss series
cr_d49ac2ba15d4,The Hunger,the hunger,The Hunger,1,17223,2025-12-05,2026-07-30,93,True,False,False,False,False,https://tibia.fandom.com/wiki/The_Hunger,968396.0,2022-08-27T20:31:58Z,,absent,,,,,,,,,,,,,,,,boss_separate,False,TibiaWiki/Bosstiary boss; emitted value retained only in boss series
cr_0dc475a11c66,Moonspawn Juggernaut,moonspawn juggernaut,Moonspawn Juggernaut,1,17053,2026-07-13,2026-07-30,90,True,False,False,False,False,https://tibia.fandom.com/wiki/Moonspawn_Juggernaut,1195670.0,2026-07-13T14:40:52Z,,absent,,,,,,,,,,,,,,,,boss_separate,False,TibiaWiki/Bosstiary boss; emitted value retained only in boss series
cr_0d76f134f16e,Plagueroot,plagueroot,Plagueroot,1,17038,2025-12-05,2026-07-30,93,True,False,False,False,False,https://tibia.fandom.com/wiki/Plagueroot,1158766.0,2026-01-27T21:16:34Z,Plagueroot,insufficient_sample,46.0,insufficient,12.86.11580,40.0,28.0,12.0,1.0,,,,,https://tibia.fandom.com/wiki/Loot_Statistics:Plagueroot,1170434.0,2026-03-24T12:43:22Z,2026-08-02T17:23:20.466395+00:00,boss_separate,False,TibiaWiki/Bosstiary boss; emitted value retained only in boss series
cr_a3ee71379f5c,Mamma Longlegs,mamma longlegs,Mamma Longlegs,1,16972,2025-12-05,2026-07-30,93,True,True,False,False,False,https://tibia.fandom.com/wiki/Mamma_Longlegs,1181428.0,2026-05-02T20:45:00Z,Mamma Longlegs,complete,253.0,low,8.6,13.0,12.0,1.0,1.0,101.0,1271.0790513833992,1372.0790513833992,101.0,https://tibia.fandom.com/wiki/Loot_Statistics:Mamma_Longlegs,1188777.0,2026-06-10T16:40:03Z,2026-08-02T17:23:20.466395+00:00,boss_separate,False,TibiaWiki/Bosstiary boss; emitted value retained only in boss series
cr_01b54d10bf82,Alptramun,alptramun,Alptramun,1,16904,2025-12-05,2026-07-30,93,True,False,False,False,False,https://tibia.fandom.com/wiki/Alptramun,1116547.0,2025-07-26T12:52:21Z,Alptramun,insufficient_sample,64.0,insufficient,12.86.11580,42.0,30.0,12.0,1.0,,,,,https://tibia.fandom.com/wiki/Loot_Statistics:Alptramun,1196695.0,2026-07-17T18:35:47Z,2026-08-02T17:23:20.466395+00:00,boss_separate,False,TibiaWiki/Bosstiary boss; emitted value retained only in boss series
cr_084e2d5e4395,World Devourer,world devourer,World Devourer,1,16787,2025-12-05,2026-07-30,93,True,False,False,False,False,https://tibia.fandom.com/wiki/World_Devourer,1086448.0,2024-12-18T14:26:26Z,World Devourer,complete,219.0,low,12.86.11580,42.0,31.0,11.0,1.0,101.0,13909.13242009133,14010.13242009133,101.0,https://tibia.fandom.com/wiki/Loot_Statistics:World_Devourer,1197821.0,2026-07-26T18:33:51Z,2026-08-02T17:23:20.466395+00:00,boss_separate,False,TibiaWiki/Bosstiary boss; emitted value retained only in boss series
cr_52d70486b1a8,draptor,draptor,draptors,1,16730,2025-12-05,2026-07-30,93,False,False,False,False,False,https://tibia.fandom.com/wiki/Draptor,1192150.0,2026-06-25T08:20:21Z,Draptor,complete,280.0,low,8.6,4.0,2.0,2.0,1.0,0.9857142857142858,65.71428571428571,66.69999999999999,0.9857142857142858,https://tibia.fandom.com/wiki/Loot_Statistics:Draptor,1100125.0,2025-04-22T05:50:39Z,2026-08-02T17:23:20.466395+00:00,modeled,True,
cr_3c13666bbf00,Glooth Fairy,glooth fairy,Glooth Fairy,1,16628,2025-12-05,2026-07-30,82,True,False,False,False,False,https://tibia.fandom.com/wiki/Glooth_Fairy,1181529.0,2026-05-02T20:53:38Z,Glooth Fairy,insufficient_sample,40.0,insufficient,12.86.11580,27.0,20.0,7.0,1.0,,,,,https://tibia.fandom.com/wiki/Loot_Statistics:Glooth_Fairy,1110393.0,2025-07-14T06:37:42Z,2026-08-02T17:23:20.466395+00:00,boss_separate,False,TibiaWiki/Bosstiary boss; emitted value retained only in boss series
cr_f25b76647791,Madareth,madareth,Madareth,1,16601,2025-12-05,2026-07-30,93,True,False,False,False,False,https://tibia.fandom.com/wiki/Madareth,1179228.0,2026-04-26T18:04:04Z,Madareth,complete,173.0,low,8.6,43.0,32.0,11.0,1.0,21.23121387283237,19226.58959537572,19247.820809248555,21.23121387283237,https://tibia.fandom.com/wiki/Loot_Statistics:Madareth,1188988.0,2026-06-12T19:55:26Z,2026-08-02T17:23:20.466395+00:00,boss_separate,False,TibiaWiki/Bosstiary boss; emitted value retained only in boss series
cr_470eff61c5f3,Malofur Mangrinder,malofur mangrinder,Malofur Mangrinder,1,16332,2025-12-05,2026-07-30,93,True,False,False,False,False,https://tibia.fandom.com/wiki/Malofur_Mangrinder,1129099.0,2025-09-19T22:33:51Z,Malofur Mangrinder,insufficient_sample,69.0,insufficient,12.86.11580,42.0,30.0,12.0,1.0,,,,,https://tibia.fandom.com/wiki/Loot_Statistics:Malofur_Mangrinder,1170419.0,2026-03-24T12:42:50Z,2026-08-02T17:23:20.466395+00:00,boss_separate,False,TibiaWiki/Bosstiary boss; emitted value retained only in boss series
cr_6c145f5433b5,undead cavebear,undead cavebear,undead cavebears,1,16085,2025-12-05,2026-07-30,93,False,False,False,False,False,,,,Undead Cavebear,insufficient_sample,2.0,insufficient,14.12.5229e4,0.0,0.0,0.0,1.0,,,,,https://tibia.fandom.com/wiki/Loot_Statistics:Undead_Cavebear,1184453.0,2026-05-12T09:25:11Z,2026-08-02T17:23:20.466395+00:00,insufficient_sample,False,empirical loot sample below 100 kills
cr_7a6bd652d3c3,Fleshcrawler,fleshcrawler,Fleshcrawler,1,16065,2025-12-05,2026-07-30,93,True,False,False,False,False,https://tibia.fandom.com/wiki/Fleshcrawler,1181496.0,2026-05-02T20:51:33Z,Fleshcrawler,complete,248.0,low,9.2,14.0,12.0,2.0,1.0,99.19354838709677,10085.040322580648,10184.233870967744,99.19354838709677,https://tibia.fandom.com/wiki/Loot_Statistics:Fleshcrawler,1184783.0,2026-05-13T17:31:48Z,2026-08-02T17:23:20.466395+00:00,boss_separate,False,TibiaWiki/Bosstiary boss; emitted value retained only in boss series
cr_5786c75ca6d4,Thaian,thaian,Thaian,1,15627,2025-12-03,2026-07-30,91,True,False,False,False,False,https://tibia.fandom.com/wiki/Thaian,1186574.0,2026-05-20T23:31:06Z,Thaian,insufficient_sample,90.0,insufficient,13.30.14423,8.0,6.0,2.0,1.0,,,,,https://tibia.fandom.com/wiki/Loot_Statistics:Thaian,1187573.0,2026-05-28T13:28:49Z,2026-08-02T17:23:20.466395+00:00,boss_separate,False,TibiaWiki/Bosstiary boss; emitted value retained only in boss series
cr_ad9a992b3426,memory of an ogre,memory of an ogre,memories of an ogre,1,15591,2025-12-06,2026-07-30,87,False,False,False,False,False,,,,Memory of an Ogre,insufficient_sample,89.0,insufficient,12.85.11542,11.0,9.0,2.0,1.0,,,,,https://tibia.fandom.com/wiki/Loot_Statistics:Memory_of_an_Ogre,1160063.0,2026-02-01T21:26:45Z,2026-08-02T17:23:20.466395+00:00,insufficient_sample,False,empirical loot sample below 100 kills
cr_69f21cd23309,Ribstride,ribstride,Ribstride,1,15510,2025-12-05,2026-07-30,93,True,False,False,False,False,https://tibia.fandom.com/wiki/Ribstride,1181422.0,2026-05-02T20:44:51Z,Ribstride,complete,209.0,low,9.2,9.0,8.0,1.0,1.0,100.0,4497.033492822966,4597.033492822966,100.0,https://tibia.fandom.com/wiki/Loot_Statistics:Ribstride,1184889.0,2026-05-13T19:37:07Z,2026-08-02T17:23:20.466395+00:00,boss_separate,False,TibiaWiki/Bosstiary boss; emitted value retained only in boss series
cr_29080e21ed7c,Mazoran,mazoran,Mazoran,1,15103,2025-12-05,2026-07-30,91,True,False,False,False,False,https://tibia.fandom.com/wiki/Mazoran,1198033.0,2026-07-28T14:27:37Z,Mazoran,insufficient_sample,35.0,insufficient,13.30.14423,34.0,29.0,5.0,1.0,,,,,https://tibia.fandom.com/wiki/Loot_Statistics:Mazoran,1185890.0,2026-05-16T20:24:21Z,2026-08-02T17:23:20.466395+00:00,boss_separate,False,TibiaWiki/Bosstiary boss; emitted value retained only in boss series
cr_3e52d55a83eb,Frostfur,frostfur,Frostfur,1,14893,2025-12-05,2026-07-30,93,False,False,False,False,False,https://tibia.fandom.com/wiki/Frostfur,985621.0,2022-12-30T21:13:38Z,,absent,,,,,,,,,,,,,,,,missing_loot_table,False,no current empirical Loot2 table matched; no value imputed
cr_443fbf7b8ce4,Dipthrah,dipthrah,Dipthrah,1,14889,2025-12-05,2026-07-30,93,True,False,False,False,False,https://tibia.fandom.com/wiki/Dipthrah,1181597.0,2026-05-02T22:24:33Z,Dipthrah,complete,2310.0,medium,8.6,11.0,8.0,3.0,1.0,0.9095238095238095,128.1948051948052,129.10432900432903,0.9095238095238095,https://tibia.fandom.com/wiki/Loot_Statistics:Dipthrah,1175052.0,2026-04-15T13:56:07Z,2026-08-02T17:23:20.466395+00:00,boss_separate,False,TibiaWiki/Bosstiary boss; emitted value retained only in boss series
cr_3f4f6a183c17,Mimar Haffar,mimar haffar,Mimar Haffar,1,14799,2026-07-13,2026-07-30,78,True,False,False,False,False,https://tibia.fandom.com/wiki/Mimar_Haffar,1198334.0,2026-07-31T02:58:25Z,Mimar Haffar,insufficient_sample,10.0,insufficient,8.6,27.0,19.0,8.0,1.0,,,,,https://tibia.fandom.com/wiki/Loot_Statistics:Mimar_Haffar,1196699.0,2026-07-17T18:35:55Z,2026-08-02T17:23:20.466395+00:00,boss_separate,False,TibiaWiki/Bosstiary boss; emitted value retained only in boss series
cr_f30aa8049339,memory of a frazzlemaw,memory of a frazzlemaw,memories of a frazzlemaw,1,14783,2025-12-06,2026-07-30,86,False,False,False,False,False,,,,Memory of a Frazzlemaw,insufficient_sample,34.0,insufficient,12.85.11542,14.0,5.0,9.0,1.0,,,,,https://tibia.fandom.com/wiki/Loot_Statistics:Memory_of_a_Frazzlemaw,1160049.0,2026-02-01T21:26:36Z,2026-08-02T17:23:20.466395+00:00,insufficient_sample,False,empirical loot sample below 100 kills
cr_17560ac3b24f,The Spellstealer,the spellstealer,The Spellstealer,1,14633,2025-12-05,2026-07-30,71,True,False,False,False,False,https://tibia.fandom.com/wiki/The_Spellstealer,1106175.0,2025-06-21T21:01:43Z,,absent,,,,,,,,,,,,,,,,boss_separate,False,TibiaWiki/Bosstiary boss; emitted value retained only in boss series
cr_e2eb78c8874b,Brother Freeze,brother freeze,Brother Freeze,1,14622,2025-12-05,2026-07-30,71,True,False,False,False,False,https://tibia.fandom.com/wiki/Brother_Freeze,1106182.0,2025-06-21T22:14:16Z,,absent,,,,,,,,,,,,,,,,boss_separate,False,TibiaWiki/Bosstiary boss; emitted value retained only in boss series
cr_f39d078913cb,Brother Chill,brother chill,Brother Chill,1,14622,2025-12-05,2026-07-30,71,True,False,False,False,False,https://tibia.fandom.com/wiki/Brother_Chill,1106181.0,2025-06-21T22:14:05Z,,absent,,,,,,,,,,,,,,,,boss_separate,False,TibiaWiki/Bosstiary boss; emitted value retained only in boss series
cr_a033f9cf4b4a,memory of a faun,memory of a faun,memories of a faun,1,14545,2025-12-05,2026-07-30,86,False,False,False,False,False,,,,Memory of a Faun,complete,240.0,low,12.85.11542,15.0,7.0,8.0,1.0,1.0,122.29166666666667,123.29166666666667,1.0,https://tibia.fandom.com/wiki/Loot_Statistics:Memory_of_a_Faun,1160048.0,2026-02-01T21:26:35Z,2026-08-02T17:23:20.466395+00:00,modeled,True,
cr_9743f43a81ff,Soul of Dragonking Zyrtarch,soul of dragonking zyrtarch,Soul of Dragonking Zyrtarch,1,14508,2025-12-05,2026-07-30,92,True,False,False,False,False,https://tibia.fandom.com/wiki/Soul_of_Dragonking_Zyrtarch,1140927.0,2025-11-08T17:56:11Z,Soul of Dragonking Zyrtarch,insufficient_sample,79.0,insufficient,13.30.14423,42.0,30.0,12.0,1.0,,,,,https://tibia.fandom.com/wiki/Loot_Statistics:Soul_of_Dragonking_Zyrtarch,1196700.0,2026-07-17T18:35:57Z,2026-08-02T17:23:20.466395+00:00,boss_separate,False,TibiaWiki/Bosstiary boss; emitted value retained only in boss series
cr_7504930b76d3,The Scourge of Oblivion,the scourge of oblivion,The Scourge Of Oblivion,1,14462,2025-12-05,2026-07-30,69,True,False,False,False,False,https://tibia.fandom.com/wiki/The_Scourge_of_Oblivion,1140949.0,2025-11-08T17:59:26Z,The Scourge of Oblivion,insufficient_sample,84.0,insufficient,13.30.14423,57.0,48.0,9.0,1.0,,,,,https://tibia.fandom.com/wiki/Loot_Statistics:The_Scourge_of_Oblivion,1110934.0,2025-07-17T16:00:13Z,2026-08-02T17:23:20.466395+00:00,boss_separate,False,TibiaWiki/Bosstiary boss; emitted value retained only in boss series
cr_aef4b023cca0,swarmer hatchling,swarmer hatchling,swarmer hatchlings,1,14408,2025-12-05,2026-07-30,92,False,False,False,False,False,,,,Swarmer Hatchling,insufficient_sample,36.0,insufficient,9.4,0.0,0.0,0.0,1.0,,,,,https://tibia.fandom.com/wiki/Loot_Statistics:Swarmer_Hatchling,1086949.0,2024-12-27T03:23:17Z,2026-08-02T17:23:20.466395+00:00,insufficient_sample,False,empirical loot sample below 100 kills
cr_93999cfcf5d7,Bloodpaw,bloodpaw,Bloodpaw,1,14398,2025-12-05,2026-07-30,93,False,False,False,False,False,https://tibia.fandom.com/wiki/Bloodpaw,985628.0,2022-12-30T21:15:35Z,,absent,,,,,,,,,,,,,,,,missing_loot_table,False,no current empirical Loot2 table matched; no value imputed
cr_d59796f4fefb,greater canopic jar,greater canopic jar,greater canopic jars,1,14309,2025-12-05,2026-07-30,90,False,False,False,False,False,,,,,absent,,,,,,,,,,,,,,,,missing_loot_table,False,no current empirical Loot2 table matched; no value imputed
cr_1d25075df400,Bovinus,bovinus,Bovinus,1,14308,2025-12-05,2026-07-30,93,False,False,False,False,False,https://tibia.fandom.com/wiki/Bovinus,985635.0,2022-12-30T21:17:49Z,,absent,,,,,,,,,,,,,,,,missing_loot_table,False,no current empirical Loot2 table matched; no value imputed
cr_207e065889f0,memory of a dwarf,memory of a dwarf,memories of a dwarf,1,14304,2025-12-05,2026-07-30,87,False,False,False,False,False,,,,Memory of a Dwarf,insufficient_sample,12.0,insufficient,12.85.11542,10.0,9.0,1.0,1.0,,,,,https://tibia.fandom.com/wiki/Loot_Statistics:Memory_of_a_Dwarf,1160047.0,2026-02-01T21:26:34Z,2026-08-02T17:23:20.466395+00:00,insufficient_sample,False,empirical loot sample below 100 kills
cr_629ab9c73af0,Achad,achad,Achad,1,14273,2025-12-05,2026-07-30,93,False,False,False,False,False,https://tibia.fandom.com/wiki/Achad,1054913.0,2024-03-01T20:34:35Z,Achad,insufficient_sample,1.0,insufficient,8.54,0.0,0.0,0.0,1.0,,,,,https://tibia.fandom.com/wiki/Loot_Statistics:Achad,781869.0,2019-12-28T09:55:33Z,2026-08-02T17:23:20.466395+00:00,insufficient_sample,False,empirical loot sample below 100 kills
cr_821bbc60432f,Colerian the Barbarian,colerian the barbarian,Colerian the Barbarian,1,14235,2025-12-05,2026-07-30,93,False,False,False,False,False,https://tibia.fandom.com/wiki/Colerian_the_Barbarian,985677.0,2022-12-30T21:50:08Z,,absent,,,,,,,,,,,,,,,,missing_loot_table,False,no current empirical Loot2 table matched; no value imputed
cr_d52ec2cff9e8,The Hairy One,the hairy one,The Hairy One,1,14207,2025-12-05,2026-07-30,93,False,False,False,False,False,https://tibia.fandom.com/wiki/The_Hairy_One,985680.0,2022-12-30T21:51:52Z,,absent,,,,,,,,,,,,,,,,missing_loot_table,False,no current empirical Loot2 table matched; no value imputed
cr_fedd3d9a0c98,Axeitus Headbanger,axeitus headbanger,Axeitus Headbanger,1,14186,2025-12-05,2026-07-30,93,False,False,False,False,False,https://tibia.fandom.com/wiki/Axeitus_Headbanger,938049.0,2022-07-18T11:55:41Z,,absent,,,,,,,,,,,,,,,,missing_loot_table,False,no current empirical Loot2 table matched; no value imputed
cr_c320f67f22ea,Rocky,rocky,Rocky,1,14152,2025-12-05,2026-07-30,93,False,False,False,False,False,https://tibia.fandom.com/wiki/Rocky,985767.0,2022-12-30T22:33:09Z,,absent,,,,,,,,,,,,,,,,missing_loot_table,False,no current empirical Loot2 table matched; no value imputed
cr_9a29ff5284cf,Cursed Gladiator,cursed gladiator,Cursed Gladiator,1,14139,2025-12-05,2026-07-30,93,True,False,False,False,False,https://tibia.fandom.com/wiki/Cursed_Gladiator,1083840.0,2024-11-25T13:38:38Z,,absent,,,,,,,,,,,,,,,,boss_separate,False,TibiaWiki/Bosstiary boss; emitted value retained only in boss series
cr_a76545a7fff6,Orcus the Cruel,orcus the cruel,Orcus the Cruel,1,14118,2025-12-05,2026-07-30,93,False,False,False,False,False,https://tibia.fandom.com/wiki/Orcus_the_Cruel,985770.0,2022-12-30T22:42:38Z,,absent,,,,,,,,,,,,,,,,missing_loot_table,False,no current empirical Loot2 table matched; no value imputed
cr_1bad28217027,frost spider,frost spider,frost spiders,1,14028,2025-12-05,2026-07-30,91,False,False,False,False,False,,,,Frost Spider,complete,132.0,low,8.6,0.0,0.0,0.0,1.0,0.0,0.0,0.0,0.0,https://tibia.fandom.com/wiki/Loot_Statistics:Frost_Spider,1105604.0,2025-06-16T09:16:48Z,2026-08-02T17:23:20.466395+00:00,modeled,True,
cr_b6ac1160e42b,enraged bookworm,enraged bookworm,enraged bookworms,1,13968,2025-12-05,2026-07-30,93,False,False,False,False,False,https://tibia.fandom.com/wiki/Enraged_Bookworm,889744.0,2021-10-24T20:53:30Z,,absent,,,,,,,,,,,,,,,,missing_loot_table,False,no current empirical Loot2 table matched; no value imputed
cr_7d9bd2f6947d,Goshnar's Greed,goshnar's greed,Goshnar's Greed,1,13764,2025-12-05,2026-07-30,83,True,False,False,False,False,https://tibia.fandom.com/wiki/Goshnar's_Greed,1140888.0,2025-11-08T17:55:10Z,Goshnar's Greed,insufficient_sample,49.0,insufficient,8.6,22.0,17.0,5.0,1.0,,,,,https://tibia.fandom.com/wiki/Loot_Statistics:Goshnar's_Greed,1179935.0,2026-04-28T04:13:07Z,2026-08-02T17:23:20.466395+00:00,boss_separate,False,TibiaWiki/Bosstiary boss; emitted value retained only in boss series
cr_98ab6d7e22b0,Brain Head,brain head,Brain Head,1,13736,2025-12-03,2026-07-30,93,True,False,False,False,False,https://tibia.fandom.com/wiki/Brain_Head,1140869.0,2025-11-08T17:54:41Z,Brain Head,insufficient_sample,59.0,insufficient,13.30.14423,22.0,17.0,5.0,1.0,,,,,https://tibia.fandom.com/wiki/Loot_Statistics:Brain_Head,1170363.0,2026-03-24T12:40:44Z,2026-08-02T17:23:20.466395+00:00,boss_separate,False,TibiaWiki/Bosstiary boss; emitted value retained only in boss series
cr_00794951dcda,Mad Technomancer,mad technomancer,Mad Technomancer,1,13551,2025-12-05,2026-07-30,93,True,False,False,False,False,https://tibia.fandom.com/wiki/Mad_Technomancer,1083401.0,2024-11-24T23:22:47Z,Mad Technomancer,insufficient_sample,41.0,insufficient,8.6,2.0,1.0,1.0,1.0,,,,,https://tibia.fandom.com/wiki/Loot_Statistics:Mad_Technomancer,1097973.0,2025-04-06T18:13:41Z,2026-08-02T17:23:20.466395+00:00,boss_separate,False,TibiaWiki/Bosstiary boss; emitted value retained only in boss series
cr_f47377c1d572,The Weakened Count,the weakened count,The Weakened Count,1,13433,2025-12-05,2026-07-30,93,True,False,False,False,False,https://tibia.fandom.com/wiki/The_Weakened_Count,1194034.0,2026-07-03T20:08:02Z,The Weakened Count,insufficient_sample,16.0,insufficient,8.6,2.0,1.0,1.0,1.0,,,,,https://tibia.fandom.com/wiki/Loot_Statistics:The_Weakened_Count,997753.0,2023-03-29T20:22:41Z,2026-08-02T17:23:20.466395+00:00,boss_separate,False,TibiaWiki/Bosstiary boss; emitted value retained only in boss series
cr_139bec3d8b16,Menace,menace,Menace,1,13306,2025-12-05,2026-07-30,93,False,False,False,False,False,https://tibia.fandom.com/wiki/Menace,1116334.0,2025-07-26T12:46:08Z,Menace,insufficient_sample,8.0,insufficient,8.6,0.0,0.0,0.0,1.0,,,,,https://tibia.fandom.com/wiki/Loot_Statistics:Menace,976413.0,2022-10-28T20:50:24Z,2026-08-02T17:23:20.466395+00:00,insufficient_sample,False,empirical loot sample below 100 kills
cr_7030466e7c1b,Baron Brute,baron brute,Baron Brute,1,13305,2025-12-05,2026-07-30,93,False,False,False,False,False,https://tibia.fandom.com/wiki/Baron_Brute,1116332.0,2025-07-26T12:46:05Z,Baron Brute,insufficient_sample,8.0,insufficient,8.6,0.0,0.0,0.0,1.0,,,,,https://tibia.fandom.com/wiki/Loot_Statistics:Baron_Brute,976396.0,2022-10-28T20:49:58Z,2026-08-02T17:23:20.466395+00:00,insufficient_sample,False,empirical loot sample below 100 kills
cr_573c264d83de,The Axeorcist,the axeorcist,The Axeorcist,1,13305,2025-12-05,2026-07-30,93,False,False,False,False,False,https://tibia.fandom.com/wiki/The_Axeorcist,1116333.0,2025-07-26T12:46:07Z,The Axeorcist,insufficient_sample,7.0,insufficient,8.6,0.0,0.0,0.0,1.0,,,,,https://tibia.fandom.com/wiki/Loot_Statistics:The_Axeorcist,976420.0,2022-10-28T20:50:35Z,2026-08-02T17:23:20.466395+00:00,insufficient_sample,False,empirical loot sample below 100 kills
cr_36c5a35b6c89,Fatality,fatality,Fatality,1,13304,2025-12-05,2026-07-30,93,False,False,False,False,False,https://tibia.fandom.com/wiki/Fatality,1116338.0,2025-07-26T12:46:15Z,Fatality,insufficient_sample,8.0,insufficient,8.6,0.0,0.0,0.0,1.0,,,,,https://tibia.fandom.com/wiki/Loot_Statistics:Fatality,976408.0,2022-10-28T20:50:18Z,2026-08-02T17:23:20.466395+00:00,insufficient_sample,False,empirical loot sample below 100 kills
cr_de521616ddaa,Marziel,marziel,Marziel,1,13210,2025-12-06,2026-07-30,88,True,False,False,False,False,https://tibia.fandom.com/wiki/Marziel,1084068.0,2024-11-26T06:56:31Z,Marziel,insufficient_sample,18.0,insufficient,8.6,5.0,4.0,1.0,1.0,,,,,https://tibia.fandom.com/wiki/Loot_Statistics:Marziel,997558.0,2023-03-29T11:25:22Z,2026-08-02T17:23:20.466395+00:00,boss_separate,False,TibiaWiki/Bosstiary boss; emitted value retained only in boss series
cr_0938c3c78b73,Goshnar's Spite,goshnar's spite,Goshnar's Spite,1,13149,2025-12-05,2026-07-30,83,True,False,False,False,False,https://tibia.fandom.com/wiki/Goshnar's_Spite,1140891.0,2025-11-08T17:55:15Z,Goshnar's Spite,insufficient_sample,9.0,insufficient,15.23.bf9553,18.0,15.0,3.0,1.0,,,,,https://tibia.fandom.com/wiki/Loot_Statistics:Goshnar's_Spite,1187773.0,2026-05-31T04:04:45Z,2026-08-02T17:23:20.466395+00:00,boss_separate,False,TibiaWiki/Bosstiary boss; emitted value retained only in boss series
cr_d10a19851d0c,Incineron,incineron,Incineron,1,13141,2025-12-05,2026-07-30,93,False,False,False,False,False,https://tibia.fandom.com/wiki/Incineron,1116340.0,2025-07-26T12:46:19Z,Incineron,insufficient_sample,5.0,insufficient,8.6,0.0,0.0,0.0,1.0,,,,,https://tibia.fandom.com/wiki/Loot_Statistics:Incineron,976412.0,2022-10-28T20:50:23Z,2026-08-02T17:23:20.466395+00:00,insufficient_sample,False,empirical loot sample below 100 kills
cr_582e692abf8c,Coldheart,coldheart,Coldheart,1,13137,2025-12-05,2026-07-30,93,False,False,False,False,False,https://tibia.fandom.com/wiki/Coldheart,1116343.0,2025-07-26T12:46:24Z,Coldheart,insufficient_sample,6.0,insufficient,8.6,0.0,0.0,0.0,1.0,,,,,https://tibia.fandom.com/wiki/Loot_Statistics:Coldheart,976400.0,2022-10-28T20:50:05Z,2026-08-02T17:23:20.466395+00:00,insufficient_sample,False,empirical loot sample below 100 kills
cr_915ec66003ae,containment crystal,containment crystal,containment crystals,1,13136,2025-12-05,2026-07-30,85,False,False,False,False,False,,,,,absent,,,,,,,,,,,,,,,,missing_loot_table,False,no current empirical Loot2 table matched; no value imputed
cr_28a53a18fa4a,Doomhowl,doomhowl,Doomhowl,1,13079,2025-12-05,2026-07-30,93,False,False,False,False,False,https://tibia.fandom.com/wiki/Doomhowl,1116335.0,2025-07-26T12:46:10Z,Doomhowl,insufficient_sample,4.0,insufficient,8.6,0.0,0.0,0.0,1.0,,,,,https://tibia.fandom.com/wiki/Loot_Statistics:Doomhowl,976405.0,2022-10-28T20:50:13Z,2026-08-02T17:23:20.466395+00:00,insufficient_sample,False,empirical loot sample below 100 kills
cr_fc37a41f5e39,Dreadwing,dreadwing,Dreadwing,1,13045,2025-12-05,2026-07-30,93,False,False,False,False,False,https://tibia.fandom.com/wiki/Dreadwing,1116337.0,2025-07-26T12:46:14Z,Dreadwing,insufficient_sample,6.0,insufficient,8.6,0.0,0.0,0.0,1.0,,,,,https://tibia.fandom.com/wiki/Loot_Statistics:Dreadwing,1102540.0,2025-05-09T12:31:32Z,2026-08-02T17:23:20.466395+00:00,insufficient_sample,False,empirical loot sample below 100 kills
cr_2298e187dee7,Haunter,haunter,Haunter,1,13025,2025-12-05,2026-07-30,93,False,False,False,False,False,https://tibia.fandom.com/wiki/Haunter,1116341.0,2025-07-26T12:46:21Z,Haunter,insufficient_sample,5.0,insufficient,8.6,0.0,0.0,0.0,1.0,,,,,https://tibia.fandom.com/wiki/Loot_Statistics:Haunter,976411.0,2022-10-28T20:50:22Z,2026-08-02T17:23:20.466395+00:00,insufficient_sample,False,empirical loot sample below 100 kills
cr_ea585a2deb66,The Dreadorian,the dreadorian,The Dreadorian,1,12958,2025-12-05,2026-07-30,93,False,False,False,False,False,https://tibia.fandom.com/wiki/The_Dreadorian,1116342.0,2025-07-26T12:46:22Z,The Dreadorian,insufficient_sample,5.0,insufficient,8.6,0.0,0.0,0.0,1.0,,,,,https://tibia.fandom.com/wiki/Loot_Statistics:The_Dreadorian,976421.0,2022-10-28T20:50:36Z,2026-08-02T17:23:20.466395+00:00,insufficient_sample,False,empirical loot sample below 100 kills
cr_c975089ccf95,Latrivan,latrivan,Latrivan,1,12825,2025-12-05,2026-07-30,93,True,False,False,False,False,https://tibia.fandom.com/wiki/Latrivan,1181247.0,2026-05-02T16:29:19Z,Latrivan,complete,340.0,low,8.6,42.0,39.0,3.0,1.0,1.0,9301.558823529409,9302.558823529409,1.0,https://tibia.fandom.com/wiki/Loot_Statistics:Latrivan,1188987.0,2026-06-12T19:55:24Z,2026-08-02T17:23:20.466395+00:00,boss_separate,False,TibiaWiki/Bosstiary boss; emitted value retained only in boss series
cr_297d459d0136,Golgordan,golgordan,Golgordan,1,12823,2025-12-05,2026-07-30,93,True,False,False,False,False,https://tibia.fandom.com/wiki/Golgordan,1179235.0,2026-04-26T18:04:09Z,Golgordan,complete,337.0,low,8.6,44.0,41.0,3.0,1.0,1.0,8782.492581602372,8783.492581602372,1.0,https://tibia.fandom.com/wiki/Loot_Statistics:Golgordan,1188982.0,2026-06-12T19:55:07Z,2026-08-02T17:23:20.466395+00:00,boss_separate,False,TibiaWiki/Bosstiary boss; emitted value retained only in boss series
cr_5bbb401fe835,Tirecz,tirecz,Tirecz,1,12735,2025-12-05,2026-07-30,93,False,False,False,False,False,https://tibia.fandom.com/wiki/Tirecz,1116344.0,2025-07-26T12:46:26Z,,absent,,,,,,,,,,,,,,,,missing_loot_table,False,no current empirical Loot2 table matched; no value imputed
cr_9e4e4a5e1f58,lucifuga aranea,lucifuga aranea,lucifuga araneas,1,12550,2025-12-05,2026-07-30,93,False,False,False,False,False,,,,Lucifuga Aranea,insufficient_sample,18.0,insufficient,12.00,16.0,15.0,1.0,1.0,,,,,https://tibia.fandom.com/wiki/Loot_Statistics:Lucifuga_Aranea,1104125.0,2025-06-02T18:09:33Z,2026-08-02T17:23:20.466395+00:00,insufficient_sample,False,empirical loot sample below 100 kills
cr_abe0d9fdf267,Goshnar's Megalomania,goshnar's megalomania,Goshnar's Megalomania,1,12488,2025-12-05,2026-07-30,83,True,False,False,False,False,https://tibia.fandom.com/wiki/Goshnar's_Megalomania,1106201.0,2025-06-22T13:33:36Z,Goshnar's Megalomania,insufficient_sample,41.0,insufficient,12.86.11580,23.0,20.0,3.0,1.0,,,,,https://tibia.fandom.com/wiki/Loot_Statistics:Goshnar's_Megalomania,1191069.0,2026-06-23T04:45:41Z,2026-08-02T17:23:20.466395+00:00,boss_separate,False,TibiaWiki/Bosstiary boss; emitted value retained only in boss series
cr_ef8f4cfa9177,Tremorak,tremorak,Tremorak,1,12319,2025-12-05,2026-07-30,93,False,False,False,False,False,https://tibia.fandom.com/wiki/Tremorak,1181413.0,2026-05-02T20:44:39Z,Tremorak,insufficient_sample,5.0,insufficient,8.6,0.0,0.0,0.0,1.0,,,,,https://tibia.fandom.com/wiki/Loot_Statistics:Tremorak,976424.0,2022-10-28T20:50:40Z,2026-08-02T17:23:20.466395+00:00,insufficient_sample,False,empirical loot sample below 100 kills
cr_750a4f90f63f,thornfire wolf,thornfire wolf,thornfire wolves,1,12254,2025-12-05,2026-07-30,93,False,False,False,False,False,,,,Thornfire Wolf,insufficient_sample,33.0,insufficient,9.1,5.0,4.0,1.0,1.0,,,,,https://tibia.fandom.com/wiki/Loot_Statistics:Thornfire_Wolf,1130231.0,2025-09-26T17:23:43Z,2026-08-02T17:23:20.466395+00:00,insufficient_sample,False,empirical loot sample below 100 kills
cr_c77a83922ef7,Rocko,rocko,Rocko,1,12129,2025-12-05,2026-07-30,93,False,False,False,False,False,https://tibia.fandom.com/wiki/Rocko,1116336.0,2025-07-26T12:46:12Z,Rocko,insufficient_sample,4.0,insufficient,8.6,0.0,0.0,0.0,1.0,,,,,https://tibia.fandom.com/wiki/Loot_Statistics:Rocko,1102568.0,2025-05-09T12:32:21Z,2026-08-02T17:23:20.466395+00:00,insufficient_sample,False,empirical loot sample below 100 kills
cr_dd99c25c4f87,Avalanche,avalanche,Avalanche,1,12019,2025-12-05,2026-07-30,93,False,False,False,False,False,https://tibia.fandom.com/wiki/Avalanche,1182612.0,2026-05-06T18:31:43Z,,absent,,,,,,,,,,,,,,,,missing_loot_table,False,no current empirical Loot2 table matched; no value imputed
cr_35cb0719ac34,ancient ugly monster,ancient ugly monster,ancient ugly monsters,1,11900,2025-12-05,2026-07-30,86,False,False,False,False,False,,,,Ancient Ugly Monster,insufficient_sample,40.0,insufficient,8.6,0.0,0.0,0.0,1.0,,,,,https://tibia.fandom.com/wiki/Loot_Statistics:Ancient_Ugly_Monster,1125692.0,2025-09-02T11:20:37Z,2026-08-02T17:23:20.466395+00:00,insufficient_sample,False,empirical loot sample below 100 kills
cr_ea528253b146,ancient lion warlock,ancient lion warlock,ancient lion warlocks,1,11879,2025-12-05,2026-07-30,88,False,False,False,False,False,,,,Ancient Lion Warlock,insufficient_sample,2.0,insufficient,8.6,0.0,0.0,0.0,1.0,,,,,https://tibia.fandom.com/wiki/Loot_Statistics:Ancient_Lion_Warlock,1169677.0,2026-03-24T12:16:15Z,2026-08-02T17:23:20.466395+00:00,insufficient_sample,False,empirical loot sample below 100 kills
cr_d91521478e22,Kreebosh the Exile,kreebosh the exile,Kreebosh the Exile,1,11865,2025-12-05,2026-07-30,93,False,False,False,False,False,https://tibia.fandom.com/wiki/Kreebosh_the_Exile,1181283.0,2026-05-02T17:31:14Z,,absent,,,,,,,,,,,,,,,,missing_loot_table,False,no current empirical Loot2 table matched; no value imputed
cr_f158d607aafc,Renegade Orc,renegade orc,Renegade Orc,1,11829,2025-12-05,2026-07-30,92,True,False,False,False,False,https://tibia.fandom.com/wiki/Renegade_Orc,1116331.0,2025-07-26T12:46:03Z,Renegade Orc,insufficient_sample,36.0,insufficient,8.6,12.0,10.0,2.0,1.0,,,,,https://tibia.fandom.com/wiki/Loot_Statistics:Renegade_Orc,1103928.0,2025-06-02T18:03:36Z,2026-08-02T17:23:20.466395+00:00,boss_separate,False,TibiaWiki/Bosstiary boss; emitted value retained only in boss series
cr_ff8a6aa71276,The Dark Dancer,the dark dancer,The Dark Dancer,1,11763,2025-12-05,2026-07-30,93,False,False,False,False,False,https://tibia.fandom.com/wiki/The_Dark_Dancer,1181458.0,2026-05-02T20:50:39Z,,absent,,,,,,,,,,,,,,,,missing_loot_table,False,no current empirical Loot2 table matched; no value imputed
cr_559b200b79ad,The Hag,the hag,The Hag,1,11743,2025-12-05,2026-07-30,93,False,False,False,False,False,https://tibia.fandom.com/wiki/The_Hag,1181317.0,2026-05-02T17:45:20Z,,absent,,,,,,,,,,,,,,,,missing_loot_table,False,no current empirical Loot2 table matched; no value imputed
cr_80a9a73f8183,Slim,slim,Slim,1,11724,2025-12-05,2026-07-30,93,True,False,False,False,False,https://tibia.fandom.com/wiki/Slim,1181240.0,2026-05-02T16:29:12Z,,absent,,,,,,,,,,,,,,,,boss_separate,False,TibiaWiki/Bosstiary boss; emitted value retained only in boss series
cr_f5f6b50de0d6,crystal wolf,crystal wolf,crystal wolves,1,11702,2025-12-05,2026-07-30,93,False,False,False,False,False,,,,Crystal Wolf,insufficient_sample,68.0,insufficient,9.1,6.0,5.0,1.0,1.0,,,,,https://tibia.fandom.com/wiki/Loot_Statistics:Crystal_Wolf,1130124.0,2025-09-26T17:21:34Z,2026-08-02T17:23:20.466395+00:00,insufficient_sample,False,empirical loot sample below 100 kills
cr_8f8764cf42e9,Grimgor Guteater,grimgor guteater,Grimgor Guteater,1,11698,2025-12-05,2026-07-30,93,False,False,False,False,False,https://tibia.fandom.com/wiki/Grimgor_Guteater,971023.0,2022-09-11T17:17:22Z,,absent,,,,,,,,,,,,,,,,missing_loot_table,False,no current empirical Loot2 table matched; no value imputed
cr_c46b06328367,Drasilla,drasilla,Drasilla,1,11689,2025-12-05,2026-07-30,93,False,False,False,False,False,https://tibia.fandom.com/wiki/Drasilla,985778.0,2022-12-30T23:09:22Z,,absent,,,,,,,,,,,,,,,,missing_loot_table,False,no current empirical Loot2 table matched; no value imputed
cr_743ccde25064,Spirits of Earth,spirits of earth,Spirit of Earth,1,11668,2025-12-05,2026-07-30,93,False,False,False,False,False,,,,,absent,,,,,,,,,,,,,,,,missing_loot_table,False,no current empirical Loot2 table matched; no value imputed
cr_4ce55c974067,Webster,webster,Webster,1,11652,2025-12-05,2026-07-30,93,False,False,False,False,False,https://tibia.fandom.com/wiki/Webster,1181455.0,2026-05-02T20:50:35Z,,absent,,,,,,,,,,,,,,,,missing_loot_table,False,no current empirical Loot2 table matched; no value imputed
cr_2876f81e5927,Spirits of Water,spirits of water,Spirit of Water,1,11589,2025-12-05,2026-07-30,93,False,False,False,False,False,,,,,absent,,,,,,,,,,,,,,,,missing_loot_table,False,no current empirical Loot2 table matched; no value imputed
cr_76f196465bc4,Raging Mage,raging mage,Raging Mage,1,11579,2025-12-05,2026-07-30,93,True,False,False,False,False,https://tibia.fandom.com/wiki/Raging_Mage,1176227.0,2026-04-21T15:12:14Z,Raging Mage,insufficient_sample,10.0,insufficient,13.30.14423,13.0,10.0,3.0,1.0,,,,,https://tibia.fandom.com/wiki/Loot_Statistics:Raging_Mage,1132178.0,2025-10-08T14:50:13Z,2026-08-02T17:23:20.466395+00:00,boss_separate,False,TibiaWiki/Bosstiary boss; emitted value retained only in boss series
cr_80743f7b167e,Darakan the Executioner,darakan the executioner,Darakan the Executioner,1,11490,2025-12-05,2026-07-30,93,False,False,False,False,False,https://tibia.fandom.com/wiki/Darakan_the_Executioner,985819.0,2022-12-31T15:04:29Z,,absent,,,,,,,,,,,,,,,,missing_loot_table,False,no current empirical Loot2 table matched; no value imputed
cr_62bae7d8edf7,Spirits of Fire,spirits of fire,Spirit of Fire,1,11484,2025-12-05,2026-07-30,93,False,False,False,False,False,,,,,absent,,,,,,,,,,,,,,,,missing_loot_table,False,no current empirical Loot2 table matched; no value imputed
cr_ec25836fbca9,Morguthis,morguthis,Morguthis,1,11450,2025-12-05,2026-07-30,91,True,False,False,False,False,https://tibia.fandom.com/wiki/Morguthis,1181619.0,2026-05-02T22:27:04Z,Morguthis,complete,754.0,low,8.6,10.0,6.0,4.0,1.0,0.916445623342175,251.27320954907162,252.1896551724138,0.916445623342175,https://tibia.fandom.com/wiki/Loot_Statistics:Morguthis,1178906.0,2026-04-25T19:56:57Z,2026-08-02T17:23:20.466395+00:00,boss_separate,False,TibiaWiki/Bosstiary boss; emitted value retained only in boss series
cr_855d3784caf8,containment machine,containment machine,containment machines,1,11432,2025-12-05,2026-07-30,92,False,False,False,False,False,,,,,absent,,,,,,,,,,,,,,,,missing_loot_table,False,no current empirical Loot2 table matched; no value imputed
cr_3d9f9c6e30c0,Norgle Glacierbeard,norgle glacierbeard,Norgle Glacierbeard,1,11431,2025-12-05,2026-07-30,93,True,False,False,False,False,https://tibia.fandom.com/wiki/Norgle_Glacierbeard,1181456.0,2026-05-02T20:50:36Z,,absent,,,,,,,,,,,,,,,,boss_separate,False,TibiaWiki/Bosstiary boss; emitted value retained only in boss series
cr_166750f83c07,bound astral power,bound astral power,bound astral power,1,11430,2025-12-05,2026-07-30,65,False,False,False,False,False,https://tibia.fandom.com/wiki/Bound_Astral_Power,1116445.0,2025-07-26T12:49:24Z,,absent,,,,,,,,,,,,,,,,missing_loot_table,False,no current empirical Loot2 table matched; no value imputed
cr_c8b1ceffb318,Jaul,jaul,Jaul,1,11367,2025-12-05,2026-07-29,77,True,False,False,False,False,https://tibia.fandom.com/wiki/Jaul,1181534.0,2026-05-02T20:53:45Z,Jaul,insufficient_sample,31.0,insufficient,12.86.11580,8.0,8.0,0.0,1.0,,,,,https://tibia.fandom.com/wiki/Loot_Statistics:Jaul,1162887.0,2026-02-15T10:38:26Z,2026-08-02T17:23:20.466395+00:00,boss_separate,False,TibiaWiki/Bosstiary boss; emitted value retained only in boss series
cr_5d8e1f05141f,elf overseer,elf overseer,elf overseers,1,11364,2025-12-05,2026-07-30,93,False,False,False,False,False,,,,Elf Overseer,insufficient_sample,41.0,insufficient,9.1,8.0,6.0,2.0,1.0,,,,,https://tibia.fandom.com/wiki/Loot_Statistics:Elf_Overseer,1112530.0,2025-07-22T15:43:23Z,2026-08-02T17:23:20.466395+00:00,insufficient_sample,False,empirical loot sample below 100 kills
cr_4d198159cf16,The Pit Lord,the pit lord,The Pit Lord,1,11358,2025-12-05,2026-07-30,93,False,False,False,False,False,https://tibia.fandom.com/wiki/The_Pit_Lord,1050155.0,2024-01-06T17:36:29Z,,absent,,,,,,,,,,,,,,,,missing_loot_table,False,no current empirical Loot2 table matched; no value imputed
cr_4c37750f8143,The Duke of the Depths,the duke of the depths,The Duke Of The Depths,1,11348,2025-12-05,2026-07-30,84,True,False,False,False,False,https://tibia.fandom.com/wiki/The_Duke_of_the_Depths,1116480.0,2025-07-26T12:50:27Z,The Duke of the Depths,complete,154.0,low,12.86.11580,42.0,30.0,12.0,1.0,1009.0909090909091,25526.94805194806,26536.03896103897,1009.0909090909091,https://tibia.fandom.com/wiki/Loot_Statistics:The_Duke_of_the_Depths,1198881.0,2026-08-02T09:57:01Z,2026-08-02T17:23:20.466395+00:00,boss_separate,False,TibiaWiki/Bosstiary boss; emitted value retained only in boss series
cr_eb30e63ce2c4,Bullwark,bullwark,Bullwark,1,11309,2025-12-05,2026-07-30,67,True,False,False,False,False,https://tibia.fandom.com/wiki/Bullwark,1106244.0,2025-06-23T05:21:31Z,Bullwark,complete,166.0,low,12.86.11580,22.0,18.0,4.0,1.0,101.0,1344.2771084337348,1445.2771084337348,101.0,https://tibia.fandom.com/wiki/Loot_Statistics:Bullwark,1165984.0,2026-03-07T08:52:21Z,2026-08-02T17:23:20.466395+00:00,boss_separate,False,TibiaWiki/Bosstiary boss; emitted value retained only in boss series
cr_ca406116aee2,Svoren the Mad,svoren the mad,Svoren the Mad,1,11200,2025-12-05,2026-07-30,93,True,False,False,False,False,https://tibia.fandom.com/wiki/Svoren_the_Mad,1181459.0,2026-05-02T20:50:41Z,,absent,,,,,,,,,,,,,,,,boss_separate,False,TibiaWiki/Bosstiary boss; emitted value retained only in boss series
cr_71aa46b1162b,The Keeper,the keeper,The Keeper,1,11127,2025-12-05,2026-07-30,92,True,False,False,False,False,https://tibia.fandom.com/wiki/The_Keeper,1181485.0,2026-05-02T20:51:17Z,,absent,,,,,,,,,,,,,,,,boss_separate,False,TibiaWiki/Bosstiary boss; emitted value retained only in boss series
cr_07ea51e4b444,The Collector,the collector,The Collector,1,11116,2025-12-05,2026-07-30,91,True,False,False,False,False,https://tibia.fandom.com/wiki/The_Collector,1120343.0,2025-08-08T05:07:09Z,,absent,,,,,,,,,,,,,,,,boss_separate,False,TibiaWiki/Bosstiary boss; emitted value retained only in boss series
cr_799d6c84c0c6,The Masked Marauder,the masked marauder,The Masked Marauder,1,10980,2025-12-05,2026-07-30,93,False,False,False,False,False,https://tibia.fandom.com/wiki/The_Masked_Marauder,1179223.0,2026-04-26T18:04:01Z,,absent,,,,,,,,,,,,,,,,missing_loot_table,False,no current empirical Loot2 table matched; no value imputed
cr_b0db7b0f48fe,memory of a pirate,memory of a pirate,memories of a pirate,1,10957,2025-12-05,2026-07-30,86,False,False,False,False,False,,,,Memory of a Pirate,complete,101.0,low,12.85.11542,12.0,7.0,5.0,1.0,0.46534653465346537,67.78217821782178,68.24752475247524,0.46534653465346537,https://tibia.fandom.com/wiki/Loot_Statistics:Memory_of_a_Pirate,1160055.0,2026-02-01T21:26:40Z,2026-08-02T17:23:20.466395+00:00,modeled,True,
cr_e888c76f4bec,Spawn of the Welter,spawn of the welter,spawns of the welter,1,10954,2025-12-05,2026-07-30,93,False,False,False,False,False,https://tibia.fandom.com/wiki/Spawn_of_the_Welter,1131212.0,2025-10-01T19:56:34Z,Spawn of the Welter,insufficient_sample,72.0,insufficient,8.6,1.0,1.0,0.0,1.0,,,,,https://tibia.fandom.com/wiki/Loot_Statistics:Spawn_of_the_Welter,1155026.0,2026-01-07T19:24:21Z,2026-08-02T17:23:20.466395+00:00,insufficient_sample,False,empirical loot sample below 100 kills
cr_84e04fd0a010,The Baron From Below,the baron from below,The Baron From Below,1,10945,2025-12-05,2026-07-30,83,True,False,False,False,False,https://tibia.fandom.com/wiki/The_Baron_from_Below,1179618.0,2026-04-26T22:08:27Z,The Baron from Below,complete,135.0,low,12.86.11580,42.0,30.0,12.0,1.0,1062.2222222222222,27436.666666666664,28498.888888888887,1062.2222222222222,https://tibia.fandom.com/wiki/Loot_Statistics:The_Baron_from_Below,1198879.0,2026-08-02T09:56:58Z,2026-08-02T17:23:20.466395+00:00,boss_separate,False,TibiaWiki/Bosstiary boss; emitted value retained only in boss series
cr_948df1ce9832,The Sandking,the sandking,The Sandking,1,10862,2025-12-05,2026-07-30,89,True,False,False,False,False,https://tibia.fandom.com/wiki/The_Sandking,1140948.0,2025-11-08T17:59:25Z,The Sandking,complete,180.0,low,13.30.14423,0.0,0.0,0.0,1.0,0.0,0.0,0.0,0.0,https://tibia.fandom.com/wiki/Loot_Statistics:The_Sandking,1187581.0,2026-05-28T13:29:04Z,2026-08-02T17:23:20.466395+00:00,boss_separate,False,TibiaWiki/Bosstiary boss; emitted value retained only in boss series
cr_66f47717d9d5,Gnorre Chyllson,gnorre chyllson,Gnorre Chyllson,1,10849,2025-12-05,2026-07-30,93,True,False,False,False,False,https://tibia.fandom.com/wiki/Gnorre_Chyllson,1181577.0,2026-05-02T21:48:35Z,,absent,,,,,,,,,,,,,,,,boss_separate,False,TibiaWiki/Bosstiary boss; emitted value retained only in boss series
cr_5680c282a6d6,knight rival,knight rival,knight rivals,1,10838,2026-07-13,2026-07-30,72,False,False,False,False,False,,,,,absent,,,,,,,,,,,,,,,,missing_loot_table,False,no current empirical Loot2 table matched; no value imputed
cr_d19f5b695bf3,memory of a mammoth,memory of a mammoth,memories of a mammoth,1,10762,2025-12-05,2026-07-29,84,False,False,False,False,False,,,,Memory of a Mammoth,insufficient_sample,91.0,insufficient,12.85.11542,7.0,7.0,0.0,1.0,,,,,https://tibia.fandom.com/wiki/Loot_Statistics:Memory_of_a_Mammoth,1160053.0,2026-02-01T21:26:38Z,2026-08-02T17:23:20.466395+00:00,insufficient_sample,False,empirical loot sample below 100 kills
cr_8332cc6c654d,paladin rival,paladin rival,paladin rivals,1,10748,2026-07-13,2026-07-30,72,False,False,False,False,False,,,,,absent,,,,,,,,,,,,,,,,missing_loot_table,False,no current empirical Loot2 table matched; no value imputed
cr_8f74eb4499b3,sorcerer rival,sorcerer rival,sorcerer rivals,1,10735,2026-07-13,2026-07-30,72,False,False,False,False,False,,,,,absent,,,,,,,,,,,,,,,,missing_loot_table,False,no current empirical Loot2 table matched; no value imputed
cr_34695a0a7abf,druid rival,druid rival,druid rivals,1,10731,2026-07-13,2026-07-30,72,False,False,False,False,False,,,,,absent,,,,,,,,,,,,,,,,missing_loot_table,False,no current empirical Loot2 table matched; no value imputed
cr_05548a5f11ff,monk rival,monk rival,monk rivals,1,10728,2026-07-13,2026-07-30,72,False,False,False,False,False,,,,,absent,,,,,,,,,,,,,,,,missing_loot_table,False,no current empirical Loot2 table matched; no value imputed
cr_c9fdea28cd1f,thief,thief,thieves,1,10650,2025-12-05,2026-07-30,91,False,False,False,False,False,https://tibia.fandom.com/wiki/Thief,384405.0,2011-07-21T21:37:41Z,Thief (Creature),insufficient_sample,26.0,insufficient,8.6,0.0,0.0,0.0,1.0,,,,,https://tibia.fandom.com/wiki/Loot_Statistics:Thief_(Creature),1186426.0,2026-05-20T00:34:12Z,2026-08-02T17:23:20.466395+00:00,insufficient_sample,False,empirical loot sample below 100 kills
cr_248dd6317c83,empowered glooth horror,empowered glooth horror,empowered glooth horror,1,10551,2025-12-05,2026-07-30,70,False,False,False,False,False,,,,Empowered Glooth Horror,insufficient_sample,20.0,insufficient,12.86.11580,6.0,2.0,4.0,1.0,,,,,https://tibia.fandom.com/wiki/Loot_Statistics:Empowered_Glooth_Horror,1060817.0,2024-05-28T03:01:26Z,2026-08-02T17:23:20.466395+00:00,insufficient_sample,False,empirical loot sample below 100 kills
cr_d7f2dcd92be9,The Count,the count,The Count,1,10546,2025-12-05,2026-07-30,93,True,False,False,False,False,https://tibia.fandom.com/wiki/The_Count,1114585.0,2025-07-26T10:03:24Z,The Count,insufficient_sample,19.0,insufficient,8.6,2.0,1.0,1.0,1.0,,,,,https://tibia.fandom.com/wiki/Loot_Statistics:The_Count,1084764.0,2024-12-02T01:27:27Z,2026-08-02T17:23:20.466395+00:00,boss_separate,False,TibiaWiki/Bosstiary boss; emitted value retained only in boss series
cr_44ead5045a7e,Maior Domus,maior domus,Maior Domus,1,10450,2026-07-13,2026-07-30,73,True,False,False,False,False,https://tibia.fandom.com/wiki/Maior_Domus,1196974.0,2026-07-19T08:11:40Z,Maior Domus,insufficient_sample,8.0,insufficient,8.6,28.0,20.0,8.0,1.0,,,,,https://tibia.fandom.com/wiki/Loot_Statistics:Maior_Domus,1197149.0,2026-07-20T17:09:32Z,2026-08-02T17:23:20.466395+00:00,boss_separate,False,TibiaWiki/Bosstiary boss; emitted value retained only in boss series
cr_83cca9f13526,Fallen Mooh'Tah Master Ghar,fallen mooh'tah master ghar,Fallen Mooh'Tah Master Ghar,1,10403,2025-12-05,2026-07-30,93,True,False,False,False,False,https://tibia.fandom.com/wiki/Fallen_Mooh'Tah_Master_Ghar,1083839.0,2024-11-25T13:38:34Z,,absent,,,,,,,,,,,,,,,,boss_separate,False,TibiaWiki/Bosstiary boss; emitted value retained only in boss series
cr_02116e454009,angry demon,angry demon,angry demons,1,10125,2025-12-05,2026-07-30,91,False,False,False,False,False,,,,Angry Demon,insufficient_sample,11.0,insufficient,8.6,18.0,14.0,4.0,1.0,,,,,https://tibia.fandom.com/wiki/Loot_Statistics:Angry_Demon,1053881.0,2024-02-09T02:16:57Z,2026-08-02T17:23:20.466395+00:00,insufficient_sample,False,empirical loot sample below 100 kills
cr_e380d4a45c33,Tanjis,tanjis,Tanjis,1,10028,2025-12-05,2026-07-30,85,True,False,False,False,False,https://tibia.fandom.com/wiki/Tanjis,1181442.0,2026-05-02T20:46:28Z,Tanjis,insufficient_sample,26.0,insufficient,12.86.11580,3.0,3.0,0.0,1.0,,,,,https://tibia.fandom.com/wiki/Loot_Statistics:Tanjis,1195239.0,2026-07-11T02:59:49Z,2026-08-02T17:23:20.466395+00:00,boss_separate,False,TibiaWiki/Bosstiary boss; emitted value retained only in boss series
cr_6a3917314c5e,Thalas,thalas,Thalas,1,9993,2025-12-05,2026-07-30,91,True,False,False,False,False,https://tibia.fandom.com/wiki/Thalas,1181599.0,2026-05-02T22:24:36Z,Thalas,complete,800.0,low,8.6,9.0,7.0,2.0,1.0,0.91125,274.4375,275.34875,0.91125,https://tibia.fandom.com/wiki/Loot_Statistics:Thalas,1183314.0,2026-05-07T20:55:03Z,2026-08-02T17:23:20.466395+00:00,boss_separate,False,TibiaWiki/Bosstiary boss; emitted value retained only in boss series
cr_974158faa88f,dire penguin,dire penguin,dire penguins,1,9992,2025-12-05,2026-07-30,93,False,False,False,False,False,https://tibia.fandom.com/wiki/Dire_Penguin,1191606.0,2026-06-25T06:31:47Z,Dire Penguin,insufficient_sample,55.0,insufficient,8.6,2.0,2.0,0.0,1.0,,,,,https://tibia.fandom.com/wiki/Loot_Statistics:Dire_Penguin,1171488.0,2026-03-30T00:30:54Z,2026-08-02T17:23:20.466395+00:00,insufficient_sample,False,empirical loot sample below 100 kills
cr_4d0c33738c9b,The False God,the false god,The False God,1,9968,2025-12-05,2026-07-30,87,True,False,False,False,False,https://tibia.fandom.com/wiki/The_False_God,1140937.0,2025-11-08T17:59:08Z,The False God,insufficient_sample,60.0,insufficient,13.30.14423,38.0,28.0,10.0,1.0,,,,,https://tibia.fandom.com/wiki/Loot_Statistics:The_False_God,1187577.0,2026-05-28T13:28:57Z,2026-08-02T17:23:20.466395+00:00,boss_separate,False,TibiaWiki/Bosstiary boss; emitted value retained only in boss series
cr_2702ffb5212a,Paiz the Pauperizer,paiz the pauperizer,Paiz the Pauperizer,1,9875,2025-12-05,2026-07-30,93,True,False,False,False,False,https://tibia.fandom.com/wiki/Paiz_the_Pauperizer,1181425.0,2026-05-02T20:44:55Z,Paiz the Pauperizer,insufficient_sample,88.0,insufficient,9.5,26.0,22.0,4.0,1.0,,,,,https://tibia.fandom.com/wiki/Loot_Statistics:Paiz_the_Pauperizer,1106782.0,2025-06-26T19:02:03Z,2026-08-02T17:23:20.466395+00:00,boss_separate,False,TibiaWiki/Bosstiary boss; emitted value retained only in boss series
cr_0041d5674b64,animated rotworm,animated rotworm,animated rotworms,1,9824,2025-12-05,2026-07-30,91,False,False,False,False,False,,,,Animated Rotworm,complete,112.0,low,8.6,7.0,7.0,0.0,1.0,0.7142857142857143,3.696428571428571,4.410714285714286,0.7142857142857143,https://tibia.fandom.com/wiki/Loot_Statistics:Animated_Rotworm,1129203.0,2025-09-20T15:10:36Z,2026-08-02T17:23:20.466395+00:00,modeled,True,
cr_dd3defaa2214,pupated rootthing,pupated rootthing,pupated rootthings,1,9689,2025-12-05,2026-07-30,70,False,False,False,False,False,,,,Pupated Rootthing,insufficient_sample,16.0,insufficient,8.6,0.0,0.0,0.0,1.0,,,,,https://tibia.fandom.com/wiki/Loot_Statistics:Pupated_Rootthing,1075070.0,2024-08-11T21:40:07Z,2026-08-02T17:23:20.466395+00:00,insufficient_sample,False,empirical loot sample below 100 kills
cr_552991a868f0,rift fragment,rift fragment,rift fragments,1,9534,2025-12-05,2026-07-30,85,False,False,False,False,False,,,,,absent,,,,,,,,,,,,,,,,missing_loot_table,False,no current empirical Loot2 table matched; no value imputed
cr_ec7113815d4d,Deathbringer,deathbringer,Deathbringer,1,9471,2025-12-05,2026-07-30,93,True,False,False,False,False,https://tibia.fandom.com/wiki/Deathbringer,1179496.0,2026-04-26T20:16:24Z,,absent,,,,,,,,,,,,,,,,boss_separate,False,TibiaWiki/Bosstiary boss; emitted value retained only in boss series
cr_c894a893c697,The Bloodtusk,the bloodtusk,The Bloodtusk,1,9377,2025-12-05,2026-07-30,93,True,False,False,False,False,https://tibia.fandom.com/wiki/The_Bloodtusk,1174189.0,2026-04-11T18:22:12Z,The Bloodtusk,insufficient_sample,87.0,insufficient,9.86,8.0,8.0,0.0,1.0,,,,,https://tibia.fandom.com/wiki/Loot_Statistics:The_Bloodtusk,1184926.0,2026-05-13T19:59:26Z,2026-08-02T17:23:20.466395+00:00,boss_separate,False,TibiaWiki/Bosstiary boss; emitted value retained only in boss series
cr_fe3e373c42c0,The Obliverator,the obliverator,The Obliverator,1,9362,2025-12-05,2026-07-30,93,False,False,False,False,False,https://tibia.fandom.com/wiki/The_Obliverator,1084198.0,2024-11-26T09:03:00Z,,absent,,,,,,,,,,,,,,,,missing_loot_table,False,no current empirical Loot2 table matched; no value imputed
cr_078e90ef51e7,Arthei,arthei,Arthei,1,9311,2025-12-06,2026-07-30,88,True,False,False,False,False,https://tibia.fandom.com/wiki/Arthei,1181479.0,2026-05-02T20:51:09Z,Arthei,complete,244.0,low,8.6,6.0,5.0,1.0,1.0,10.426229508196721,355.0,365.42622950819674,10.426229508196721,https://tibia.fandom.com/wiki/Loot_Statistics:Arthei,998123.0,2023-04-01T19:38:06Z,2026-08-02T17:23:20.466395+00:00,boss_separate,False,TibiaWiki/Bosstiary boss; emitted value retained only in boss series
cr_1d1a39e9733b,Fugue,fugue,Fugue,1,9211,2025-12-05,2026-07-30,93,True,False,False,False,False,https://tibia.fandom.com/wiki/Fugue,1116577.0,2025-07-26T12:53:13Z,Fugue,insufficient_sample,1.0,insufficient,12.40.9997 (3),0.0,0.0,0.0,1.0,,,,,https://tibia.fandom.com/wiki/Loot_Statistics:Fugue,827532.0,2021-02-03T16:19:38Z,2026-08-02T17:23:20.466395+00:00,boss_separate,False,TibiaWiki/Bosstiary boss; emitted value retained only in boss series
cr_7520afcdafbe,The Time Guardian,the time guardian,The Time Guardian,1,9128,2025-12-05,2026-07-30,90,True,False,False,False,False,https://tibia.fandom.com/wiki/The_Time_Guardian,1140952.0,2025-11-08T17:59:31Z,The Time Guardian,insufficient_sample,20.0,insufficient,13.30.14423,37.0,30.0,7.0,1.0,,,,,https://tibia.fandom.com/wiki/Loot_Statistics:The_Time_Guardian,1185882.0,2026-05-16T20:21:36Z,2026-08-02T17:23:20.466395+00:00,boss_separate,False,TibiaWiki/Bosstiary boss; emitted value retained only in boss series
cr_12dac4129fc3,Lizard Gate Guardian,lizard gate guardian,Lizard Gate Guardian,1,9066,2025-12-05,2026-07-30,93,True,False,False,False,False,https://tibia.fandom.com/wiki/Lizard_Gate_Guardian,992139.0,2023-02-12T19:52:47Z,Lizard Gate Guardian,insufficient_sample,32.0,insufficient,8.6,8.0,7.0,1.0,1.0,,,,,https://tibia.fandom.com/wiki/Loot_Statistics:Lizard_Gate_Guardian,1172317.0,2026-04-05T15:42:13Z,2026-08-02T17:23:20.466395+00:00,boss_separate,False,TibiaWiki/Bosstiary boss; emitted value retained only in boss series
cr_e2154fcb16c6,The Forgemaster,the forgemaster,The Forgemaster,1,8968,2025-12-05,2026-07-30,85,False,False,False,False,False,https://tibia.fandom.com/wiki/The_Forgemaster,1177433.0,2026-04-22T05:23:31Z,,absent,,,,,,,,,,,,,,,,missing_loot_table,False,no current empirical Loot2 table matched; no value imputed
cr_7a2372733b47,The Sinister Hermit,the sinister hermit,The Sinister Hermit,1,8954,2025-12-05,2026-07-30,84,False,False,False,False,False,https://tibia.fandom.com/wiki/The_Sinister_Hermit,904800.0,2022-02-14T14:36:27Z,,absent,,,,,,,,,,,,,,,,missing_loot_table,False,no current empirical Loot2 table matched; no value imputed
cr_30a7213cbb84,Melting Frozen Horror,melting frozen horror,Melting Frozen Horror,1,8940,2025-12-05,2026-07-30,93,True,False,False,False,False,https://tibia.fandom.com/wiki/Melting_Frozen_Horror,1140908.0,2025-11-08T17:55:43Z,Melting Frozen Horror,insufficient_sample,77.0,insufficient,13.30.14423,40.0,28.0,12.0,1.0,,,,,https://tibia.fandom.com/wiki/Loot_Statistics:Melting_Frozen_Horror,1196694.0,2026-07-17T18:35:44Z,2026-08-02T17:23:20.466395+00:00,boss_separate,False,TibiaWiki/Bosstiary boss; emitted value retained only in boss series
cr_4e18bf97f826,soul reaper,soul reaper,soul reapers,1,8865,2025-12-05,2026-07-30,66,False,False,False,False,False,,,,,absent,,,,,,,,,,,,,,,,missing_loot_table,False,no current empirical Loot2 table matched; no value imputed
cr_dc43155f8522,memory of an insectoid,memory of an insectoid,memories of an insectoid,1,8830,2025-12-05,2026-07-30,87,False,False,False,False,False,,,,Memory of an Insectoid,insufficient_sample,29.0,insufficient,12.85.11542,4.0,2.0,2.0,1.0,,,,,https://tibia.fandom.com/wiki/Loot_Statistics:Memory_of_an_Insectoid,1160062.0,2026-02-01T21:26:45Z,2026-08-02T17:23:20.466395+00:00,insufficient_sample,False,empirical loot sample below 100 kills
cr_62994d67c780,The Souldespoiler,the souldespoiler,The Souldespoiler,1,8716,2025-12-05,2026-07-30,84,True,False,False,False,False,https://tibia.fandom.com/wiki/The_Souldespoiler,1140950.0,2025-11-08T17:59:28Z,The Souldespoiler,insufficient_sample,62.0,insufficient,13.30.14423,35.0,27.0,8.0,1.0,,,,,https://tibia.fandom.com/wiki/Loot_Statistics:The_Souldespoiler,1185873.0,2026-05-16T20:17:05Z,2026-08-02T17:23:20.466395+00:00,boss_separate,False,TibiaWiki/Bosstiary boss; emitted value retained only in boss series
cr_910bb25cc651,Shadowstalker,shadowstalker,Shadowstalker,1,8704,2025-12-05,2026-07-30,76,True,False,False,False,False,https://tibia.fandom.com/wiki/Shadowstalker,1116402.0,2025-07-26T12:48:09Z,Shadowstalker,insufficient_sample,85.0,insufficient,9.5,13.0,10.0,3.0,1.0,,,,,https://tibia.fandom.com/wiki/Loot_Statistics:Shadowstalker,1167957.0,2026-03-17T23:19:08Z,2026-08-02T17:23:20.466395+00:00,boss_separate,False,TibiaWiki/Bosstiary boss; emitted value retained only in boss series
cr_b0de0c16e582,shimmying butterfly,shimmying butterfly,shimmying butterflies,1,8669,2025-12-05,2026-07-30,76,False,False,False,False,False,,,,Shimmying Butterfly,insufficient_sample,91.0,insufficient,8.6,0.0,0.0,0.0,1.0,,,,,https://tibia.fandom.com/wiki/Loot_Statistics:Shimmying_Butterfly,904603.0,2022-02-12T16:06:50Z,2026-08-02T17:23:20.466395+00:00,insufficient_sample,False,empirical loot sample below 100 kills
cr_1d3fa218636d,The Unarmored Voidborn,the unarmored voidborn,The Unarmored Voidborn,1,8547,2025-12-05,2026-07-30,86,True,False,False,False,False,https://tibia.fandom.com/wiki/The_Unarmored_Voidborn,1140953.0,2025-11-08T17:59:33Z,The Unarmored Voidborn,insufficient_sample,84.0,insufficient,13.30.14423,38.0,31.0,7.0,1.0,,,,,https://tibia.fandom.com/wiki/Loot_Statistics:The_Unarmored_Voidborn,1187582.0,2026-05-28T13:29:05Z,2026-08-02T17:23:20.466395+00:00,boss_separate,False,TibiaWiki/Bosstiary boss; emitted value retained only in boss series
cr_f92282455b19,Plagirath,plagirath,Plagirath,1,8539,2025-12-05,2026-07-30,91,True,False,False,False,False,https://tibia.fandom.com/wiki/Plagirath,1140913.0,2025-11-08T17:55:51Z,Plagirath,insufficient_sample,43.0,insufficient,13.30.14423,36.0,31.0,5.0,1.0,,,,,https://tibia.fandom.com/wiki/Loot_Statistics:Plagirath,1185871.0,2026-05-16T20:16:14Z,2026-08-02T17:23:20.466395+00:00,boss_separate,False,TibiaWiki/Bosstiary boss; emitted value retained only in boss series
cr_83184585e780,Chopper,chopper,Chopper,1,8397,2025-12-05,2026-07-30,77,True,False,False,False,False,https://tibia.fandom.com/wiki/Chopper,1123374.0,2025-08-23T07:11:40Z,Chopper,insufficient_sample,89.0,insufficient,9.5,13.0,10.0,3.0,1.0,,,,,https://tibia.fandom.com/wiki/Loot_Statistics:Chopper,1163273.0,2026-02-17T05:42:17Z,2026-08-02T17:23:20.466395+00:00,boss_separate,False,TibiaWiki/Bosstiary boss; emitted value retained only in boss series
cr_cb869774a5cc,quara kindler,quara kindler,quara kindlers,1,8383,2025-12-05,2026-07-30,70,False,False,False,False,False,,,,Quara Kindler,insufficient_sample,9.0,insufficient,8.6,0.0,0.0,0.0,1.0,,,,,https://tibia.fandom.com/wiki/Loot_Statistics:Quara_Kindler,1080785.0,2024-11-01T13:34:57Z,2026-08-02T17:23:20.466395+00:00,insufficient_sample,False,empirical loot sample below 100 kills
cr_f5ab3b055416,Gralvalon,gralvalon,Gralvalon,1,8176,2025-12-05,2026-07-30,76,True,False,False,False,False,https://tibia.fandom.com/wiki/Gralvalon,1178767.0,2026-04-25T16:31:54Z,Gralvalon,complete,107.0,low,8.6,14.0,8.0,6.0,1.0,100.0,2280.373831775701,2380.373831775701,100.0,https://tibia.fandom.com/wiki/Loot_Statistics:Gralvalon,1197133.0,2026-07-20T02:28:08Z,2026-08-02T17:23:20.466395+00:00,boss_separate,False,TibiaWiki/Bosstiary boss; emitted value retained only in boss series
cr_33a5c580dac4,The Armored Voidborn,the armored voidborn,The Armored Voidborn,1,8120,2025-12-05,2026-07-30,86,True,False,False,False,False,https://tibia.fandom.com/wiki/The_Armored_Voidborn,1116457.0,2025-07-26T12:49:45Z,,absent,,,,,,,,,,,,,,,,boss_separate,False,TibiaWiki/Bosstiary boss; emitted value retained only in boss series
cr_082e8ffd153b,Mezlon the Defiler,mezlon the defiler,Mezlon The Defiler,1,8117,2025-12-05,2026-07-30,86,False,False,False,False,False,https://tibia.fandom.com/wiki/Mezlon_the_Defiler,1116585.0,2025-07-26T12:53:27Z,,absent,,,,,,,,,,,,,,,,missing_loot_table,False,no current empirical Loot2 table matched; no value imputed
cr_c06c6bc0ec8c,Dorokoll the Mystic,dorokoll the mystic,Dorokoll The Mystic,1,8112,2025-12-05,2026-07-30,86,False,False,False,False,False,https://tibia.fandom.com/wiki/Dorokoll_the_Mystic,1116650.0,2025-07-26T12:54:58Z,,absent,,,,,,,,,,,,,,,,missing_loot_table,False,no current empirical Loot2 table matched; no value imputed
cr_86e502bd6e0f,Eshtaba the Conjurer,eshtaba the conjurer,Eshtaba The Conjurer,1,8108,2025-12-05,2026-07-30,86,False,False,False,False,False,https://tibia.fandom.com/wiki/Eshtaba_the_Conjurer,1116651.0,2025-07-26T12:54:59Z,,absent,,,,,,,,,,,,,,,,missing_loot_table,False,no current empirical Loot2 table matched; no value imputed
cr_d889621f0f14,Malkhar Deathbringer,malkhar deathbringer,Malkhar Deathbringer,1,8107,2025-12-05,2026-07-30,86,False,False,False,False,False,https://tibia.fandom.com/wiki/Malkhar_Deathbringer,1116652.0,2025-07-26T12:55:01Z,,absent,,,,,,,,,,,,,,,,missing_loot_table,False,no current empirical Loot2 table matched; no value imputed
cr_799297f4a0a2,frost servant,frost servant,frost servants,1,8093,2025-12-05,2026-07-30,91,False,False,False,False,False,,,,Frost Servant,insufficient_sample,47.0,insufficient,8.6,0.0,0.0,0.0,1.0,,,,,https://tibia.fandom.com/wiki/Loot_Statistics:Frost_Servant,1105603.0,2025-06-16T09:16:47Z,2026-08-02T17:23:20.466395+00:00,insufficient_sample,False,empirical loot sample below 100 kills
cr_1d1e977bdba5,Eliz the Unyielding,eliz the unyielding,Eliz The Unyielding,1,8088,2025-12-05,2026-07-30,86,False,False,False,False,False,https://tibia.fandom.com/wiki/Eliz_the_Unyielding,1120359.0,2025-08-08T16:15:15Z,,absent,,,,,,,,,,,,,,,,missing_loot_table,False,no current empirical Loot2 table matched; no value imputed
cr_ad8fcf261699,Izcandar Champion of Summer,izcandar champion of summer,Izcandar Champion of Summer,1,8074,2025-12-05,2026-07-30,92,True,False,False,False,False,https://tibia.fandom.com/wiki/Izcandar_Champion_of_Summer,1116550.0,2025-07-26T12:52:26Z,Izcandar Champion of Summer,insufficient_sample,39.0,insufficient,12.86.11580,37.0,26.0,11.0,1.0,,,,,https://tibia.fandom.com/wiki/Loot_Statistics:Izcandar_Champion_of_Summer,1170403.0,2026-03-24T12:42:13Z,2026-08-02T17:23:20.466395+00:00,boss_separate,False,TibiaWiki/Bosstiary boss; emitted value retained only in boss series
cr_91f9a53dd8bc,Essence of Malice,essence of malice,Essence Of Malice,1,7988,2025-12-05,2026-07-30,86,True,False,False,False,False,https://tibia.fandom.com/wiki/Essence_of_Malice,1195340.0,2026-07-11T21:14:09Z,Essence of Malice,insufficient_sample,75.0,insufficient,13.30.14423,39.0,31.0,8.0,1.0,,,,,https://tibia.fandom.com/wiki/Loot_Statistics:Essence_of_Malice,1187572.0,2026-05-28T13:28:47Z,2026-08-02T17:23:20.466395+00:00,boss_separate,False,TibiaWiki/Bosstiary boss; emitted value retained only in boss series
cr_842f1136c09e,animated mummy,animated mummy,animated mummies,1,7955,2025-12-05,2026-07-30,87,False,False,False,False,False,,,,Animated Mummy,complete,160.0,low,8.6,10.0,10.0,0.0,1.0,0.34375,26.15,26.49375,0.34375,https://tibia.fandom.com/wiki/Loot_Statistics:Animated_Mummy,1129199.0,2025-09-20T15:10:33Z,2026-08-02T17:23:20.466395+00:00,modeled,True,
cr_e6a1e67f5b27,unbound defiler,unbound defiler,unbound defilers,1,7868,2025-12-05,2026-07-30,91,False,False,False,False,False,,,,Unbound Defiler,insufficient_sample,43.0,insufficient,8.6,0.0,0.0,0.0,1.0,,,,,https://tibia.fandom.com/wiki/Loot_Statistics:Unbound_Defiler,1197799.0,2026-07-26T18:00:40Z,2026-08-02T17:23:20.466395+00:00,insufficient_sample,False,empirical loot sample below 100 kills
cr_0c441cdc1ea2,Cublarc the Plunderer,cublarc the plunderer,Cublarc the Plunderer,1,7760,2025-12-05,2026-07-30,93,True,False,False,False,False,https://tibia.fandom.com/wiki/Cublarc_the_Plunderer,1181414.0,2026-05-02T20:44:40Z,Cublarc the Plunderer,complete,171.0,low,8.6,9.0,9.0,0.0,1.0,0.5380116959064327,461.66666666666663,462.2046783625731,0.5380116959064327,https://tibia.fandom.com/wiki/Loot_Statistics:Cublarc_the_Plunderer,1184464.0,2026-05-12T09:25:35Z,2026-08-02T17:23:20.466395+00:00,boss_separate,False,TibiaWiki/Bosstiary boss; emitted value retained only in boss series
cr_cc4c29baedcc,crustacea gigantica,crustacea gigantica,crustaceae giganticae,1,7725,2025-12-05,2026-07-30,93,False,False,False,False,False,,,,Crustacea Gigantica,complete,113.0,low,8.6,5.0,3.0,2.0,1.0,0.9823008849557522,42.92035398230089,43.90265486725664,0.9823008849557522,https://tibia.fandom.com/wiki/Loot_Statistics:Crustacea_Gigantica,1112525.0,2025-07-22T15:39:48Z,2026-08-02T17:23:20.466395+00:00,modeled,True,
cr_209c62bc3723,Furious Scorpion,furious scorpion,Furious Scorpion,1,7564,2025-12-05,2026-07-30,92,False,False,False,False,False,https://tibia.fandom.com/wiki/Furious_Scorpion,1116524.0,2025-07-26T12:51:42Z,Furious Scorpion,insufficient_sample,51.0,insufficient,8.6,7.0,6.0,1.0,1.0,,,,,https://tibia.fandom.com/wiki/Loot_Statistics:Furious_Scorpion,1125683.0,2025-09-02T11:20:20Z,2026-08-02T17:23:20.466395+00:00,insufficient_sample,False,empirical loot sample below 100 kills
cr_a2c8c9e0f130,Azerus,azerus,Azerus,1,7556,2025-12-05,2026-07-30,93,True,False,False,False,False,https://tibia.fandom.com/wiki/Azerus,1114670.0,2025-07-26T10:06:00Z,,absent,,,,,,,,,,,,,,,,boss_separate,False,TibiaWiki/Bosstiary boss; emitted value retained only in boss series
cr_95c80812bda7,herd weevil,herd weevil,herd weevils,1,7522,2025-12-05,2026-07-30,86,False,False,False,False,False,,,,Herd Weevil,insufficient_sample,59.0,insufficient,8.6,0.0,0.0,0.0,1.0,,,,,https://tibia.fandom.com/wiki/Loot_Statistics:Herd_Weevil,1124752.0,2025-08-30T17:28:22Z,2026-08-02T17:23:20.466395+00:00,insufficient_sample,False,empirical loot sample below 100 kills
cr_7406e1bc47f8,grove guardian,grove guardian,grove guardians,1,7510,2025-12-05,2026-07-30,73,False,False,False,False,False,,,,Grove Guardian,insufficient_sample,15.0,insufficient,8.6,2.0,2.0,0.0,1.0,,,,,https://tibia.fandom.com/wiki/Loot_Statistics:Grove_Guardian,1124748.0,2025-08-30T17:28:18Z,2026-08-02T17:23:20.466395+00:00,insufficient_sample,False,empirical loot sample below 100 kills
cr_ba86fe0079d6,The Lord of the Lice,the lord of the lice,The Lord of the Lice,1,7509,2025-12-05,2026-07-30,92,True,False,False,False,False,https://tibia.fandom.com/wiki/The_Lord_of_the_Lice,1055678.0,2024-03-19T12:05:26Z,The Lord of the Lice,complete,434.0,low,12.86.11580,11.0,8.0,3.0,1.0,100.0,989.7465437788018,1089.7465437788019,100.0,https://tibia.fandom.com/wiki/Loot_Statistics:The_Lord_of_the_Lice,1170479.0,2026-03-24T12:45:04Z,2026-08-02T17:23:20.466395+00:00,boss_separate,False,TibiaWiki/Bosstiary boss; emitted value retained only in boss series
cr_1b37ab0bee0e,Cave Spider,cave spider,Cave Spider,1,7491,2025-12-05,2026-07-30,92,True,False,False,False,False,https://tibia.fandom.com/wiki/Cave_Spider,1181437.0,2026-05-02T20:45:13Z,Cave Spider,insufficient_sample,14.0,insufficient,8.6,6.0,5.0,1.0,1.0,,,,,https://tibia.fandom.com/wiki/Loot_Statistics:Cave_Spider,1190458.0,2026-06-19T21:28:43Z,2026-08-02T17:23:20.466395+00:00,boss_separate,False,TibiaWiki/Bosstiary boss; emitted value retained only in boss series
cr_695a801c3fca,memory of a scarab,memory of a scarab,memories of a scarab,1,7447,2025-12-05,2026-07-30,84,False,False,False,False,False,,,,Memory of a Scarab,insufficient_sample,27.0,insufficient,12.85.11542,9.0,8.0,1.0,1.0,,,,,https://tibia.fandom.com/wiki/Loot_Statistics:Memory_of_a_Scarab,1160056.0,2026-02-01T21:26:41Z,2026-08-02T17:23:20.466395+00:00,insufficient_sample,False,empirical loot sample below 100 kills
cr_a55b20c1d5ea,The Ravager,the ravager,The Ravager,1,7340,2025-12-05,2026-07-30,90,True,False,False,False,False,https://tibia.fandom.com/wiki/The_Ravager,1186617.0,2026-05-21T17:22:43Z,The Ravager,complete,384.0,low,10.5,12.0,7.0,5.0,1.0,100.0,587.8125,687.8125,100.0,https://tibia.fandom.com/wiki/Loot_Statistics:The_Ravager,1187249.0,2026-05-24T21:11:55Z,2026-08-02T17:23:20.466395+00:00,boss_separate,False,TibiaWiki/Bosstiary boss; emitted value retained only in boss series
cr_c081eb1db5e3,Rotspit,rotspit,Rotspit,1,7321,2025-12-05,2026-07-30,76,True,False,False,False,False,https://tibia.fandom.com/wiki/Rotspit,1116403.0,2025-07-26T12:48:11Z,Rotspit,insufficient_sample,61.0,insufficient,9.5,14.0,10.0,4.0,1.0,,,,,https://tibia.fandom.com/wiki/Loot_Statistics:Rotspit,1162913.0,2026-02-15T12:31:27Z,2026-08-02T17:23:20.466395+00:00,boss_separate,False,TibiaWiki/Bosstiary boss; emitted value retained only in boss series
cr_811ef3edcbbf,Stonecracker,stonecracker,Stonecracker,1,7128,2025-12-05,2026-07-30,92,True,False,False,False,False,https://tibia.fandom.com/wiki/Stonecracker,1171714.0,2026-03-31T14:47:34Z,Stonecracker,insufficient_sample,45.0,insufficient,9.5,11.0,10.0,1.0,1.0,,,,,https://tibia.fandom.com/wiki/Loot_Statistics:Stonecracker,1167274.0,2026-03-14T20:11:43Z,2026-08-02T17:23:20.466395+00:00,boss_separate,False,TibiaWiki/Bosstiary boss; emitted value retained only in boss series
cr_53c99092f33f,The Horned Fox,the horned fox,The Horned Fox,1,6922,2025-12-05,2026-07-30,93,True,False,False,False,False,https://tibia.fandom.com/wiki/The_Horned_Fox,1181228.0,2026-05-02T16:28:57Z,The Horned Fox,insufficient_sample,32.0,insufficient,8.6,13.0,10.0,3.0,1.0,,,,,https://tibia.fandom.com/wiki/Loot_Statistics:The_Horned_Fox,780868.0,2019-12-20T22:29:51Z,2026-08-02T17:23:20.466395+00:00,boss_separate,False,TibiaWiki/Bosstiary boss; emitted value retained only in boss series
cr_474188d5e860,memory of a lizard,memory of a lizard,memories of a lizard,1,6765,2025-12-05,2026-07-30,82,False,False,False,False,False,,,,Memory of a Lizard,insufficient_sample,40.0,insufficient,12.85.11542,7.0,5.0,2.0,1.0,,,,,https://tibia.fandom.com/wiki/Loot_Statistics:Memory_of_a_Lizard,1057620.0,2024-04-12T09:22:14Z,2026-08-02T17:23:20.466395+00:00,insufficient_sample,False,empirical loot sample below 100 kills
cr_2e40a123efc8,Leviathan,leviathan,Leviathan,1,6749,2025-12-05,2026-07-30,92,True,False,False,False,False,https://tibia.fandom.com/wiki/Leviathan,1116319.0,2025-07-26T12:45:42Z,Leviathan,complete,139.0,low,9.2,10.0,5.0,5.0,1.0,83.45323741007195,18593.525179856115,18676.978417266186,83.45323741007195,https://tibia.fandom.com/wiki/Loot_Statistics:Leviathan,1165229.0,2026-02-28T22:34:38Z,2026-08-02T17:23:20.466395+00:00,boss_separate,False,TibiaWiki/Bosstiary boss; emitted value retained only in boss series
cr_2f537dcca890,memory of an amazon,memory of an amazon,memories of an amazon,1,6718,2025-12-05,2026-07-30,86,False,False,False,False,False,,,,Memory of an Amazon,insufficient_sample,43.0,insufficient,12.85.11542,6.0,4.0,2.0,1.0,,,,,https://tibia.fandom.com/wiki/Loot_Statistics:Memory_of_an_Amazon,1160061.0,2026-02-01T21:26:44Z,2026-08-02T17:23:20.466395+00:00,insufficient_sample,False,empirical loot sample below 100 kills
cr_bff8bf9af27d,Sharptooth,sharptooth,Sharptooth,1,6703,2025-12-05,2026-07-30,92,True,False,False,False,False,https://tibia.fandom.com/wiki/Sharptooth,1056394.0,2024-03-26T09:17:32Z,Sharptooth,insufficient_sample,20.0,insufficient,8.6,2.0,1.0,1.0,1.0,,,,,https://tibia.fandom.com/wiki/Loot_Statistics:Sharptooth,1102570.0,2025-05-09T12:32:25Z,2026-08-02T17:23:20.466395+00:00,boss_separate,False,TibiaWiki/Bosstiary boss; emitted value retained only in boss series
cr_e011423bb234,Tiquandas Revenge,tiquandas revenge,Tiquandas Revenge,1,6689,2025-12-05,2026-07-30,93,True,False,False,False,False,https://tibia.fandom.com/wiki/Tiquandas_Revenge,1181684.0,2026-05-02T22:35:59Z,Tiquandas Revenge,insufficient_sample,51.0,insufficient,8.6,7.0,6.0,1.0,1.0,,,,,https://tibia.fandom.com/wiki/Loot_Statistics:Tiquandas_Revenge,1183596.0,2026-05-08T20:12:10Z,2026-08-02T17:23:20.466395+00:00,boss_separate,False,TibiaWiki/Bosstiary boss; emitted value retained only in boss series
cr_79756d962e9b,Shulgrax,shulgrax,Shulgrax,1,6666,2025-12-05,2026-07-30,91,True,False,False,False,False,https://tibia.fandom.com/wiki/Shulgrax,1140923.0,2025-11-08T17:56:05Z,Shulgrax,insufficient_sample,35.0,insufficient,13.30.14423,33.0,28.0,5.0,1.0,,,,,https://tibia.fandom.com/wiki/Loot_Statistics:Shulgrax,1185891.0,2026-05-16T20:25:16Z,2026-08-02T17:23:20.466395+00:00,boss_separate,False,TibiaWiki/Bosstiary boss; emitted value retained only in boss series
cr_a971d5fc2d3c,Death Priest Shargon,death priest shargon,Death Priest Shargon,1,6660,2025-12-05,2026-07-30,83,True,False,False,False,False,https://tibia.fandom.com/wiki/Death_Priest_Shargon,1186615.0,2026-05-21T17:16:12Z,Death Priest Shargon,complete,784.0,low,10.5,11.0,7.0,4.0,1.0,101.0,3641.071428571429,3742.071428571429,101.0,https://tibia.fandom.com/wiki/Loot_Statistics:Death_Priest_Shargon,1110389.0,2025-07-14T06:37:39Z,2026-08-02T17:23:20.466395+00:00,boss_separate,False,TibiaWiki/Bosstiary boss; emitted value retained only in boss series
cr_61f261f0c2bb,Irahsae,irahsae,Irahsae,1,6635,2025-12-05,2026-07-30,79,True,True,False,False,False,https://tibia.fandom.com/wiki/Irahsae,1181508.0,2026-05-02T20:53:07Z,Irahsae,insufficient_sample,28.0,insufficient,12.50.10135,1.0,1.0,0.0,1.0,,,,,https://tibia.fandom.com/wiki/Loot_Statistics:Irahsae,1170401.0,2026-03-24T12:42:07Z,2026-08-02T17:23:20.466395+00:00,boss_separate,False,TibiaWiki/Bosstiary boss; emitted value retained only in boss series
cr_94d0154d83f5,mean minion,mean minion,mean minions,1,6627,2025-12-05,2026-07-30,78,False,False,False,False,False,,,,,absent,,,,,,,,,,,,,,,,missing_loot_table,False,no current empirical Loot2 table matched; no value imputed
cr_409a4ac34c02,reflection of a Mage,reflection of a mage,reflections of a Mage,1,6454,2025-12-05,2026-07-30,92,False,False,False,False,False,https://tibia.fandom.com/wiki/Reflection_of_a_Mage,1176228.0,2026-04-21T15:14:06Z,Reflection of a Mage,insufficient_sample,24.0,insufficient,12.86.11580,11.0,7.0,4.0,1.0,,,,,https://tibia.fandom.com/wiki/Loot_Statistics:Reflection_of_a_Mage,1193642.0,2026-07-01T15:38:05Z,2026-08-02T17:23:20.466395+00:00,insufficient_sample,False,empirical loot sample below 100 kills
cr_c4ff415ed0c4,Tarbaz,tarbaz,Tarbaz,1,6454,2025-12-05,2026-07-30,90,True,False,False,False,False,https://tibia.fandom.com/wiki/Tarbaz,1140929.0,2025-11-08T17:56:14Z,Tarbaz,insufficient_sample,38.0,insufficient,13.30.14423,38.0,32.0,6.0,1.0,,,,,https://tibia.fandom.com/wiki/Loot_Statistics:Tarbaz,1170458.0,2026-03-24T12:44:15Z,2026-08-02T17:23:20.466395+00:00,boss_separate,False,TibiaWiki/Bosstiary boss; emitted value retained only in boss series
cr_2cd6b55c3e70,Zamulosh,zamulosh,Zamulosh,1,6448,2025-12-05,2026-07-30,90,True,False,False,False,False,https://tibia.fandom.com/wiki/Zamulosh,1181434.0,2026-05-02T20:45:08Z,Zamulosh,insufficient_sample,27.0,insufficient,13.30.14423,33.0,28.0,5.0,1.0,,,,,https://tibia.fandom.com/wiki/Loot_Statistics:Zamulosh,1170514.0,2026-03-24T12:46:21Z,2026-08-02T17:23:20.466395+00:00,boss_separate,False,TibiaWiki/Bosstiary boss; emitted value retained only in boss series
cr_d2325ef6397f,Splasher,splasher,Splasher,1,6437,2025-12-05,2026-07-30,92,True,False,False,False,False,https://tibia.fandom.com/wiki/Splasher,1181470.0,2026-05-02T20:50:56Z,Splasher,insufficient_sample,20.0,insufficient,8.6,1.0,1.0,0.0,1.0,,,,,https://tibia.fandom.com/wiki/Loot_Statistics:Splasher,1102572.0,2025-05-09T12:32:28Z,2026-08-02T17:23:20.466395+00:00,boss_separate,False,TibiaWiki/Bosstiary boss; emitted value retained only in boss series
cr_7c80b018e75c,rootthing conservator,rootthing conservator,rootthing conservators,1,6340,2025-12-05,2026-07-30,71,False,False,False,False,False,,,,Rootthing Conservator,insufficient_sample,1.0,insufficient,8.6,0.0,0.0,0.0,1.0,,,,,https://tibia.fandom.com/wiki/Loot_Statistics:Rootthing_Conservator,1093647.0,2025-03-03T14:40:41Z,2026-08-02T17:23:20.466395+00:00,insufficient_sample,False,empirical loot sample below 100 kills
cr_9bfd99f9e2f1,Esmeralda,esmeralda,Esmeralda,1,6306,2025-12-05,2026-07-30,92,True,False,False,False,False,https://tibia.fandom.com/wiki/Esmeralda,1181267.0,2026-05-02T16:29:42Z,Esmeralda,insufficient_sample,83.0,insufficient,9.2,11.0,11.0,0.0,1.0,,,,,https://tibia.fandom.com/wiki/Loot_Statistics:Esmeralda,1184780.0,2026-05-13T17:31:44Z,2026-08-02T17:23:20.466395+00:00,boss_separate,False,TibiaWiki/Bosstiary boss; emitted value retained only in boss series
cr_9a34bcb43dfb,strong glooth horror,strong glooth horror,strong glooth horror,1,6260,2025-12-05,2026-07-30,70,False,False,False,False,False,,,,,absent,,,,,,,,,,,,,,,,missing_loot_table,False,no current empirical Loot2 table matched; no value imputed
cr_5cb5bf3073ef,Ragiaz,ragiaz,Ragiaz,1,6097,2025-12-05,2026-07-30,90,True,False,False,False,False,https://tibia.fandom.com/wiki/Ragiaz,1178432.0,2026-04-24T22:59:29Z,Ragiaz,insufficient_sample,36.0,insufficient,13.30.14423,32.0,27.0,5.0,1.0,,,,,https://tibia.fandom.com/wiki/Loot_Statistics:Ragiaz,1185869.0,2026-05-16T20:15:41Z,2026-08-02T17:23:20.466395+00:00,boss_separate,False,TibiaWiki/Bosstiary boss; emitted value retained only in boss series
cr_4311ce40c74d,Inky,inky,Inky,1,6097,2025-12-05,2026-07-30,92,True,False,False,False,False,https://tibia.fandom.com/wiki/Inky,1181680.0,2026-05-02T22:33:35Z,Inky,insufficient_sample,18.0,insufficient,8.6,1.0,1.0,0.0,1.0,,,,,https://tibia.fandom.com/wiki/Loot_Statistics:Inky,1102552.0,2025-05-09T12:31:52Z,2026-08-02T17:23:20.466395+00:00,boss_separate,False,TibiaWiki/Bosstiary boss; emitted value retained only in boss series
cr_b322703f3160,Razzagorn,razzagorn,Razzagorn,1,6060,2025-12-05,2026-07-30,90,True,False,False,False,False,https://tibia.fandom.com/wiki/Razzagorn,1140917.0,2025-11-08T17:55:57Z,Razzagorn,insufficient_sample,38.0,insufficient,13.30.14423,31.0,26.0,5.0,1.0,,,,,https://tibia.fandom.com/wiki/Loot_Statistics:Razzagorn,1185883.0,2026-05-16T20:21:55Z,2026-08-02T17:23:20.466395+00:00,boss_separate,False,TibiaWiki/Bosstiary boss; emitted value retained only in boss series
cr_b3b08fe201d5,reflection of Mawhawk,reflection of mawhawk,reflections of Mawhawk,1,6027,2025-12-05,2026-07-30,92,False,False,False,False,False,https://tibia.fandom.com/wiki/Reflection_of_Mawhawk,1176230.0,2026-04-21T15:17:12Z,Reflection of Mawhawk,insufficient_sample,24.0,insufficient,12.86.11580,8.0,6.0,2.0,1.0,,,,,https://tibia.fandom.com/wiki/Loot_Statistics:Reflection_of_Mawhawk,1193640.0,2026-07-01T15:37:56Z,2026-08-02T17:23:20.466395+00:00,insufficient_sample,False,empirical loot sample below 100 kills
cr_df90667392f3,memory of a banshee,memory of a banshee,memories of a banshee,1,6026,2025-12-05,2026-07-30,86,False,False,False,False,False,,,,Memory of a Banshee,insufficient_sample,16.0,insufficient,12.85.11542,5.0,4.0,1.0,1.0,,,,,https://tibia.fandom.com/wiki/Loot_Statistics:Memory_of_a_Banshee,1170035.0,2026-03-24T12:28:59Z,2026-08-02T17:23:20.466395+00:00,insufficient_sample,False,empirical loot sample below 100 kills
cr_9926a11d1d7b,Izcandar Champion of Winter,izcandar champion of winter,Izcandar Champion of Winter,1,5905,2025-12-05,2026-07-30,92,True,False,False,False,False,https://tibia.fandom.com/wiki/Izcandar_Champion_of_Winter,1116549.0,2025-07-26T12:52:24Z,Izcandar Champion of Winter,insufficient_sample,22.0,insufficient,12.86.11580,39.0,26.0,13.0,1.0,,,,,https://tibia.fandom.com/wiki/Loot_Statistics:Izcandar_Champion_of_Winter,1170404.0,2026-03-24T12:42:15Z,2026-08-02T17:23:20.466395+00:00,boss_separate,False,TibiaWiki/Bosstiary boss; emitted value retained only in boss series
cr_2d56163f2232,Hellgorak,hellgorak,Hellgorak,1,5883,2025-12-05,2026-07-30,93,True,False,False,False,False,https://tibia.fandom.com/wiki/Hellgorak,1179233.0,2026-04-26T18:04:08Z,Hellgorak,complete,2001.0,medium,8.6,46.0,36.0,10.0,1.0,21.089955022488756,20229.70014992503,20250.79010494752,21.089955022488756,https://tibia.fandom.com/wiki/Loot_Statistics:Hellgorak,1188984.0,2026-06-12T19:55:19Z,2026-08-02T17:23:20.466395+00:00,boss_separate,False,TibiaWiki/Bosstiary boss; emitted value retained only in boss series
cr_c4ed14e2020d,Lisa,lisa,Lisa,1,5845,2025-12-05,2026-07-30,49,True,False,False,False,False,https://tibia.fandom.com/wiki/Lisa,1107900.0,2025-07-02T18:13:26Z,Lisa,insufficient_sample,53.0,insufficient,12.86.11580,23.0,16.0,7.0,1.0,,,,,https://tibia.fandom.com/wiki/Loot_Statistics:Lisa,1127965.0,2025-09-12T15:02:48Z,2026-08-02T17:23:20.466395+00:00,boss_separate,False,TibiaWiki/Bosstiary boss; emitted value retained only in boss series
cr_695269f117a2,Izcandar the Banished,izcandar the banished,Izcandar the Banished,1,5806,2025-12-05,2026-07-30,92,True,False,False,False,False,https://tibia.fandom.com/wiki/Izcandar_the_Banished,1116548.0,2025-07-26T12:52:22Z,Izcandar the Banished,insufficient_sample,49.0,insufficient,12.86.11580,41.0,28.0,13.0,1.0,,,,,https://tibia.fandom.com/wiki/Loot_Statistics:Izcandar_the_Banished,1170405.0,2026-03-24T12:42:17Z,2026-08-02T17:23:20.466395+00:00,boss_separate,False,TibiaWiki/Bosstiary boss; emitted value retained only in boss series
cr_580dcdec6a76,devoted radiant templar,devoted radiant templar,devoted radiant templars,1,5772,2026-07-13,2026-07-30,11,False,False,False,False,False,,,,Devoted Radiant Templar,complete,162.0,low,8.6,2.0,0.0,2.0,1.0,0.0,0.0,0.0,0.0,https://tibia.fandom.com/wiki/Loot_Statistics:Devoted_Radiant_Templar,1198093.0,2026-07-29T03:32:04Z,2026-08-02T17:23:20.466395+00:00,modeled,True,
cr_903a5a572638,Pythius the Rotten,pythius the rotten,Pythius the Rotten,1,5698,2025-12-05,2026-07-30,91,False,False,False,False,False,https://tibia.fandom.com/wiki/Pythius_the_Rotten,1116696.0,2025-07-26T13:06:27Z,,absent,,,,,,,,,,,,,,,,missing_loot_table,False,no current empirical Loot2 table matched; no value imputed
cr_2dc235fab78e,Teneshpar,teneshpar,Teneshpar,1,5632,2025-12-05,2026-07-30,80,True,True,False,False,False,https://tibia.fandom.com/wiki/Teneshpar,1181374.0,2026-05-02T20:39:05Z,Teneshpar,insufficient_sample,21.0,insufficient,12.50.10135,1.0,1.0,0.0,1.0,,,,,https://tibia.fandom.com/wiki/Loot_Statistics:Teneshpar,998116.0,2023-04-01T12:34:27Z,2026-08-02T17:23:20.466395+00:00,boss_separate,False,TibiaWiki/Bosstiary boss; emitted value retained only in boss series
cr_37b1cad446d9,Demodras,demodras,Demodras,1,5559,2025-12-05,2026-07-30,92,True,False,False,False,False,https://tibia.fandom.com/wiki/Demodras,986288.0,2023-01-02T17:52:14Z,Demodras,complete,120.0,low,8.6,16.0,10.0,6.0,1.0,99.16666666666667,8839.458333333334,8938.625,99.16666666666667,https://tibia.fandom.com/wiki/Loot_Statistics:Demodras,1183613.0,2026-05-08T20:36:12Z,2026-08-02T17:23:20.466395+00:00,boss_separate,False,TibiaWiki/Bosstiary boss; emitted value retained only in boss series
cr_4e626b0f69fa,mystic energy,mystic energy,mystic energy,1,5499,2025-12-05,2026-07-30,81,False,False,False,False,False,,,,,absent,,,,,,,,,,,,,,,,missing_loot_table,False,no current empirical Loot2 table matched; no value imputed
cr_1bf155a5bac0,Mawhawk,mawhawk,Mawhawk,1,5431,2025-12-05,2026-07-30,60,True,False,False,False,False,https://tibia.fandom.com/wiki/Mawhawk,1036064.0,2023-08-18T15:17:51Z,Mawhawk,insufficient_sample,32.0,insufficient,13.30.14423,18.0,16.0,2.0,1.0,,,,,https://tibia.fandom.com/wiki/Loot_Statistics:Mawhawk,1194543.0,2026-07-06T15:09:12Z,2026-08-02T17:23:20.466395+00:00,boss_separate,False,TibiaWiki/Bosstiary boss; emitted value retained only in boss series
cr_3ce8c8232e58,memory of a yalahari,memory of a yalahari,memories of a yalahari,1,5427,2025-12-06,2026-07-30,82,False,False,False,False,False,,,,Memory of a Yalahari,insufficient_sample,57.0,insufficient,12.85.11542,3.0,3.0,0.0,1.0,,,,,https://tibia.fandom.com/wiki/Loot_Statistics:Memory_of_a_Yalahari,1160060.0,2026-02-01T21:26:43Z,2026-08-02T17:23:20.466395+00:00,insufficient_sample,False,empirical loot sample below 100 kills
cr_8c917a9902ce,memory of a hero,memory of a hero,memories of a hero,1,5396,2025-12-05,2026-07-30,82,False,False,False,False,False,,,,Memory of a Hero,insufficient_sample,8.0,insufficient,12.85.11542,7.0,5.0,2.0,1.0,,,,,https://tibia.fandom.com/wiki/Loot_Statistics:Memory_of_a_Hero,1160052.0,2026-02-01T21:26:38Z,2026-08-02T17:23:20.466395+00:00,insufficient_sample,False,empirical loot sample below 100 kills
cr_f36c9f6a7ecf,The Rootkraken,the rootkraken,The Rootkraken,1,5392,2025-12-05,2026-07-30,65,True,False,False,False,False,https://tibia.fandom.com/wiki/The_Rootkraken,1140947.0,2025-11-08T17:59:23Z,The Rootkraken,insufficient_sample,59.0,insufficient,8.6,23.0,15.0,8.0,1.0,,,,,https://tibia.fandom.com/wiki/Loot_Statistics:The_Rootkraken,1128966.0,2025-09-19T03:13:07Z,2026-08-02T17:23:20.466395+00:00,boss_separate,False,TibiaWiki/Bosstiary boss; emitted value retained only in boss series
cr_08e46691a9ec,Obujos,obujos,Obujos,1,5321,2025-12-06,2026-07-30,79,True,False,False,False,False,https://tibia.fandom.com/wiki/Obujos,1179265.0,2026-04-26T18:04:29Z,Obujos,insufficient_sample,2.0,insufficient,12.86.11580,2.0,2.0,0.0,1.0,,,,,https://tibia.fandom.com/wiki/Loot_Statistics:Obujos,1101478.0,2025-05-01T11:55:36Z,2026-08-02T17:23:20.466395+00:00,boss_separate,False,TibiaWiki/Bosstiary boss; emitted value retained only in boss series
cr_710f91dc9e76,devoted radiant zealot,devoted radiant zealot,devoted radiant zealots,1,5296,2026-07-13,2026-07-30,11,False,False,False,False,False,,,,Devoted Radiant Zealot,complete,171.0,low,8.6,3.0,0.0,3.0,1.0,0.0,0.0,0.0,0.0,https://tibia.fandom.com/wiki/Loot_Statistics:Devoted_Radiant_Zealot,1198094.0,2026-07-29T03:32:05Z,2026-08-02T17:23:20.466395+00:00,modeled,True,
cr_c1b1a25a5f25,Twisterror,twisterror,Twisterror,1,5244,2025-12-05,2026-07-30,78,True,False,False,False,False,https://tibia.fandom.com/wiki/Twisterror,1177423.0,2026-04-22T05:14:18Z,Twisterror,complete,135.0,low,8.6,12.0,8.0,4.0,1.0,100.0,1461.6296296296293,1561.6296296296293,100.0,https://tibia.fandom.com/wiki/Loot_Statistics:Twisterror,1197137.0,2026-07-20T02:28:19Z,2026-08-02T17:23:20.466395+00:00,boss_separate,False,TibiaWiki/Bosstiary boss; emitted value retained only in boss series
cr_fa9cfe326833,aggressive chicken,aggressive chicken,aggressive chickens,1,5209,2025-12-05,2026-07-30,92,False,False,False,False,False,,,,Aggressive Chicken,insufficient_sample,27.0,insufficient,8.6,0.0,0.0,0.0,1.0,,,,,https://tibia.fandom.com/wiki/Loot_Statistics:Aggressive_Chicken,1169673.0,2026-03-24T12:16:11Z,2026-08-02T17:23:20.466395+00:00,insufficient_sample,False,empirical loot sample below 100 kills
cr_940623eb4b29,Zanakeph,zanakeph,Zanakeph,1,5153,2025-12-05,2026-07-30,90,True,False,False,False,False,https://tibia.fandom.com/wiki/Zanakeph,1116397.0,2025-07-26T12:48:01Z,Zanakeph,insufficient_sample,89.0,insufficient,9.5,23.0,18.0,5.0,1.0,,,,,https://tibia.fandom.com/wiki/Loot_Statistics:Zanakeph,1142718.0,2025-11-18T06:44:28Z,2026-08-02T17:23:20.466395+00:00,boss_separate,False,TibiaWiki/Bosstiary boss; emitted value retained only in boss series
cr_0ef9ee2ff8eb,Shardhead,shardhead,Shardhead,1,5142,2025-12-05,2026-07-30,92,True,False,False,False,False,https://tibia.fandom.com/wiki/Shardhead,1181481.0,2026-05-02T20:51:12Z,Shardhead,complete,110.0,low,9.2,10.0,9.0,1.0,1.0,74.52727272727272,1322.0,1396.5272727272727,74.52727272727272,https://tibia.fandom.com/wiki/Loot_Statistics:Shardhead,1184890.0,2026-05-13T19:37:08Z,2026-08-02T17:23:20.466395+00:00,boss_separate,False,TibiaWiki/Bosstiary boss; emitted value retained only in boss series
cr_96cbcdfa41a1,blightling,blightling,blightlings,1,5140,2025-12-05,2026-07-30,69,False,False,False,False,False,https://tibia.fandom.com/wiki/Blightling,1087338.0,2024-12-31T17:49:47Z,Blightling,insufficient_sample,1.0,insufficient,8.6,0.0,0.0,0.0,1.0,,,,,https://tibia.fandom.com/wiki/Loot_Statistics:Blightling,1074864.0,2024-08-11T21:32:13Z,2026-08-02T17:23:20.466395+00:00,insufficient_sample,False,empirical loot sample below 100 kills
cr_339cb490bbd1,slippery northern pike,slippery northern pike,slippery northern pikes,1,5127,2025-12-05,2026-07-30,91,False,False,False,False,False,,,,Slippery Northern Pike,insufficient_sample,30.0,insufficient,9.4,1.0,1.0,0.0,1.0,,,,,https://tibia.fandom.com/wiki/Loot_Statistics:Slippery_Northern_Pike,422404.0,2012-02-11T08:34:30Z,2026-08-02T17:23:20.466395+00:00,insufficient_sample,False,empirical loot sample below 100 kills
cr_7209a87689c8,memory of a vampire,memory of a vampire,memories of a vampire,1,5029,2025-12-06,2026-07-30,82,False,False,False,False,False,,,,Memory of a Vampire,insufficient_sample,42.0,insufficient,12.85.11542,7.0,6.0,1.0,1.0,,,,,https://tibia.fandom.com/wiki/Loot_Statistics:Memory_of_a_Vampire,1160057.0,2026-02-01T21:26:41Z,2026-08-02T17:23:20.466395+00:00,insufficient_sample,False,empirical loot sample below 100 kills
cr_a38aa449497b,reflection of Obujos,reflection of obujos,reflections of Obujos,1,5011,2025-12-05,2026-07-30,92,True,False,False,False,False,https://tibia.fandom.com/wiki/Reflection_of_Obujos,1179348.0,2026-04-26T18:05:24Z,Reflection of Obujos,insufficient_sample,7.0,insufficient,12.86.11580,3.0,2.0,1.0,1.0,,,,,https://tibia.fandom.com/wiki/Loot_Statistics:Reflection_of_Obujos,1193641.0,2026-07-01T15:38:00Z,2026-08-02T17:23:20.466395+00:00,boss_separate,False,TibiaWiki/Bosstiary boss; emitted value retained only in boss series
cr_1eae42f5700c,Maw,maw,Maw,1,4961,2025-12-05,2026-07-30,75,True,False,False,False,False,https://tibia.fandom.com/wiki/Maw,1170829.0,2026-03-26T07:40:28Z,Maw,insufficient_sample,81.0,insufficient,9.5,15.0,11.0,4.0,1.0,,,,,https://tibia.fandom.com/wiki/Loot_Statistics:Maw,1180176.0,2026-04-29T04:09:00Z,2026-08-02T17:23:20.466395+00:00,boss_separate,False,TibiaWiki/Bosstiary boss; emitted value retained only in boss series
cr_a5022bf5e754,Scorn of the Emperor,scorn of the emperor,Scorn of the Emperor,1,4959,2025-12-05,2026-07-30,92,True,False,False,False,False,https://tibia.fandom.com/wiki/Scorn_of_the_Emperor,1116354.0,2025-07-26T12:46:43Z,,absent,,,,,,,,,,,,,,,,boss_separate,False,TibiaWiki/Bosstiary boss; emitted value retained only in boss series
cr_d96cb4a532d6,The Mega Magmaoid,the mega magmaoid,The Mega Magmaoid,1,4937,2025-12-05,2026-07-30,79,True,False,False,False,False,https://tibia.fandom.com/wiki/The_Mega_Magmaoid,1140942.0,2025-11-08T17:59:15Z,,absent,,,,,,,,,,,,,,,,boss_separate,False,TibiaWiki/Bosstiary boss; emitted value retained only in boss series
cr_5358ee9e1087,snake god essence,snake god essence,snake god essence,1,4905,2025-12-05,2026-07-30,92,False,False,False,False,False,,,,,absent,,,,,,,,,,,,,,,,missing_loot_table,False,no current empirical Loot2 table matched; no value imputed
cr_42193e7b0c13,The Shatterer,the shatterer,The Shatterer,1,4888,2025-12-05,2026-07-30,90,True,False,False,False,False,https://tibia.fandom.com/wiki/The_Shatterer,1071789.0,2024-07-24T00:50:09Z,The Shatterer,complete,348.0,low,12.86.11580,13.0,10.0,3.0,1.0,100.71264367816092,2328.132183908046,2428.844827586207,100.71264367816092,https://tibia.fandom.com/wiki/Loot_Statistics:The_Shatterer,1126232.0,2025-09-02T11:38:37Z,2026-08-02T17:23:20.466395+00:00,boss_separate,False,TibiaWiki/Bosstiary boss; emitted value retained only in boss series
cr_3d7ab8c25f67,memory of a shaper,memory of a shaper,memories of a shaper,1,4802,2025-12-05,2026-07-30,79,False,False,False,False,False,,,,Memory of a Shaper,insufficient_sample,63.0,insufficient,12.85.11542,12.0,8.0,4.0,1.0,,,,,https://tibia.fandom.com/wiki/Loot_Statistics:Memory_of_a_Shaper,1130186.0,2025-09-26T17:22:52Z,2026-08-02T17:23:20.466395+00:00,insufficient_sample,False,empirical loot sample below 100 kills
cr_8b91db491402,Snake Thing,snake thing,Snake Thing,1,4758,2025-12-05,2026-07-30,92,True,False,False,False,False,https://tibia.fandom.com/wiki/Snake_Thing,1181416.0,2026-05-02T20:44:43Z,,absent,,,,,,,,,,,,,,,,boss_separate,False,TibiaWiki/Bosstiary boss; emitted value retained only in boss series
cr_ba569c84aaa3,Spite of the Emperor,spite of the emperor,Spite of the Emperor,1,4651,2025-12-05,2026-07-30,92,True,False,False,False,False,https://tibia.fandom.com/wiki/Spite_of_the_Emperor,1116355.0,2025-07-26T12:46:45Z,,absent,,,,,,,,,,,,,,,,boss_separate,False,TibiaWiki/Bosstiary boss; emitted value retained only in boss series
cr_9e2faa263e10,thorn lilie,thorn lilie,thorn lilies,1,4457,2025-12-05,2026-07-30,68,False,False,False,False,False,,,,,absent,,,,,,,,,,,,,,,,missing_loot_table,False,no current empirical Loot2 table matched; no value imputed
cr_eff63890b70c,Fury of the Emperor,fury of the emperor,Fury of the Emperor,1,4441,2025-12-05,2026-07-30,92,True,False,False,False,False,https://tibia.fandom.com/wiki/Fury_of_the_Emperor,1116350.0,2025-07-26T12:46:36Z,,absent,,,,,,,,,,,,,,,,boss_separate,False,TibiaWiki/Bosstiary boss; emitted value retained only in boss series
cr_7802ff852a14,The Bloodweb,the bloodweb,The Bloodweb,1,4414,2025-12-05,2026-07-30,92,True,False,False,False,False,https://tibia.fandom.com/wiki/The_Bloodweb,1181497.0,2026-05-02T20:51:34Z,The Bloodweb,complete,134.0,low,9.2,13.0,11.0,2.0,1.0,100.0,5471.567164179104,5571.567164179104,100.0,https://tibia.fandom.com/wiki/Loot_Statistics:The_Bloodweb,1184694.0,2026-05-12T22:45:23Z,2026-08-02T17:23:20.466395+00:00,boss_separate,False,TibiaWiki/Bosstiary boss; emitted value retained only in boss series
cr_09ae9075eead,Yakchal,yakchal,Yakchal,1,4399,2025-12-05,2026-07-30,93,True,False,False,False,False,https://tibia.fandom.com/wiki/Yakchal,1181477.0,2026-05-02T20:51:06Z,Yakchal,complete,168.0,low,8.6,19.0,18.0,1.0,1.0,0.9821428571428571,8704.16666666667,8705.148809523813,0.9821428571428571,https://tibia.fandom.com/wiki/Loot_Statistics:Yakchal,1170512.0,2026-03-24T12:46:17Z,2026-08-02T17:23:20.466395+00:00,boss_separate,False,TibiaWiki/Bosstiary boss; emitted value retained only in boss series
cr_541a418d3248,Lizard Abomination,lizard abomination,Lizard Abomination,1,4398,2025-12-05,2026-07-30,92,True,False,False,False,False,https://tibia.fandom.com/wiki/Lizard_Abomination,1181486.0,2026-05-02T20:51:18Z,,absent,,,,,,,,,,,,,,,,boss_separate,False,TibiaWiki/Bosstiary boss; emitted value retained only in boss series
cr_a7a3e9c5783f,Munster,munster,Munster,1,4367,2025-12-05,2026-07-30,91,True,False,False,False,False,https://tibia.fandom.com/wiki/Munster,855117.0,2021-06-13T12:58:15Z,Munster,complete,282.0,low,8.6,6.0,5.0,1.0,1.0,0.8297872340425532,6.290780141843971,7.120567375886524,0.8297872340425532,https://tibia.fandom.com/wiki/Loot_Statistics:Munster,1193679.0,2026-07-01T15:41:17Z,2026-08-02T17:23:20.466395+00:00,boss_separate,False,TibiaWiki/Bosstiary boss; emitted value retained only in boss series
cr_ec0487a0d249,angry adventurer,angry adventurer,angry adventurers,1,4294,2025-12-05,2026-07-30,80,False,False,False,False,False,,,,Angry Adventurer,complete,160.0,low,9.8,0.0,0.0,0.0,1.0,0.0,0.0,0.0,0.0,https://tibia.fandom.com/wiki/Loot_Statistics:Angry_Adventurer,1166065.0,2026-03-07T19:38:58Z,2026-08-02T17:23:20.466395+00:00,modeled,True,
cr_a2a80df57661,devoted radiant inquisitor,devoted radiant inquisitor,devoted radiant inquisitors,1,4239,2026-07-13,2026-07-30,12,False,False,False,False,False,,,,Devoted Radiant Inquisitor,complete,120.0,low,8.6,3.0,0.0,3.0,1.0,0.0,0.0,0.0,0.0,https://tibia.fandom.com/wiki/Loot_Statistics:Devoted_Radiant_Inquisitor,1198092.0,2026-07-29T03:32:04Z,2026-08-02T17:23:20.466395+00:00,modeled,True,
cr_7b1208afa2c6,wrath of the emperor,wrath of the emperor,Wrath of the Emperor,1,4218,2025-12-05,2026-07-30,92,False,False,False,False,False,,,,,absent,,,,,,,,,,,,,,,,missing_loot_table,False,no current empirical Loot2 table matched; no value imputed
cr_cb003f897655,museum stone golem,museum stone golem,museum stone golems,1,4159,2025-12-05,2026-07-30,91,False,False,False,False,False,,,,Museum Stone Golem,insufficient_sample,33.0,insufficient,8.6,5.0,4.0,1.0,1.0,,,,,https://tibia.fandom.com/wiki/Loot_Statistics:Museum_Stone_Golem,1129287.0,2025-09-20T15:11:53Z,2026-08-02T17:23:20.466395+00:00,insufficient_sample,False,empirical loot sample below 100 kills
cr_6b2c3782bc45,monk familiar,monk familiar,monk familiars,1,4090,2025-12-05,2026-07-30,51,False,False,False,False,False,,,,,absent,,,,,,,,,,,,,,,,missing_loot_table,False,no current empirical Loot2 table matched; no value imputed
cr_f471a21d063d,Horestis,horestis,Horestis,1,4051,2025-12-05,2026-07-30,92,True,True,False,False,False,https://tibia.fandom.com/wiki/Horestis,1181381.0,2026-05-02T20:39:15Z,Horestis,insufficient_sample,50.0,insufficient,9.1,13.0,7.0,6.0,1.0,,,,,https://tibia.fandom.com/wiki/Loot_Statistics:Horestis,1146847.0,2025-12-07T08:40:42Z,2026-08-02T17:23:20.466395+00:00,boss_separate,False,TibiaWiki/Bosstiary boss; emitted value retained only in boss series
cr_c7d19c534411,Thul,thul,Thul,1,4020,2025-12-05,2026-07-30,91,True,False,False,False,False,https://tibia.fandom.com/wiki/Thul,1114246.0,2025-07-26T09:52:43Z,Thul,complete,104.0,low,9.2,8.0,7.0,1.0,1.0,89.42307692307693,11134.615384615387,11224.038461538463,89.42307692307693,https://tibia.fandom.com/wiki/Loot_Statistics:Thul,1086299.0,2024-12-14T01:15:47Z,2026-08-02T17:23:20.466395+00:00,boss_separate,False,TibiaWiki/Bosstiary boss; emitted value retained only in boss series
cr_2c5f0ecbda7b,necromancer servant,necromancer servant,necromancer servants,1,3985,2025-12-05,2026-07-30,91,False,False,False,False,False,,,,Necromancer Servant,insufficient_sample,25.0,insufficient,8.6,5.0,3.0,2.0,1.0,,,,,https://tibia.fandom.com/wiki/Loot_Statistics:Necromancer_Servant,834566.0,2021-04-03T19:34:51Z,2026-08-02T17:23:20.466395+00:00,insufficient_sample,False,empirical loot sample below 100 kills
cr_b473066a21b2,Fleshslicer,fleshslicer,Fleshslicer,1,3970,2025-12-05,2026-07-30,74,True,False,False,False,False,https://tibia.fandom.com/wiki/Fleshslicer,1116399.0,2025-07-26T12:48:04Z,Fleshslicer,insufficient_sample,41.0,insufficient,9.5,16.0,13.0,3.0,1.0,,,,,https://tibia.fandom.com/wiki/Loot_Statistics:Fleshslicer,1162869.0,2026-02-15T06:42:19Z,2026-08-02T17:23:20.466395+00:00,boss_separate,False,TibiaWiki/Bosstiary boss; emitted value retained only in boss series
cr_0fead6f686ec,Arthom the Hunter,arthom the hunter,Arthom The Hunter,1,3957,2025-12-05,2026-07-30,93,True,False,False,False,False,https://tibia.fandom.com/wiki/Arthom_the_Hunter,1124158.0,2025-08-27T01:25:41Z,Arthom the Hunter,insufficient_sample,52.0,insufficient,8.6,15.0,11.0,4.0,1.0,,,,,https://tibia.fandom.com/wiki/Loot_Statistics:Arthom_the_Hunter,1179125.0,2026-04-26T14:30:49Z,2026-08-02T17:23:20.466395+00:00,boss_separate,False,TibiaWiki/Bosstiary boss; emitted value retained only in boss series
cr_d99d70f5c9db,Last Planegazer,last planegazer,Last Planegazer,1,3933,2025-12-05,2026-07-30,92,True,False,False,False,False,https://tibia.fandom.com/wiki/Last_Planegazer,1176225.0,2026-04-21T15:09:55Z,Last Planegazer,insufficient_sample,22.0,insufficient,12.86.11580,3.0,2.0,1.0,1.0,,,,,https://tibia.fandom.com/wiki/Loot_Statistics:Last_Planegazer,1193677.0,2026-07-01T15:41:08Z,2026-08-02T17:23:20.466395+00:00,boss_separate,False,TibiaWiki/Bosstiary boss; emitted value retained only in boss series
cr_dbbe82162e60,Oodok Witchmaster,oodok witchmaster,Oodok Witchmaster,1,3845,2025-12-05,2026-07-30,93,True,False,False,False,False,https://tibia.fandom.com/wiki/Oodok_Witchmaster,1181393.0,2026-05-02T20:39:33Z,Oodok Witchmaster,insufficient_sample,62.0,insufficient,10.8,15.0,11.0,4.0,1.0,,,,,https://tibia.fandom.com/wiki/Loot_Statistics:Oodok_Witchmaster,1170428.0,2026-03-24T12:43:09Z,2026-08-02T17:23:20.466395+00:00,boss_separate,False,TibiaWiki/Bosstiary boss; emitted value retained only in boss series
cr_590e540a27ed,The First Dragon,the first dragon,The First Dragon,1,3812,2026-01-14,2026-02-12,79,True,True,False,False,False,https://tibia.fandom.com/wiki/The_First_Dragon,1054200.0,2024-02-17T16:53:33Z,,absent,,,,,,,,,,,,,,,,boss_separate,False,TibiaWiki/Bosstiary boss; emitted value retained only in boss series
cr_939750c6ad0c,Fazzrah,fazzrah,Fazzrah,1,3771,2025-12-05,2026-07-30,92,True,False,False,False,False,https://tibia.fandom.com/wiki/Fazzrah,1083587.0,2024-11-25T08:58:29Z,Fazzrah,insufficient_sample,55.0,insufficient,9.5,13.0,11.0,2.0,1.0,,,,,https://tibia.fandom.com/wiki/Loot_Statistics:Fazzrah,1184781.0,2026-05-13T17:31:46Z,2026-08-02T17:23:20.466395+00:00,boss_separate,False,TibiaWiki/Bosstiary boss; emitted value retained only in boss series
cr_d35eead23236,museum stone rhino,museum stone rhino,museum stone rhinos,1,3749,2025-12-05,2026-07-30,92,False,False,False,False,False,,,,Museum Stone Rhino,insufficient_sample,35.0,insufficient,8.6,3.0,2.0,1.0,1.0,,,,,https://tibia.fandom.com/wiki/Loot_Statistics:Museum_Stone_Rhino,1129288.0,2025-09-20T15:11:54Z,2026-08-02T17:23:20.466395+00:00,insufficient_sample,False,empirical loot sample below 100 kills
cr_ec6ee105791e,dwarf miner,dwarf miner,dwarf miners,1,3736,2025-12-05,2026-07-29,59,False,False,False,False,False,,,,Dwarf Miner,complete,345.0,low,8.6,8.0,8.0,0.0,1.0,0.4115942028985507,8.872463768115942,9.284057971014493,0.4115942028985507,https://tibia.fandom.com/wiki/Loot_Statistics:Dwarf_Miner,1183004.0,2026-05-07T11:31:38Z,2026-08-02T17:23:20.466395+00:00,modeled,True,
cr_778f89074ac1,Deep Terror,deep terror,Deep Terror,1,3705,2025-12-05,2026-07-30,71,True,False,False,False,False,https://tibia.fandom.com/wiki/Deep_Terror,1101123.0,2025-04-30T18:25:40Z,Deep Terror,insufficient_sample,66.0,insufficient,12.86.11580,8.0,3.0,5.0,1.0,,,,,https://tibia.fandom.com/wiki/Loot_Statistics:Deep_Terror,1196795.0,2026-07-18T01:17:16Z,2026-08-02T17:23:20.466395+00:00,boss_separate,False,TibiaWiki/Bosstiary boss; emitted value retained only in boss series
cr_042a5f0488b3,The Corruptor of Souls,the corruptor of souls,The Corruptor Of Souls,1,3582,2025-12-05,2026-07-30,67,True,False,False,False,False,https://tibia.fandom.com/wiki/The_Corruptor_of_Souls,1116491.0,2025-07-26T12:50:45Z,,absent,,,,,,,,,,,,,,,,boss_separate,False,TibiaWiki/Bosstiary boss; emitted value retained only in boss series
cr_9ac6f96b7025,The Source of Corruption,the source of corruption,The Source Of Corruption,1,3579,2025-12-05,2026-07-30,67,True,False,False,False,False,https://tibia.fandom.com/wiki/The_Source_of_Corruption,1141626.0,2025-11-11T23:19:28Z,The Source of Corruption,complete,105.0,low,13.30.14423,45.0,35.0,10.0,1.0,101.0,22143.238095238103,22244.238095238103,101.0,https://tibia.fandom.com/wiki/Loot_Statistics:The_Source_of_Corruption,1130256.0,2025-09-26T17:24:12Z,2026-08-02T17:23:20.466395+00:00,boss_separate,False,TibiaWiki/Bosstiary boss; emitted value retained only in boss series
cr_86dc1549781b,charged disruption,charged disruption,charged disruptions,1,3502,2025-12-05,2026-07-30,82,False,False,False,False,False,,,,,absent,,,,,,,,,,,,,,,,missing_loot_table,False,no current empirical Loot2 table matched; no value imputed
cr_4f5396fd2093,Zomba,zomba,Zomba,1,3487,2025-12-05,2026-07-30,93,True,False,False,False,False,https://tibia.fandom.com/wiki/Zomba,1007150.0,2023-06-24T22:33:21Z,Zomba,insufficient_sample,31.0,insufficient,8.6,7.0,7.0,0.0,1.0,,,,,https://tibia.fandom.com/wiki/Loot_Statistics:Zomba,1133550.0,2025-10-11T12:40:29Z,2026-08-02T17:23:20.466395+00:00,boss_separate,False,TibiaWiki/Bosstiary boss; emitted value retained only in boss series
cr_36d48689164f,Koshei the Deathless,koshei the deathless,Koshei the Deathless,1,3470,2025-12-05,2026-07-30,91,True,False,False,False,False,https://tibia.fandom.com/wiki/Koshei_the_Deathless,1181298.0,2026-05-02T17:39:40Z,Koshei the Deathless,insufficient_sample,8.0,insufficient,8.6,0.0,0.0,0.0,1.0,,,,,https://tibia.fandom.com/wiki/Loot_Statistics:Koshei_the_Deathless,664249.0,2016-07-27T16:37:05Z,2026-08-02T17:23:20.466395+00:00,boss_separate,False,TibiaWiki/Bosstiary boss; emitted value retained only in boss series
cr_8777ead32a63,Mutated Zalamon,mutated zalamon,Mutated Zalamon,1,3421,2025-12-05,2026-07-30,92,True,False,False,False,False,https://tibia.fandom.com/wiki/Mutated_Zalamon,1116357.0,2025-07-26T12:46:49Z,,absent,,,,,,,,,,,,,,,,boss_separate,False,TibiaWiki/Bosstiary boss; emitted value retained only in boss series
cr_0638b13c351a,animated moohtant,animated moohtant,animated moohtants,1,3420,2025-12-05,2026-07-30,91,False,False,False,False,False,,,,Animated Moohtant,insufficient_sample,22.0,insufficient,8.6,11.0,9.0,2.0,1.0,,,,,https://tibia.fandom.com/wiki/Loot_Statistics:Animated_Moohtant,1129198.0,2025-09-20T15:10:32Z,2026-08-02T17:23:20.466395+00:00,insufficient_sample,False,empirical loot sample below 100 kills
cr_2a2b299cf12c,glooth horror,glooth horror,glooth horror,1,3399,2025-12-05,2026-07-30,70,False,False,False,False,False,,,,,absent,,,,,,,,,,,,,,,,missing_loot_table,False,no current empirical Loot2 table matched; no value imputed
cr_30d03dffd587,Sulphur Scuttler,sulphur scuttler,Sulphur Scuttler,1,3370,2025-12-05,2026-07-30,92,True,False,False,False,False,https://tibia.fandom.com/wiki/Sulphur_Scuttler,1116387.0,2025-07-26T12:47:43Z,Sulphur Scuttler,insufficient_sample,78.0,insufficient,9.2,12.0,10.0,2.0,1.0,,,,,https://tibia.fandom.com/wiki/Loot_Statistics:Sulphur_Scuttler,1184891.0,2026-05-13T19:37:09Z,2026-08-02T17:23:20.466395+00:00,boss_separate,False,TibiaWiki/Bosstiary boss; emitted value retained only in boss series
cr_368182b32857,gnome pack crawler,gnome pack crawler,gnome pack crawlers,1,3289,2025-12-05,2026-07-30,89,False,False,False,False,False,,,,Gnome Pack Crawler,insufficient_sample,10.0,insufficient,8.6,4.0,2.0,2.0,1.0,,,,,https://tibia.fandom.com/wiki/Loot_Statistics:Gnome_Pack_Crawler,1117911.0,2025-07-28T09:01:17Z,2026-08-02T17:23:20.466395+00:00,insufficient_sample,False,empirical loot sample below 100 kills
cr_7f3a3d169761,memory of a hydra,memory of a hydra,memories of a hydra,1,3252,2025-12-05,2026-07-30,78,False,False,False,False,False,,,,Memory of a Hydra,insufficient_sample,10.0,insufficient,12.85.11542,4.0,3.0,1.0,1.0,,,,,https://tibia.fandom.com/wiki/Loot_Statistics:Memory_of_a_Hydra,1057619.0,2024-04-12T09:22:13Z,2026-08-02T17:23:20.466395+00:00,insufficient_sample,False,empirical loot sample below 100 kills
cr_4700f14eba33,Professor Maxxen,professor maxxen,Professor Maxxen,1,3181,2025-12-05,2026-07-30,69,True,False,False,False,False,https://tibia.fandom.com/wiki/Professor_Maxxen,1152342.0,2025-12-25T17:32:59Z,Professor Maxxen,insufficient_sample,80.0,insufficient,12.86.11580,9.0,4.0,5.0,1.0,,,,,https://tibia.fandom.com/wiki/Loot_Statistics:Professor_Maxxen,1196797.0,2026-07-18T01:17:21Z,2026-08-02T17:23:20.466395+00:00,boss_separate,False,TibiaWiki/Bosstiary boss; emitted value retained only in boss series
cr_a6433aa3ec1f,Energy Overlord,energy overlord,Energy Overlord,1,3170,2025-12-05,2026-07-29,72,True,False,False,False,False,https://tibia.fandom.com/wiki/Energy_Overlord,1181462.0,2026-05-02T20:50:45Z,Energy Overlord,complete,412.0,low,8.6,4.0,3.0,1.0,1.0,48.75000000000001,5000.0,5048.75,48.75000000000001,https://tibia.fandom.com/wiki/Loot_Statistics:Energy_Overlord,1177991.0,2026-04-23T18:25:14Z,2026-08-02T17:23:20.466395+00:00,boss_separate,False,TibiaWiki/Bosstiary boss; emitted value retained only in boss series
cr_92ca81426b54,Bruise Payne,bruise payne,Bruise Payne,1,3115,2025-12-05,2026-07-30,92,True,False,False,False,False,https://tibia.fandom.com/wiki/Bruise_Payne,967867.0,2022-08-27T18:41:08Z,Bruise Payne,insufficient_sample,83.0,insufficient,9.5,10.0,10.0,0.0,1.0,,,,,https://tibia.fandom.com/wiki/Loot_Statistics:Bruise_Payne,1184705.0,2026-05-12T23:09:06Z,2026-08-02T17:23:20.466395+00:00,boss_separate,False,TibiaWiki/Bosstiary boss; emitted value retained only in boss series
cr_51a9e71b4a00,Grorlam,grorlam,Grorlam,1,3090,2025-12-05,2026-07-30,93,True,False,False,False,False,https://tibia.fandom.com/wiki/Grorlam,1175631.0,2026-04-19T11:44:16Z,Grorlam,insufficient_sample,54.0,insufficient,8.6,13.0,12.0,1.0,1.0,,,,,https://tibia.fandom.com/wiki/Loot_Statistics:Grorlam,1179134.0,2026-04-26T14:31:03Z,2026-08-02T17:23:20.466395+00:00,boss_separate,False,TibiaWiki/Bosstiary boss; emitted value retained only in boss series
cr_2f923f9a71d5,Ice Overlord,ice overlord,Ice Overlord,1,2981,2025-12-05,2026-07-27,62,True,False,False,False,False,https://tibia.fandom.com/wiki/Ice_Overlord,1181306.0,2026-05-02T17:41:47Z,Ice Overlord,insufficient_sample,5.0,insufficient,9.2,3.0,3.0,0.0,1.0,,,,,https://tibia.fandom.com/wiki/Loot_Statistics:Ice_Overlord,1177992.0,2026-04-23T18:25:15Z,2026-08-02T17:23:20.466395+00:00,boss_separate,False,TibiaWiki/Bosstiary boss; emitted value retained only in boss series
cr_7877a4b8ae08,Sir Valorcrest,sir valorcrest,Sir Valorcrest,1,2918,2025-12-03,2026-07-30,93,True,False,False,False,False,https://tibia.fandom.com/wiki/Sir_Valorcrest,1181321.0,2026-05-02T17:45:25Z,Sir Valorcrest,complete,106.0,low,8.6,10.0,6.0,4.0,1.0,7.60377358490566,1797.924528301887,1805.5283018867926,7.60377358490566,https://tibia.fandom.com/wiki/Loot_Statistics:Sir_Valorcrest,1104356.0,2025-06-02T18:16:50Z,2026-08-02T17:23:20.466395+00:00,boss_separate,False,TibiaWiki/Bosstiary boss; emitted value retained only in boss series
cr_837d4069db21,Tormentor,tormentor,Tormentor,1,2917,2025-12-05,2026-07-30,91,True,False,False,False,False,https://tibia.fandom.com/wiki/Tormentor,969659.0,2022-09-03T12:26:19Z,Tormentor,insufficient_sample,72.0,insufficient,9.5,13.0,12.0,1.0,1.0,,,,,https://tibia.fandom.com/wiki/Loot_Statistics:Tormentor,1184946.0,2026-05-13T21:10:42Z,2026-08-02T17:23:20.466395+00:00,boss_separate,False,TibiaWiki/Bosstiary boss; emitted value retained only in boss series
cr_3a6309fa89fa,Yalaharis,yalaharis,Yalaharis,1,2880,2025-12-08,2026-07-28,69,False,False,False,False,False,,,,,absent,,,,,,,,,,,,,,,,missing_loot_table,False,no current empirical Loot2 table matched; no value imputed
cr_35c1cf6915ef,Hemming,hemming,Hemming,1,2875,2025-12-05,2026-07-30,90,True,False,False,False,False,https://tibia.fandom.com/wiki/Hemming,1096322.0,2025-03-24T10:42:45Z,Hemming,insufficient_sample,75.0,insufficient,9.5,16.0,14.0,2.0,1.0,,,,,https://tibia.fandom.com/wiki/Loot_Statistics:Hemming,1184838.0,2026-05-13T18:47:48Z,2026-08-02T17:23:20.466395+00:00,boss_separate,False,TibiaWiki/Bosstiary boss; emitted value retained only in boss series
cr_b26178a6ef6a,Fire Overlord,fire overlord,Fire Overlord,1,2857,2025-12-06,2026-07-28,63,True,False,False,False,False,https://tibia.fandom.com/wiki/Fire_Overlord,1181464.0,2026-05-02T20:50:48Z,Fire Overlord,complete,228.0,low,9.1,5.0,5.0,0.0,1.0,53.34210526315789,5423.245614035088,5476.587719298245,53.34210526315789,https://tibia.fandom.com/wiki/Loot_Statistics:Fire_Overlord,1179215.0,2026-04-26T18:03:56Z,2026-08-02T17:23:20.466395+00:00,boss_separate,False,TibiaWiki/Bosstiary boss; emitted value retained only in boss series
cr_ab64741f50db,Earth Overlord,earth overlord,Earth Overlord,1,2816,2025-12-07,2026-07-30,65,True,False,False,False,False,https://tibia.fandom.com/wiki/Earth_Overlord,1181463.0,2026-05-02T20:50:46Z,Earth Overlord,complete,512.0,low,8.6,7.0,7.0,0.0,1.0,44.537109375,5322.08984375,5366.626953125,44.537109375,https://tibia.fandom.com/wiki/Loot_Statistics:Earth_Overlord,1177990.0,2026-04-23T18:25:12Z,2026-08-02T17:23:20.466395+00:00,boss_separate,False,TibiaWiki/Bosstiary boss; emitted value retained only in boss series
cr_6d7c4d85dffb,memory of a fungus,memory of a fungus,memories of a fungus,1,2782,2025-12-05,2026-07-30,73,False,False,False,False,False,,,,Memory of a Fungus,insufficient_sample,21.0,insufficient,12.85.11542,7.0,2.0,5.0,1.0,,,,,https://tibia.fandom.com/wiki/Loot_Statistics:Memory_of_a_Fungus,1160050.0,2026-02-01T21:26:36Z,2026-08-02T17:23:20.466395+00:00,insufficient_sample,False,empirical loot sample below 100 kills
cr_7faaad0b3297,enraged pupated rootthing,enraged pupated rootthing,enraged pupated rootthings,1,2774,2025-12-05,2026-07-30,66,False,False,False,False,False,,,,Enraged Pupated Rootthing,insufficient_sample,7.0,insufficient,8.6,0.0,0.0,0.0,1.0,,,,,https://tibia.fandom.com/wiki/Loot_Statistics:Enraged_Pupated_Rootthing,1074957.0,2024-08-11T21:35:49Z,2026-08-02T17:23:20.466395+00:00,insufficient_sample,False,empirical loot sample below 100 kills
cr_c0fa6a03a807,Willi Wasp,willi wasp,Willi Wasp,1,2766,2025-12-05,2026-07-30,93,True,False,False,False,False,https://tibia.fandom.com/wiki/Willi_Wasp,971419.0,2022-09-16T16:58:09Z,Willi Wasp,insufficient_sample,37.0,insufficient,8.6,5.0,5.0,0.0,1.0,,,,,https://tibia.fandom.com/wiki/Loot_Statistics:Willi_Wasp,1179139.0,2026-04-26T14:31:11Z,2026-08-02T17:23:20.466395+00:00,boss_separate,False,TibiaWiki/Bosstiary boss; emitted value retained only in boss series
cr_db653d7b1eeb,Grand Mother Foulscale,grand mother foulscale,Grand Mother Foulscale,1,2732,2025-12-05,2026-07-30,93,True,False,False,False,False,https://tibia.fandom.com/wiki/Grand_Mother_Foulscale,999103.0,2023-04-13T23:07:15Z,Grand Mother Foulscale,insufficient_sample,40.0,insufficient,8.6,13.0,11.0,2.0,1.0,,,,,https://tibia.fandom.com/wiki/Loot_Statistics:Grand_Mother_Foulscale,1086277.0,2024-12-13T15:15:55Z,2026-08-02T17:23:20.466395+00:00,boss_separate,False,TibiaWiki/Bosstiary boss; emitted value retained only in boss series
cr_103e37e5ab00,Dharalion,dharalion,Dharalion,1,2690,2025-12-05,2026-07-30,93,True,False,False,False,False,https://tibia.fandom.com/wiki/Dharalion,1179207.0,2026-04-26T18:03:45Z,Dharalion,complete,103.0,low,8.6,15.0,9.0,6.0,1.0,1.0,605.9999999999999,606.9999999999999,1.0,https://tibia.fandom.com/wiki/Loot_Statistics:Dharalion,1179129.0,2026-04-26T14:30:55Z,2026-08-02T17:23:20.466395+00:00,boss_separate,False,TibiaWiki/Bosstiary boss; emitted value retained only in boss series
cr_6d55e1155872,overcharged disruption,overcharged disruption,overcharged disruptions,1,2686,2025-12-05,2026-07-30,90,False,False,False,False,False,,,,,absent,,,,,,,,,,,,,,,,missing_loot_table,False,no current empirical Loot2 table matched; no value imputed
cr_98a9d87a9b88,animated clomp,animated clomp,animated clomps,1,2660,2025-12-05,2026-07-30,85,False,False,False,False,False,,,,Animated Clomp,insufficient_sample,36.0,insufficient,8.6,3.0,2.0,1.0,1.0,,,,,https://tibia.fandom.com/wiki/Loot_Statistics:Animated_Clomp,1129195.0,2025-09-20T15:10:29Z,2026-08-02T17:23:20.466395+00:00,insufficient_sample,False,empirical loot sample below 100 kills
cr_13aee796c73b,The Blightfather,the blightfather,The Blightfather,1,2541,2025-12-05,2026-07-30,93,True,False,False,False,False,https://tibia.fandom.com/wiki/The_Blightfather,1181440.0,2026-05-02T20:46:25Z,The Blightfather,insufficient_sample,29.0,insufficient,8.6,5.0,5.0,0.0,1.0,,,,,https://tibia.fandom.com/wiki/Loot_Statistics:The_Blightfather,1126219.0,2025-09-02T11:38:11Z,2026-08-02T17:23:20.466395+00:00,boss_separate,False,TibiaWiki/Bosstiary boss; emitted value retained only in boss series
cr_7c2c8279290e,midnight panther,midnight panther,midnight panthers,1,2506,2025-12-03,2026-07-30,93,False,False,False,False,False,,,,Midnight Panther,insufficient_sample,37.0,insufficient,8.6,7.0,6.0,1.0,1.0,,,,,https://tibia.fandom.com/wiki/Loot_Statistics:Midnight_Panther,1194538.0,2026-07-06T15:08:02Z,2026-08-02T17:23:20.466395+00:00,insufficient_sample,False,empirical loot sample below 100 kills
cr_5a57249ce7bc,Phosphorus,phosphorus,Phosphorus,1,2472,2026-07-13,2026-07-30,71,True,False,False,False,False,https://tibia.fandom.com/wiki/Phosphorus,1196973.0,2026-07-19T08:11:31Z,Phosphorus,insufficient_sample,2.0,insufficient,8.6,16.0,11.0,5.0,1.0,,,,,https://tibia.fandom.com/wiki/Loot_Statistics:Phosphorus,1196388.0,2026-07-15T04:33:28Z,2026-08-02T17:23:20.466395+00:00,boss_separate,False,TibiaWiki/Bosstiary boss; emitted value retained only in boss series
cr_0996c6a47569,animated guzzlemaw,animated guzzlemaw,animated guzzlemaws,1,2421,2025-12-05,2026-07-30,88,False,False,False,False,False,,,,Animated Guzzlemaw,insufficient_sample,27.0,insufficient,8.6,24.0,13.0,11.0,1.0,,,,,https://tibia.fandom.com/wiki/Loot_Statistics:Animated_Guzzlemaw,1129197.0,2025-09-20T15:10:31Z,2026-08-02T17:23:20.466395+00:00,insufficient_sample,False,empirical loot sample below 100 kills
cr_ee133d739054,Arachir the Ancient One,arachir the ancient one,Arachir the Ancient One,1,2412,2025-12-05,2026-07-30,93,True,False,False,False,False,https://tibia.fandom.com/wiki/Arachir_the_Ancient_One,1154865.0,2026-01-07T19:19:37Z,Arachir the Ancient One,complete,105.0,low,8.6,10.0,7.0,3.0,1.0,8.61904761904762,1906.4761904761906,1915.0952380952383,8.61904761904762,https://tibia.fandom.com/wiki/Loot_Statistics:Arachir_the_Ancient_One,1179124.0,2026-04-26T14:30:48Z,2026-08-02T17:23:20.466395+00:00,boss_separate,False,TibiaWiki/Bosstiary boss; emitted value retained only in boss series
cr_939b4642e46b,Lethal Lissy,lethal lissy,Lethal Lissy,1,2374,2025-12-05,2026-07-30,93,True,False,False,False,False,https://tibia.fandom.com/wiki/Lethal_Lissy,1114306.0,2025-07-26T09:54:35Z,Lethal Lissy,insufficient_sample,22.0,insufficient,8.6,10.0,5.0,5.0,1.0,,,,,https://tibia.fandom.com/wiki/Loot_Statistics:Lethal_Lissy,1125541.0,2025-09-01T15:30:46Z,2026-08-02T17:23:20.466395+00:00,boss_separate,False,TibiaWiki/Bosstiary boss; emitted value retained only in boss series
cr_922bd4b5b5fc,Deadeye Devious,deadeye devious,Deadeye Devious,1,2374,2025-12-05,2026-07-30,93,True,False,False,False,False,https://tibia.fandom.com/wiki/Deadeye_Devious,1114213.0,2025-07-26T09:41:39Z,Deadeye Devious,insufficient_sample,20.0,insufficient,8.6,12.0,7.0,5.0,1.0,,,,,https://tibia.fandom.com/wiki/Loot_Statistics:Deadeye_Devious,1144294.0,2025-11-25T13:09:04Z,2026-08-02T17:23:20.466395+00:00,boss_separate,False,TibiaWiki/Bosstiary boss; emitted value retained only in boss series
cr_7c8635430ed5,Rotworm Queen,rotworm queen,Rotworm Queen,1,2369,2025-12-05,2026-07-30,91,True,False,False,False,False,https://tibia.fandom.com/wiki/Rotworm_Queen,1177626.0,2026-04-23T02:14:24Z,Rotworm Queen,insufficient_sample,75.0,insufficient,8.6,5.0,5.0,0.0,1.0,,,,,https://tibia.fandom.com/wiki/Loot_Statistics:Rotworm_Queen,1179122.0,2026-04-26T14:30:45Z,2026-08-02T17:23:20.466395+00:00,boss_separate,False,TibiaWiki/Bosstiary boss; emitted value retained only in boss series
cr_e39557d57468,Malvaroth,malvaroth,Malvaroth,1,2361,2025-12-05,2026-07-30,67,True,False,False,False,False,https://tibia.fandom.com/wiki/Malvaroth,1179409.0,2026-04-26T18:54:47Z,Malvaroth,insufficient_sample,36.0,insufficient,15.24.95dcf3,19.0,15.0,4.0,1.0,,,,,https://tibia.fandom.com/wiki/Loot_Statistics:Malvaroth,1197832.0,2026-07-26T20:24:51Z,2026-08-02T17:23:20.466395+00:00,boss_separate,False,TibiaWiki/Bosstiary boss; emitted value retained only in boss series
cr_7bc8c1fa4b8f,cockroach,cockroach,cockroaches,1,2343,2026-01-02,2026-02-18,1,False,False,False,False,False,https://tibia.fandom.com/wiki/Cockroach,1024659.0,2023-08-04T06:01:29Z,Cockroach,insufficient_sample,37.0,insufficient,8.6,1.0,0.0,1.0,1.0,,,,,https://tibia.fandom.com/wiki/Loot_Statistics:Cockroach,619182.0,2015-04-17T02:19:11Z,2026-08-02T17:23:20.466395+00:00,insufficient_sample,False,empirical loot sample below 100 kills
cr_05d8773fe17b,Brutus Bloodbeard,brutus bloodbeard,Brutus Bloodbeard,1,2337,2025-12-05,2026-07-30,93,True,False,False,False,False,https://tibia.fandom.com/wiki/Brutus_Bloodbeard,1181310.0,2026-05-02T17:45:10Z,Brutus Bloodbeard,insufficient_sample,14.0,insufficient,8.6,12.0,7.0,5.0,1.0,,,,,https://tibia.fandom.com/wiki/Loot_Statistics:Brutus_Bloodbeard,1126145.0,2025-09-02T11:35:39Z,2026-08-02T17:23:20.466395+00:00,boss_separate,False,TibiaWiki/Bosstiary boss; emitted value retained only in boss series
cr_36a4e2f4d97e,Ron the Ripper,ron the ripper,Ron the Ripper,1,2300,2025-12-05,2026-07-30,93,True,False,False,False,False,https://tibia.fandom.com/wiki/Ron_the_Ripper,1114305.0,2025-07-26T09:54:34Z,Ron the Ripper,insufficient_sample,21.0,insufficient,8.6,12.0,7.0,5.0,1.0,,,,,https://tibia.fandom.com/wiki/Loot_Statistics:Ron_the_Ripper,1172926.0,2026-04-07T12:46:22Z,2026-08-02T17:23:20.466395+00:00,boss_separate,False,TibiaWiki/Bosstiary boss; emitted value retained only in boss series
cr_b23c70b700ba,devoted radiant warden,devoted radiant warden,devoted radiant wardens,1,2297,2026-07-17,2026-07-30,10,False,False,False,False,False,,,,,absent,,,,,,,,,,,,,,,,missing_loot_table,False,no current empirical Loot2 table matched; no value imputed
cr_1512f82d6b78,Lord of the Elements,lord of the elements,Lord of the Elements,1,2234,2025-12-08,2026-07-30,56,True,False,False,False,False,https://tibia.fandom.com/wiki/Lord_of_the_Elements,1103853.0,2025-06-01T22:59:36Z,Lord of the Elements,complete,222.0,low,8.6,8.0,6.0,2.0,1.0,92.7927927927928,1496.8468468468468,1589.6396396396397,92.7927927927928,https://tibia.fandom.com/wiki/Loot_Statistics:Lord_of_the_Elements,1088128.0,2025-01-11T08:59:52Z,2026-08-02T17:23:20.466395+00:00,boss_separate,False,TibiaWiki/Bosstiary boss; emitted value retained only in boss series
cr_6f156b1e18a8,Fleabringer,fleabringer,Fleabringer,1,2233,2025-12-05,2026-07-30,93,True,False,False,False,False,https://tibia.fandom.com/wiki/Fleabringer,1003093.0,2023-05-26T11:42:57Z,Fleabringer,insufficient_sample,17.0,insufficient,8.6,3.0,3.0,0.0,1.0,,,,,https://tibia.fandom.com/wiki/Loot_Statistics:Fleabringer,1130908.0,2025-09-30T23:12:39Z,2026-08-02T17:23:20.466395+00:00,boss_separate,False,TibiaWiki/Bosstiary boss; emitted value retained only in boss series
cr_d87cc339aab2,Zevelon Duskbringer,zevelon duskbringer,Zevelon Duskbringer,1,2210,2025-12-05,2026-07-30,93,True,False,False,False,False,https://tibia.fandom.com/wiki/Zevelon_Duskbringer,1185007.0,2026-05-14T13:03:58Z,Zevelon Duskbringer,complete,129.0,low,8.6,10.0,6.0,4.0,1.0,7.2015503875969,1982.7906976744187,1989.9922480620155,7.2015503875969,https://tibia.fandom.com/wiki/Loot_Statistics:Zevelon_Duskbringer,1126251.0,2025-09-02T11:39:16Z,2026-08-02T17:23:20.466395+00:00,boss_separate,False,TibiaWiki/Bosstiary boss; emitted value retained only in boss series
cr_0b419220647c,Apprentice Sheng,apprentice sheng,Apprentice Sheng,1,2110,2025-12-05,2026-07-30,84,True,False,False,False,False,https://tibia.fandom.com/wiki/Apprentice_Sheng,1070472.0,2024-07-18T10:56:27Z,Apprentice Sheng,insufficient_sample,86.0,insufficient,8.6,8.0,7.0,1.0,1.0,,,,,https://tibia.fandom.com/wiki/Loot_Statistics:Apprentice_Sheng,1190546.0,2026-06-19T21:33:13Z,2026-08-02T17:23:20.466395+00:00,boss_separate,False,TibiaWiki/Bosstiary boss; emitted value retained only in boss series
cr_bcdba4084da2,General Murius,general murius,General Murius,1,2104,2025-12-05,2026-07-30,93,True,False,False,False,False,https://tibia.fandom.com/wiki/General_Murius,1194032.0,2026-07-03T19:31:58Z,General Murius,insufficient_sample,37.0,insufficient,8.6,15.0,12.0,3.0,1.0,,,,,https://tibia.fandom.com/wiki/Loot_Statistics:General_Murius,1179133.0,2026-04-26T14:31:01Z,2026-08-02T17:23:20.466395+00:00,boss_separate,False,TibiaWiki/Bosstiary boss; emitted value retained only in boss series
cr_c9e45628630e,Tromphonyte,tromphonyte,Tromphonyte,1,2068,2025-12-05,2026-07-30,90,True,False,False,False,False,https://tibia.fandom.com/wiki/Tromphonyte,1179270.0,2026-04-26T18:04:32Z,Tromphonyte,insufficient_sample,59.0,insufficient,9.5,9.0,7.0,2.0,1.0,,,,,https://tibia.fandom.com/wiki/Loot_Statistics:Tromphonyte,1184954.0,2026-05-13T21:36:57Z,2026-08-02T17:23:20.466395+00:00,boss_separate,False,TibiaWiki/Bosstiary boss; emitted value retained only in boss series
cr_b6fa887194f7,unstable tunnel,unstable tunnel,unstable tunnels,1,2064,2025-12-05,2026-07-30,85,False,False,False,False,False,,,,,absent,,,,,,,,,,,,,,,,missing_loot_table,False,no current empirical Loot2 table matched; no value imputed
cr_76f9c4f83295,Kerberos,kerberos,Kerberos,1,2015,2025-12-05,2026-07-30,84,True,False,False,False,False,https://tibia.fandom.com/wiki/Kerberos,1171718.0,2026-03-31T14:52:49Z,Kerberos,insufficient_sample,43.0,insufficient,9.5,15.0,12.0,3.0,1.0,,,,,https://tibia.fandom.com/wiki/Loot_Statistics:Kerberos,1173864.0,2026-04-10T16:23:20Z,2026-08-02T17:23:20.466395+00:00,boss_separate,False,TibiaWiki/Bosstiary boss; emitted value retained only in boss series
cr_6f602ff11bcb,animated cyclops,animated cyclops,animated cyclopes,1,2014,2025-12-05,2026-07-30,84,False,False,False,False,False,,,,Animated Cyclops,insufficient_sample,40.0,insufficient,8.6,4.0,4.0,0.0,1.0,,,,,https://tibia.fandom.com/wiki/Loot_Statistics:Animated_Cyclops,1129196.0,2025-09-20T15:10:30Z,2026-08-02T17:23:20.466395+00:00,insufficient_sample,False,empirical loot sample below 100 kills
cr_463d36cd72ac,holy bog frog,holy bog frog,holy bog frogs,1,1989,2025-12-05,2026-07-30,80,False,False,False,False,False,,,,Holy Bog Frog,insufficient_sample,5.0,insufficient,8.6,0.0,0.0,0.0,1.0,,,,,https://tibia.fandom.com/wiki/Loot_Statistics:Holy_Bog_Frog,1141269.0,2025-11-09T13:42:01Z,2026-08-02T17:23:20.466395+00:00,insufficient_sample,False,empirical loot sample below 100 kills
cr_ef28bf394dff,Burster,burster,Burster,1,1968,2025-12-05,2026-07-30,86,True,False,False,False,False,https://tibia.fandom.com/wiki/Burster,1143406.0,2025-11-22T23:08:03Z,Burster,insufficient_sample,23.0,insufficient,8.6,24.0,19.0,5.0,1.0,,,,,https://tibia.fandom.com/wiki/Loot_Statistics:Burster,1179128.0,2026-04-26T14:30:53Z,2026-08-02T17:23:20.466395+00:00,boss_separate,False,TibiaWiki/Bosstiary boss; emitted value retained only in boss series
cr_2fab41e2b711,devoted radiant acolyte,devoted radiant acolyte,devoted radiant acolytes,1,1946,2026-07-14,2026-07-30,11,False,False,False,False,False,,,,,absent,,,,,,,,,,,,,,,,missing_loot_table,False,no current empirical Loot2 table matched; no value imputed
cr_1d9d4154c98d,common beetle,common beetle,common beetles,1,1872,2025-12-05,2026-07-30,75,False,False,False,False,False,,,,Common Beetle,insufficient_sample,17.0,insufficient,8.6,0.0,0.0,0.0,1.0,,,,,https://tibia.fandom.com/wiki/Loot_Statistics:Common_Beetle,1124692.0,2025-08-30T17:27:29Z,2026-08-02T17:23:20.466395+00:00,insufficient_sample,False,empirical loot sample below 100 kills
cr_1121308d3734,An Astral Glyph,an astral glyph,An Astral Glyph,1,1865,2025-12-05,2026-07-30,63,True,False,False,False,False,https://tibia.fandom.com/wiki/An_Astral_Glyph,1116452.0,2025-07-26T12:49:36Z,,absent,,,,,,,,,,,,,,,,boss_separate,False,TibiaWiki/Bosstiary boss; emitted value retained only in boss series
cr_50749027cd6f,The Last Lore Keeper,the last lore keeper,The Last Lore Keeper,1,1860,2025-12-05,2026-07-30,63,True,False,False,False,False,https://tibia.fandom.com/wiki/The_Last_Lore_Keeper,1135993.0,2025-10-20T13:55:05Z,The Last Lore Keeper,insufficient_sample,54.0,insufficient,12.86.11580,42.0,32.0,10.0,1.0,,,,,https://tibia.fandom.com/wiki/Loot_Statistics:The_Last_Lore_Keeper,1170477.0,2026-03-24T12:44:58Z,2026-08-02T17:23:20.466395+00:00,boss_separate,False,TibiaWiki/Bosstiary boss; emitted value retained only in boss series
cr_6420033acb60,The Evil Eye,the evil eye,The Evil Eye,1,1807,2025-12-05,2026-07-30,93,True,False,False,False,False,https://tibia.fandom.com/wiki/The_Evil_Eye,1192420.0,2026-06-26T18:13:07Z,The Evil Eye,insufficient_sample,63.0,insufficient,8.6,11.0,10.0,1.0,1.0,,,,,https://tibia.fandom.com/wiki/Loot_Statistics:The_Evil_Eye,1179138.0,2026-04-26T14:31:09Z,2026-08-02T17:23:20.466395+00:00,boss_separate,False,TibiaWiki/Bosstiary boss; emitted value retained only in boss series
cr_062d74ec9de6,crackler,crackler,cracklers,1,1768,2025-12-05,2026-07-30,87,False,False,False,False,False,https://tibia.fandom.com/wiki/Crackler,1120361.0,2025-08-08T16:16:49Z,,absent,,,,,,,,,,,,,,,,missing_loot_table,False,no current empirical Loot2 table matched; no value imputed
cr_0bd092889cf9,Big Boss Trolliver,big boss trolliver,Big Boss Trolliver,1,1761,2025-12-05,2026-07-30,89,True,False,False,False,False,https://tibia.fandom.com/wiki/Big_Boss_Trolliver,1171903.0,2026-04-02T15:36:57Z,Big Boss Trolliver,insufficient_sample,21.0,insufficient,8.6,10.0,10.0,0.0,1.0,,,,,https://tibia.fandom.com/wiki/Loot_Statistics:Big_Boss_Trolliver,1170359.0,2026-03-24T12:40:36Z,2026-08-02T17:23:20.466395+00:00,boss_separate,False,TibiaWiki/Bosstiary boss; emitted value retained only in boss series
cr_9f6ae062f81f,Enpa Yolo,enpa yolo,Enpa Yolo,1,1747,2025-12-05,2026-07-30,90,False,False,False,False,False,https://tibia.fandom.com/wiki/Enpa_Yolo,1143173.0,2025-11-20T22:30:39Z,Enpa Yolo,insufficient_sample,2.0,insufficient,8.6,0.0,0.0,0.0,1.0,,,,,https://tibia.fandom.com/wiki/Loot_Statistics:Enpa_Yolo,1171601.0,2026-03-30T00:32:27Z,2026-08-02T17:23:20.466395+00:00,insufficient_sample,False,empirical loot sample below 100 kills
cr_30e160a35f04,weakened glooth horror,weakened glooth horror,weakened glooth horror,1,1729,2025-12-05,2026-07-30,70,False,False,False,False,False,,,,,absent,,,,,,,,,,,,,,,,missing_loot_table,False,no current empirical Loot2 table matched; no value imputed
cr_db49ccae08d1,Tyrn,tyrn,Tyrn,1,1702,2025-12-05,2026-07-30,93,True,False,False,False,False,https://tibia.fandom.com/wiki/Tyrn,1181391.0,2026-05-02T20:39:30Z,Tyrn,insufficient_sample,23.0,insufficient,12.86.11580,18.0,13.0,5.0,1.0,,,,,https://tibia.fandom.com/wiki/Loot_Statistics:Tyrn,1170498.0,2026-03-24T12:45:44Z,2026-08-02T17:23:20.466395+00:00,boss_separate,False,TibiaWiki/Bosstiary boss; emitted value retained only in boss series
cr_96919369a27d,Flamecaller Zazrak,flamecaller zazrak,Flamecaller Zazrak,1,1683,2025-12-05,2026-07-30,92,True,False,False,False,False,https://tibia.fandom.com/wiki/Flamecaller_Zazrak,1181415.0,2026-05-02T20:44:42Z,Flamecaller Zazrak,insufficient_sample,19.0,insufficient,8.6,9.0,8.0,1.0,1.0,,,,,https://tibia.fandom.com/wiki/Loot_Statistics:Flamecaller_Zazrak,1179131.0,2026-04-26T14:30:58Z,2026-08-02T17:23:20.466395+00:00,boss_separate,False,TibiaWiki/Bosstiary boss; emitted value retained only in boss series
cr_ef7727de362a,White Pale,white pale,White Pale,1,1665,2025-12-05,2026-07-30,93,True,False,False,False,False,https://tibia.fandom.com/wiki/White_Pale,1181431.0,2026-05-02T20:45:04Z,White Pale,insufficient_sample,17.0,insufficient,10.2,10.0,10.0,0.0,1.0,,,,,https://tibia.fandom.com/wiki/Loot_Statistics:White_Pale,1170507.0,2026-03-24T12:46:06Z,2026-08-02T17:23:20.466395+00:00,boss_separate,False,TibiaWiki/Bosstiary boss; emitted value retained only in boss series
cr_d3bbe11d7ba0,devoted radiant paragon,devoted radiant paragon,devoted radiant paragons,1,1644,2026-07-13,2026-07-30,11,False,False,False,False,False,,,,,absent,,,,,,,,,,,,,,,,missing_loot_table,False,no current empirical Loot2 table matched; no value imputed
cr_6e6ae2a0d4a8,Battlemaster Zunzu,battlemaster zunzu,Battlemaster Zunzu,1,1630,2025-12-05,2026-07-30,92,True,False,False,False,False,https://tibia.fandom.com/wiki/Battlemaster_Zunzu,1083586.0,2024-11-25T08:56:50Z,Battlemaster Zunzu,insufficient_sample,21.0,insufficient,8.6,7.0,6.0,1.0,1.0,,,,,https://tibia.fandom.com/wiki/Loot_Statistics:Battlemaster_Zunzu,1179127.0,2026-04-26T14:30:52Z,2026-08-02T17:23:20.466395+00:00,boss_separate,False,TibiaWiki/Bosstiary boss; emitted value retained only in boss series
cr_29bb63c32a43,Yaga the Crone,yaga the crone,Yaga the Crone,1,1614,2025-12-05,2026-07-30,89,True,False,False,False,False,https://tibia.fandom.com/wiki/Yaga_the_Crone,1181256.0,2026-05-02T16:29:29Z,Yaga the Crone,insufficient_sample,44.0,insufficient,8.6,12.0,9.0,3.0,1.0,,,,,https://tibia.fandom.com/wiki/Loot_Statistics:Yaga_the_Crone,1179140.0,2026-04-26T14:31:12Z,2026-08-02T17:23:20.466395+00:00,boss_separate,False,TibiaWiki/Bosstiary boss; emitted value retained only in boss series
cr_e9ef2ee13121,spirits of fertilit,spirits of fertilit,spirits of fertility,1,1599,2026-01-14,2026-02-12,79,False,False,False,False,False,,,,,absent,,,,,,,,,,,,,,,,missing_loot_table,False,no current empirical Loot2 table matched; no value imputed
cr_86849edb13ea,worker imp,worker imp,worker imps,1,1575,2025-12-05,2026-07-30,76,False,False,False,False,False,,,,,absent,,,,,,,,,,,,,,,,missing_loot_table,False,no current empirical Loot2 table matched; no value imputed
cr_6ea3f8b3c96c,weakened demon,weakened demon,weakened demons,1,1550,2025-12-05,2026-07-30,77,False,False,False,False,False,,,,,absent,,,,,,,,,,,,,,,,missing_loot_table,False,no current empirical Loot2 table matched; no value imputed
cr_7b427220ebc9,Sin Devourers,sin devourers,Sin Devourers,1,1537,2025-12-09,2026-07-30,69,False,False,False,False,False,,,,,absent,,,,,,,,,,,,,,,,missing_loot_table,False,no current empirical Loot2 table matched; no value imputed
cr_7ceb7ce77a47,yeti,yeti,yetis,1,1524,2025-12-05,2026-07-30,91,False,False,False,False,False,https://tibia.fandom.com/wiki/Yeti,1190709.0,2026-06-20T16:29:41Z,Yeti,complete,117.0,low,8.6,6.0,4.0,2.0,1.0,0.7606837606837606,3.7435897435897436,4.504273504273504,0.7606837606837606,https://tibia.fandom.com/wiki/Loot_Statistics:Yeti,1194540.0,2026-07-06T15:08:47Z,2026-08-02T17:23:20.466395+00:00,modeled,True,
cr_e227f6af1add,Groam,groam,Groam,1,1479,2025-12-05,2026-07-30,81,True,False,False,False,False,https://tibia.fandom.com/wiki/Groam,1116377.0,2025-07-26T12:47:25Z,Groam,insufficient_sample,24.0,insufficient,9.1,7.0,5.0,2.0,1.0,,,,,https://tibia.fandom.com/wiki/Loot_Statistics:Groam,1102550.0,2025-05-09T12:31:49Z,2026-08-02T17:23:20.466395+00:00,boss_separate,False,TibiaWiki/Bosstiary boss; emitted value retained only in boss series
cr_9f6598d12eb2,Flameborn,flameborn,Flameborn,1,1473,2025-12-05,2026-07-30,89,True,False,False,False,False,https://tibia.fandom.com/wiki/Flameborn,1181671.0,2026-05-02T22:31:49Z,Flameborn,insufficient_sample,81.0,insufficient,9.2,17.0,12.0,5.0,1.0,,,,,https://tibia.fandom.com/wiki/Loot_Statistics:Flameborn,1184782.0,2026-05-13T17:31:47Z,2026-08-02T17:23:20.466395+00:00,boss_separate,False,TibiaWiki/Bosstiary boss; emitted value retained only in boss series
cr_1bf9852bfcd9,Zulazza the Corruptor,zulazza the corruptor,Zulazza the Corruptor,1,1465,2025-12-05,2026-07-30,93,True,False,False,False,False,https://tibia.fandom.com/wiki/Zulazza_the_Corruptor,1181500.0,2026-05-02T20:52:55Z,Zulazza the Corruptor,insufficient_sample,56.0,insufficient,12.86.11580,19.0,14.0,5.0,1.0,,,,,https://tibia.fandom.com/wiki/Loot_Statistics:Zulazza_the_Corruptor,1170518.0,2026-03-24T12:46:30Z,2026-08-02T17:23:20.466395+00:00,boss_separate,False,TibiaWiki/Bosstiary boss; emitted value retained only in boss series
cr_4893073df19e,Chizzoron the Distorter,chizzoron the distorter,Chizzoron the Distorter,1,1465,2025-12-05,2026-07-30,93,True,False,False,False,False,https://tibia.fandom.com/wiki/Chizzoron_the_Distorter,1150566.0,2025-12-17T18:33:22Z,Chizzoron the Distorter,insufficient_sample,43.0,insufficient,12.86.11580,14.0,12.0,2.0,1.0,,,,,https://tibia.fandom.com/wiki/Loot_Statistics:Chizzoron_the_Distorter,1193671.0,2026-07-01T15:40:37Z,2026-08-02T17:23:20.466395+00:00,boss_separate,False,TibiaWiki/Bosstiary boss; emitted value retained only in boss series
cr_4d2cb59bc215,Diblis the Fair,diblis the fair,Diblis the Fair,1,1432,2025-12-05,2026-07-30,90,True,False,False,False,False,https://tibia.fandom.com/wiki/Diblis_the_Fair,1154866.0,2026-01-07T19:19:44Z,Diblis the Fair,complete,104.0,low,8.6,10.0,7.0,3.0,1.0,10.615384615384617,2979.6153846153843,2990.230769230769,10.615384615384617,https://tibia.fandom.com/wiki/Loot_Statistics:Diblis_the_Fair,1179130.0,2026-04-26T14:30:57Z,2026-08-02T17:23:20.466395+00:00,boss_separate,False,TibiaWiki/Bosstiary boss; emitted value retained only in boss series
cr_0d98202eeb3d,The Big Bad One,the big bad one,The Big Bad One,1,1408,2025-12-05,2026-07-30,93,True,False,False,False,False,https://tibia.fandom.com/wiki/The_Big_Bad_One,995587.0,2023-03-10T18:31:12Z,The Big Bad One,insufficient_sample,21.0,insufficient,8.6,4.0,4.0,0.0,1.0,,,,,https://tibia.fandom.com/wiki/Loot_Statistics:The_Big_Bad_One,1170463.0,2026-03-24T12:44:27Z,2026-08-02T17:23:20.466395+00:00,boss_separate,False,TibiaWiki/Bosstiary boss; emitted value retained only in boss series
cr_1cd2a4e404af,Kraknaknork,kraknaknork,Kraknaknork,1,1388,2025-12-05,2026-07-30,91,True,False,False,False,False,https://tibia.fandom.com/wiki/Kraknaknork,1181523.0,2026-05-02T20:53:28Z,Kraknaknork,insufficient_sample,22.0,insufficient,9.1,1.0,1.0,0.0,1.0,,,,,https://tibia.fandom.com/wiki/Loot_Statistics:Kraknaknork,829772.0,2021-02-18T16:24:22Z,2026-08-02T17:23:20.466395+00:00,boss_separate,False,TibiaWiki/Bosstiary boss; emitted value retained only in boss series
cr_6c9332fdd35a,enraged soul,enraged soul,enraged souls,1,1386,2025-12-05,2026-07-30,72,False,False,False,False,False,,,,Enraged Soul,insufficient_sample,4.0,insufficient,10.2,2.0,1.0,1.0,1.0,,,,,https://tibia.fandom.com/wiki/Loot_Statistics:Enraged_Soul,996423.0,2023-03-19T03:39:59Z,2026-08-02T17:23:20.466395+00:00,insufficient_sample,False,empirical loot sample below 100 kills
cr_f6f1a457d209,Captain Jones,captain jones,Captain Jones,1,1368,2025-12-05,2026-07-30,92,True,False,False,False,False,https://tibia.fandom.com/wiki/Captain_Jones,1129710.0,2025-09-23T06:58:28Z,Captain Jones,insufficient_sample,11.0,insufficient,8.6,2.0,2.0,0.0,1.0,,,,,https://tibia.fandom.com/wiki/Loot_Statistics:Captain_Jones,1170366.0,2026-03-24T12:40:51Z,2026-08-02T17:23:20.466395+00:00,boss_separate,False,TibiaWiki/Bosstiary boss; emitted value retained only in boss series
cr_e7d473e9e31a,Bretzecutioner,bretzecutioner,Bretzecutioner,1,1360,2025-12-05,2026-07-30,85,True,False,False,False,False,https://tibia.fandom.com/wiki/Bretzecutioner,1171712.0,2026-03-31T14:46:10Z,Bretzecutioner,insufficient_sample,39.0,insufficient,9.5,23.0,19.0,4.0,1.0,,,,,https://tibia.fandom.com/wiki/Loot_Statistics:Bretzecutioner,1170364.0,2026-03-24T12:40:46Z,2026-08-02T17:23:20.466395+00:00,boss_separate,False,TibiaWiki/Bosstiary boss; emitted value retained only in boss series
cr_8bb52a0f9b23,Warlord Ruzad,warlord ruzad,Warlord Ruzad,1,1350,2025-12-05,2026-07-30,90,True,False,False,False,False,https://tibia.fandom.com/wiki/Warlord_Ruzad,1083283.0,2024-11-24T16:34:38Z,Warlord Ruzad,insufficient_sample,22.0,insufficient,8.6,13.0,13.0,0.0,1.0,,,,,https://tibia.fandom.com/wiki/Loot_Statistics:Warlord_Ruzad,1170505.0,2026-03-24T12:46:01Z,2026-08-02T17:23:20.466395+00:00,boss_separate,False,TibiaWiki/Bosstiary boss; emitted value retained only in boss series
cr_d515f1dbf279,Hairman the Huge,hairman the huge,Hairman the Huge,1,1339,2025-12-05,2026-07-30,89,True,False,False,False,False,https://tibia.fandom.com/wiki/Hairman_the_Huge,1082409.0,2024-11-17T01:51:24Z,Hairman the Huge,insufficient_sample,16.0,insufficient,8.6,5.0,4.0,1.0,1.0,,,,,https://tibia.fandom.com/wiki/Loot_Statistics:Hairman_the_Huge,1170396.0,2026-03-24T12:41:56Z,2026-08-02T17:23:20.466395+00:00,boss_separate,False,TibiaWiki/Bosstiary boss; emitted value retained only in boss series
cr_46e2b3440308,An Observer Eye,an observer eye,An Observer Eye,1,1331,2025-12-07,2026-07-30,85,True,False,False,False,False,https://tibia.fandom.com/wiki/An_Observer_Eye,925269.0,2022-05-02T15:31:37Z,An Observer Eye,insufficient_sample,1.0,insufficient,8.6,1.0,0.0,1.0,1.0,,,,,https://tibia.fandom.com/wiki/Loot_Statistics:An_Observer_Eye,1126130.0,2025-09-02T11:35:09Z,2026-08-02T17:23:20.466395+00:00,boss_separate,False,TibiaWiki/Bosstiary boss; emitted value retained only in boss series
cr_3bc333190a43,Bane Lord,bane lord,Bane Lord,1,1323,2026-06-21,2026-06-25,91,True,True,False,False,False,https://tibia.fandom.com/wiki/Bane_Lord,1124159.0,2025-08-27T01:32:43Z,Bane Lord,insufficient_sample,47.0,insufficient,8.6,7.0,0.0,7.0,1.0,,,,,https://tibia.fandom.com/wiki/Loot_Statistics:Bane_Lord,1106253.0,2025-06-23T10:31:54Z,2026-08-02T17:23:20.466395+00:00,boss_separate,False,TibiaWiki/Bosstiary boss; emitted value retained only in boss series
cr_5fc326a710d3,Necropharus,necropharus,Necropharus,1,1311,2025-12-05,2026-07-30,89,True,False,False,False,False,https://tibia.fandom.com/wiki/Necropharus,1083819.0,2024-11-25T12:54:06Z,Necropharus,insufficient_sample,39.0,insufficient,8.6,16.0,13.0,3.0,1.0,,,,,https://tibia.fandom.com/wiki/Loot_Statistics:Necropharus,1056880.0,2024-04-01T09:17:33Z,2026-08-02T17:23:20.466395+00:00,boss_separate,False,TibiaWiki/Bosstiary boss; emitted value retained only in boss series
cr_1562c3e33137,The Old Whopper,the old whopper,The Old Whopper,1,1294,2025-12-05,2026-07-30,87,True,False,False,False,False,https://tibia.fandom.com/wiki/The_Old_Whopper,1181323.0,2026-05-02T17:45:28Z,The Old Whopper,insufficient_sample,20.0,insufficient,8.6,6.0,6.0,0.0,1.0,,,,,https://tibia.fandom.com/wiki/Loot_Statistics:The_Old_Whopper,1170484.0,2026-03-24T12:45:14Z,2026-08-02T17:23:20.466395+00:00,boss_separate,False,TibiaWiki/Bosstiary boss; emitted value retained only in boss series
cr_bffe1e168803,animated ogre brute,animated ogre brute,animated ogre brutes,1,1266,2025-12-05,2026-07-30,85,False,False,False,False,False,,,,Animated Ogre Brute,insufficient_sample,19.0,insufficient,8.6,11.0,9.0,2.0,1.0,,,,,https://tibia.fandom.com/wiki/Loot_Statistics:Animated_Ogre_Brute,1129200.0,2025-09-20T15:10:34Z,2026-08-02T17:23:20.466395+00:00,insufficient_sample,False,empirical loot sample below 100 kills
cr_5bc85d92edf8,High Templar Cobrass,high templar cobrass,High Templar Cobrass,1,1264,2025-12-05,2026-07-30,87,True,False,False,False,False,https://tibia.fandom.com/wiki/High_Templar_Cobrass,1168146.0,2026-03-18T21:38:45Z,High Templar Cobrass,insufficient_sample,12.0,insufficient,8.6,7.0,6.0,1.0,1.0,,,,,https://tibia.fandom.com/wiki/Loot_Statistics:High_Templar_Cobrass,1053678.0,2024-02-06T23:32:07Z,2026-08-02T17:23:20.466395+00:00,boss_separate,False,TibiaWiki/Bosstiary boss; emitted value retained only in boss series
cr_7985358bc048,Rottie the Rotworm,rottie the rotworm,Rottie the Rotworm,1,1252,2025-12-05,2026-07-30,84,True,False,False,False,False,https://tibia.fandom.com/wiki/Rottie_the_Rotworm,901899.0,2022-01-23T15:40:50Z,Rottie the Rotworm,insufficient_sample,46.0,insufficient,8.6,10.0,10.0,0.0,1.0,,,,,https://tibia.fandom.com/wiki/Loot_Statistics:Rottie_the_Rotworm,1043447.0,2023-10-23T14:00:08Z,2026-08-02T17:23:20.466395+00:00,boss_separate,False,TibiaWiki/Bosstiary boss; emitted value retained only in boss series
cr_d6cf7398e65f,glooth trasher,glooth trasher,glooth trashers,1,1230,2025-12-05,2026-07-30,69,False,False,False,False,False,,,,Glooth Trasher,insufficient_sample,22.0,insufficient,10.7,0.0,0.0,0.0,1.0,,,,,https://tibia.fandom.com/wiki/Loot_Statistics:Glooth_Trasher,1004270.0,2023-06-07T21:34:24Z,2026-08-02T17:23:20.466395+00:00,insufficient_sample,False,empirical loot sample below 100 kills
cr_87e985a9d630,Feroxa,feroxa,Feroxa,1,1229,2025-12-13,2026-07-13,93,True,False,False,False,False,https://tibia.fandom.com/wiki/Feroxa,988016.0,2023-01-07T20:17:58Z,Feroxa,insufficient_sample,59.0,insufficient,12.90.12182,40.0,32.0,8.0,1.0,,,,,https://tibia.fandom.com/wiki/Loot_Statistics:Feroxa,1170382.0,2026-03-24T12:41:27Z,2026-08-02T17:23:20.466395+00:00,boss_separate,False,TibiaWiki/Bosstiary boss; emitted value retained only in boss series
cr_59954f8cc26a,glooth masher,glooth masher,glooth mashers,1,1213,2025-12-05,2026-07-30,68,False,False,False,False,False,,,,Glooth Masher,insufficient_sample,23.0,insufficient,10.7,0.0,0.0,0.0,1.0,,,,,https://tibia.fandom.com/wiki/Loot_Statistics:Glooth_Masher,1004268.0,2023-06-07T21:34:21Z,2026-08-02T17:23:20.466395+00:00,insufficient_sample,False,empirical loot sample below 100 kills
cr_278045c27e5a,Dreadful Disruptor,dreadful disruptor,Dreadful Disruptor,1,1212,2025-12-05,2026-07-30,77,True,False,False,False,False,https://tibia.fandom.com/wiki/Dreadful_Disruptor,1055702.0,2024-03-20T15:32:08Z,Dreadful Disruptor,insufficient_sample,24.0,insufficient,8.6,25.0,20.0,5.0,1.0,,,,,https://tibia.fandom.com/wiki/Loot_Statistics:Dreadful_Disruptor,1052383.0,2024-01-25T16:10:11Z,2026-08-02T17:23:20.466395+00:00,boss_separate,False,TibiaWiki/Bosstiary boss; emitted value retained only in boss series
cr_2bdc9775ed10,glooth slasher,glooth slasher,glooth slashers,1,1179,2025-12-05,2026-07-29,68,False,False,False,False,False,,,,Glooth Slasher,insufficient_sample,21.0,insufficient,10.7,0.0,0.0,0.0,1.0,,,,,https://tibia.fandom.com/wiki/Loot_Statistics:Glooth_Slasher,1004269.0,2023-06-07T21:34:23Z,2026-08-02T17:23:20.466395+00:00,insufficient_sample,False,empirical loot sample below 100 kills
cr_21450174b30c,animated ogre savage,animated ogre savage,animated ogre savages,1,1176,2025-12-05,2026-07-30,83,False,False,False,False,False,,,,Animated Ogre Savage,insufficient_sample,17.0,insufficient,8.6,7.0,5.0,2.0,1.0,,,,,https://tibia.fandom.com/wiki/Loot_Statistics:Animated_Ogre_Savage,1129201.0,2025-09-20T15:10:35Z,2026-08-02T17:23:20.466395+00:00,insufficient_sample,False,empirical loot sample below 100 kills
cr_0a0ed3b10044,Foreman Kneebiter,foreman kneebiter,Foreman Kneebiter,1,1162,2025-12-05,2026-07-30,83,True,False,False,False,False,https://tibia.fandom.com/wiki/Foreman_Kneebiter,1165513.0,2026-03-03T00:09:39Z,Foreman Kneebiter,insufficient_sample,25.0,insufficient,8.6,5.0,5.0,0.0,1.0,,,,,https://tibia.fandom.com/wiki/Loot_Statistics:Foreman_Kneebiter,1179132.0,2026-04-26T14:30:59Z,2026-08-02T17:23:20.466395+00:00,boss_separate,False,TibiaWiki/Bosstiary boss; emitted value retained only in boss series
cr_4c7002c12aff,Xenia,xenia,Xenia,1,1159,2025-12-05,2026-07-30,91,True,False,False,False,False,https://tibia.fandom.com/wiki/Xenia,1181324.0,2026-05-02T17:45:30Z,Xenia,insufficient_sample,15.0,insufficient,8.6,5.0,4.0,1.0,1.0,,,,,https://tibia.fandom.com/wiki/Loot_Statistics:Xenia,1178586.0,2026-04-25T12:28:27Z,2026-08-02T17:23:20.466395+00:00,boss_separate,False,TibiaWiki/Bosstiary boss; emitted value retained only in boss series
cr_3deaf2f885e6,Rukor Zad,rukor zad,Rukor Zad,1,1124,2025-12-05,2026-07-30,87,True,False,False,False,False,https://tibia.fandom.com/wiki/Rukor_Zad,1181259.0,2026-05-02T16:29:33Z,Rukor Zad,insufficient_sample,10.0,insufficient,8.6,6.0,5.0,1.0,1.0,,,,,https://tibia.fandom.com/wiki/Loot_Statistics:Rukor_Zad,1170441.0,2026-03-24T12:43:38Z,2026-08-02T17:23:20.466395+00:00,boss_separate,False,TibiaWiki/Bosstiary boss; emitted value retained only in boss series
cr_b36c4eb295f1,animated ogre shaman,animated ogre shaman,animated ogre shamans,1,1060,2025-12-05,2026-07-30,84,False,False,False,False,False,,,,Animated Ogre Shaman,insufficient_sample,17.0,insufficient,8.6,11.0,8.0,3.0,1.0,,,,,https://tibia.fandom.com/wiki/Loot_Statistics:Animated_Ogre_Shaman,1129202.0,2025-09-20T15:10:36Z,2026-08-02T17:23:20.466395+00:00,insufficient_sample,False,empirical loot sample below 100 kills
cr_e1dd15973d80,nightmares of Gaz'haragoth,nightmares of gaz'haragoth,nightmares of Gaz'haragoth,1,1049,2025-12-05,2026-07-30,65,False,False,False,False,False,,,,,absent,,,,,,,,,,,,,,,,missing_loot_table,False,no current empirical Loot2 table matched; no value imputed
cr_24ff1a86423e,glooth generator,glooth generator,glooth-generators,1,1035,2025-12-10,2026-07-30,50,False,False,False,False,False,,,,,absent,,,,,,,,,,,,,,,,missing_loot_table,False,no current empirical Loot2 table matched; no value imputed
cr_6d94c5dce0b7,Barbaria,barbaria,Barbaria,1,1027,2025-12-05,2026-07-30,86,True,False,False,False,False,https://tibia.fandom.com/wiki/Barbaria,991453.0,2023-02-05T07:46:17Z,Barbaria,insufficient_sample,22.0,insufficient,8.6,9.0,6.0,3.0,1.0,,,,,https://tibia.fandom.com/wiki/Loot_Statistics:Barbaria,1179126.0,2026-04-26T14:30:51Z,2026-08-02T17:23:20.466395+00:00,boss_separate,False,TibiaWiki/Bosstiary boss; emitted value retained only in boss series
cr_c6201f026799,Man in the Cave,man in the cave,Man in the Cave,1,1011,2025-12-05,2026-07-30,88,True,False,False,False,False,https://tibia.fandom.com/wiki/Man_in_the_Cave,1171643.0,2026-03-30T19:01:23Z,Man in the Cave,insufficient_sample,32.0,insufficient,8.6,7.0,5.0,2.0,1.0,,,,,https://tibia.fandom.com/wiki/Loot_Statistics:Man_in_the_Cave,1123315.0,2025-08-22T23:55:34Z,2026-08-02T17:23:20.466395+00:00,boss_separate,False,TibiaWiki/Bosstiary boss; emitted value retained only in boss series
cr_b601abef2e53,Ocyakao,ocyakao,Ocyakao,1,1006,2025-12-05,2026-07-30,93,True,False,False,False,False,https://tibia.fandom.com/wiki/Ocyakao,1150697.0,2025-12-18T08:46:16Z,Ocyakao,insufficient_sample,14.0,insufficient,12.86.11580,10.0,10.0,0.0,1.0,,,,,https://tibia.fandom.com/wiki/Loot_Statistics:Ocyakao,1126193.0,2025-09-02T11:37:17Z,2026-08-02T17:23:20.466395+00:00,boss_separate,False,TibiaWiki/Bosstiary boss; emitted value retained only in boss series
cr_13e3c1ad97d9,Shlorg,shlorg,Shlorg,1,974,2025-12-05,2026-07-30,93,True,False,False,False,True,https://tibia.fandom.com/wiki/Shlorg,1166740.0,2026-03-10T17:19:31Z,,absent,,,,,,,,,,,,,,,,boss_separate,False,TibiaWiki/Bosstiary boss; emitted value retained only in boss series
cr_6727c2bf5691,death reaper,death reaper,death reapers,1,973,2025-12-09,2026-07-29,34,False,False,False,False,False,,,,,absent,,,,,,,,,,,,,,,,missing_loot_table,False,no current empirical Loot2 table matched; no value imputed
cr_5563e1bd8e78,Smuggler Baron Silvertoe,smuggler baron silvertoe,Smuggler Baron Silvertoe,1,943,2025-12-05,2026-07-30,90,True,False,False,False,False,https://tibia.fandom.com/wiki/Smuggler_Baron_Silvertoe,1071024.0,2024-07-20T13:17:35Z,Smuggler Baron Silvertoe,insufficient_sample,8.0,insufficient,8.6,6.0,6.0,0.0,1.0,,,,,https://tibia.fandom.com/wiki/Loot_Statistics:Smuggler_Baron_Silvertoe,1179137.0,2026-04-26T14:31:08Z,2026-08-02T17:23:20.466395+00:00,boss_separate,False,TibiaWiki/Bosstiary boss; emitted value retained only in boss series
cr_77a9d259fb5c,Hatebreeder,hatebreeder,Hatebreeder,1,924,2025-12-05,2026-07-30,80,True,False,False,False,False,https://tibia.fandom.com/wiki/Hatebreeder,1181423.0,2026-05-02T20:44:52Z,Hatebreeder,insufficient_sample,3.0,insufficient,15.00.249ccc,13.0,12.0,1.0,1.0,,,,,https://tibia.fandom.com/wiki/Loot_Statistics:Hatebreeder,1179135.0,2026-04-26T14:31:04Z,2026-08-02T17:23:20.466395+00:00,boss_separate,False,TibiaWiki/Bosstiary boss; emitted value retained only in boss series
cr_ea06f36f20c9,Hirintror,hirintror,Hirintror,1,921,2025-12-05,2026-07-30,88,True,False,False,False,False,https://tibia.fandom.com/wiki/Hirintror,1181524.0,2026-05-02T20:53:30Z,Hirintror,insufficient_sample,7.0,insufficient,10.2,16.0,14.0,2.0,1.0,,,,,https://tibia.fandom.com/wiki/Loot_Statistics:Hirintror,1170399.0,2026-03-24T12:42:04Z,2026-08-02T17:23:20.466395+00:00,boss_separate,False,TibiaWiki/Bosstiary boss; emitted value retained only in boss series
cr_f8bacb01417e,The Welter,the welter,The Welter,1,904,2025-12-05,2026-07-30,93,True,False,False,False,False,https://tibia.fandom.com/wiki/The_Welter,1131211.0,2025-10-01T19:50:42Z,The Welter,insufficient_sample,3.0,insufficient,12.86.11580,10.0,8.0,2.0,1.0,,,,,https://tibia.fandom.com/wiki/Loot_Statistics:The_Welter,1131205.0,2025-10-01T19:49:10Z,2026-08-02T17:23:20.466395+00:00,boss_separate,False,TibiaWiki/Bosstiary boss; emitted value retained only in boss series
cr_cfe7a084a430,The Pale Count,the pale count,The Pale Count,1,900,2025-12-05,2026-07-30,93,True,False,False,False,False,https://tibia.fandom.com/wiki/The_Pale_Count,1084173.0,2024-11-26T08:46:02Z,The Pale Count,insufficient_sample,37.0,insufficient,12.86.11580,28.0,23.0,5.0,1.0,,,,,https://tibia.fandom.com/wiki/Loot_Statistics:The_Pale_Count,1170485.0,2026-03-24T12:45:15Z,2026-08-02T17:23:20.466395+00:00,boss_separate,False,TibiaWiki/Bosstiary boss; emitted value retained only in boss series
cr_9fe671273c3d,blight bug,blight bug,blight bugs,1,881,2025-12-06,2026-07-30,64,False,False,False,False,False,,,,Blight Bug,insufficient_sample,7.0,insufficient,8.6,0.0,0.0,0.0,1.0,,,,,https://tibia.fandom.com/wiki/Loot_Statistics:Blight_Bug,1187174.0,2026-05-24T21:10:31Z,2026-08-02T17:23:20.466395+00:00,insufficient_sample,False,empirical loot sample below 100 kills
cr_c6e0260f3bb9,Grandfather Tridian,grandfather tridian,Grandfather Tridian,1,877,2025-12-05,2026-07-30,82,True,False,False,False,False,https://tibia.fandom.com/wiki/Grandfather_Tridian,1181322.0,2026-05-02T17:45:27Z,Grandfather Tridian,insufficient_sample,12.0,insufficient,8.6,10.0,7.0,3.0,1.0,,,,,https://tibia.fandom.com/wiki/Loot_Statistics:Grandfather_Tridian,1056121.0,2024-03-21T03:26:46Z,2026-08-02T17:23:20.466395+00:00,boss_separate,False,TibiaWiki/Bosstiary boss; emitted value retained only in boss series
cr_f33da776be4d,feeble glooth horror,feeble glooth horror,feeble glooth horror,1,870,2025-12-05,2026-07-30,70,False,False,False,False,False,,,,,absent,,,,,,,,,,,,,,,,missing_loot_table,False,no current empirical Loot2 table matched; no value imputed
cr_f52ba31d9f01,The Frog Prince,the frog prince,The Frog Prince,1,862,2025-12-05,2026-07-30,89,True,False,False,False,False,https://tibia.fandom.com/wiki/The_Frog_Prince,1160734.0,2026-02-05T14:17:37Z,The Frog Prince,insufficient_sample,9.0,insufficient,8.6,0.0,0.0,0.0,1.0,,,,,https://tibia.fandom.com/wiki/Loot_Statistics:The_Frog_Prince,1170476.0,2026-03-24T12:44:56Z,2026-08-02T17:23:20.466395+00:00,boss_separate,False,TibiaWiki/Bosstiary boss; emitted value retained only in boss series
cr_3b1bdae673a4,Terofar,terofar,Terofar,1,852,2025-12-07,2026-07-30,65,True,False,False,False,False,https://tibia.fandom.com/wiki/Terofar,1181443.0,2026-05-02T20:46:29Z,Terofar,complete,531.0,low,10.5,37.0,29.0,8.0,1.0,100.12994350282486,20086.53483992467,20186.66478342749,100.12994350282486,https://tibia.fandom.com/wiki/Loot_Statistics:Terofar,1198365.0,2026-07-31T15:22:50Z,2026-08-02T17:23:20.466395+00:00,boss_separate,False,TibiaWiki/Bosstiary boss; emitted value retained only in boss series
cr_4b5b510d0312,Dreadmaw,dreadmaw,Dreadmaw,1,834,2025-12-05,2026-07-30,88,True,False,False,False,False,https://tibia.fandom.com/wiki/Dreadmaw,1065864.0,2024-07-01T07:56:02Z,Dreadmaw,insufficient_sample,11.0,insufficient,8.6,5.0,5.0,0.0,1.0,,,,,https://tibia.fandom.com/wiki/Loot_Statistics:Dreadmaw,1109747.0,2025-07-10T11:05:27Z,2026-08-02T17:23:20.466395+00:00,boss_separate,False,TibiaWiki/Bosstiary boss; emitted value retained only in boss series
cr_f6ca7e8239df,Zushuka,zushuka,Zushuka,1,811,2025-12-05,2026-07-30,91,True,False,False,False,False,https://tibia.fandom.com/wiki/Zushuka,1093167.0,2025-03-01T12:04:03Z,Zushuka,insufficient_sample,18.0,insufficient,12.86.11580,25.0,21.0,4.0,1.0,,,,,https://tibia.fandom.com/wiki/Loot_Statistics:Zushuka,1180186.0,2026-04-29T11:32:20Z,2026-08-02T17:23:20.466395+00:00,boss_separate,False,TibiaWiki/Bosstiary boss; emitted value retained only in boss series
cr_aca0c56cd644,Countess Sorrow,countess sorrow,Countess Sorrow,1,807,2025-12-05,2026-07-30,84,True,False,False,False,False,https://tibia.fandom.com/wiki/Countess_Sorrow,1181316.0,2026-05-02T17:45:18Z,Countess Sorrow,insufficient_sample,47.0,insufficient,8.6,12.0,10.0,2.0,1.0,,,,,https://tibia.fandom.com/wiki/Loot_Statistics:Countess_Sorrow,1085636.0,2024-12-08T23:32:52Z,2026-08-02T17:23:20.466395+00:00,boss_separate,False,TibiaWiki/Bosstiary boss; emitted value retained only in boss series
cr_fbaab846a7ba,The Imperor,the imperor,The Imperor,1,802,2025-12-05,2026-07-30,85,True,False,False,False,False,https://tibia.fandom.com/wiki/The_Imperor,1179522.0,2026-04-26T20:19:35Z,The Imperor,insufficient_sample,20.0,insufficient,8.6,14.0,13.0,1.0,1.0,,,,,https://tibia.fandom.com/wiki/Loot_Statistics:The_Imperor,939239.0,2022-07-21T13:36:16Z,2026-08-02T17:23:20.466395+00:00,boss_separate,False,TibiaWiki/Bosstiary boss; emitted value retained only in boss series
cr_493c01fa7467,Dracola,dracola,Dracola,1,796,2025-12-05,2026-07-30,82,True,False,False,False,False,https://tibia.fandom.com/wiki/Dracola,1084294.0,2024-11-26T15:24:47Z,Dracola,insufficient_sample,23.0,insufficient,8.6,15.0,12.0,3.0,1.0,,,,,https://tibia.fandom.com/wiki/Loot_Statistics:Dracola,1198362.0,2026-07-31T13:39:33Z,2026-08-02T17:23:20.466395+00:00,boss_separate,False,TibiaWiki/Bosstiary boss; emitted value retained only in boss series
cr_daac53ff9001,shiversleep,shiversleep,shiversleeps,1,787,2025-12-07,2026-07-28,62,False,False,False,False,False,https://tibia.fandom.com/wiki/Shiversleep,1179315.0,2026-04-26T18:05:02Z,,absent,,,,,,,,,,,,,,,,missing_loot_table,False,no current empirical Loot2 table matched; no value imputed
cr_5bcc19be0af4,Horadron,horadron,Horadron,1,772,2025-12-06,2026-07-30,72,True,False,False,False,False,https://tibia.fandom.com/wiki/Horadron,852549.0,2021-06-04T18:41:02Z,Horadron,complete,605.0,low,10.3,33.0,27.0,6.0,1.0,101.0,24236.198347107435,24337.198347107435,101.0,https://tibia.fandom.com/wiki/Loot_Statistics:Horadron,997658.0,2023-03-29T20:22:25Z,2026-08-02T17:23:20.466395+00:00,boss_separate,False,TibiaWiki/Bosstiary boss; emitted value retained only in boss series
cr_7b2d88c3e451,Mr. Punish,mr. punish,Mr. Punish,1,768,2025-12-05,2026-07-30,78,True,False,False,False,False,https://tibia.fandom.com/wiki/Mr._Punish,968100.0,2022-08-27T19:02:39Z,Mr. Punish,insufficient_sample,14.0,insufficient,8.6,15.0,10.0,5.0,1.0,,,,,https://tibia.fandom.com/wiki/Loot_Statistics:Mr._Punish,994560.0,2023-03-02T15:05:16Z,2026-08-02T17:23:20.466395+00:00,boss_separate,False,TibiaWiki/Bosstiary boss; emitted value retained only in boss series
cr_760d0020a104,Massacre,massacre,Massacre,1,758,2025-12-05,2026-07-30,80,True,False,False,False,False,https://tibia.fandom.com/wiki/Massacre,1193090.0,2026-06-29T17:59:24Z,Massacre,insufficient_sample,29.0,insufficient,8.6,11.0,7.0,4.0,1.0,,,,,https://tibia.fandom.com/wiki/Loot_Statistics:Massacre,1074300.0,2024-08-04T21:45:13Z,2026-08-02T17:23:20.466395+00:00,boss_separate,False,TibiaWiki/Bosstiary boss; emitted value retained only in boss series
cr_b4303f6e5fc5,The Voice of Ruin,the voice of ruin,The Voice Of Ruin,1,738,2025-12-05,2026-07-30,82,True,False,False,False,False,https://tibia.fandom.com/wiki/The_Voice_of_Ruin,1181273.0,2026-05-02T16:29:51Z,The Voice of Ruin,insufficient_sample,19.0,insufficient,8.6,8.0,8.0,0.0,1.0,,,,,https://tibia.fandom.com/wiki/Loot_Statistics:The_Voice_of_Ruin,1177646.0,2026-04-23T09:45:44Z,2026-08-02T17:23:20.466395+00:00,boss_separate,False,TibiaWiki/Bosstiary boss; emitted value retained only in boss series
cr_45cf579fe68f,The Handmaiden,the handmaiden,The Handmaiden,1,730,2025-12-05,2026-07-30,83,True,False,False,False,False,https://tibia.fandom.com/wiki/The_Handmaiden,1181315.0,2026-05-02T17:45:17Z,The Handmaiden,insufficient_sample,18.0,insufficient,8.6,15.0,13.0,2.0,1.0,,,,,https://tibia.fandom.com/wiki/Loot_Statistics:The_Handmaiden,1151957.0,2025-12-24T03:43:42Z,2026-08-02T17:23:20.466395+00:00,boss_separate,False,TibiaWiki/Bosstiary boss; emitted value retained only in boss series
cr_b861dae86875,memory of an elf,memory of an elf,memories of an elf,1,712,2025-12-08,2026-07-30,65,False,False,False,False,False,,,,Memory of an Elf,complete,139.0,low,8.6,18.0,8.0,10.0,1.0,0.9712230215827338,69.89208633093524,70.86330935251797,0.9712230215827338,https://tibia.fandom.com/wiki/Loot_Statistics:Memory_of_an_Elf,902593.0,2022-01-30T17:50:21Z,2026-08-02T17:23:20.466395+00:00,modeled,True,
cr_944ad9235a49,Sir Leopold,sir leopold,Sir Leopold,1,680,2025-12-23,2026-07-24,92,True,False,False,False,False,https://tibia.fandom.com/wiki/Sir_Leopold,1172304.0,2026-04-05T14:17:42Z,Sir Leopold,insufficient_sample,42.0,insufficient,8.6,18.0,15.0,3.0,1.0,,,,,https://tibia.fandom.com/wiki/Loot_Statistics:Sir_Leopold,1197502.0,2026-07-23T08:38:01Z,2026-08-02T17:23:20.466395+00:00,boss_separate,False,TibiaWiki/Bosstiary boss; emitted value retained only in boss series
cr_78dc30e04997,Tzumrah the Dazzler,tzumrah the dazzler,Tzumrah The Dazzler,1,649,2025-12-05,2026-07-30,87,True,False,False,False,False,https://tibia.fandom.com/wiki/Tzumrah_the_Dazzler,1181394.0,2026-05-02T20:39:34Z,Tzumrah the Dazzler,insufficient_sample,15.0,insufficient,10.8,5.0,4.0,1.0,1.0,,,,,https://tibia.fandom.com/wiki/Loot_Statistics:Tzumrah_the_Dazzler,1102583.0,2025-05-09T12:32:49Z,2026-08-02T17:23:20.466395+00:00,boss_separate,False,TibiaWiki/Bosstiary boss; emitted value retained only in boss series
cr_94735de359c8,Gravelord Oshuran,gravelord oshuran,Gravelord Oshuran,1,644,2025-12-05,2026-07-30,80,True,False,False,False,False,https://tibia.fandom.com/wiki/Gravelord_Oshuran,1181475.0,2026-05-02T20:51:03Z,Gravelord Oshuran,insufficient_sample,27.0,insufficient,8.6,9.0,8.0,1.0,1.0,,,,,https://tibia.fandom.com/wiki/Loot_Statistics:Gravelord_Oshuran,1126173.0,2025-09-02T11:36:37Z,2026-08-02T17:23:20.466395+00:00,boss_separate,False,TibiaWiki/Bosstiary boss; emitted value retained only in boss series
cr_e9a8a425dfb1,The Plasmother,the plasmother,The Plasmother,1,617,2025-12-05,2026-07-30,76,True,False,False,False,False,https://tibia.fandom.com/wiki/The_Plasmother,1181611.0,2026-05-02T22:26:51Z,The Plasmother,insufficient_sample,13.0,insufficient,8.6,9.0,9.0,0.0,1.0,,,,,https://tibia.fandom.com/wiki/Loot_Statistics:The_Plasmother,1122494.0,2025-08-18T01:47:57Z,2026-08-02T17:23:20.466395+00:00,boss_separate,False,TibiaWiki/Bosstiary boss; emitted value retained only in boss series
cr_418b17736579,Zarabustor,zarabustor,Zarabustor,1,571,2025-12-05,2026-07-30,76,True,False,False,False,False,https://tibia.fandom.com/wiki/Zarabustor,1181465.0,2026-05-02T20:50:49Z,Zarabustor,insufficient_sample,27.0,insufficient,8.6,9.0,7.0,2.0,1.0,,,,,https://tibia.fandom.com/wiki/Loot_Statistics:Zarabustor,1170515.0,2026-03-24T12:46:23Z,2026-08-02T17:23:20.466395+00:00,boss_separate,False,TibiaWiki/Bosstiary boss; emitted value retained only in boss series
cr_7a9fceed3870,Merikh the Slaughterer,merikh the slaughterer,Merikh the Slaughterer,1,555,2025-12-05,2026-07-30,78,True,False,False,False,False,https://tibia.fandom.com/wiki/Merikh_the_Slaughterer,1116311.0,2025-07-26T12:45:29Z,Merikh the Slaughterer,insufficient_sample,36.0,insufficient,8.6,12.0,10.0,2.0,1.0,,,,,https://tibia.fandom.com/wiki/Loot_Statistics:Merikh_the_Slaughterer,786948.0,2020-01-17T17:54:03Z,2026-08-02T17:23:20.466395+00:00,boss_separate,False,TibiaWiki/Bosstiary boss; emitted value retained only in boss series
cr_dd49046aba43,Fernfang,fernfang,Fernfang,1,535,2025-12-05,2026-07-29,80,True,False,False,False,False,https://tibia.fandom.com/wiki/Fernfang,1191009.0,2026-06-22T20:04:54Z,Fernfang,insufficient_sample,53.0,insufficient,8.6,19.0,13.0,6.0,1.0,,,,,https://tibia.fandom.com/wiki/Loot_Statistics:Fernfang,1170381.0,2026-03-24T12:41:24Z,2026-08-02T17:23:20.466395+00:00,boss_separate,False,TibiaWiki/Bosstiary boss; emitted value retained only in boss series
cr_6008bfce3eba,Zavarash,zavarash,Zavarash,1,518,2025-12-05,2026-07-30,64,True,False,False,False,False,https://tibia.fandom.com/wiki/Zavarash,1181525.0,2026-05-02T20:53:31Z,Zavarash,complete,585.0,low,10.5,31.0,23.0,8.0,1.0,101.0,23141.02564102564,23242.02564102564,101.0,https://tibia.fandom.com/wiki/Loot_Statistics:Zavarash,1198363.0,2026-07-31T14:17:30Z,2026-08-02T17:23:20.466395+00:00,boss_separate,False,TibiaWiki/Bosstiary boss; emitted value retained only in boss series
cr_350545b69457,Gaz'haragoth,gaz'haragoth,Gaz'haragoth,1,490,2025-12-05,2026-07-30,73,True,False,False,False,False,https://tibia.fandom.com/wiki/Gaz'haragoth,1181615.0,2026-05-02T22:26:57Z,Gaz'haragoth,insufficient_sample,41.0,insufficient,12.86.11580,45.0,16.0,29.0,1.0,,,,,https://tibia.fandom.com/wiki/Loot_Statistics:Gaz'haragoth,1192970.0,2026-06-28T18:19:29Z,2026-08-02T17:23:20.466395+00:00,boss_separate,False,TibiaWiki/Bosstiary boss; emitted value retained only in boss series
cr_cfb3211a3fd2,Omrafir,omrafir,Omrafir,1,480,2025-12-05,2026-07-29,69,True,False,False,False,False,https://tibia.fandom.com/wiki/Omrafir,1077955.0,2024-09-19T23:18:11Z,Omrafir,insufficient_sample,15.0,insufficient,12.86.11580,26.0,16.0,10.0,1.0,,,,,https://tibia.fandom.com/wiki/Loot_Statistics:Omrafir,1097783.0,2025-04-04T13:33:35Z,2026-08-02T17:23:20.466395+00:00,boss_separate,False,TibiaWiki/Bosstiary boss; emitted value retained only in boss series
cr_3f8a0d3a090a,Fahim the Wise,fahim the wise,Fahim the Wise,1,467,2025-12-05,2026-07-30,73,True,False,False,False,False,https://tibia.fandom.com/wiki/Fahim_the_Wise,1181287.0,2026-05-02T17:32:23Z,Fahim the Wise,insufficient_sample,57.0,insufficient,8.6,14.0,10.0,4.0,1.0,,,,,https://tibia.fandom.com/wiki/Loot_Statistics:Fahim_the_Wise,992693.0,2023-02-18T09:05:45Z,2026-08-02T17:23:20.466395+00:00,boss_separate,False,TibiaWiki/Bosstiary boss; emitted value retained only in boss series
cr_addf372654cd,Mornenion,mornenion,Mornenion,1,417,2025-12-05,2026-07-30,90,True,False,False,False,False,https://tibia.fandom.com/wiki/Mornenion,968558.0,2022-08-28T18:16:34Z,Mornenion,insufficient_sample,21.0,insufficient,8.6,2.0,1.0,1.0,1.0,,,,,https://tibia.fandom.com/wiki/Loot_Statistics:Mornenion,1170425.0,2026-03-24T12:43:03Z,2026-08-02T17:23:20.466395+00:00,boss_separate,False,TibiaWiki/Bosstiary boss; emitted value retained only in boss series
cr_c06f70726d00,Elvira Hammerthrust,elvira hammerthrust,Elvira Hammerthrust,1,416,2025-12-06,2026-07-28,93,True,False,False,False,False,https://tibia.fandom.com/wiki/Elvira_Hammerthrust,995810.0,2023-03-14T12:46:55Z,Elvira Hammerthrust,insufficient_sample,17.0,insufficient,8.6,2.0,1.0,1.0,1.0,,,,,https://tibia.fandom.com/wiki/Loot_Statistics:Elvira_Hammerthrust,995808.0,2023-03-14T12:28:15Z,2026-08-02T17:23:20.466395+00:00,boss_separate,False,TibiaWiki/Bosstiary boss; emitted value retained only in boss series
cr_d529241658e0,Teleskor,teleskor,Teleskor,1,398,2025-12-05,2026-07-30,66,True,False,False,False,False,https://tibia.fandom.com/wiki/Teleskor,1041423.0,2023-10-14T17:45:36Z,Teleskor,insufficient_sample,29.0,insufficient,8.6,8.0,7.0,1.0,1.0,,,,,https://tibia.fandom.com/wiki/Loot_Statistics:Teleskor,1098768.0,2025-04-11T23:19:18Z,2026-08-02T17:23:20.466395+00:00,boss_separate,False,TibiaWiki/Bosstiary boss; emitted value retained only in boss series
cr_a883b9925ab6,Robby the Reckless,robby the reckless,Robby the Reckless,1,376,2025-12-05,2026-07-30,92,True,False,False,False,False,https://tibia.fandom.com/wiki/Robby_the_Reckless,1054661.0,2024-02-23T18:53:36Z,Robby the Reckless,insufficient_sample,16.0,insufficient,8.6,2.0,1.0,1.0,1.0,,,,,https://tibia.fandom.com/wiki/Loot_Statistics:Robby_the_Reckless,924902.0,2022-04-30T03:04:31Z,2026-08-02T17:23:20.466395+00:00,boss_separate,False,TibiaWiki/Bosstiary boss; emitted value retained only in boss series
cr_221ceb6e0138,tremor worm,tremor worm,tremor worms,1,327,2025-12-06,2026-07-30,52,False,False,False,False,False,,,,Tremor Worm,insufficient_sample,7.0,insufficient,12.86.11580,19.0,14.0,5.0,1.0,,,,,https://tibia.fandom.com/wiki/Loot_Statistics:Tremor_Worm,1003134.0,2023-05-26T23:56:05Z,2026-08-02T17:23:20.466395+00:00,insufficient_sample,False,empirical loot sample below 100 kills
cr_20607678f31f,Armenius,armenius,Armenius,1,322,2025-12-06,2026-07-29,78,False,False,False,False,False,https://tibia.fandom.com/wiki/Armenius,1114682.0,2025-07-26T10:06:23Z,Armenius (Creature),insufficient_sample,1.0,insufficient,8.6,0.0,0.0,0.0,1.0,,,,,https://tibia.fandom.com/wiki/Loot_Statistics:Armenius_(Creature),838383.0,2021-05-16T00:03:04Z,2026-08-02T17:23:20.466395+00:00,insufficient_sample,False,empirical loot sample below 100 kills
cr_933c0a815c04,Mahatheb,mahatheb,Mahatheb,1,296,2025-12-05,2026-07-30,72,True,False,False,False,False,https://tibia.fandom.com/wiki/Mahatheb,1181533.0,2026-05-02T20:53:43Z,Mahatheb,insufficient_sample,14.0,insufficient,10.8,8.0,8.0,0.0,1.0,,,,,https://tibia.fandom.com/wiki/Loot_Statistics:Mahatheb,1179136.0,2026-04-26T14:31:06Z,2026-08-02T17:23:20.466395+00:00,boss_separate,False,TibiaWiki/Bosstiary boss; emitted value retained only in boss series
cr_ec76c4da5425,greater death minion,greater death minion,greater death minions,1,271,2025-12-09,2026-07-29,38,False,False,False,False,False,,,,Greater Death Minion,insufficient_sample,16.0,insufficient,8.6,0.0,0.0,0.0,1.0,,,,,https://tibia.fandom.com/wiki/Loot_Statistics:Greater_Death_Minion,1099304.0,2025-04-18T20:28:06Z,2026-08-02T17:23:20.466395+00:00,insufficient_sample,False,empirical loot sample below 100 kills
cr_c7bf8a114cce,Chikhaton,chikhaton,Chikhaton,1,262,2025-12-06,2026-07-25,42,True,True,False,False,False,https://tibia.fandom.com/wiki/Chikhaton,1126270.0,2025-09-02T19:16:30Z,,absent,,,,,,,,,,,,,,,,boss_separate,False,TibiaWiki/Bosstiary boss; emitted value retained only in boss series
cr_90e980c2cfc1,freed soul,freed soul,freed souls,1,259,2025-12-06,2026-07-30,54,False,False,False,False,False,,,,,absent,,,,,,,,,,,,,,,,missing_loot_table,False,no current empirical Loot2 table matched; no value imputed
cr_7d57a8d7727e,glooth bomb,glooth bomb,glooth bombs,1,253,2025-12-07,2026-07-30,45,False,False,False,False,False,,,,Glooth Bomb,insufficient_sample,7.0,insufficient,12.86.11580,9.0,6.0,3.0,1.0,,,,,https://tibia.fandom.com/wiki/Loot_Statistics:Glooth_Bomb,1047420.0,2023-12-07T22:06:17Z,2026-08-02T17:23:20.466395+00:00,insufficient_sample,False,empirical loot sample below 100 kills
cr_01327102c90b,Furyosa,furyosa,Furyosa,1,245,2025-12-05,2026-07-30,75,True,False,False,False,False,https://tibia.fandom.com/wiki/Furyosa,1181674.0,2026-05-02T22:31:51Z,Furyosa,insufficient_sample,7.0,insufficient,12.86.11580,17.0,12.0,5.0,1.0,,,,,https://tibia.fandom.com/wiki/Loot_Statistics:Furyosa,1109748.0,2025-07-10T11:05:28Z,2026-08-02T17:23:20.466395+00:00,boss_separate,False,TibiaWiki/Bosstiary boss; emitted value retained only in boss series
cr_9fc60fff2273,poodle,poodle,poodles,1,231,2025-12-10,2026-07-30,31,False,False,False,False,False,https://tibia.fandom.com/wiki/Poodle,1071298.0,2024-07-22T15:02:52Z,,absent,,,,,,,,,,,,,,,,missing_loot_table,False,no current empirical Loot2 table matched; no value imputed
cr_703e79cb8cb9,moohtant wallbreaker,moohtant wallbreaker,moohtant wallbreakers,1,212,2025-12-11,2026-07-29,48,False,False,False,False,False,,,,Moohtant Wallbreaker,insufficient_sample,7.0,insufficient,12.86.11580,9.0,7.0,2.0,1.0,,,,,https://tibia.fandom.com/wiki/Loot_Statistics:Moohtant_Wallbreaker,1004819.0,2023-06-11T19:47:42Z,2026-08-02T17:23:20.466395+00:00,insufficient_sample,False,empirical loot sample below 100 kills
cr_5d7336ef7ea8,Jesse the Wicked,jesse the wicked,Jesse the Wicked,1,208,2025-12-05,2026-07-30,83,True,False,False,False,False,https://tibia.fandom.com/wiki/Jesse_the_Wicked,1098639.0,2025-04-11T10:34:13Z,Jesse the Wicked,insufficient_sample,7.0,insufficient,8.6,2.0,1.0,1.0,1.0,,,,,https://tibia.fandom.com/wiki/Loot_Statistics:Jesse_the_Wicked,1055639.0,2024-03-19T10:26:57Z,2026-08-02T17:23:20.466395+00:00,boss_separate,False,TibiaWiki/Bosstiary boss; emitted value retained only in boss series
cr_c8a40350cd66,Phrodomo,phrodomo,Phrodomo,1,202,2025-12-06,2026-07-22,31,True,True,False,False,False,https://tibia.fandom.com/wiki/Phrodomo,1126271.0,2025-09-02T19:17:42Z,,absent,,,,,,,,,,,,,,,,boss_separate,False,TibiaWiki/Bosstiary boss; emitted value retained only in boss series
cr_6cd9f3185120,The Manhunter,the manhunter,The Manhunter,1,197,2025-12-05,2026-07-30,65,True,False,False,False,False,https://tibia.fandom.com/wiki/The_Manhunter,1163296.0,2026-02-17T10:04:21Z,The Manhunter,insufficient_sample,10.0,insufficient,10.8,10.0,8.0,2.0,1.0,,,,,https://tibia.fandom.com/wiki/Loot_Statistics:The_Manhunter,1058751.0,2024-04-25T01:17:02Z,2026-08-02T17:23:20.466395+00:00,boss_separate,False,TibiaWiki/Bosstiary boss; emitted value retained only in boss series
cr_edb7fe584eca,The Mean Masher,the mean masher,The Mean Masher,1,181,2025-12-05,2026-07-30,65,True,False,False,False,False,https://tibia.fandom.com/wiki/The_Mean_Masher,1124186.0,2025-08-27T03:43:49Z,The Mean Masher,insufficient_sample,9.0,insufficient,10.8,9.0,6.0,3.0,1.0,,,,,https://tibia.fandom.com/wiki/Loot_Statistics:The_Mean_Masher,1059801.0,2024-05-23T16:46:49Z,2026-08-02T17:23:20.466395+00:00,boss_separate,False,TibiaWiki/Bosstiary boss; emitted value retained only in boss series
cr_219ed54c9721,The Hungerer,the hungerer,The Hungerer,1,181,2025-12-05,2026-07-27,58,True,False,False,False,False,https://tibia.fandom.com/wiki/The_Hungerer,1163295.0,2026-02-17T10:03:50Z,The Hungerer,insufficient_sample,11.0,insufficient,8.6,10.0,7.0,3.0,1.0,,,,,https://tibia.fandom.com/wiki/Loot_Statistics:The_Hungerer,1109772.0,2025-07-10T11:06:24Z,2026-08-02T17:23:20.466395+00:00,boss_separate,False,TibiaWiki/Bosstiary boss; emitted value retained only in boss series
cr_05b25bc65dc1,Ancient Spawn of Morgathla,ancient spawn of morgathla,Ancient Spawn Of Morgathla,1,151,2025-12-06,2026-07-26,20,True,False,False,False,False,https://tibia.fandom.com/wiki/Ancient_Spawn_of_Morgathla,1116481.0,2025-07-26T12:50:29Z,Ancient Spawn of Morgathla,insufficient_sample,76.0,insufficient,13.30.14423,48.0,38.0,10.0,1.0,,,,,https://tibia.fandom.com/wiki/Loot_Statistics:Ancient_Spawn_of_Morgathla,1185765.0,2026-05-16T17:27:56Z,2026-08-02T17:23:20.466395+00:00,boss_separate,False,TibiaWiki/Bosstiary boss; emitted value retained only in boss series
cr_e1bb550c32e1,Ghazbaran,ghazbaran,Ghazbaran,1,134,2025-12-07,2026-07-30,90,True,False,False,False,False,https://tibia.fandom.com/wiki/Ghazbaran,1106290.0,2025-06-23T16:05:59Z,Ghazbaran,insufficient_sample,36.0,insufficient,12.86.11580,47.0,37.0,10.0,1.0,,,,,https://tibia.fandom.com/wiki/Loot_Statistics:Ghazbaran,1194542.0,2026-07-06T15:09:03Z,2026-08-02T17:23:20.466395+00:00,boss_separate,False,TibiaWiki/Bosstiary boss; emitted value retained only in boss series
cr_61b9f8985860,Prince Drazzak,prince drazzak,Prince Drazzak,1,133,2025-12-06,2026-07-22,46,True,False,False,False,False,https://tibia.fandom.com/wiki/Prince_Drazzak,1188869.0,2026-06-11T19:38:36Z,Prince Drazzak,insufficient_sample,2.0,insufficient,12.86.11580,17.0,12.0,5.0,1.0,,,,,https://tibia.fandom.com/wiki/Loot_Statistics:Prince_Drazzak,1058653.0,2024-04-22T21:35:16Z,2026-08-02T17:23:20.466395+00:00,boss_separate,False,TibiaWiki/Bosstiary boss; emitted value retained only in boss series
cr_a124bcf384b7,Ferumbras,ferumbras,Ferumbras,1,131,2025-12-07,2026-07-30,91,True,False,False,False,False,https://tibia.fandom.com/wiki/Ferumbras,1181227.0,2026-05-02T16:28:56Z,Ferumbras,complete,143.0,low,12.86.11580,44.0,39.0,5.0,1.0,7.6993006993007,12339.265734265733,12346.965034965035,7.6993006993007,https://tibia.fandom.com/wiki/Loot_Statistics:Ferumbras,1194541.0,2026-07-06T15:09:00Z,2026-08-02T17:23:20.466395+00:00,boss_separate,False,TibiaWiki/Bosstiary boss; emitted value retained only in boss series
cr_b623b95f5cf7,Orshabaal,orshabaal,Orshabaal,1,124,2025-12-07,2026-07-30,90,True,False,False,False,False,https://tibia.fandom.com/wiki/Orshabaal,1179205.0,2026-04-26T18:03:42Z,Orshabaal,insufficient_sample,33.0,insufficient,12.86.11580,52.0,45.0,7.0,1.0,,,,,https://tibia.fandom.com/wiki/Loot_Statistics:Orshabaal,1194545.0,2026-07-06T15:09:33Z,2026-08-02T17:23:20.466395+00:00,boss_separate,False,TibiaWiki/Bosstiary boss; emitted value retained only in boss series
cr_c3e6394174e8,Morgaroth,morgaroth,Morgaroth,1,108,2025-12-05,2026-07-02,90,True,False,False,False,False,https://tibia.fandom.com/wiki/Morgaroth,1181607.0,2026-05-02T22:24:47Z,Morgaroth,insufficient_sample,49.0,insufficient,12.86.11580,48.0,40.0,8.0,1.0,,,,,https://tibia.fandom.com/wiki/Loot_Statistics:Morgaroth,1194544.0,2026-07-06T15:09:29Z,2026-08-02T17:23:20.466395+00:00,boss_separate,False,TibiaWiki/Bosstiary boss; emitted value retained only in boss series
cr_d8202af6488e,Planestrider,planestrider,Planestrider,1,98,2025-12-05,2026-07-26,44,True,False,False,False,False,https://tibia.fandom.com/wiki/Planestrider,1116576.0,2025-07-26T12:53:11Z,Planestrider,insufficient_sample,1.0,insufficient,8.6,0.0,0.0,0.0,1.0,,,,,https://tibia.fandom.com/wiki/Loot_Statistics:Planestrider,894349.0,2021-12-08T22:19:04Z,2026-08-02T17:23:20.466395+00:00,boss_separate,False,TibiaWiki/Bosstiary boss; emitted value retained only in boss series
cr_3fe88b4766a1,lost ghost of a planegazer,lost ghost of a planegazer,lost ghosts of a planegazer,1,88,2025-12-05,2026-07-26,23,False,False,False,False,False,,,,,absent,,,,,,,,,,,,,,,,missing_loot_table,False,no current empirical Loot2 table matched; no value imputed
cr_ed7a94fc6b16,The Abomination,the abomination,The Abomination,1,80,2025-12-10,2026-07-29,57,True,False,False,False,False,https://tibia.fandom.com/wiki/The_Abomination,1181299.0,2026-05-02T17:39:42Z,The Abomination,insufficient_sample,31.0,insufficient,12.86.11580,13.0,10.0,3.0,1.0,,,,,https://tibia.fandom.com/wiki/Loot_Statistics:The_Abomination,1165730.0,2026-03-05T05:33:26Z,2026-08-02T17:23:20.466395+00:00,boss_separate,False,TibiaWiki/Bosstiary boss; emitted value retained only in boss series
cr_45809b32f6fc,Shadow of Lersatio,shadow of lersatio,Shadow of Lersatio,1,53,2025-12-14,2026-07-26,21,True,False,False,False,False,https://tibia.fandom.com/wiki/Shadow_of_Lersatio,1100968.0,2025-04-28T14:59:42Z,,absent,,,,,,,,,,,,,,,,boss_separate,False,TibiaWiki/Bosstiary boss; emitted value retained only in boss series
cr_fdc13bac35ad,enthralled dragon,enthralled dragon,enthralled dragons,1,49,2025-12-13,2026-07-30,25,False,False,False,False,False,,,,,absent,,,,,,,,,,,,,,,,missing_loot_table,False,no current empirical Loot2 table matched; no value imputed
cr_cb2a4fde48dd,ghost of a planegazer,ghost of a planegazer,ghosts of a planegazer,1,46,2025-12-09,2026-07-30,22,False,False,False,False,False,,,,Ghost of a Planegazer,insufficient_sample,47.0,insufficient,8.6,6.0,4.0,2.0,1.0,,,,,https://tibia.fandom.com/wiki/Loot_Statistics:Ghost_of_a_Planegazer,1087925.0,2025-01-09T15:17:25Z,2026-08-02T17:23:20.466395+00:00,insufficient_sample,False,empirical loot sample below 100 kills
cr_d6ff6167f973,necromantic energy,necromantic energy,necromantic energy,1,45,2025-12-28,2026-06-16,10,False,False,False,False,False,https://tibia.fandom.com/wiki/Necromantic_Energy,906900.0,2022-02-25T23:39:15Z,,absent,,,,,,,,,,,,,,,,missing_loot_table,False,no current empirical Loot2 table matched; no value imputed
cr_454bbed9daab,Shadow of Boreth,shadow of boreth,Shadow of Boreth,1,38,2025-12-29,2026-07-28,25,True,False,False,False,False,https://tibia.fandom.com/wiki/Shadow_of_Boreth,1100969.0,2025-04-28T15:00:31Z,,absent,,,,,,,,,,,,,,,,boss_separate,False,TibiaWiki/Bosstiary boss; emitted value retained only in boss series
cr_427a3855ea5a,Shadow of Marziel,shadow of marziel,Shadow of Marziel,1,37,2025-12-18,2026-07-27,24,True,False,False,False,False,https://tibia.fandom.com/wiki/Shadow_of_Marziel,1100970.0,2025-04-28T15:00:37Z,,absent,,,,,,,,,,,,,,,,boss_separate,False,TibiaWiki/Bosstiary boss; emitted value retained only in boss series
cr_24a0f55e4977,glooth-powered minotaur,glooth-powered minotaur,glooth powered minotaurs,1,37,2025-12-06,2026-07-30,15,False,False,False,False,False,,,,,absent,,,,,,,,,,,,,,,,missing_loot_table,False,no current empirical Loot2 table matched; no value imputed
cr_b480679874e3,Morshabaal,morshabaal,Morshabaal,1,36,2025-12-06,2026-07-30,30,True,False,False,False,False,https://tibia.fandom.com/wiki/Morshabaal,1151861.0,2025-12-23T22:21:47Z,Morshabaal,insufficient_sample,11.0,insufficient,12.86.11580,12.0,8.0,4.0,1.0,,,,,https://tibia.fandom.com/wiki/Loot_Statistics:Morshabaal,1060767.0,2024-05-28T03:00:06Z,2026-08-02T17:23:20.466395+00:00,boss_separate,False,TibiaWiki/Bosstiary boss; emitted value retained only in boss series
cr_024a8103b8a6,superior death minion,superior death minion,superior death minion,1,36,2025-12-28,2026-06-11,9,False,False,False,False,False,,,,,absent,,,,,,,,,,,,,,,,missing_loot_table,False,no current empirical Loot2 table matched; no value imputed
cr_e142a1afd458,soul spark,soul spark,soul sparks,1,22,2025-12-21,2026-06-21,9,False,False,False,False,False,,,,,absent,,,,,,,,,,,,,,,,missing_loot_table,False,no current empirical Loot2 table matched; no value imputed
cr_a1494eea2f0b,lesser fire devil,lesser fire devil,lesser fire devils,1,6,2026-03-04,2026-07-30,5,False,False,False,False,False,,,,Lesser Fire Devil,complete,265.0,low,10.93,3.0,1.0,2.0,1.0,1.0,0.0,1.0,1.0,https://tibia.fandom.com/wiki/Loot_Statistics:Lesser_Fire_Devil,1107017.0,2025-06-28T13:23:47Z,2026-08-02T17:23:20.466395+00:00,modeled,True,
cr_d08bd21d8b7a,troll marauder,troll marauder,troll marauders,1,5,2026-03-04,2026-06-17,3,False,False,False,False,False,,,,Troll Marauder,insufficient_sample,68.0,insufficient,10.93,8.0,7.0,1.0,1.0,,,,,https://tibia.fandom.com/wiki/Loot_Statistics:Troll_Marauder,1037511.0,2023-09-01T12:13:09Z,2026-08-02T17:23:20.466395+00:00,insufficient_sample,False,empirical loot sample below 100 kills
cr_1f06645ccf69,juvenile cyclops,juvenile cyclops,juvenile cyclopes,1,4,2026-03-04,2026-07-30,3,False,False,False,False,False,,,,Juvenile Cyclops,complete,501.0,low,10.93,10.0,9.0,1.0,1.0,1.0,28.96606786427146,29.96606786427146,1.0,https://tibia.fandom.com/wiki/Loot_Statistics:Juvenile_Cyclops,1096193.0,2025-03-24T02:56:36Z,2026-08-02T17:23:20.466395+00:00,modeled,True,
cr_56b6bcf92ec2,wild dog,wild dog,wild dogs,1,3,2025-12-16,2026-06-03,2,False,False,False,False,False,,,,,absent,,,,,,,,,,,,,,,,missing_loot_table,False,no current empirical Loot2 table matched; no value imputed
cr_421f2240e4f3,minotaur bruiser,minotaur bruiser,minotaur bruisers,1,1,2026-03-04,2026-03-04,1,False,False,False,False,False,,,,Minotaur Bruiser,complete,107.0,low,10.93,9.0,9.0,0.0,1.0,1.0,31.411214953271024,32.41121495327103,1.0,https://tibia.fandom.com/wiki/Loot_Statistics:Minotaur_Bruiser,1106946.0,2025-06-28T00:32:12Z,2026-08-02T17:23:20.466395+00:00,modeled,True,
cr_528350f4e382,desperate soul,desperate soul,desperate souls,1,1,2026-01-25,2026-01-25,1,False,False,False,False,False,,,,,absent,,,,,,,,,,,,,,,,missing_loot_table,False,no current empirical Loot2 table matched; no value imputed
cr_bb064459afac,spider queen,spider queen,spider queens,1,1,2026-01-12,2026-01-12,1,False,False,False,False,False,,,,Spider Queen,insufficient_sample,1.0,insufficient,9.1,0.0,0.0,0.0,1.0,,,,,https://tibia.fandom.com/wiki/Loot_Statistics:Spider_Queen,829773.0,2021-02-18T16:25:20Z,2026-08-02T17:23:20.466395+00:00,insufficient_sample,False,empirical loot sample below 100 kills
cr_80cf7049d5b1,dawn bat,dawn bat,dawn bats,1,1,2026-05-10,2026-05-10,1,False,False,False,False,False,,,,Dawn Bat,complete,2002.0,medium,8.6,1.0,1.0,0.0,1.0,0.04995004995004995,0.0,0.04995004995004995,0.04995004995004995,https://tibia.fandom.com/wiki/Loot_Statistics:Dawn_Bat,1110825.0,2025-07-17T15:57:14Z,2026-08-02T17:23:20.466395+00:00,modeled,True,
