world,side,amount,price,value,fee_uncapped,fee_actual,eff_rate_pct,dec
Aethera,buyers,25,38000,950000,19000.0,19000.0,2.0,0
Aethera,buyers,175,37500,6562500,131250.0,131250.0,2.0,3
Aethera,buyers,350,36300,12705000,254100.0,254100.0,2.0,5
Aethera,buyers,5925,36001,213305925,4266118.5,1000000.0,0.46881023112695996,7
Aethera,buyers,375,35504,13314000,266280.0,266280.0,2.0,5
Aethera,buyers,175,35010,6126750,122535.0,122535.0,2.0,3
Aethera,buyers,50,33034,1651700,33034.0,33034.0,2.0,0
Aethera,buyers,25,33001,825025,16500.5,16500.5,2.0,0
Aethera,buyers,25,33000,825000,16500.0,16500.0,2.0,0
Aethera,buyers,25,32503,812575,16251.5,16251.5,2.0,0
Aethera,buyers,200,31000,6200000,124000.0,124000.0,2.0,3
Aethera,buyers,100,30515,3051500,61030.0,61030.0,2.0,2
Aethera,buyers,4600,29029,133533400,2670668.0,1000000.0,0.7488763110952017,7
Aethera,buyers,500,29000,14500000,290000.0,290000.0,2.0,5
Antica,sellers,75,41990,3149250,62985.0,62985.0,2.0,1
Antica,sellers,925,41994,38844450,776889.0,776889.0,2.0,5
Antica,sellers,38550,41995,1618907250,32378145.0,1000000.0,0.0617700612558255,8
Antica,sellers,25,56000,1400000,28000.0,28000.0,2.0,0
Antica,buyers,50,39309,1965450,39309.0,39309.0,2.0,0
Antica,buyers,31525,39308,1239184700,24783694.0,1000000.0,0.080698220370216,8
Antica,buyers,49175,39307,1932921725,38658434.5,1000000.0,0.051735152389577495,8
Antica,buyers,50875,39305,1999641875,39992837.5,1000000.0,0.05000895472845607,8
Antica,buyers,22850,39150,894577500,17891550.0,1000000.0,0.1117846134068876,8
Antica,buyers,24875,38812,965448500,19308970.0,1000000.0,0.10357880301227874,8
Antica,buyers,2000,38520,77040000,1540800.0,1000000.0,1.2980269989615785,6
Antica,buyers,125,38517,4814625,96292.5,96292.5,2.0,3
Antica,buyers,50,37400,1870000,37400.0,37400.0,2.0,0
Antica,buyers,64000,37201,2380864000,47617280.0,1000000.0,0.04200155909787371,8
Antica,buyers,20000,37200,744000000,14880000.0,1000000.0,0.13440860215053765,8
Antica,buyers,125,37153,4644125,92882.5,92882.5,2.0,3
Antica,buyers,62350,37134,2315304900,46306098.0,1000000.0,0.04319085577022706,8
Antica,buyers,25,36601,915025,18300.5,18300.5,2.0,0
Antica,buyers,50,36600,1830000,36600.0,36600.0,2.0,0
Antica,buyers,25,36200,905000,18100.0,18100.0,2.0,0
Antica,buyers,15000,36001,540015000,10800300.0,1000000.0,0.1851800412951492,8
Antica,buyers,25,1650,41250,825.0,825.0,2.0,0
Antica,buyers,25,1500,37500,750.0,750.0,2.0,0
Antica,buyers,25,1001,25025,500.5,500.5,2.0,0
Antica,buyers,25,1000,25000,500.0,500.0,2.0,0
Antica,buyers,250,801,200250,4005.0,4005.0,2.0,4
Antica,buyers,250,800,200000,4000.0,4000.0,2.0,4
Antica,buyers,250,41,10250,205.0,205.0,2.0,4
Antica,buyers,39175,39,1527825,30556.5,30556.5,2.0,8
Antica,buyers,5000,8,40000,800.0,800.0,2.0,7
Antica,buyers,64000,2,128000,2560.0,2560.0,2.0,8
Antica,buyers,6375,1,6375,127.5,127.5,2.0,7
Antica,buyers,64000,1,64000,1280.0,1280.0,2.0,8
Antica,buyers,3175,1,3175,63.5,63.5,2.0,6
Antica,buyers,38175,1,38175,763.5,763.5,2.0,8
Antica,buyers,12925,1,12925,258.5,258.5,2.0,7
Antica,buyers,3025,1,3025,60.5,60.5,2.0,6
Antica,buyers,12325,1,12325,246.5,246.5,2.0,7
Antica,buyers,11000,1,11000,220.0,220.0,2.0,7
Antica,buyers,9000,1,9000,180.0,180.0,2.0,7
Antica,buyers,64000,1,64000,1280.0,1280.0,2.0,8
Astera,sellers,9875,43776,432288000,8645760.0,1000000.0,0.2313272633059442,7
Astera,sellers,26225,43777,1148051825,22961036.5,1000000.0,0.0871040817342893,8
Astera,sellers,300,43886,13165800,263316.0,263316.0,2.0,4
Astera,buyers,425,42010,17854250,357085.0,357085.0,2.0,5
Astera,buyers,38150,42009,1602643350,32052867.0,1000000.0,0.062396914447621805,8
Astera,buyers,5875,42005,246779375,4935587.5,1000000.0,0.40522024986893657,7
Astera,buyers,175,41953,7341775,146835.5,146835.5,2.0,3
Astera,buyers,50,41900,2095000,41900.0,41900.0,2.0,0
Astera,buyers,4225,41900,177027500,3540550.0,1000000.0,0.5648839869511799,7
Astera,buyers,300,41210,12363000,247260.0,247260.0,2.0,4
Astera,buyers,25,41205,1030125,20602.5,20602.5,2.0,0
Astera,buyers,75,41202,3090150,61803.0,61803.0,2.0,1
Astera,buyers,75,41200,3090000,61800.0,61800.0,2.0,1
Astera,buyers,100,41035,4103500,82070.0,82070.0,2.0,2
Astera,buyers,100,41027,4102700,82054.0,82054.0,2.0,2
Astera,buyers,3625,41012,148668500,2973370.0,1000000.0,0.6726374450539286,7
Astera,buyers,400,40660,16264000,325280.0,325280.0,2.0,5
Astera,buyers,25,40600,1015000,20300.0,20300.0,2.0,0
Astera,buyers,2250,40475,91068750,1821375.0,1000000.0,1.0980715119072129,6
Astera,buyers,25,40472,1011800,20236.0,20236.0,2.0,0
Astera,buyers,6000,40449,242694000,4853880.0,1000000.0,0.41204150081996255,7
Astera,buyers,3500,40356,141246000,2824920.0,1000000.0,0.7079846508927686,7
Astera,buyers,250,40352,10088000,201760.0,201760.0,2.0,4
Astera,buyers,25,40346,1008650,20173.0,20173.0,2.0,0
Astera,buyers,41575,44,1829300,36586.0,36586.0,2.0,8
Astera,buyers,625,1,625,12.5,20.0,3.2,5
Astera,buyers,16725,1,16725,334.5,334.5,2.0,8
Astera,buyers,18350,1,18350,367.0,367.0,2.0,8
Astera,buyers,14850,1,14850,297.0,297.0,2.0,8
Belobra,sellers,9200,43795,402914000,8058280.0,1000000.0,0.24819192184932765,7
Belobra,sellers,19525,43798,855155950,17103119.0,1000000.0,0.1169377351581311,8
Belobra,sellers,8275,44890,371464750,7429295.0,1000000.0,0.26920454767242386,7
Belobra,sellers,400,44902,17960800,359216.0,359216.0,2.0,5
Belobra,sellers,200,44909,8981800,179636.0,179636.0,2.0,3
Belobra,buyers,21650,43033,931664450,18633289.0,1000000.0,0.10733478131531154,8
Belobra,buyers,12075,43031,519599325,10391986.5,1000000.0,0.1924559851959007,7
Belobra,buyers,50,43030,2151500,43030.0,43030.0,2.0,0
Belobra,buyers,2350,43027,101113450,2022269.0,1000000.0,0.9889881118684014,6
Belobra,buyers,63700,43025,2740692500,54813850.0,1000000.0,0.0364871287092587,8
Belobra,buyers,25,43012,1075300,21506.0,21506.0,2.0,0
Belobra,buyers,3750,43000,161250000,3225000.0,1000000.0,0.6201550387596899,7
Belobra,buyers,700,42907,30034900,600698.0,600698.0,2.0,5
Belobra,buyers,225,42906,9653850,193077.0,193077.0,2.0,4
Belobra,buyers,950,42897,40752150,815043.0,815043.0,2.0,6
Belobra,buyers,75,42852,3213900,64278.0,64278.0,2.0,1
Belobra,buyers,50,42822,2141100,42822.0,42822.0,2.0,0
Belobra,buyers,2000,42812,85624000,1712480.0,1000000.0,1.1678968513500887,6
Belobra,buyers,875,42800,37450000,749000.0,749000.0,2.0,5
Belobra,buyers,4700,42800,201160000,4023200.0,1000000.0,0.49711672300656196,7
Belobra,buyers,24600,42721,1050936600,21018732.0,1000000.0,0.09515321856713335,8
Belobra,buyers,1800,42500,76500000,1530000.0,1000000.0,1.3071895424836601,6
Belobra,buyers,175,42041,7357175,147143.5,147143.5,2.0,3
Belobra,buyers,4650,41834,194528100,3890562.0,1000000.0,0.5140645490291634,7
Belobra,buyers,25,41810,1045250,20905.0,20905.0,2.0,0
Belobra,buyers,500,41801,20900500,418010.0,418010.0,2.0,5
Belobra,buyers,125,41797,5224625,104492.5,104492.5,2.0,3
Belobra,buyers,725,41775,30286875,605737.5,605737.5,2.0,5
Belobra,buyers,100,41717,4171700,83434.0,83434.0,2.0,2
Belobra,buyers,3000,41200,123600000,2472000.0,1000000.0,0.8090614886731391,6
Belobra,buyers,3375,41162,138921750,2778435.0,1000000.0,0.7198296882957492,6
Belobra,buyers,300,38899,11669700,233394.0,233394.0,2.0,4
Belobra,buyers,2500,36752,91880000,1837600.0,1000000.0,1.0883761427949499,6
Belobra,buyers,75,36705,2752875,55057.5,55057.5,2.0,1
Belobra,buyers,250,70,17500,350.0,350.0,2.0,4
Belobra,buyers,250,69,17250,345.0,345.0,2.0,4
Belobra,buyers,39575,68,2691100,53822.0,53822.0,2.0,8
Belobra,buyers,250,60,15000,300.0,300.0,2.0,4
Belobra,buyers,250,20,5000,100.0,100.0,2.0,4
Belobra,buyers,250,14,3500,70.0,70.0,2.0,4
Belobra,buyers,25,11,275,5.5,20.0,7.2727272727272725,0
Belobra,buyers,10000,4,40000,800.0,800.0,2.0,7
Belobra,buyers,64000,3,192000,3840.0,3840.0,2.0,8
Belobra,buyers,17750,2,35500,710.0,710.0,2.0,8
Belobra,buyers,7525,2,15050,301.0,301.0,2.0,7
Belobra,buyers,56600,1,56600,1132.0,1132.0,2.0,8
Belobra,buyers,64000,1,64000,1280.0,1280.0,2.0,8
Belobra,buyers,64000,1,64000,1280.0,1280.0,2.0,8
Belobra,buyers,55600,1,55600,1112.0,1112.0,2.0,8
Belobra,buyers,9350,1,9350,187.0,187.0,2.0,7
Belobra,buyers,44300,1,44300,886.0,886.0,2.0,8
Belobra,buyers,20000,1,20000,400.0,400.0,2.0,8
Belobra,buyers,7875,1,7875,157.5,157.5,2.0,7
Belobra,buyers,23225,1,23225,464.5,464.5,2.0,8
Belobra,buyers,62750,1,62750,1255.0,1255.0,2.0,8
Belobra,buyers,400,1,400,8.0,20.0,5.0,5
Belobra,buyers,64000,1,64000,1280.0,1280.0,2.0,8
Belobra,buyers,17975,1,17975,359.5,359.5,2.0,8
Belobra,buyers,24750,1,24750,495.0,495.0,2.0,8
Belobra,buyers,38375,1,38375,767.5,767.5,2.0,8
Blumera,sellers,6500,40649,264218500,5284370.0,1000000.0,0.3784746336838639,7
Blumera,sellers,1100,40650,44715000,894300.0,894300.0,2.0,6
Blumera,sellers,650,40950,26617500,532350.0,532350.0,2.0,5
Blumera,sellers,22225,41000,911225000,18224500.0,1000000.0,0.10974237976350516,8
Blumera,buyers,150,38650,5797500,115950.0,115950.0,2.0,3
Blumera,buyers,150,38505,5775750,115515.0,115515.0,2.0,3
Blumera,buyers,100,38504,3850400,77008.0,77008.0,2.0,2
Blumera,buyers,100,38500,3850000,77000.0,77000.0,2.0,2
Blumera,buyers,3425,38217,130893225,2617864.5,1000000.0,0.7639814818528614,6
Blumera,buyers,250,38216,9554000,191080.0,191080.0,2.0,4
Blumera,buyers,50,38210,1910500,38210.0,38210.0,2.0,0
Blumera,buyers,100,38205,3820500,76410.0,76410.0,2.0,2
Blumera,buyers,250,38203,9550750,191015.0,191015.0,2.0,4
Blumera,buyers,150,38166,5724900,114498.0,114498.0,2.0,3
Blumera,buyers,25,38158,953950,19079.0,19079.0,2.0,0
Blumera,buyers,63925,38154,2438994450,48779889.0,1000000.0,0.04100050330167828,8
Blumera,buyers,64000,38151,2441664000,48833280.0,1000000.0,0.04095567612906608,8
Blumera,buyers,64000,38116,2439424000,48788480.0,1000000.0,0.04099328366040508,8
Blumera,buyers,25,38110,952750,19055.0,19055.0,2.0,0
Blumera,buyers,900,38102,34291800,685836.0,685836.0,2.0,5
Blumera,buyers,175,37902,6632850,132657.0,132657.0,2.0,3
Blumera,buyers,2675,37800,101115000,2022300.0,1000000.0,0.9889729515897739,6
Blumera,buyers,700,37502,26251400,525028.0,525028.0,2.0,5
Blumera,buyers,3050,37100,113155000,2263100.0,1000000.0,0.883743537625381,6
Blumera,buyers,225,36605,8236125,164722.5,164722.5,2.0,4
Blumera,buyers,150,36299,5444850,108897.0,108897.0,2.0,3
Blumera,buyers,450,35643,16039350,320787.0,320787.0,2.0,5
Blumera,buyers,14025,35641,499865025,9997300.5,1000000.0,0.20005400457853598,7
Blumera,buyers,1200,35300,42360000,847200.0,847200.0,2.0,6
Blumera,buyers,50,35014,1750700,35014.0,35014.0,2.0,0
Blumera,buyers,50,35003,1750150,35003.0,35003.0,2.0,0
Blumera,buyers,50,34502,1725100,34502.0,34502.0,2.0,0
Blumera,buyers,1275,100,127500,2550.0,2550.0,2.0,6
Blumera,buyers,29575,25,739375,14787.5,14787.5,2.0,8
Blumera,buyers,9000,7,63000,1260.0,1260.0,2.0,7
Blumera,buyers,1000,2,2000,40.0,40.0,2.0,6
Blumera,buyers,4500,1,4500,90.0,90.0,2.0,7
Blumera,buyers,2325,1,2325,46.5,46.5,2.0,6
Bona,sellers,18975,43998,834862050,16697241.0,1000000.0,0.11978026788976694,8
Bona,sellers,2000,44499,88998000,1779960.0,1000000.0,1.123620755522596,6
Bona,buyers,22100,42400,937040000,18740800.0,1000000.0,0.10671903013745412,8
Bona,buyers,34775,42001,1460584775,29211695.5,1000000.0,0.0684657280506022,8
Bona,buyers,9600,41540,398784000,7975680.0,1000000.0,0.25076231744503286,7
Bona,buyers,1050,41537,43613850,872277.0,872277.0,2.0,6
Bona,buyers,2450,41535,101760750,2035215.0,1000000.0,0.982697159759534,6
Bona,buyers,2300,41530,95519000,1910380.0,1000000.0,1.0469121326647055,6
Bona,buyers,64000,41511,2656704000,53134080.0,1000000.0,0.03764062537640625,8
Bona,buyers,12650,41502,525000300,10500006.0,1000000.0,0.19047608163271526,7
Bona,buyers,75,41125,3084375,61687.5,61687.5,2.0,1
Bona,buyers,6375,41111,262082625,5241652.5,1000000.0,0.3815590598575545,7
Bona,buyers,100,41065,4106500,82130.0,82130.0,2.0,2
Bona,buyers,125,41063,5132875,102657.5,102657.5,2.0,3
Bona,buyers,300,41051,12315300,246306.0,246306.0,2.0,4
Bona,buyers,16350,41000,670350000,13407000.0,1000000.0,0.14917580368464234,8
Bona,buyers,11200,40788,456825600,9136512.0,1000000.0,0.21890191793104413,7
Bona,buyers,8375,40001,335008375,6700167.5,1000000.0,0.29850000018656253,7
Bona,buyers,1000,39891,39891000,797820.0,797820.0,2.0,6
Bona,buyers,250,39890,9972500,199450.0,199450.0,2.0,4
Bona,buyers,10700,62,663400,13268.0,13268.0,2.0,7
Bona,buyers,62325,60,3739500,74790.0,74790.0,2.0,8
Bona,buyers,8300,50,415000,8300.0,8300.0,2.0,7
Bona,buyers,15025,5,75125,1502.5,1502.5,2.0,8
Bona,buyers,41000,1,41000,820.0,820.0,2.0,8
Bona,buyers,250,1,250,5.0,20.0,8.0,4
Bona,buyers,44350,1,44350,887.0,887.0,2.0,8
Bona,buyers,3950,1,3950,79.0,79.0,2.0,7
Bravoria,sellers,425,38788,16484900,329698.0,329698.0,2.0,5
Bravoria,sellers,150,38789,5818350,116367.0,116367.0,2.0,3
Bravoria,sellers,100,38790,3879000,77580.0,77580.0,2.0,2
Bravoria,sellers,400,38800,15520000,310400.0,310400.0,2.0,5
Bravoria,sellers,10925,38822,424130350,8482607.0,1000000.0,0.23577657199019122,7
Bravoria,sellers,2050,38862,79667100,1593342.0,1000000.0,1.2552232979485887,6
Bravoria,sellers,11400,38866,443072400,8861448.0,1000000.0,0.22569674843208468,7
Bravoria,sellers,1975,38877,76782075,1535641.5,1000000.0,1.3023873084961561,6
Bravoria,sellers,175,38884,6804700,136094.0,136094.0,2.0,3
Bravoria,sellers,100,38887,3888700,77774.0,77774.0,2.0,2
Bravoria,sellers,21950,39200,860440000,17208800.0,1000000.0,0.11621960857235833,8
Bravoria,buyers,650,37151,24148150,482963.0,482963.0,2.0,5
Bravoria,buyers,3450,37150,128167500,2563350.0,1000000.0,0.7802289972106813,7
Bravoria,buyers,150,37128,5569200,111384.0,111384.0,2.0,3
Bravoria,buyers,100,37127,3712700,74254.0,74254.0,2.0,2
Bravoria,buyers,350,37126,12994100,259882.0,259882.0,2.0,5
Bravoria,buyers,875,37125,32484375,649687.5,649687.5,2.0,5
Bravoria,buyers,950,37124,35267800,705356.0,705356.0,2.0,6
Bravoria,buyers,10200,37123,378654600,7573092.0,1000000.0,0.2640929226794023,7
Bravoria,buyers,75,37102,2782650,55653.0,55653.0,2.0,1
Bravoria,buyers,2900,37000,107300000,2146000.0,1000000.0,0.9319664492078285,6
Bravoria,buyers,1000,36902,36902000,738040.0,738040.0,2.0,6
Bravoria,buyers,125,36800,4600000,92000.0,92000.0,2.0,3
Bravoria,buyers,250,36500,9125000,182500.0,182500.0,2.0,4
Bravoria,buyers,1000,36200,36200000,724000.0,724000.0,2.0,6
Bravoria,buyers,7700,36105,278008500,5560170.0,1000000.0,0.35970123215657074,7
Bravoria,buyers,7775,35402,275250550,5505011.0,1000000.0,0.36330535942616643,7
Bravoria,buyers,7375,35225,259784375,5195687.5,1000000.0,0.3849346212604203,7
Bravoria,buyers,2750,35222,96860500,1937210.0,1000000.0,1.032412593368814,6
Bravoria,buyers,25,34102,852550,17051.0,17051.0,2.0,0
Bravoria,buyers,50,34100,1705000,34100.0,34100.0,2.0,0
Bravoria,buyers,10825,34000,368050000,7361000.0,1000000.0,0.27170221437304715,7
Bravoria,buyers,250,1,250,5.0,20.0,8.0,4
Calmera,sellers,4450,42459,188942550,3778851.0,1000000.0,0.5292614077665406,7
Calmera,sellers,27650,42461,1174046650,23480933.0,1000000.0,0.0851754911101701,8
Calmera,sellers,5000,42488,212440000,4248800.0,1000000.0,0.47072114479382415,7
Calmera,sellers,1850,42500,78625000,1572500.0,1000000.0,1.2718600953895072,6
Calmera,sellers,50,42500,2125000,42500.0,42500.0,2.0,0
Calmera,sellers,3000,42699,128097000,2561940.0,1000000.0,0.7806584073007174,6
Calmera,sellers,1150,42700,49105000,982100.0,982100.0,2.0,6
Calmera,sellers,100,42999,4299900,85998.0,85998.0,2.0,2
Calmera,buyers,375,41570,15588750,311775.0,311775.0,2.0,5
Calmera,buyers,7125,41567,296164875,5923297.5,1000000.0,0.33764976349744374,7
Calmera,buyers,37175,41566,1545216050,30904321.0,1000000.0,0.06471586934396649,8
Calmera,buyers,25,41566,1039150,20783.0,20783.0,2.0,0
Calmera,buyers,6000,41555,249330000,4986600.0,1000000.0,0.40107488068022296,7
Calmera,buyers,250,41323,10330750,206615.0,206615.0,2.0,4
Calmera,buyers,25,41280,1032000,20640.0,20640.0,2.0,0
Calmera,buyers,25,41225,1030625,20612.5,20612.5,2.0,0
Calmera,buyers,22100,41223,911028300,18220566.0,1000000.0,0.10976607422623424,8
Calmera,buyers,75,41222,3091650,61833.0,61833.0,2.0,1
Calmera,buyers,25,41200,1030000,20600.0,20600.0,2.0,0
Calmera,buyers,25,41183,1029575,20591.5,20591.5,2.0,0
Calmera,buyers,50,41113,2055650,41113.0,41113.0,2.0,0
Calmera,buyers,75,41075,3080625,61612.5,61612.5,2.0,1
Calmera,buyers,75,41014,3076050,61521.0,61521.0,2.0,1
Calmera,buyers,25,40810,1020250,20405.0,20405.0,2.0,0
Calmera,buyers,62925,40700,2561047500,51220950.0,1000000.0,0.039046522955938925,8
Calmera,buyers,12500,40565,507062500,10141250.0,1000000.0,0.19721434734376928,7
Calmera,buyers,21650,40550,877907500,17558150.0,1000000.0,0.11390721687649324,8
Calmera,buyers,25,40550,1013750,20275.0,20275.0,2.0,0
Calmera,buyers,25,40530,1013250,20265.0,20265.0,2.0,0
Calmera,buyers,1325,40000,53000000,1060000.0,1000000.0,1.8867924528301887,6
Calmera,buyers,2325,50,116250,2325.0,2325.0,2.0,6
Calmera,buyers,42525,42,1786050,35721.0,35721.0,2.0,8
Calmera,buyers,500,25,12500,250.0,250.0,2.0,5
Calmera,buyers,3400,2,6800,136.0,136.0,2.0,6
Calmera,buyers,41000,1,41000,820.0,820.0,2.0,8
Calmera,buyers,57275,1,57275,1145.5,1145.5,2.0,8
Calmera,buyers,64000,1,64000,1280.0,1280.0,2.0,8
Calmera,buyers,58400,1,58400,1168.0,1168.0,2.0,8
Calmera,buyers,30900,1,30900,618.0,618.0,2.0,8
Cantabra,sellers,2725,42996,117164100,2343282.0,1000000.0,0.8535037609643227,6
Cantabra,sellers,5600,42997,240783200,4815664.0,1000000.0,0.41531136723824585,7
Cantabra,sellers,250,44000,11000000,220000.0,220000.0,2.0,4
Cantabra,buyers,100,39601,3960100,79202.0,79202.0,2.0,2
Cantabra,buyers,1500,39600,59400000,1188000.0,1000000.0,1.6835016835016834,6
Cantabra,buyers,50,39218,1960900,39218.0,39218.0,2.0,0
Cantabra,buyers,29700,39217,1164744900,23294898.0,1000000.0,0.08585570969231117,8
Cantabra,buyers,75,39216,2941200,58824.0,58824.0,2.0,1
Cantabra,buyers,75,39210,2940750,58815.0,58815.0,2.0,1
Cantabra,buyers,5775,39209,226431975,4528639.5,1000000.0,0.4416337401111305,7
Cantabra,buyers,4675,39200,183260000,3665200.0,1000000.0,0.5456728145803776,7
Cantabra,buyers,25,39134,978350,19567.0,19567.0,2.0,0
Cantabra,buyers,2700,39133,105659100,2113182.0,1000000.0,0.9464400132123025,6
Cantabra,buyers,100,39130,3913000,78260.0,78260.0,2.0,2
Cantabra,buyers,850,39126,33257100,665142.0,665142.0,2.0,5
Cantabra,buyers,25,39125,978125,19562.5,19562.5,2.0,0
Cantabra,buyers,50,39123,1956150,39123.0,39123.0,2.0,0
Cantabra,buyers,2100,39113,82137300,1642746.0,1000000.0,1.2174736690882217,6
Cantabra,buyers,25,39111,977775,19555.5,19555.5,2.0,0
Cantabra,buyers,1450,39101,56696450,1133929.0,1000000.0,1.763778860933974,6
Cantabra,buyers,1675,39017,65353475,1307069.5,1000000.0,1.5301405166289934,6
Cantabra,buyers,100,39016,3901600,78032.0,78032.0,2.0,2
Cantabra,buyers,59825,39012,2333892900,46677858.0,1000000.0,0.04284686756620237,8
Cantabra,buyers,150,39007,5851050,117021.0,117021.0,2.0,3
Cantabra,buyers,350,38726,13554100,271082.0,271082.0,2.0,5
Cantabra,buyers,75,38721,2904075,58081.5,58081.5,2.0,1
Cantabra,buyers,1050,38717,40652850,813057.0,813057.0,2.0,6
Cantabra,buyers,125,38716,4839500,96790.0,96790.0,2.0,3
Cantabra,buyers,64000,38713,2477632000,49552640.0,1000000.0,0.04036111900395216,8
Cantabra,buyers,64000,38711,2477504000,49550080.0,1000000.0,0.04036320425718788,8
Cantabra,buyers,50,38710,1935500,38710.0,38710.0,2.0,0
Cantabra,buyers,75,38709,2903175,58063.5,58063.5,2.0,1
Cantabra,buyers,1000,38703,38703000,774060.0,774060.0,2.0,6
Cantabra,buyers,1200,38625,46350000,927000.0,927000.0,2.0,6
Cantabra,buyers,62975,38619,2432031525,48640630.5,1000000.0,0.04111788805862621,8
Cantabra,buyers,150,38618,5792700,115854.0,115854.0,2.0,3
Cantabra,buyers,2000,38611,77222000,1544440.0,1000000.0,1.2949677553028929,6
Cantabra,buyers,50,38610,1930500,38610.0,38610.0,2.0,0
Cantabra,buyers,4750,38520,182970000,3659400.0,1000000.0,0.5465376837732963,7
Cantabra,buyers,650,38511,25032150,500643.0,500643.0,2.0,5
Cantabra,buyers,100,38504,3850400,77008.0,77008.0,2.0,2
Cantabra,buyers,250,38502,9625500,192510.0,192510.0,2.0,4
Cantabra,buyers,425,38501,16362925,327258.5,327258.5,2.0,5
Cantabra,buyers,400,38416,15366400,307328.0,307328.0,2.0,5
Cantabra,buyers,25,38303,957575,19151.5,19151.5,2.0,0
Cantabra,buyers,200,37851,7570200,151404.0,151404.0,2.0,3
Cantabra,buyers,50,37850,1892500,37850.0,37850.0,2.0,0
Cantabra,buyers,225,36729,8264025,165280.5,165280.5,2.0,4
Cantabra,buyers,400,36728,14691200,293824.0,293824.0,2.0,5
Cantabra,buyers,250,36725,9181250,183625.0,183625.0,2.0,4
Cantabra,buyers,39450,1,39450,789.0,789.0,2.0,8
Cantabra,buyers,63975,1,63975,1279.5,1279.5,2.0,8
Cantabra,buyers,7825,1,7825,156.5,156.5,2.0,7
Celebra,sellers,39650,44456,1762680400,35253608.0,1000000.0,0.056731781893076025,8
Celebra,sellers,10025,44457,445681425,8913628.5,1000000.0,0.2243755166596858,7
Celebra,sellers,14275,44458,634637950,12692759.0,1000000.0,0.15757015476304245,7
Celebra,sellers,24375,44464,1083810000,21676200.0,1000000.0,0.09226709478598646,8
Celebra,sellers,300,44465,13339500,266790.0,266790.0,2.0,4
Celebra,sellers,18150,44975,816296250,16325925.0,1000000.0,0.12250454415293466,8
Celebra,sellers,50,44980,2249000,44980.0,44980.0,2.0,0
Celebra,buyers,29075,43176,1255342200,25106844.0,1000000.0,0.07965955418371182,8
Celebra,buyers,11475,43175,495433125,9908662.5,1000000.0,0.2018435888799321,7
Celebra,buyers,2250,43172,97137000,1942740.0,1000000.0,1.02947383592246,6
Celebra,buyers,64000,43171,2762944000,55258880.0,1000000.0,0.03619327789488314,8
Celebra,buyers,500,43170,21585000,431700.0,431700.0,2.0,5
Celebra,buyers,250,43160,10790000,215800.0,215800.0,2.0,4
Celebra,buyers,250,43147,10786750,215735.0,215735.0,2.0,4
Celebra,buyers,250,43144,10786000,215720.0,215720.0,2.0,4
Celebra,buyers,50,43143,2157150,43143.0,43143.0,2.0,0
Celebra,buyers,2650,43139,114318350,2286367.0,1000000.0,0.8747502041448288,6
Celebra,buyers,25,43139,1078475,21569.5,21569.5,2.0,0
Celebra,buyers,25,43132,1078300,21566.0,21566.0,2.0,0
Celebra,buyers,25,43129,1078225,21564.5,21564.5,2.0,0
Celebra,buyers,50,43013,2150650,43013.0,43013.0,2.0,0
Celebra,buyers,7325,43012,315062900,6301258.0,1000000.0,0.31739693883348374,7
Celebra,buyers,250,43008,10752000,215040.0,215040.0,2.0,4
Celebra,buyers,100,43007,4300700,86014.0,86014.0,2.0,2
Celebra,buyers,200,42811,8562200,171244.0,171244.0,2.0,3
Celebra,buyers,3900,42805,166939500,3338790.0,1000000.0,0.5990194052336325,7
Celebra,buyers,150,42801,6420150,128403.0,128403.0,2.0,3
Celebra,buyers,63750,42732,2724165000,54483300.0,1000000.0,0.03670849599785622,8
Celebra,buyers,500,42731,21365500,427310.0,427310.0,2.0,5
Celebra,buyers,100,42720,4272000,85440.0,85440.0,2.0,2
Celebra,buyers,250,42682,10670500,213410.0,213410.0,2.0,4
Celebra,buyers,125,42477,5309625,106192.5,106192.5,2.0,3
Celebra,buyers,23000,42474,976902000,19538040.0,1000000.0,0.10236441321647412,8
Celebra,buyers,150,42328,6349200,126984.0,126984.0,2.0,3
Celebra,buyers,100,42056,4205600,84112.0,84112.0,2.0,2
Celebra,buyers,50,41586,2079300,41586.0,41586.0,2.0,0
Celebra,buyers,50,41241,2062050,41241.0,41241.0,2.0,0
Celebra,buyers,100,41237,4123700,82474.0,82474.0,2.0,2
Celebra,buyers,250,41230,10307500,206150.0,206150.0,2.0,4
Celebra,buyers,36400,41223,1500517200,30010344.0,1000000.0,0.0666436879230708,8
Celebra,buyers,100,41018,4101800,82036.0,82036.0,2.0,2
Celebra,buyers,50,41001,2050050,41001.0,41001.0,2.0,0
Celebra,buyers,350,41000,14350000,287000.0,287000.0,2.0,5
Celebra,buyers,500,40504,20252000,405040.0,405040.0,2.0,5
Celebra,buyers,5000,40231,201155000,4023100.0,1000000.0,0.49712907956550917,7
Celebra,buyers,125,40229,5028625,100572.5,100572.5,2.0,3
Celebra,buyers,125,40227,5028375,100567.5,100567.5,2.0,3
Celebra,buyers,42675,42,1792350,35847.0,35847.0,2.0,8
Celebra,buyers,11700,1,11700,234.0,234.0,2.0,7
Celesta,sellers,925,43498,40235650,804713.0,804713.0,2.0,5
Celesta,sellers,12400,43499,539387600,10787752.0,1000000.0,0.18539543734412878,7
Celesta,sellers,500,43750,21875000,437500.0,437500.0,2.0,5
Celesta,sellers,2000,43970,87940000,1758800.0,1000000.0,1.137138958380714,6
Celesta,sellers,750,44001,33000750,660015.0,660015.0,2.0,5
Celesta,buyers,23125,42612,985402500,19708050.0,1000000.0,0.10148137436225299,8
Celesta,buyers,100,42611,4261100,85222.0,85222.0,2.0,2
Celesta,buyers,7500,42388,317910000,6358200.0,1000000.0,0.3145544336447422,7
Celesta,buyers,12275,42310,519355250,10387105.0,1000000.0,0.19254643136850932,7
Celesta,buyers,700,41706,29194200,583884.0,583884.0,2.0,5
Celesta,buyers,8800,40717,358309600,7166192.0,1000000.0,0.2790882521707484,7
Celesta,buyers,25,40711,1017775,20355.5,20355.5,2.0,0
Celesta,buyers,5000,40702,203510000,4070200.0,1000000.0,0.4913763451427448,7
Celesta,buyers,125,40680,5085000,101700.0,101700.0,2.0,3
Celesta,buyers,4250,40671,172851750,3457035.0,1000000.0,0.5785304458878779,7
Celesta,buyers,1075,40519,43557925,871158.5,871158.5,2.0,6
Celesta,buyers,700,39712,27798400,555968.0,555968.0,2.0,5
Celesta,buyers,300,38520,11556000,231120.0,231120.0,2.0,4
Celesta,buyers,1000,38507,38507000,770140.0,770140.0,2.0,6
Celesta,buyers,275,38502,10588050,211761.0,211761.0,2.0,4
Celesta,buyers,41550,41,1703550,34071.0,34071.0,2.0,8
Celesta,buyers,8625,2,17250,345.0,345.0,2.0,7
Citra,sellers,125,37876,4734500,94690.0,94690.0,2.0,3
Citra,sellers,25,37890,947250,18945.0,18945.0,2.0,0
Citra,sellers,25,37988,949700,18994.0,18994.0,2.0,0
Citra,sellers,25,38136,953400,19068.0,19068.0,2.0,0
Citra,sellers,25,38147,953675,19073.5,19073.5,2.0,0
Citra,sellers,25,38390,959750,19195.0,19195.0,2.0,0
Citra,sellers,150,39285,5892750,117855.0,117855.0,2.0,3
Citra,sellers,50,39286,1964300,39286.0,39286.0,2.0,0
Citra,sellers,7200,39332,283190400,5663808.0,1000000.0,0.3531193147790321,7
Citra,sellers,475,39333,18683175,373663.5,373663.5,2.0,5
Citra,sellers,25,39423,985575,19711.5,19711.5,2.0,0
Citra,sellers,25,39435,985875,19717.5,19717.5,2.0,0
Citra,sellers,50,39446,1972300,39446.0,39446.0,2.0,0
Citra,sellers,25,39457,986425,19728.5,19728.5,2.0,0
Citra,sellers,25,39468,986700,19734.0,19734.0,2.0,0
Citra,sellers,25,39499,987475,19749.5,19749.5,2.0,0
Citra,sellers,25,39799,994975,19899.5,19899.5,2.0,0
Citra,sellers,25,39898,997450,19949.0,19949.0,2.0,0
Citra,sellers,75,40000,3000000,60000.0,60000.0,2.0,1
Citra,sellers,250,42000,10500000,210000.0,210000.0,2.0,4
Citra,buyers,650,37050,24082500,481650.0,481650.0,2.0,5
Citra,buyers,14575,37000,539275000,10785500.0,1000000.0,0.18543414769829863,7
Citra,buyers,25,36110,902750,18055.0,18055.0,2.0,0
Citra,buyers,25,36100,902500,18050.0,18050.0,2.0,0
Citra,buyers,850,36000,30600000,612000.0,612000.0,2.0,5
Citra,buyers,25,35729,893225,17864.5,17864.5,2.0,0
Citra,buyers,325,35719,11608675,232173.5,232173.5,2.0,4
Citra,buyers,1450,35718,51791100,1035822.0,1000000.0,1.9308336760563107,6
Citra,buyers,125,35716,4464500,89290.0,89290.0,2.0,3
Citra,buyers,1100,35715,39286500,785730.0,785730.0,2.0,6
Citra,buyers,75,35711,2678325,53566.5,53566.5,2.0,1
Citra,buyers,175,35710,6249250,124985.0,124985.0,2.0,3
Citra,buyers,150,35708,5356200,107124.0,107124.0,2.0,3
Citra,buyers,450,35700,16065000,321300.0,321300.0,2.0,5
Citra,buyers,550,35626,19594300,391886.0,391886.0,2.0,5
Citra,buyers,275,35625,9796875,195937.5,195937.5,2.0,4
Citra,buyers,25,35621,890525,17810.5,17810.5,2.0,0
Citra,buyers,25,35610,890250,17805.0,17805.0,2.0,0
Citra,buyers,225,35501,7987725,159754.5,159754.5,2.0,4
Citra,buyers,250,35499,8874750,177495.0,177495.0,2.0,4
Citra,buyers,300,35430,10629000,212580.0,212580.0,2.0,4
Citra,buyers,250,35401,8850250,177005.0,177005.0,2.0,4
Citra,buyers,75,35400,2655000,53100.0,53100.0,2.0,1
Citra,buyers,75,35311,2648325,52966.5,52966.5,2.0,1
Citra,buyers,100,35300,3530000,70600.0,70600.0,2.0,2
Citra,buyers,250,35211,8802750,176055.0,176055.0,2.0,4
Citra,buyers,250,35200,8800000,176000.0,176000.0,2.0,4
Citra,buyers,175,35132,6148100,122962.0,122962.0,2.0,3
Citra,buyers,825,35100,28957500,579150.0,579150.0,2.0,5
Citra,buyers,1550,35052,54330600,1086612.0,1000000.0,1.8405833913117102,6
Citra,buyers,50,34900,1745000,34900.0,34900.0,2.0,0
Citra,buyers,25,34857,871425,17428.5,17428.5,2.0,0
Citra,buyers,50,34815,1740750,34815.0,34815.0,2.0,0
Citra,buyers,75,34655,2599125,51982.5,51982.5,2.0,1
Citra,buyers,25,10,250,5.0,20.0,8.0,0
Collabra,sellers,27225,40000,1089000000,21780000.0,1000000.0,0.09182736455463728,8
Collabra,sellers,125,40496,5062000,101240.0,101240.0,2.0,3
Collabra,sellers,30025,40497,1215922425,24318448.5,1000000.0,0.08224208875825281,8
Collabra,sellers,10125,40498,410042250,8200845.0,1000000.0,0.24387730776523636,7
Collabra,sellers,7675,40984,314552200,6291044.0,1000000.0,0.31791225748858215,7
Collabra,sellers,2050,42500,87125000,1742500.0,1000000.0,1.1477761836441895,6
Collabra,sellers,60000,42999,2579940000,51598800.0,1000000.0,0.03876059133158136,8
Collabra,sellers,5200,43996,228779200,4575584.0,1000000.0,0.4371026736696343,7
Collabra,buyers,63625,39212,2494863500,49897270.0,1000000.0,0.04008235320289066,8
Collabra,buyers,8125,39211,318589375,6371787.5,1000000.0,0.3138836629438756,7
Collabra,buyers,100,39209,3920900,78418.0,78418.0,2.0,2
Collabra,buyers,57000,39208,2234856000,44697120.0,1000000.0,0.04474561224526323,8
Collabra,buyers,25,39207,980175,19603.5,19603.5,2.0,0
Collabra,buyers,175,39206,6861050,137221.0,137221.0,2.0,3
Collabra,buyers,10200,39205,399891000,7997820.0,1000000.0,0.2500681435691226,7
Collabra,buyers,2300,39200,90160000,1803200.0,1000000.0,1.109139307897072,6
Collabra,buyers,75,39166,2937450,58749.0,58749.0,2.0,1
Collabra,buyers,62200,39161,2435814200,48716284.0,1000000.0,0.04105403441691078,8
Collabra,buyers,1100,39160,43076000,861520.0,861520.0,2.0,6
Collabra,buyers,450,39151,17617950,352359.0,352359.0,2.0,5
Collabra,buyers,1675,39150,65576250,1311525.0,1000000.0,1.52494233811784,6
Collabra,buyers,1500,39006,58509000,1170180.0,1000000.0,1.7091387649763283,6
Collabra,buyers,8525,38750,330343750,6606875.0,1000000.0,0.30271497493141614,7
Collabra,buyers,4000,38710,154840000,3096800.0,1000000.0,0.6458279514337381,7
Collabra,buyers,50,38581,1929050,38581.0,38581.0,2.0,0
Collabra,buyers,25,38577,964425,19288.5,19288.5,2.0,0
Collabra,buyers,12000,38540,462480000,9249600.0,1000000.0,0.21622556651098426,7
Collabra,buyers,425,38525,16373125,327462.5,327462.5,2.0,5
Collabra,buyers,8325,38517,320654025,6413080.5,1000000.0,0.31186260643383473,7
Collabra,buyers,25,38216,955400,19108.0,19108.0,2.0,0
Collabra,buyers,1150,38213,43944950,878899.0,878899.0,2.0,6
Collabra,buyers,100,38208,3820800,76416.0,76416.0,2.0,2
Collabra,buyers,5000,38120,190600000,3812000.0,1000000.0,0.5246589716684155,7
Collabra,buyers,100,38112,3811200,76224.0,76224.0,2.0,2
Collabra,buyers,250,38100,9525000,190500.0,190500.0,2.0,4
Collabra,buyers,12525,37690,472067250,9441345.0,1000000.0,0.21183422489062734,7
Collabra,buyers,4100,37682,154496200,3089924.0,1000000.0,0.6472651107276425,7
Collabra,buyers,75,37572,2817900,56358.0,56358.0,2.0,1
Collabra,buyers,1250,37533,46916250,938325.0,938325.0,2.0,6
Collabra,buyers,1300,37263,48441900,968838.0,968838.0,2.0,6
Collabra,buyers,50,37260,1863000,37260.0,37260.0,2.0,0
Collabra,buyers,1375,37259,51231125,1024622.5,1000000.0,1.9519383968241963,6
Collabra,buyers,17175,37257,639888975,12797779.5,1000000.0,0.15627711041591238,8
Collabra,buyers,7525,37255,280343875,5606877.5,1000000.0,0.3567047790860421,7
Collabra,buyers,225,37251,8381475,167629.5,167629.5,2.0,4
Collabra,buyers,550,37250,20487500,409750.0,409750.0,2.0,5
Collabra,buyers,6250,37202,232512500,4650250.0,1000000.0,0.4300844040642976,7
Collabra,buyers,25,37200,930000,18600.0,18600.0,2.0,0
Collabra,buyers,25,37111,927775,18555.5,18555.5,2.0,0
Collabra,buyers,2325,37006,86038950,1720779.0,1000000.0,1.1622643000640989,6
Collabra,buyers,800,37005,29604000,592080.0,592080.0,2.0,5
Collabra,buyers,1800,36903,66425400,1328508.0,1000000.0,1.5054482170976764,6
Collabra,buyers,1500,36800,55200000,1104000.0,1000000.0,1.8115942028985508,6
Collabra,buyers,22150,36644,811664600,16233292.0,1000000.0,0.12320359912210044,8
Collabra,buyers,75,36511,2738325,54766.5,54766.5,2.0,1
Collabra,buyers,4075,36146,147294950,2945899.0,1000000.0,0.6789099015275133,7
Collabra,buyers,450,36110,16249500,324990.0,324990.0,2.0,5
Collabra,buyers,100,36100,3610000,72200.0,72200.0,2.0,2
Collabra,buyers,150,36092,5413800,108276.0,108276.0,2.0,3
Collabra,buyers,25,35800,895000,17900.0,17900.0,2.0,0
Collabra,buyers,25,35102,877550,17551.0,17551.0,2.0,0
Collabra,buyers,25,34101,852525,17050.5,17050.5,2.0,0
Collabra,buyers,38175,38,1450650,29013.0,29013.0,2.0,8
Collabra,buyers,9600,1,9600,192.0,192.0,2.0,7
Descubra,sellers,25,40350,1008750,20175.0,20175.0,2.0,0
Descubra,sellers,25425,40400,1027170000,20543400.0,1000000.0,0.09735486823018585,8
Descubra,sellers,100,40751,4075100,81502.0,81502.0,2.0,2
Descubra,sellers,425,40755,17320875,346417.5,346417.5,2.0,5
Descubra,sellers,75,40920,3069000,61380.0,61380.0,2.0,1
Descubra,sellers,6025,40985,246934625,4938692.5,1000000.0,0.4049654842855675,7
Descubra,sellers,25,40988,1024700,20494.0,20494.0,2.0,0
Descubra,sellers,24250,41000,994250000,19885000.0,1000000.0,0.10057832537088257,8
Descubra,sellers,3350,42000,140700000,2814000.0,1000000.0,0.7107320540156361,6
Descubra,buyers,12225,39903,487814175,9756283.5,1000000.0,0.20499609303071195,7
Descubra,buyers,42025,39901,1676839525,33536790.5,1000000.0,0.05963599885922297,8
Descubra,buyers,175,39780,6961500,139230.0,139230.0,2.0,3
Descubra,buyers,525,39704,20844600,416892.0,416892.0,2.0,5
Descubra,buyers,2775,39703,110175825,2203516.5,1000000.0,0.9076401288576692,6
Descubra,buyers,100,39702,3970200,79404.0,79404.0,2.0,2
Descubra,buyers,150,39060,5859000,117180.0,117180.0,2.0,3
Descubra,buyers,42150,39025,1644903750,32898075.0,1000000.0,0.06079383064206645,8
Descubra,buyers,25,39023,975575,19511.5,19511.5,2.0,0
Descubra,buyers,25,39010,975250,19505.0,19505.0,2.0,0
Descubra,buyers,25,38910,972750,19455.0,19455.0,2.0,0
Descubra,buyers,5725,38900,222702500,4454050.0,1000000.0,0.44902953491765923,7
Descubra,buyers,25,38872,971800,19436.0,19436.0,2.0,0
Descubra,buyers,75,38851,2913825,58276.5,58276.5,2.0,1
Descubra,buyers,500,38850,19425000,388500.0,388500.0,2.0,5
Descubra,buyers,45950,38738,1780011100,35600222.0,1000000.0,0.05617942494852982,8
Descubra,buyers,2575,38727,99722025,1994440.5,1000000.0,1.0027874985490919,6
Descubra,buyers,300,38725,11617500,232350.0,232350.0,2.0,4
Descubra,buyers,75,38713,2903475,58069.5,58069.5,2.0,1
Descubra,buyers,50,38701,1935050,38701.0,38701.0,2.0,0
Descubra,buyers,56500,38601,2180956500,43619130.0,1000000.0,0.045851441787124136,8
Descubra,buyers,850,38600,32810000,656200.0,656200.0,2.0,5
Descubra,buyers,75,38578,2893350,57867.0,57867.0,2.0,1
Descubra,buyers,150,38569,5785350,115707.0,115707.0,2.0,3
Descubra,buyers,25,38568,964200,19284.0,19284.0,2.0,0
Descubra,buyers,75,38566,2892450,57849.0,57849.0,2.0,1
Descubra,buyers,2225,38556,85787100,1715742.0,1000000.0,1.1656764245440165,6
Descubra,buyers,125,38001,4750125,95002.5,95002.5,2.0,3
Descubra,buyers,6675,37889,252909075,5058181.5,1000000.0,0.39539901840216685,7
Descubra,buyers,200,37790,7558000,151160.0,151160.0,2.0,3
Descubra,buyers,25,37605,940125,18802.5,18802.5,2.0,0
Descubra,buyers,200,37503,7500600,150012.0,150012.0,2.0,3
Descubra,buyers,100,37453,3745300,74906.0,74906.0,2.0,2
Descubra,buyers,175,37451,6553925,131078.5,131078.5,2.0,3
Descubra,buyers,3150,37405,117825750,2356515.0,1000000.0,0.848710914210179,6
Descubra,buyers,50,37370,1868500,37370.0,37370.0,2.0,0
Descubra,buyers,50,37365,1868250,37365.0,37365.0,2.0,0
Descubra,buyers,13975,37353,522008175,10440163.5,1000000.0,0.19156788109688128,7
Descubra,buyers,25,36970,924250,18485.0,18485.0,2.0,0
Descubra,buyers,150,36956,5543400,110868.0,110868.0,2.0,3
Descubra,buyers,500,36944,18472000,369440.0,369440.0,2.0,5
Descubra,buyers,1125,36465,41023125,820462.5,820462.5,2.0,6
Descubra,buyers,2675,36452,97509100,1950182.0,1000000.0,1.0255453080789383,6
Descubra,buyers,575,36309,20877675,417553.5,417553.5,2.0,5
Descubra,buyers,75,36303,2722725,54454.5,54454.5,2.0,1
Descubra,buyers,75,36298,2722350,54447.0,54447.0,2.0,1
Descubra,buyers,50,36297,1814850,36297.0,36297.0,2.0,0
Descubra,buyers,250,36285,9071250,181425.0,181425.0,2.0,4
Descubra,buyers,7725,36279,280255275,5605105.5,1000000.0,0.35681754785882264,7
Descubra,buyers,500,36128,18064000,361280.0,361280.0,2.0,5
Descubra,buyers,38675,37,1430975,28619.5,28619.5,2.0,8
Descubra,buyers,63600,1,63600,1272.0,1272.0,2.0,8
Descubra,buyers,48000,1,48000,960.0,960.0,2.0,8
Descubra,buyers,3250,1,3250,65.0,65.0,2.0,6
Descubra,buyers,10700,1,10700,214.0,214.0,2.0,7
Descubra,buyers,48750,1,48750,975.0,975.0,2.0,8
Descubra,buyers,37500,1,37500,750.0,750.0,2.0,8
Descubra,buyers,64000,1,64000,1280.0,1280.0,2.0,8
Descubra,buyers,4300,1,4300,86.0,86.0,2.0,7
Descubra,buyers,63800,1,63800,1276.0,1276.0,2.0,8
Descubra,buyers,12175,1,12175,243.5,243.5,2.0,7
Dia,sellers,11475,37996,436004100,8720082.0,1000000.0,0.22935564138043657,7
Dia,sellers,16675,37998,633616650,12672333.0,1000000.0,0.15782413546108676,8
Dia,sellers,25,38971,974275,19485.5,19485.5,2.0,0
Dia,sellers,48675,38985,1897594875,37951897.5,1000000.0,0.052698287351772066,8
Dia,sellers,25,38988,974700,19494.0,19494.0,2.0,0
Dia,sellers,50,39000,1950000,39000.0,39000.0,2.0,0
Dia,sellers,4500,40000,180000000,3600000.0,1000000.0,0.5555555555555556,7
Dia,sellers,25,40645,1016125,20322.5,20322.5,2.0,0
Dia,sellers,25,40655,1016375,20327.5,20327.5,2.0,0
Dia,sellers,4650,40665,189092250,3781845.0,1000000.0,0.5288424036416088,7
Dia,sellers,25,40666,1016650,20333.0,20333.0,2.0,0
Dia,sellers,825,40675,33556875,671137.5,671137.5,2.0,5
Dia,sellers,25,40676,1016900,20338.0,20338.0,2.0,0
Dia,sellers,25,40677,1016925,20338.5,20338.5,2.0,0
Dia,sellers,25,40690,1017250,20345.0,20345.0,2.0,0
Dia,sellers,25,40700,1017500,20350.0,20350.0,2.0,0
Dia,sellers,25,40789,1019725,20394.5,20394.5,2.0,0
Dia,sellers,25,40810,1020250,20405.0,20405.0,2.0,0
Dia,sellers,500,40820,20410000,408200.0,408200.0,2.0,5
Dia,sellers,25,40831,1020775,20415.5,20415.5,2.0,0
Dia,sellers,250,40843,10210750,204215.0,204215.0,2.0,4
Dia,sellers,1000,40880,40880000,817600.0,817600.0,2.0,6
Dia,sellers,1375,42548,58503500,1170070.0,1000000.0,1.7092994436230313,6
Dia,buyers,75,36010,2700750,54015.0,54015.0,2.0,1
Dia,buyers,11400,36009,410502600,8210052.0,1000000.0,0.24360381639482917,7
Dia,buyers,10650,36006,383463900,7669278.0,1000000.0,0.2607807410293381,7
Dia,buyers,2650,36005,95413250,1908265.0,1000000.0,1.0480724637301424,6
Dia,buyers,59400,36002,2138518800,42770376.0,1000000.0,0.0467613378007245,8
Dia,buyers,11700,35665,417280500,8345610.0,1000000.0,0.2396469521101513,7
Dia,buyers,225,35664,8024400,160488.0,160488.0,2.0,4
Dia,buyers,25,35662,891550,17831.0,17831.0,2.0,0
Dia,buyers,1350,35615,48080250,961605.0,961605.0,2.0,6
Dia,buyers,200,35612,7122400,142448.0,142448.0,2.0,3
Dia,buyers,50,35577,1778850,35577.0,35577.0,2.0,0
Dia,buyers,25,35555,888875,17777.5,17777.5,2.0,0
Dia,buyers,300,35551,10665300,213306.0,213306.0,2.0,4
Dia,buyers,25,35212,880300,17606.0,17606.0,2.0,0
Dia,buyers,1000,35100,35100000,702000.0,702000.0,2.0,6
Dia,buyers,25,35063,876575,17531.5,17531.5,2.0,0
Dia,buyers,39300,37,1454100,29082.0,29082.0,2.0,8
Dia,buyers,200,1,200,4.0,20.0,10.0,3
Dia,buyers,400,1,400,8.0,20.0,5.0,5
Dia,buyers,225,1,225,4.5,20.0,8.88888888888889,4
Dracobra,sellers,25,39835,995875,19917.5,19917.5,2.0,0
Dracobra,sellers,250,39845,9961250,199225.0,199225.0,2.0,4
Dracobra,sellers,25,39846,996150,19923.0,19923.0,2.0,0
Dracobra,sellers,100,39856,3985600,79712.0,79712.0,2.0,2
Dracobra,sellers,25,39857,996425,19928.5,19928.5,2.0,0
Dracobra,sellers,300,39867,11960100,239202.0,239202.0,2.0,4
Dracobra,sellers,25,39868,996700,19934.0,19934.0,2.0,0
Dracobra,sellers,25,39890,997250,19945.0,19945.0,2.0,0
Dracobra,sellers,3950,39949,157798550,3155971.0,1000000.0,0.6337193846204544,7
Dracobra,sellers,275,39997,10999175,219983.5,219983.5,2.0,4
Dracobra,sellers,150,41435,6215250,124305.0,124305.0,2.0,3
Dracobra,buyers,50,37020,1851000,37020.0,37020.0,2.0,0
Dracobra,buyers,25,37010,925250,18505.0,18505.0,2.0,0
Dracobra,buyers,25,37000,925000,18500.0,18500.0,2.0,0
Dracobra,buyers,25,36624,915600,18312.0,18312.0,2.0,0
Dracobra,buyers,75,36623,2746725,54934.5,54934.5,2.0,1
Dracobra,buyers,25,36622,915550,18311.0,18311.0,2.0,0
Dracobra,buyers,50,36612,1830600,36612.0,36612.0,2.0,0
Dracobra,buyers,300,36612,10983600,219672.0,219672.0,2.0,4
Dracobra,buyers,25,36611,915275,18305.5,18305.5,2.0,0
Dracobra,buyers,50,36601,1830050,36601.0,36601.0,2.0,0
Dracobra,buyers,400,36600,14640000,292800.0,292800.0,2.0,5
Dracobra,buyers,25,36596,914900,18298.0,18298.0,2.0,0
Dracobra,buyers,25,36586,914650,18293.0,18293.0,2.0,0
Dracobra,buyers,25,36585,914625,18292.5,18292.5,2.0,0
Dracobra,buyers,75,36575,2743125,54862.5,54862.5,2.0,1
Dracobra,buyers,50,36561,1828050,36561.0,36561.0,2.0,0
Dracobra,buyers,100,36501,3650100,73002.0,73002.0,2.0,2
Dracobra,buyers,9825,35451,348306075,6966121.5,1000000.0,0.28710380661606316,7
Dracobra,buyers,275,35450,9748750,194975.0,194975.0,2.0,4
Dracobra,buyers,25,35423,885575,17711.5,17711.5,2.0,0
Dracobra,buyers,25,35422,885550,17711.0,17711.0,2.0,0
Dracobra,buyers,75,35401,2655075,53101.5,53101.5,2.0,1
Dracobra,buyers,175,35371,6189925,123798.5,123798.5,2.0,3
Dracobra,buyers,25,35348,883700,17674.0,17674.0,2.0,0
Dracobra,buyers,50,35215,1760750,35215.0,35215.0,2.0,0
Dracobra,buyers,25,35115,877875,17557.5,17557.5,2.0,0
Dracobra,buyers,50,35015,1750750,35015.0,35015.0,2.0,0
Dracobra,buyers,100,34377,3437700,68754.0,68754.0,2.0,2
Dracobra,buyers,75,34192,2564400,51288.0,51288.0,2.0,1
Dracobra,buyers,75,34165,2562375,51247.5,51247.5,2.0,1
Dracobra,buyers,50,34120,1706000,34120.0,34120.0,2.0,0
Dracobra,buyers,25,34118,852950,17059.0,17059.0,2.0,0
Dracobra,buyers,50,34105,1705250,34105.0,34105.0,2.0,0
Dracobra,buyers,75,34055,2554125,51082.5,51082.5,2.0,1
Dracobra,buyers,25,34027,850675,17013.5,17013.5,2.0,0
Dracobra,buyers,75,34015,2551125,51022.5,51022.5,2.0,1
Dracobra,buyers,50,34001,1700050,34001.0,34001.0,2.0,0
Dracobra,buyers,200,33840,6768000,135360.0,135360.0,2.0,3
Dracobra,buyers,200,33785,6757000,135140.0,135140.0,2.0,3
Dracobra,buyers,575,33632,19338400,386768.0,386768.0,2.0,5
Dracobra,buyers,25,33621,840525,16810.5,16810.5,2.0,0
Dracobra,buyers,75,33305,2497875,49957.5,49957.5,2.0,1
Dracobra,buyers,75,33210,2490750,49815.0,49815.0,2.0,1
Dracobra,buyers,100,33201,3320100,66402.0,66402.0,2.0,2
Dracobra,buyers,100,32525,3252500,65050.0,65050.0,2.0,2
Dracobra,buyers,75,32100,2407500,48150.0,48150.0,2.0,1
Dracobra,buyers,100,31261,3126100,62522.0,62522.0,2.0,2
Dracobra,buyers,50,30492,1524600,30492.0,30492.0,2.0,0
Dracobra,buyers,50,30462,1523100,30462.0,30462.0,2.0,0
Dracobra,buyers,825,30420,25096500,501930.0,501930.0,2.0,5
Dracobra,buyers,50,30418,1520900,30418.0,30418.0,2.0,0
Dracobra,buyers,75,30416,2281200,45624.0,45624.0,2.0,1
Dracobra,buyers,25,30404,760100,15202.0,15202.0,2.0,0
Dracobra,buyers,100,30401,3040100,60802.0,60802.0,2.0,2
Dracobra,buyers,100,30392,3039200,60784.0,60784.0,2.0,2
Dracobra,buyers,100,30389,3038900,60778.0,60778.0,2.0,2
Dracobra,buyers,100,30376,3037600,60752.0,60752.0,2.0,2
Dracobra,buyers,100,30365,3036500,60730.0,60730.0,2.0,2
Dracobra,buyers,100,30351,3035100,60702.0,60702.0,2.0,2
Dracobra,buyers,100,30334,3033400,60668.0,60668.0,2.0,2
Dracobra,buyers,50,30326,1516300,30326.0,30326.0,2.0,0
Dracobra,buyers,50,30312,1515600,30312.0,30312.0,2.0,0
Dracobra,buyers,75,30135,2260125,45202.5,45202.5,2.0,1
Dracobra,buyers,1400,30000,42000000,840000.0,840000.0,2.0,6
Dracobra,buyers,25,28605,715125,14302.5,14302.5,2.0,0
Dracobra,buyers,50,28519,1425950,28519.0,28519.0,2.0,0
Dracobra,buyers,50,28332,1416600,28332.0,28332.0,2.0,0
Dracobra,buyers,250,28116,7029000,140580.0,140580.0,2.0,4
Dracobra,buyers,50,27230,1361500,27230.0,27230.0,2.0,0
Dracobra,buyers,50,27222,1361100,27222.0,27222.0,2.0,0
Dracobra,buyers,100,27189,2718900,54378.0,54378.0,2.0,2
Dracobra,buyers,100,27176,2717600,54352.0,54352.0,2.0,2
Dracobra,buyers,50,27175,1358750,27175.0,27175.0,2.0,0
Dracobra,buyers,100,27170,2717000,54340.0,54340.0,2.0,2
Dracobra,buyers,100,27157,2715700,54314.0,54314.0,2.0,2
Dracobra,buyers,100,27146,2714600,54292.0,54292.0,2.0,2
Dracobra,buyers,100,27135,2713500,54270.0,54270.0,2.0,2
Dracobra,buyers,50,27130,1356500,27130.0,27130.0,2.0,0
Dracobra,buyers,50,27063,1353150,27063.0,27063.0,2.0,0
Dracobra,buyers,50,27030,1351500,27030.0,27030.0,2.0,0
Dracobra,buyers,75,27010,2025750,40515.0,40515.0,2.0,1
Dracobra,buyers,200,26620,5324000,106480.0,106480.0,2.0,3
Dracobra,buyers,25,26607,665175,13303.5,13303.5,2.0,0
Dracobra,buyers,100,26315,2631500,52630.0,52630.0,2.0,2
Dracobra,buyers,100,26112,2611200,52224.0,52224.0,2.0,2
Dracobra,buyers,100,26101,2610100,52202.0,52202.0,2.0,2
Dracobra,buyers,100,25745,2574500,51490.0,51490.0,2.0,2
Dracobra,buyers,50,25744,1287200,25744.0,25744.0,2.0,0
Dracobra,buyers,100,25732,2573200,51464.0,51464.0,2.0,2
Dracobra,buyers,100,25701,2570100,51402.0,51402.0,2.0,2
Dracobra,buyers,100,25304,2530400,50608.0,50608.0,2.0,2
Dracobra,buyers,25,25210,630250,12605.0,12605.0,2.0,0
Dracobra,buyers,75,25125,1884375,37687.5,37687.5,2.0,1
Dracobra,buyers,50,25123,1256150,25123.0,25123.0,2.0,0
Dracobra,buyers,100,25121,2512100,50242.0,50242.0,2.0,2
Dracobra,buyers,100,24511,2451100,49022.0,49022.0,2.0,2
Dracobra,buyers,75,24430,1832250,36645.0,36645.0,2.0,1
Dracobra,buyers,75,24412,1830900,36618.0,36618.0,2.0,1
Dracobra,buyers,50,24324,1216200,24324.0,24324.0,2.0,0
Dracobra,buyers,100,24262,2426200,48524.0,48524.0,2.0,2
Dracobra,buyers,750,24250,18187500,363750.0,363750.0,2.0,5
Dracobra,buyers,50,23517,1175850,23517.0,23517.0,2.0,0
Dracobra,buyers,50,23324,1166200,23324.0,23324.0,2.0,0
Dracobra,buyers,100,23282,2328200,46564.0,46564.0,2.0,2
Dracobra,buyers,100,23271,2327100,46542.0,46542.0,2.0,2
Dracobra,buyers,50,23270,1163500,23270.0,23270.0,2.0,0
Dracobra,buyers,25,23254,581350,11627.0,11627.0,2.0,0
Dracobra,buyers,50,23108,1155400,23108.0,23108.0,2.0,0
Dracobra,buyers,75,23010,1725750,34515.0,34515.0,2.0,1
Dracobra,buyers,75,22785,1708875,34177.5,34177.5,2.0,1
Dracobra,buyers,100,22739,2273900,45478.0,45478.0,2.0,2
Dracobra,buyers,100,22727,2272700,45454.0,45454.0,2.0,2
Dracobra,buyers,50,22716,1135800,22716.0,22716.0,2.0,0
Dracobra,buyers,50,22702,1135100,22702.0,22702.0,2.0,0
Dracobra,buyers,50,22602,1130100,22602.0,22602.0,2.0,0
Dracobra,buyers,50,22380,1119000,22380.0,22380.0,2.0,0
Dracobra,buyers,50,22364,1118200,22364.0,22364.0,2.0,0
Dracobra,buyers,25,22126,553150,11063.0,11063.0,2.0,0
Dracobra,buyers,50,22099,1104950,22099.0,22099.0,2.0,0
Dracobra,buyers,50,22076,1103800,22076.0,22076.0,2.0,0
Dracobra,buyers,75,22060,1654500,33090.0,33090.0,2.0,1
Dracobra,buyers,75,22030,1652250,33045.0,33045.0,2.0,1
Dracobra,buyers,75,22015,1651125,33022.5,33022.5,2.0,1
Dracobra,buyers,50,22002,1100100,22002.0,22002.0,2.0,0
Dracobra,buyers,50,21101,1055050,21101.0,21101.0,2.0,0
Dracobra,buyers,50,21023,1051150,21023.0,21023.0,2.0,0
Dracobra,buyers,50,20792,1039600,20792.0,20792.0,2.0,0
Dracobra,buyers,50,20764,1038200,20764.0,20764.0,2.0,0
Dracobra,buyers,50,20602,1030100,20602.0,20602.0,2.0,0
Dracobra,buyers,50,19783,989150,19783.0,19783.0,2.0,0
Dracobra,buyers,50,19755,987750,19755.0,19755.0,2.0,0
Dracobra,buyers,25,19605,490125,9802.5,9802.5,2.0,0
Dracobra,buyers,50,18631,931550,18631.0,18631.0,2.0,0
Dracobra,buyers,50,18621,931050,18621.0,18621.0,2.0,0
Dracobra,buyers,50,18557,927850,18557.0,18557.0,2.0,0
Dracobra,buyers,50,18551,927550,18551.0,18551.0,2.0,0
Dracobra,buyers,50,18535,926750,18535.0,18535.0,2.0,0
Dracobra,buyers,50,18313,915650,18313.0,18313.0,2.0,0
Dracobra,buyers,50,18218,910900,18218.0,18218.0,2.0,0
Dracobra,buyers,50,18205,910250,18205.0,18205.0,2.0,0
Dracobra,buyers,100,18084,1808400,36168.0,36168.0,2.0,2
Dracobra,buyers,25,18029,450725,9014.5,9014.5,2.0,0
Eclipta,sellers,2475,39996,98990100,1979802.0,1000000.0,1.0102020303040404,6
Eclipta,sellers,150,39997,5999550,119991.0,119991.0,2.0,3
Eclipta,sellers,50,39999,1999950,39999.0,39999.0,2.0,0
Eclipta,sellers,75,41848,3138600,62772.0,62772.0,2.0,1
Eclipta,sellers,6025,41849,252140225,5042804.5,1000000.0,0.39660470676584825,7
Eclipta,sellers,1950,41850,81607500,1632150.0,1000000.0,1.2253775694635909,6
Eclipta,sellers,6200,41997,260381400,5207628.0,1000000.0,0.3840520098593832,7
Eclipta,sellers,6200,42000,260400000,5208000.0,1000000.0,0.38402457757296465,7
Eclipta,buyers,250,34630,8657500,173150.0,173150.0,2.0,4
Eclipta,buyers,25,34627,865675,17313.5,17313.5,2.0,0
Eclipta,buyers,100,34627,3462700,69254.0,69254.0,2.0,2
Eclipta,buyers,225,34626,7790850,155817.0,155817.0,2.0,4
Eclipta,buyers,50,34625,1731250,34625.0,34625.0,2.0,0
Eclipta,buyers,50,34619,1730950,34619.0,34619.0,2.0,0
Eclipta,buyers,250,34618,8654500,173090.0,173090.0,2.0,4
Eclipta,buyers,425,34617,14712225,294244.5,294244.5,2.0,5
Eclipta,buyers,50,34616,1730800,34616.0,34616.0,2.0,0
Eclipta,buyers,25,34611,865275,17305.5,17305.5,2.0,0
Eclipta,buyers,500,34601,17300500,346010.0,346010.0,2.0,5
Eclipta,buyers,150,34600,5190000,103800.0,103800.0,2.0,3
Eclipta,buyers,50,34444,1722200,34444.0,34444.0,2.0,0
Eclipta,buyers,100,33611,3361100,67222.0,67222.0,2.0,2
Eclipta,buyers,150,33600,5040000,100800.0,100800.0,2.0,3
Eclipta,buyers,825,33525,27658125,553162.5,553162.5,2.0,5
Eclipta,buyers,1550,33500,51925000,1038500.0,1000000.0,1.9258545979778527,6
Eclipta,buyers,200,2,400,8.0,20.0,5.0,3
Eclipta,buyers,5625,1,5625,112.5,112.5,2.0,7
Epoca,sellers,200,40698,8139600,162792.0,162792.0,2.0,3
Epoca,sellers,275,40699,11192225,223844.5,223844.5,2.0,4
Epoca,sellers,325,40700,13227500,264550.0,264550.0,2.0,4
Epoca,sellers,25,40800,1020000,20400.0,20400.0,2.0,0
Epoca,sellers,200,40884,8176800,163536.0,163536.0,2.0,3
Epoca,sellers,25,40885,1022125,20442.5,20442.5,2.0,0
Epoca,sellers,300,40885,12265500,245310.0,245310.0,2.0,4
Epoca,sellers,250,40887,10221750,204435.0,204435.0,2.0,4
Epoca,sellers,25,40888,1022200,20444.0,20444.0,2.0,0
Epoca,sellers,25,40900,1022500,20450.0,20450.0,2.0,0
Epoca,sellers,25,40980,1024500,20490.0,20490.0,2.0,0
Epoca,sellers,100,40988,4098800,81976.0,81976.0,2.0,2
Epoca,sellers,25,40990,1024750,20495.0,20495.0,2.0,0
Epoca,sellers,100,40996,4099600,81992.0,81992.0,2.0,2
Epoca,sellers,375,40997,15373875,307477.5,307477.5,2.0,5
Epoca,sellers,600,40997,24598200,491964.0,491964.0,2.0,5
Epoca,sellers,2250,40999,92247750,1844955.0,1000000.0,1.0840372800420606,6
Epoca,sellers,100,41000,4100000,82000.0,82000.0,2.0,2
Epoca,sellers,50,44444,2222200,44444.0,44444.0,2.0,0
Epoca,sellers,25,46000,1150000,23000.0,23000.0,2.0,0
Epoca,buyers,25,38007,950175,19003.5,19003.5,2.0,0
Epoca,buyers,250,38006,9501500,190030.0,190030.0,2.0,4
Epoca,buyers,100,38005,3800500,76010.0,76010.0,2.0,2
Epoca,buyers,325,38004,12351300,247026.0,247026.0,2.0,4
Epoca,buyers,75,38003,2850225,57004.5,57004.5,2.0,1
Epoca,buyers,50,38002,1900100,38002.0,38002.0,2.0,0
Epoca,buyers,400,38001,15200400,304008.0,304008.0,2.0,5
Epoca,buyers,325,38000,12350000,247000.0,247000.0,2.0,4
Epoca,buyers,375,37760,14160000,283200.0,283200.0,2.0,5
Epoca,buyers,50,37759,1887950,37759.0,37759.0,2.0,0
Epoca,buyers,250,37750,9437500,188750.0,188750.0,2.0,4
Epoca,buyers,250,37609,9402250,188045.0,188045.0,2.0,4
Epoca,buyers,25,37604,940100,18802.0,18802.0,2.0,0
Epoca,buyers,175,37600,6580000,131600.0,131600.0,2.0,3
Epoca,buyers,50,37506,1875300,37506.0,37506.0,2.0,0
Epoca,buyers,700,37501,26250700,525014.0,525014.0,2.0,5
Epoca,buyers,250,36553,9138250,182765.0,182765.0,2.0,4
Epoca,buyers,125,36510,4563750,91275.0,91275.0,2.0,3
Epoca,buyers,50,36500,1825000,36500.0,36500.0,2.0,0
Epoca,buyers,250,35360,8840000,176800.0,176800.0,2.0,4
Epoca,buyers,2675,35360,94588000,1891760.0,1000000.0,1.0572165602401995,6
Epoca,buyers,3000,35359,106077000,2121540.0,1000000.0,0.9427114266052019,6
Epoca,buyers,225,35357,7955325,159106.5,159106.5,2.0,4
Epoca,buyers,975,35356,34472100,689442.0,689442.0,2.0,6
Epoca,buyers,250,35355,8838750,176775.0,176775.0,2.0,4
Epoca,buyers,100,35300,3530000,70600.0,70600.0,2.0,2
Epoca,buyers,50,35105,1755250,35105.0,35105.0,2.0,0
Epoca,buyers,75,35012,2625900,52518.0,52518.0,2.0,1
Epoca,buyers,1725,33501,57789225,1155784.5,1000000.0,1.7304263900407042,6
Epoca,buyers,25,31000,775000,15500.0,15500.0,2.0,0
Epoca,buyers,75,30000,2250000,45000.0,45000.0,2.0,1
Epoca,buyers,100,1,100,2.0,20.0,20.0,2
Epoca,buyers,22750,1,22750,455.0,455.0,2.0,8
Escura,sellers,275,26996,7423900,148478.0,148478.0,2.0,4
Escura,sellers,275,26997,7424175,148483.5,148483.5,2.0,4
Escura,sellers,275,26998,7424450,148489.0,148489.0,2.0,4
Escura,buyers,275,17014,4678850,93577.0,93577.0,2.0,4
Escura,buyers,125,17013,2126625,42532.5,42532.5,2.0,3
Escura,buyers,25,17012,425300,8506.0,8506.0,2.0,0
Escura,buyers,375,17011,6379125,127582.5,127582.5,2.0,5
Escura,buyers,250,17009,4252250,85045.0,85045.0,2.0,4
Escura,buyers,375,17002,6375750,127515.0,127515.0,2.0,5
Escura,buyers,25,17000,425000,8500.0,8500.0,2.0,0
Escura,buyers,175,16501,2887675,57753.5,57753.5,2.0,3
Escura,buyers,50,16500,825000,16500.0,16500.0,2.0,0
Escura,buyers,350,16118,5641300,112826.0,112826.0,2.0,5
Escura,buyers,450,16117,7252650,145053.0,145053.0,2.0,5
Escura,buyers,175,16116,2820300,56406.0,56406.0,2.0,3
Escura,buyers,275,16114,4431350,88627.0,88627.0,2.0,4
Escura,buyers,75,16112,1208400,24168.0,24168.0,2.0,1
Escura,buyers,50,16111,805550,16111.0,16111.0,2.0,0
Escura,buyers,150,16056,2408400,48168.0,48168.0,2.0,3
Escura,buyers,375,16055,6020625,120412.5,120412.5,2.0,5
Escura,buyers,100,16052,1605200,32104.0,32104.0,2.0,2
Escura,buyers,125,16051,2006375,40127.5,40127.5,2.0,3
Escura,buyers,200,16050,3210000,64200.0,64200.0,2.0,3
Escura,buyers,150,14301,2145150,42903.0,42903.0,2.0,3
Escura,buyers,150,14114,2117100,42342.0,42342.0,2.0,3
Escura,buyers,100,14111,1411100,28222.0,28222.0,2.0,2
Escura,buyers,525,13505,7090125,141802.5,141802.5,2.0,5
Escura,buyers,150,13500,2025000,40500.0,40500.0,2.0,3
Escura,buyers,200,13036,2607200,52144.0,52144.0,2.0,3
Escura,buyers,150,13034,1955100,39102.0,39102.0,2.0,3
Escura,buyers,225,13031,2931975,58639.5,58639.5,2.0,4
Escura,buyers,225,13021,2929725,58594.5,58594.5,2.0,4
Etebra,sellers,14650,40249,589647850,11792957.0,1000000.0,0.16959274929943355,8
Etebra,sellers,625,40250,25156250,503125.0,503125.0,2.0,5
Etebra,sellers,25,40690,1017250,20345.0,20345.0,2.0,0
Etebra,sellers,25,40701,1017525,20350.5,20350.5,2.0,0
Etebra,sellers,7525,40722,306433050,6128661.0,1000000.0,0.32633555682064974,7
Etebra,sellers,2425,40733,98777525,1975550.5,1000000.0,1.0123760440444323,6
Etebra,sellers,25,40745,1018625,20372.5,20372.5,2.0,0
Etebra,sellers,25,40757,1018925,20378.5,20378.5,2.0,0
Etebra,sellers,3250,40768,132496000,2649920.0,1000000.0,0.7547397657287768,6
Etebra,sellers,275,40774,11212850,224257.0,224257.0,2.0,4
Etebra,sellers,25,40775,1019375,20387.5,20387.5,2.0,0
Etebra,sellers,25,40789,1019725,20394.5,20394.5,2.0,0
Etebra,sellers,25000,41000,1025000000,20500000.0,1000000.0,0.0975609756097561,8
Etebra,buyers,10275,38906,399759150,7995183.0,1000000.0,0.25015062194323756,7
Etebra,buyers,250,38905,9726250,194525.0,194525.0,2.0,4
Etebra,buyers,75,38903,2917725,58354.5,58354.5,2.0,1
Etebra,buyers,2650,38900,103085000,2061700.0,1000000.0,0.97007324052966,6
Etebra,buyers,1000,38800,38800000,776000.0,776000.0,2.0,6
Etebra,buyers,35050,38773,1358993650,27179873.0,1000000.0,0.07358386111664318,8
Etebra,buyers,25,38770,969250,19385.0,19385.0,2.0,0
Etebra,buyers,250,38760,9690000,193800.0,193800.0,2.0,4
Etebra,buyers,25,38754,968850,19377.0,19377.0,2.0,0
Etebra,buyers,25,38742,968550,19371.0,19371.0,2.0,0
Etebra,buyers,39200,38732,1518294400,30365888.0,1000000.0,0.06586337932880473,8
Etebra,buyers,5800,38711,224523800,4490476.0,1000000.0,0.4453870814586249,7
Etebra,buyers,250,38282,9570500,191410.0,191410.0,2.0,4
Etebra,buyers,200,38201,7640200,152804.0,152804.0,2.0,3
Etebra,buyers,100,38166,3816600,76332.0,76332.0,2.0,2
Etebra,buyers,75,38164,2862300,57246.0,57246.0,2.0,1
Etebra,buyers,25,37600,940000,18800.0,18800.0,2.0,0
Etebra,buyers,50,37387,1869350,37387.0,37387.0,2.0,0
Etebra,buyers,150,37240,5586000,111720.0,111720.0,2.0,3
Etebra,buyers,1700,37119,63102300,1262046.0,1000000.0,1.5847282904109676,6
Etebra,buyers,100,37025,3702500,74050.0,74050.0,2.0,2
Etebra,buyers,350,37020,12957000,259140.0,259140.0,2.0,5
Etebra,buyers,50,36828,1841400,36828.0,36828.0,2.0,0
Etebra,buyers,625,3,1875,37.5,37.5,2.0,5
Etebra,buyers,12925,2,25850,517.0,517.0,2.0,7
Ferobra,sellers,38450,40765,1567414250,31348285.0,1000000.0,0.06379934340905731,8
Ferobra,sellers,375,40766,15287250,305745.0,305745.0,2.0,5
Ferobra,sellers,1350,40769,55038150,1100763.0,1000000.0,1.8169215353350359,6
Ferobra,sellers,100,40769,4076900,81538.0,81538.0,2.0,2
Ferobra,sellers,1900,40771,77464900,1549298.0,1000000.0,1.2909072366968783,6
Ferobra,sellers,9775,40772,398546300,7970926.0,1000000.0,0.2509118764871233,7
Ferobra,sellers,125,40783,5097875,101957.5,101957.5,2.0,3
Ferobra,sellers,9800,40788,399722400,7994448.0,1000000.0,0.2501736204926219,7
Ferobra,sellers,50,40792,2039600,40792.0,40792.0,2.0,0
Ferobra,sellers,63650,40793,2596474450,51929489.0,1000000.0,0.0385137623826801,8
Ferobra,sellers,150,40896,6134400,122688.0,122688.0,2.0,3
Ferobra,sellers,75,40981,3073575,61471.5,61471.5,2.0,1
Ferobra,sellers,50,40986,2049300,40986.0,40986.0,2.0,0
Ferobra,sellers,750,40997,30747750,614955.0,614955.0,2.0,5
Ferobra,sellers,600,41200,24720000,494400.0,494400.0,2.0,5
Ferobra,buyers,12125,39307,476597375,9531947.5,1000000.0,0.2098207108253586,7
Ferobra,buyers,75,39306,2947950,58959.0,58959.0,2.0,1
Ferobra,buyers,825,39304,32425800,648516.0,648516.0,2.0,5
Ferobra,buyers,100,39302,3930200,78604.0,78604.0,2.0,2
Ferobra,buyers,2000,39300,78600000,1572000.0,1000000.0,1.2722646310432568,6
Ferobra,buyers,100,39201,3920100,78402.0,78402.0,2.0,2
Ferobra,buyers,1000,39200,39200000,784000.0,784000.0,2.0,6
Ferobra,buyers,50,39002,1950100,39002.0,39002.0,2.0,0
Ferobra,buyers,1650,38778,63983700,1279674.0,1000000.0,1.5628980505972616,6
Ferobra,buyers,57600,38776,2233497600,44669952.0,1000000.0,0.04477282626137588,8
Ferobra,buyers,50,38775,1938750,38775.0,38775.0,2.0,0
Ferobra,buyers,650,38770,25200500,504010.0,504010.0,2.0,5
Ferobra,buyers,100,38752,3875200,77504.0,77504.0,2.0,2
Ferobra,buyers,675,38750,26156250,523125.0,523125.0,2.0,5
Ferobra,buyers,300,38740,11622000,232440.0,232440.0,2.0,4
Ferobra,buyers,33400,38739,1293882600,25877652.0,1000000.0,0.07728676465700983,8
Ferobra,buyers,35100,38728,1359352800,27187056.0,1000000.0,0.07356441977388063,8
Ferobra,buyers,25,38724,968100,19362.0,19362.0,2.0,0
Ferobra,buyers,250,38670,9667500,193350.0,193350.0,2.0,4
Ferobra,buyers,1725,38667,66700575,1334011.5,1000000.0,1.4992374503518149,6
Ferobra,buyers,50,38661,1933050,38661.0,38661.0,2.0,0
Ferobra,buyers,975,38659,37692525,753850.5,753850.5,2.0,6
Ferobra,buyers,28575,38653,1104509475,22090189.5,1000000.0,0.09053792861306147,8
Ferobra,buyers,275,38652,10629300,212586.0,212586.0,2.0,4
Ferobra,buyers,1475,38406,56648850,1132977.0,1000000.0,1.7652609011480376,6
Ferobra,buyers,100,38405,3840500,76810.0,76810.0,2.0,2
Ferobra,buyers,100,38311,3831100,76622.0,76622.0,2.0,2
Ferobra,buyers,275,38308,10534700,210694.0,210694.0,2.0,4
Ferobra,buyers,2600,38304,99590400,1991808.0,1000000.0,1.0041128462181093,6
Ferobra,buyers,75,38211,2865825,57316.5,57316.5,2.0,1
Ferobra,buyers,75,38205,2865375,57307.5,57307.5,2.0,1
Ferobra,buyers,100,38164,3816400,76328.0,76328.0,2.0,2
Ferobra,buyers,700,38160,26712000,534240.0,534240.0,2.0,5
Ferobra,buyers,2575,38158,98256850,1965137.0,1000000.0,1.017740747846079,6
Ferobra,buyers,25,38104,952600,19052.0,19052.0,2.0,0
Ferobra,buyers,50,38103,1905150,38103.0,38103.0,2.0,0
Ferobra,buyers,100,37710,3771000,75420.0,75420.0,2.0,2
Ferobra,buyers,2800,37701,105562800,2111256.0,1000000.0,0.9473034061241271,6
Ferobra,buyers,75,37395,2804625,56092.5,56092.5,2.0,1
Ferobra,buyers,75,37367,2802525,56050.5,56050.5,2.0,1
Ferobra,buyers,50,37279,1863950,37279.0,37279.0,2.0,0
Ferobra,buyers,50,37277,1863850,37277.0,37277.0,2.0,0
Ferobra,buyers,25,37251,931275,18625.5,18625.5,2.0,0
Ferobra,buyers,25,37235,930875,18617.5,18617.5,2.0,0
Ferobra,buyers,75,37231,2792325,55846.5,55846.5,2.0,1
Ferobra,buyers,125,37230,4653750,93075.0,93075.0,2.0,3
Ferobra,buyers,50,37220,1861000,37220.0,37220.0,2.0,0
Ferobra,buyers,25,37217,930425,18608.5,18608.5,2.0,0
Ferobra,buyers,700,37212,26048400,520968.0,520968.0,2.0,5
Ferobra,buyers,25,37000,925000,18500.0,18500.0,2.0,0
Ferobra,buyers,50,36805,1840250,36805.0,36805.0,2.0,0
Ferobra,buyers,2875,36705,105526875,2110537.5,1000000.0,0.9476259009849386,6
Ferobra,buyers,250,36614,9153500,183070.0,183070.0,2.0,4
Ferobra,buyers,25,36610,915250,18305.0,18305.0,2.0,0
Ferobra,buyers,50,36605,1830250,36605.0,36605.0,2.0,0
Ferobra,buyers,28975,40,1159000,23180.0,23180.0,2.0,8
Ferobra,buyers,11250,39,438750,8775.0,8775.0,2.0,7
Ferobra,buyers,12375,36,445500,8910.0,8910.0,2.0,7
Ferobra,buyers,5025,2,10050,201.0,201.0,2.0,7
Ferobra,buyers,475,2,950,19.0,20.0,2.1052631578947367,5
Ferobra,buyers,25,2,50,1.0,20.0,40.0,0
Ferobra,buyers,8500,1,8500,170.0,170.0,2.0,7
Ferobra,buyers,34025,1,34025,680.5,680.5,2.0,8
Ferobra,buyers,5575,1,5575,111.5,111.5,2.0,7
Ferobra,buyers,4725,1,4725,94.5,94.5,2.0,7
Firmera,sellers,1700,39986,67976200,1359524.0,1000000.0,1.471103121386603,6
Firmera,sellers,225,39987,8997075,179941.5,179941.5,2.0,4
Firmera,sellers,250,39993,9998250,199965.0,199965.0,2.0,4
Firmera,sellers,200,39995,7999000,159980.0,159980.0,2.0,3
Firmera,sellers,4750,39997,189985750,3799715.0,1000000.0,0.5263552661186431,7
Firmera,buyers,50,37205,1860250,37205.0,37205.0,2.0,0
Firmera,buyers,50,37204,1860200,37204.0,37204.0,2.0,0
Firmera,buyers,100,37203,3720300,74406.0,74406.0,2.0,2
Firmera,buyers,25,37202,930050,18601.0,18601.0,2.0,0
Firmera,buyers,50,37201,1860050,37201.0,37201.0,2.0,0
Firmera,buyers,50,37200,1860000,37200.0,37200.0,2.0,0
Firmera,buyers,9825,37003,363554475,7271089.5,1000000.0,0.2750619422302531,7
Firmera,buyers,75,37002,2775150,55503.0,55503.0,2.0,1
Firmera,buyers,50,36906,1845300,36906.0,36906.0,2.0,0
Firmera,buyers,50,36904,1845200,36904.0,36904.0,2.0,0
Firmera,buyers,75,36903,2767725,55354.5,55354.5,2.0,1
Firmera,buyers,25,36900,922500,18450.0,18450.0,2.0,0
Firmera,buyers,25,36850,921250,18425.0,18425.0,2.0,0
Firmera,buyers,25,36820,920500,18410.0,18410.0,2.0,0
Firmera,buyers,250,36813,9203250,184065.0,184065.0,2.0,4
Firmera,buyers,25,36808,920200,18404.0,18404.0,2.0,0
Firmera,buyers,75,36802,2760150,55203.0,55203.0,2.0,1
Firmera,buyers,50,36703,1835150,36703.0,36703.0,2.0,0
Firmera,buyers,300,36602,10980600,219612.0,219612.0,2.0,4
Firmera,buyers,150,36229,5434350,108687.0,108687.0,2.0,3
Firmera,buyers,275,36101,9927775,198555.5,198555.5,2.0,4
Firmera,buyers,50,36000,1800000,36000.0,36000.0,2.0,0
Firmera,buyers,200,36000,7200000,144000.0,144000.0,2.0,3
Firmera,buyers,100,35762,3576200,71524.0,71524.0,2.0,2
Firmera,buyers,175,35761,6258175,125163.5,125163.5,2.0,3
Firmera,buyers,175,35760,6258000,125160.0,125160.0,2.0,3
Firmera,buyers,250,35721,8930250,178605.0,178605.0,2.0,4
Firmera,buyers,400,35720,14288000,285760.0,285760.0,2.0,5
Firmera,buyers,50,35711,1785550,35711.0,35711.0,2.0,0
Firmera,buyers,75,35703,2677725,53554.5,53554.5,2.0,1
Firmera,buyers,125,35659,4457375,89147.5,89147.5,2.0,3
Firmera,buyers,125,35604,4450500,89010.0,89010.0,2.0,3
Firmera,buyers,250,35601,8900250,178005.0,178005.0,2.0,4
Firmera,buyers,500,35421,17710500,354210.0,354210.0,2.0,5
Firmera,buyers,700,35307,24714900,494298.0,494298.0,2.0,5
Firmera,buyers,550,35305,19417750,388355.0,388355.0,2.0,5
Firmera,buyers,700,35302,24711400,494228.0,494228.0,2.0,5
Firmera,buyers,100,35300,3530000,70600.0,70600.0,2.0,2
Firmera,buyers,25,35003,875075,17501.5,17501.5,2.0,0
Firmera,buyers,64000,1,64000,1280.0,1280.0,2.0,8
Floribra,sellers,50,17988,899400,17988.0,17988.0,2.0,0
Floribra,sellers,25,18000,450000,9000.0,9000.0,2.0,0
Floribra,sellers,25,18490,462250,9245.0,9245.0,2.0,0
Floribra,sellers,25,18500,462500,9250.0,9250.0,2.0,0
Floribra,sellers,25,18740,468500,9370.0,9370.0,2.0,0
Floribra,sellers,25,18750,468750,9375.0,9375.0,2.0,0
Floribra,sellers,50,18798,939900,18798.0,18798.0,2.0,0
Floribra,sellers,200,18799,3759800,75196.0,75196.0,2.0,3
Floribra,sellers,25,18800,470000,9400.0,9400.0,2.0,0
Floribra,sellers,25,18880,472000,9440.0,9440.0,2.0,0
Floribra,sellers,50,18885,944250,18885.0,18885.0,2.0,0
Floribra,sellers,375,18888,7083000,141660.0,141660.0,2.0,5
Floribra,sellers,25,18890,472250,9445.0,9445.0,2.0,0
Floribra,sellers,50,18900,945000,18900.0,18900.0,2.0,0
Floribra,sellers,25,18949,473725,9474.5,9474.5,2.0,0
Floribra,sellers,100,18950,1895000,37900.0,37900.0,2.0,2
Floribra,sellers,300,18997,5699100,113982.0,113982.0,2.0,4
Floribra,sellers,125,18998,2374750,47495.0,47495.0,2.0,3
Floribra,sellers,75,18999,1424925,28498.5,28498.5,2.0,1
Floribra,sellers,150,19000,2850000,57000.0,57000.0,2.0,3
Floribra,sellers,225,19779,4450275,89005.5,89005.5,2.0,4
Floribra,sellers,25,19800,495000,9900.0,9900.0,2.0,0
Floribra,sellers,25,19900,497500,9950.0,9950.0,2.0,0
Floribra,sellers,25,19996,499900,9998.0,9998.0,2.0,0
Floribra,sellers,25,19999,499975,9999.5,9999.5,2.0,0
Floribra,sellers,300,20000,6000000,120000.0,120000.0,2.0,4
Floribra,sellers,50,24798,1239900,24798.0,24798.0,2.0,0
Floribra,sellers,25,24800,620000,12400.0,12400.0,2.0,0
Floribra,sellers,325,25000,8125000,162500.0,162500.0,2.0,4
Floribra,sellers,200,29500,5900000,118000.0,118000.0,2.0,3
Floribra,sellers,75,29999,2249925,44998.5,44998.5,2.0,1
Floribra,sellers,25,30000,750000,15000.0,15000.0,2.0,0
Floribra,sellers,100,31000,3100000,62000.0,62000.0,2.0,2
Floribra,buyers,250,16200,4050000,81000.0,81000.0,2.0,4
Floribra,buyers,150,16115,2417250,48345.0,48345.0,2.0,3
Floribra,buyers,25,16111,402775,8055.5,8055.5,2.0,0
Floribra,buyers,75,16110,1208250,24165.0,24165.0,2.0,1
Floribra,buyers,150,16106,2415900,48318.0,48318.0,2.0,3
Floribra,buyers,25,16105,402625,8052.5,8052.5,2.0,0
Floribra,buyers,100,16103,1610300,32206.0,32206.0,2.0,2
Floribra,buyers,200,16000,3200000,64000.0,64000.0,2.0,3
Floribra,buyers,175,15202,2660350,53207.0,53207.0,2.0,3
Floribra,buyers,500,14501,7250500,145010.0,145010.0,2.0,5
Floribra,buyers,50,14500,725000,14500.0,14500.0,2.0,0
Floribra,buyers,50,14307,715350,14307.0,14307.0,2.0,0
Floribra,buyers,200,14305,2861000,57220.0,57220.0,2.0,3
Floribra,buyers,50,14255,712750,14255.0,14255.0,2.0,0
Floribra,buyers,50,13600,680000,13600.0,13600.0,2.0,0
Floribra,buyers,25,13571,339275,6785.5,6785.5,2.0,0
Floribra,buyers,75,13003,975225,19504.5,19504.5,2.0,1
Floribra,buyers,175,13003,2275525,45510.5,45510.5,2.0,3
Floribra,buyers,25,12804,320100,6402.0,6402.0,2.0,0
Floribra,buyers,25,12803,320075,6401.5,6401.5,2.0,0
Floribra,buyers,100,12800,1280000,25600.0,25600.0,2.0,2
Floribra,buyers,25,12508,312700,6254.0,6254.0,2.0,0
Floribra,buyers,300,12507,3752100,75042.0,75042.0,2.0,4
Floribra,buyers,125,12500,1562500,31250.0,31250.0,2.0,3
Floribra,buyers,100,12419,1241900,24838.0,24838.0,2.0,2
Floribra,buyers,25,12414,310350,6207.0,6207.0,2.0,0
Floribra,buyers,25,12316,307900,6158.0,6158.0,2.0,0
Floribra,buyers,25,12313,307825,6156.5,6156.5,2.0,0
Floribra,buyers,150,12311,1846650,36933.0,36933.0,2.0,3
Floribra,buyers,200,12303,2460600,49212.0,49212.0,2.0,3
Floribra,buyers,25,12270,306750,6135.0,6135.0,2.0,0
Floribra,buyers,100,12261,1226100,24522.0,24522.0,2.0,2
Floribra,buyers,25,12200,305000,6100.0,6100.0,2.0,0
Floribra,buyers,700,12000,8400000,168000.0,168000.0,2.0,5
Floribra,buyers,25,11511,287775,5755.5,5755.5,2.0,0
Floribra,buyers,50,11510,575500,11510.0,11510.0,2.0,0
Floribra,buyers,25,11501,287525,5750.5,5750.5,2.0,0
Floribra,buyers,50,11212,560600,11212.0,11212.0,2.0,0
Floribra,buyers,25,11211,280275,5605.5,5605.5,2.0,0
Floribra,buyers,25,11207,280175,5603.5,5603.5,2.0,0
Floribra,buyers,50,11205,560250,11205.0,11205.0,2.0,0
Floribra,buyers,25,11203,280075,5601.5,5601.5,2.0,0
Floribra,buyers,175,11201,1960175,39203.5,39203.5,2.0,3
Floribra,buyers,450,11201,5040450,100809.0,100809.0,2.0,5
Gentebra,sellers,3025,43542,131714550,2634291.0,1000000.0,0.7592175655612838,6
Gentebra,sellers,8900,43544,387541600,7750832.0,1000000.0,0.25803681462841666,7
Gentebra,sellers,4850,43548,211207800,4224156.0,1000000.0,0.47346736247430254,7
Gentebra,sellers,2325,43812,101862900,2037258.0,1000000.0,0.9817116928734604,6
Gentebra,sellers,200,43883,8776600,175532.0,175532.0,2.0,3
Gentebra,sellers,26650,46000,1225900000,24518000.0,1000000.0,0.08157272208173587,8
Gentebra,buyers,10850,42722,463533700,9270674.0,1000000.0,0.21573404479544853,7
Gentebra,buyers,63725,42721,2722395725,54447914.5,1000000.0,0.03673235271481335,8
Gentebra,buyers,125,42719,5339875,106797.5,106797.5,2.0,3
Gentebra,buyers,25,42712,1067800,21356.0,21356.0,2.0,0
Gentebra,buyers,22350,42700,954345000,19086900.0,1000000.0,0.10478390938287517,8
Gentebra,buyers,20000,42600,852000000,17040000.0,1000000.0,0.11737089201877934,8
Gentebra,buyers,5375,42288,227298000,4545960.0,1000000.0,0.4399510774401887,7
Gentebra,buyers,25,42236,1055900,21118.0,21118.0,2.0,0
Gentebra,buyers,475,42230,20059250,401185.0,401185.0,2.0,5
Gentebra,buyers,1725,41800,72105000,1442100.0,1000000.0,1.386866375424728,6
Gentebra,buyers,25,41632,1040800,20816.0,20816.0,2.0,0
Gentebra,buyers,100,41630,4163000,83260.0,83260.0,2.0,2
Gentebra,buyers,2675,41620,111333500,2226670.0,1000000.0,0.8982022482002272,6
Gentebra,buyers,100,41590,4159000,83180.0,83180.0,2.0,2
Gentebra,buyers,1500,41575,62362500,1247250.0,1000000.0,1.6035277610743637,6
Gentebra,buyers,3650,41503,151485950,3029719.0,1000000.0,0.6601272263203287,7
Gentebra,buyers,54050,41500,2243075000,44861500.0,1000000.0,0.044581656877277845,8
Gentebra,buyers,850,41053,34895050,697901.0,697901.0,2.0,5
Gentebra,buyers,5050,41050,207302500,4146050.0,1000000.0,0.48238685013446536,7
Gentebra,buyers,55675,47,2616725,52334.5,52334.5,2.0,8
Gentebra,buyers,64000,1,64000,1280.0,1280.0,2.0,8
Gentebra,buyers,250,1,250,5.0,20.0,8.0,4
Gentebra,buyers,11250,1,11250,225.0,225.0,2.0,7
Gentebra,buyers,7600,1,7600,152.0,152.0,2.0,7
Gentebra,buyers,64000,1,64000,1280.0,1280.0,2.0,8
Gladera,sellers,25,44219,1105475,22109.5,22109.5,2.0,0
Gladera,sellers,50,44220,2211000,44220.0,44220.0,2.0,0
Gladera,sellers,5300,44221,234371300,4687426.0,1000000.0,0.4266734024174461,7
Gladera,sellers,22650,44222,1001628300,20032566.0,1000000.0,0.09983743470506974,8
Gladera,sellers,25,44226,1105650,22113.0,22113.0,2.0,0
Gladera,sellers,25,44230,1105750,22115.0,22115.0,2.0,0
Gladera,sellers,100,44239,4423900,88478.0,88478.0,2.0,2
Gladera,sellers,100,44243,4424300,88486.0,88486.0,2.0,2
Gladera,sellers,25,44244,1106100,22122.0,22122.0,2.0,0
Gladera,sellers,100,44250,4425000,88500.0,88500.0,2.0,2
Gladera,sellers,1050,44495,46719750,934395.0,934395.0,2.0,6
Gladera,sellers,8775,44498,390469950,7809399.0,1000000.0,0.25610165391728607,7
Gladera,sellers,100,44983,4498300,89966.0,89966.0,2.0,2
Gladera,sellers,25,44984,1124600,22492.0,22492.0,2.0,0
Gladera,sellers,500,44999,22499500,449990.0,449990.0,2.0,5
Gladera,sellers,250,45000,11250000,225000.0,225000.0,2.0,4
Gladera,buyers,475,41000,19475000,389500.0,389500.0,2.0,5
Gladera,buyers,50,40504,2025200,40504.0,40504.0,2.0,0
Gladera,buyers,6100,40503,247068300,4941366.0,1000000.0,0.4047463798471921,7
Gladera,buyers,63875,40501,2587001375,51740027.5,1000000.0,0.03865479197899537,8
Gladera,buyers,100,40452,4045200,80904.0,80904.0,2.0,2
Gladera,buyers,225,40445,9100125,182002.5,182002.5,2.0,4
Gladera,buyers,2300,40444,93021200,1860424.0,1000000.0,1.0750237580250523,6
Gladera,buyers,175,40300,7052500,141050.0,141050.0,2.0,3
Gladera,buyers,25,40000,1000000,20000.0,20000.0,2.0,0
Gladera,buyers,5000,39993,199965000,3999300.0,1000000.0,0.5000875153151801,7
Gladera,buyers,25,39990,999750,19995.0,19995.0,2.0,0
Gladera,buyers,375,39990,14996250,299925.0,299925.0,2.0,5
Gladera,buyers,500,39981,19990500,399810.0,399810.0,2.0,5
Gladera,buyers,250,39928,9982000,199640.0,199640.0,2.0,4
Gladera,buyers,50,39801,1990050,39801.0,39801.0,2.0,0
Gladera,buyers,25,39794,994850,19897.0,19897.0,2.0,0
Gladera,buyers,25,39790,994750,19895.0,19895.0,2.0,0
Gladera,buyers,100,38505,3850500,77010.0,77010.0,2.0,2
Gladera,buyers,50,37522,1876100,37522.0,37522.0,2.0,0
Gladera,buyers,100,35001,3500100,70002.0,70002.0,2.0,2
Gladera,buyers,500,5000,2500000,50000.0,50000.0,2.0,5
Gladera,buyers,300,4236,1270800,25416.0,25416.0,2.0,4
Gladera,buyers,3075,100,307500,6150.0,6150.0,2.0,6
Gladera,buyers,16075,78,1253850,25077.0,25077.0,2.0,8
Gladera,buyers,43000,1,43000,860.0,860.0,2.0,8
Gladibra,sellers,150,39997,5999550,119991.0,119991.0,2.0,3
Gladibra,sellers,175,39998,6999650,139993.0,139993.0,2.0,3
Gladibra,buyers,475,35505,16864875,337297.5,337297.5,2.0,5
Gladibra,buyers,75,35503,2662725,53254.5,53254.5,2.0,1
Gladibra,buyers,25,35502,887550,17751.0,17751.0,2.0,0
Gladibra,buyers,25,35501,887525,17750.5,17750.5,2.0,0
Gladibra,buyers,175,35500,6212500,124250.0,124250.0,2.0,3
Gladibra,buyers,425,35016,14881800,297636.0,297636.0,2.0,5
Gladibra,buyers,325,35015,11379875,227597.5,227597.5,2.0,4
Gladibra,buyers,100,35013,3501300,70026.0,70026.0,2.0,2
Gladibra,buyers,250,35006,8751500,175030.0,175030.0,2.0,4
Gladibra,buyers,150,35004,5250600,105012.0,105012.0,2.0,3
Gladibra,buyers,25,35001,875025,17500.5,17500.5,2.0,0
Gladibra,buyers,250,35000,8750000,175000.0,175000.0,2.0,4
Gladibra,buyers,25,34257,856425,17128.5,17128.5,2.0,0
Gladibra,buyers,2075,34254,71077050,1421541.0,1000000.0,1.4069238945623095,6
Gladibra,buyers,225,34253,7706925,154138.5,154138.5,2.0,4
Gladibra,buyers,150,34006,5100900,102018.0,102018.0,2.0,3
Gladibra,buyers,200,34000,6800000,136000.0,136000.0,2.0,3
Gladibra,buyers,75,33547,2516025,50320.5,50320.5,2.0,1
Gladibra,buyers,75,33543,2515725,50314.5,50314.5,2.0,1
Gladibra,buyers,75,33541,2515575,50311.5,50311.5,2.0,1
Gladibra,buyers,150,33539,5030850,100617.0,100617.0,2.0,3
Gladibra,buyers,100,33538,3353800,67076.0,67076.0,2.0,2
Gladibra,buyers,125,33536,4192000,83840.0,83840.0,2.0,3
Gladibra,buyers,250,33532,8383000,167660.0,167660.0,2.0,4
Gladibra,buyers,275,33529,9220475,184409.5,184409.5,2.0,4
Gladibra,buyers,50,33527,1676350,33527.0,33527.0,2.0,0
Gladibra,buyers,275,33525,9219375,184387.5,184387.5,2.0,4
Gladibra,buyers,125,33524,4190500,83810.0,83810.0,2.0,3
Gladibra,buyers,1050,33523,35199150,703983.0,703983.0,2.0,6
Gladibra,buyers,275,33522,9218550,184371.0,184371.0,2.0,4
Gladibra,buyers,25,33521,838025,16760.5,16760.5,2.0,0
Gladibra,buyers,50,33520,1676000,33520.0,33520.0,2.0,0
Gladibra,buyers,1725,33517,57816825,1156336.5,1000000.0,1.7296003369261455,6
Gladibra,buyers,150,33513,5026950,100539.0,100539.0,2.0,3
Gladibra,buyers,250,33511,8377750,167555.0,167555.0,2.0,4
Gladibra,buyers,175,33505,5863375,117267.5,117267.5,2.0,3
Gladibra,buyers,175,33501,5862675,117253.5,117253.5,2.0,3
Gladibra,buyers,775,33500,25962500,519250.0,519250.0,2.0,5
Gladibra,buyers,50,33143,1657150,33143.0,33143.0,2.0,0
Gladibra,buyers,125,33142,4142750,82855.0,82855.0,2.0,3
Gladibra,buyers,100,33140,3314000,66280.0,66280.0,2.0,2
Gladibra,buyers,950,33136,31479200,629584.0,629584.0,2.0,6
Gladibra,buyers,275,33133,9111575,182231.5,182231.5,2.0,4
Gladibra,buyers,125,33130,4141250,82825.0,82825.0,2.0,3
Gladibra,buyers,25,33129,828225,16564.5,16564.5,2.0,0
Gladibra,buyers,300,33122,9936600,198732.0,198732.0,2.0,4
Gladibra,buyers,100,33120,3312000,66240.0,66240.0,2.0,2
Gladibra,buyers,75,33118,2483850,49677.0,49677.0,2.0,1
Gladibra,buyers,100,33113,3311300,66226.0,66226.0,2.0,2
Gladibra,buyers,525,33113,17384325,347686.5,347686.5,2.0,5
Gladibra,buyers,175,33111,5794425,115888.5,115888.5,2.0,3
Gladibra,buyers,175,33108,5793900,115878.0,115878.0,2.0,3
Gladibra,buyers,425,32106,13645050,272901.0,272901.0,2.0,5
Gladibra,buyers,3575,32101,114761075,2295221.5,1000000.0,0.8713755949044568,7
Gladibra,buyers,25,30000,750000,15000.0,15000.0,2.0,0
Gladibra,buyers,38175,35,1336125,26722.5,26722.5,2.0,8
Harmonia,sellers,7100,44954,319173400,6383468.0,1000000.0,0.3133093171298109,7
Harmonia,sellers,19200,44955,863136000,17262720.0,1000000.0,0.11585659733807882,8
Harmonia,sellers,8700,44980,391326000,7826520.0,1000000.0,0.2555414155972258,7
Harmonia,sellers,5000,50000,250000000,5000000.0,1000000.0,0.4,7
Harmonia,buyers,200,42804,8560800,171216.0,171216.0,2.0,3
Harmonia,buyers,8525,42803,364895575,7297911.5,1000000.0,0.27405100760676526,7
Harmonia,buyers,7050,42802,301754100,6035082.0,1000000.0,0.33139566289240147,7
Harmonia,buyers,550,42801,23540550,470811.0,470811.0,2.0,5
Harmonia,buyers,58025,42608,2472329200,49446584.0,1000000.0,0.040447687953529814,8
Harmonia,buyers,63750,42603,2715941250,54318825.0,1000000.0,0.03681964770040589,8
Harmonia,buyers,7250,41648,301948000,6038960.0,1000000.0,0.3311828526766198,7
Harmonia,buyers,62925,41611,2618372175,52367443.5,1000000.0,0.03819166769139685,8
Harmonia,buyers,14375,41044,590007500,11800150.0,1000000.0,0.16948937089782756,7
Harmonia,buyers,56475,41036,2317508100,46350162.0,1000000.0,0.043149795247749076,8
Harmonia,buyers,125,41034,5129250,102585.0,102585.0,2.0,3
Harmonia,buyers,250,40345,10086250,201725.0,201725.0,2.0,4
Harmonia,buyers,15525,40337,626231925,12524638.5,1000000.0,0.15968524760215635,8
Harmonia,buyers,250,40033,10008250,200165.0,200165.0,2.0,4
Harmonia,buyers,3275,40032,131104800,2622096.0,1000000.0,0.7627485797621445,6
Harmonia,buyers,600,40027,24016200,480324.0,480324.0,2.0,5
Harmonia,buyers,2700,39545,106771500,2135430.0,1000000.0,0.936579517942522,6
Harmonia,buyers,225,39492,8885700,177714.0,177714.0,2.0,4
Harmonia,buyers,550,35000,19250000,385000.0,385000.0,2.0,5
Harmonia,buyers,1850,4100,7585000,151700.0,151700.0,2.0,6
Harmonia,buyers,350,1000,350000,7000.0,7000.0,2.0,5
Harmonia,buyers,500,40,20000,400.0,400.0,2.0,5
Harmonia,buyers,8375,8,67000,1340.0,1340.0,2.0,7
Harmonia,buyers,525,8,4200,84.0,84.0,2.0,5
Harmonia,buyers,5025,1,5025,100.5,100.5,2.0,7
Harmonia,buyers,25,1,25,0.5,20.0,80.0,0
Havera,sellers,200,39335,7867000,157340.0,157340.0,2.0,3
Havera,sellers,16875,39339,663845625,13276912.5,1000000.0,0.1506374317071081,8
Havera,sellers,10175,39350,400386250,8007725.0,1000000.0,0.24975882663303248,7
Havera,sellers,400,39938,15975200,319504.0,319504.0,2.0,5
Havera,sellers,8550,39960,341658000,6833160.0,1000000.0,0.29269035116988334,7
Havera,sellers,150,39962,5994300,119886.0,119886.0,2.0,3
Havera,sellers,25,39964,999100,19982.0,19982.0,2.0,0
Havera,sellers,12700,39974,507669800,10153396.0,1000000.0,0.19697842968007945,7
Havera,sellers,25,39977,999425,19988.5,19988.5,2.0,0
Havera,sellers,4475,39980,178910500,3578210.0,1000000.0,0.5589386872207053,7
Havera,sellers,25,39988,999700,19994.0,19994.0,2.0,0
Havera,sellers,25,41388,1034700,20694.0,20694.0,2.0,0
Havera,sellers,150,41444,6216600,124332.0,124332.0,2.0,3
Havera,sellers,350,41500,14525000,290500.0,290500.0,2.0,5
Havera,sellers,125,41682,5210250,104205.0,104205.0,2.0,3
Havera,sellers,25,41790,1044750,20895.0,20895.0,2.0,0
Havera,sellers,25,42379,1059475,21189.5,21189.5,2.0,0
Havera,sellers,25,42390,1059750,21195.0,21195.0,2.0,0
Havera,sellers,25,42485,1062125,21242.5,21242.5,2.0,0
Havera,sellers,25,43989,1099725,21994.5,21994.5,2.0,0
Havera,buyers,200,38174,7634800,152696.0,152696.0,2.0,3
Havera,buyers,61625,38172,2352349500,47046990.0,1000000.0,0.04251068984434498,8
Havera,buyers,13775,38171,525805525,10516110.5,1000000.0,0.19018438423597775,7
Havera,buyers,63825,38170,2436200250,48724005.0,1000000.0,0.04104752883101461,8
Havera,buyers,225,38167,8587575,171751.5,171751.5,2.0,4
Havera,buyers,60000,38166,2289960000,45799200.0,1000000.0,0.043668885046027006,8
Havera,buyers,25,38157,953925,19078.5,19078.5,2.0,0
Havera,buyers,225,38152,8584200,171684.0,171684.0,2.0,4
Havera,buyers,25,38150,953750,19075.0,19075.0,2.0,0
Havera,buyers,25,38134,953350,19067.0,19067.0,2.0,0
Havera,buyers,225,38133,8579925,171598.5,171598.5,2.0,4
Havera,buyers,225,38122,8577450,171549.0,171549.0,2.0,4
Havera,buyers,250,38112,9528000,190560.0,190560.0,2.0,4
Havera,buyers,5575,38111,212468825,4249376.5,1000000.0,0.47065728348617736,7
Havera,buyers,200,38084,7616800,152336.0,152336.0,2.0,3
Havera,buyers,100,38082,3808200,76164.0,76164.0,2.0,2
Havera,buyers,25,38079,951975,19039.5,19039.5,2.0,0
Havera,buyers,25,38073,951825,19036.5,19036.5,2.0,0
Havera,buyers,25,38058,951450,19029.0,19029.0,2.0,0
Havera,buyers,50,38036,1901800,38036.0,38036.0,2.0,0
Havera,buyers,75,37981,2848575,56971.5,56971.5,2.0,1
Havera,buyers,1300,37837,49188100,983762.0,983762.0,2.0,6
Havera,buyers,25,37531,938275,18765.5,18765.5,2.0,0
Havera,buyers,25,37524,938100,18762.0,18762.0,2.0,0
Havera,buyers,50,37464,1873200,37464.0,37464.0,2.0,0
Havera,buyers,150,37460,5619000,112380.0,112380.0,2.0,3
Havera,buyers,75,37459,2809425,56188.5,56188.5,2.0,1
Havera,buyers,50,37445,1872250,37445.0,37445.0,2.0,0
Havera,buyers,150,37402,5610300,112206.0,112206.0,2.0,3
Havera,buyers,25,37374,934350,18687.0,18687.0,2.0,0
Havera,buyers,75,37362,2802150,56043.0,56043.0,2.0,1
Havera,buyers,75,37329,2799675,55993.5,55993.5,2.0,1
Havera,buyers,300,37210,11163000,223260.0,223260.0,2.0,4
Havera,buyers,2075,36812,76384900,1527698.0,1000000.0,1.3091592710077515,6
Havera,buyers,75,36125,2709375,54187.5,54187.5,2.0,1
Havera,buyers,475,35702,16958450,339169.0,339169.0,2.0,5
Havera,buyers,75,20001,1500075,30001.5,30001.5,2.0,1
Havera,buyers,37625,42,1580250,31605.0,31605.0,2.0,8
Havera,buyers,38600,1,38600,772.0,772.0,2.0,8
Honbra,sellers,23450,40764,955915800,19118316.0,1000000.0,0.10461172417068532,8
Honbra,sellers,63150,40765,2574309750,51486195.0,1000000.0,0.03884536427677361,8
Honbra,sellers,25,40766,1019150,20383.0,20383.0,2.0,0
Honbra,sellers,25,40777,1019425,20388.5,20388.5,2.0,0
Honbra,sellers,25,40788,1019700,20394.0,20394.0,2.0,0
Honbra,sellers,1050,40800,42840000,856800.0,856800.0,2.0,6
Honbra,buyers,4675,39304,183746200,3674924.0,1000000.0,0.5442289418774375,7
Honbra,buyers,200,39303,7860600,157212.0,157212.0,2.0,3
Honbra,buyers,40950,39300,1609335000,32186700.0,1000000.0,0.06213746671761939,8
Honbra,buyers,225,39226,8825850,176517.0,176517.0,2.0,4
Honbra,buyers,1350,39224,52952400,1059048.0,1000000.0,1.888488529320673,6
Honbra,buyers,52950,39223,2076857850,41537157.0,1000000.0,0.04814966031498015,8
Honbra,buyers,225,39221,8824725,176494.5,176494.5,2.0,4
Honbra,buyers,43875,39218,1720689750,34413795.0,1000000.0,0.058116229262131655,8
Honbra,buyers,50,39214,1960700,39214.0,39214.0,2.0,0
Honbra,buyers,450,39212,17645400,352908.0,352908.0,2.0,5
Honbra,buyers,925,39209,36268325,725366.5,725366.5,2.0,5
Honbra,buyers,125,39152,4894000,97880.0,97880.0,2.0,3
Honbra,buyers,5400,38800,209520000,4190400.0,1000000.0,0.47728140511645667,7
Honbra,buyers,25,38583,964575,19291.5,19291.5,2.0,0
Honbra,buyers,5200,38573,200579600,4011592.0,1000000.0,0.49855518706787727,7
Honbra,buyers,25,38571,964275,19285.5,19285.5,2.0,0
Honbra,buyers,1000,38561,38561000,771220.0,771220.0,2.0,6
Honbra,buyers,25,38557,963925,19278.5,19278.5,2.0,0
Honbra,buyers,25,38551,963775,19275.5,19275.5,2.0,0
Honbra,buyers,50,38530,1926500,38530.0,38530.0,2.0,0
Honbra,buyers,50,38524,1926200,38524.0,38524.0,2.0,0
Honbra,buyers,25,38523,963075,19261.5,19261.5,2.0,0
Honbra,buyers,75,38323,2874225,57484.5,57484.5,2.0,1
Honbra,buyers,200,38301,7660200,153204.0,153204.0,2.0,3
Honbra,buyers,25,38017,950425,19008.5,19008.5,2.0,0
Honbra,buyers,175,37452,6554100,131082.0,131082.0,2.0,3
Honbra,buyers,6075,36115,219398625,4387972.5,1000000.0,0.45579137061592795,7
Honbra,buyers,300,380,114000,2280.0,2280.0,2.0,4
Honbra,buyers,37400,37,1383800,27676.0,27676.0,2.0,8
Honbra,buyers,34000,1,34000,680.0,680.0,2.0,8
Honbra,buyers,20225,1,20225,404.5,404.5,2.0,8
Honbra,buyers,11900,1,11900,238.0,238.0,2.0,7
Honbra,buyers,28650,1,28650,573.0,573.0,2.0,8
Honbra,buyers,26250,1,26250,525.0,525.0,2.0,8
Honbra,buyers,11925,1,11925,238.5,238.5,2.0,7
Honbra,buyers,40000,1,40000,800.0,800.0,2.0,8
Honbra,buyers,3500,1,3500,70.0,70.0,2.0,7
Honbra,buyers,25,1,25,0.5,20.0,80.0,0
Hostera,sellers,50,26749,1337450,26749.0,26749.0,2.0,0
Hostera,sellers,300,26750,8025000,160500.0,160500.0,2.0,4
Hostera,sellers,75,26997,2024775,40495.5,40495.5,2.0,1
Hostera,sellers,150,26998,4049700,80994.0,80994.0,2.0,3
Hostera,sellers,50,27499,1374950,27499.0,27499.0,2.0,0
Hostera,sellers,375,28995,10873125,217462.5,217462.5,2.0,5
Hostera,sellers,75,28996,2174700,43494.0,43494.0,2.0,1
Hostera,sellers,100,28997,2899700,57994.0,57994.0,2.0,2
Hostera,sellers,350,28998,10149300,202986.0,202986.0,2.0,5
Hostera,sellers,100,29486,2948600,58972.0,58972.0,2.0,2
Hostera,sellers,125,29487,3685875,73717.5,73717.5,2.0,3
Hostera,sellers,25,29998,749950,14999.0,14999.0,2.0,0
Hostera,sellers,75,30000,2250000,45000.0,45000.0,2.0,1
Hostera,buyers,50,22510,1125500,22510.0,22510.0,2.0,0
Hostera,buyers,50,22509,1125450,22509.0,22509.0,2.0,0
Hostera,buyers,250,22505,5626250,112525.0,112525.0,2.0,4
Hostera,buyers,50,22500,1125000,22500.0,22500.0,2.0,0
Hostera,buyers,75,22386,1678950,33579.0,33579.0,2.0,1
Hostera,buyers,100,22381,2238100,44762.0,44762.0,2.0,2
Hostera,buyers,25,22347,558675,11173.5,11173.5,2.0,0
Hostera,buyers,75,22344,1675800,33516.0,33516.0,2.0,1
Hostera,buyers,50,22342,1117100,22342.0,22342.0,2.0,0
Hostera,buyers,25,22340,558500,11170.0,11170.0,2.0,0
Hostera,buyers,225,22231,5001975,100039.5,100039.5,2.0,4
Hostera,buyers,75,22226,1666950,33339.0,33339.0,2.0,1
Hostera,buyers,50,22220,1111000,22220.0,22220.0,2.0,0
Hostera,buyers,250,22030,5507500,110150.0,110150.0,2.0,4
Hostera,buyers,25,22020,550500,11010.0,11010.0,2.0,0
Hostera,buyers,500,22014,11007000,220140.0,220140.0,2.0,5
Hostera,buyers,100,22009,2200900,44018.0,44018.0,2.0,2
Hostera,buyers,25,21250,531250,10625.0,10625.0,2.0,0
Hostera,buyers,100,20220,2022000,40440.0,40440.0,2.0,2
Hostera,buyers,25,20219,505475,10109.5,10109.5,2.0,0
Hostera,buyers,25,20086,502150,10043.0,10043.0,2.0,0
Hostera,buyers,125,20062,2507750,50155.0,50155.0,2.0,3
Hostera,buyers,50,19516,975800,19516.0,19516.0,2.0,0
Hostera,buyers,100,19501,1950100,39002.0,39002.0,2.0,2
Hostera,buyers,225,19400,4365000,87300.0,87300.0,2.0,4
Hostera,buyers,125,19331,2416375,48327.5,48327.5,2.0,3
Hostera,buyers,250,19330,4832500,96650.0,96650.0,2.0,4
Hostera,buyers,75,19202,1440150,28803.0,28803.0,2.0,1
Hostera,buyers,150,19057,2858550,57171.0,57171.0,2.0,3
Hostera,buyers,50,18320,916000,18320.0,18320.0,2.0,0
Hostera,buyers,25,18152,453800,9076.0,9076.0,2.0,0
Hostera,buyers,4975,15200,75620000,1512400.0,1000000.0,1.322401481089659,7
Hostera,buyers,275,15116,4156900,83138.0,83138.0,2.0,4
Hostera,buyers,800,15115,12092000,241840.0,241840.0,2.0,5
Hostera,buyers,5925,1,5925,118.5,118.5,2.0,7
Idyllia,sellers,50,30899,1544950,30899.0,30899.0,2.0,0
Idyllia,sellers,25,30990,774750,15495.0,15495.0,2.0,0
Idyllia,sellers,225,31000,6975000,139500.0,139500.0,2.0,4
Idyllia,sellers,25,32436,810900,16218.0,16218.0,2.0,0
Idyllia,sellers,25,32446,811150,16223.0,16223.0,2.0,0
Idyllia,sellers,100,32456,3245600,64912.0,64912.0,2.0,2
Idyllia,sellers,200,32457,6491400,129828.0,129828.0,2.0,3
Idyllia,sellers,25,32458,811450,16229.0,16229.0,2.0,0
Idyllia,sellers,475,32468,15422300,308446.0,308446.0,2.0,5
Idyllia,sellers,25,32469,811725,16234.5,16234.5,2.0,0
Idyllia,sellers,25,32479,811975,16239.5,16239.5,2.0,0
Idyllia,sellers,25,32480,812000,16240.0,16240.0,2.0,0
Idyllia,sellers,25,32490,812250,16245.0,16245.0,2.0,0
Idyllia,sellers,25,32500,812500,16250.0,16250.0,2.0,0
Idyllia,sellers,25,32940,823500,16470.0,16470.0,2.0,0
Idyllia,sellers,25,32964,824100,16482.0,16482.0,2.0,0
Idyllia,sellers,75,32980,2473500,49470.0,49470.0,2.0,1
Idyllia,sellers,200,33000,6600000,132000.0,132000.0,2.0,3
Idyllia,sellers,600,35000,21000000,420000.0,420000.0,2.0,5
Idyllia,buyers,25,28915,722875,14457.5,14457.5,2.0,0
Idyllia,buyers,375,28914,10842750,216855.0,216855.0,2.0,5
Idyllia,buyers,200,28913,5782600,115652.0,115652.0,2.0,3
Idyllia,buyers,225,28912,6505200,130104.0,130104.0,2.0,4
Idyllia,buyers,25,28911,722775,14455.5,14455.5,2.0,0
Idyllia,buyers,100,28823,2882300,57646.0,57646.0,2.0,2
Idyllia,buyers,375,28822,10808250,216165.0,216165.0,2.0,5
Idyllia,buyers,175,28811,5041925,100838.5,100838.5,2.0,3
Idyllia,buyers,100,28755,2875500,57510.0,57510.0,2.0,2
Idyllia,buyers,275,28744,7904600,158092.0,158092.0,2.0,4
Idyllia,buyers,75,28700,2152500,43050.0,43050.0,2.0,1
Idyllia,buyers,50,28662,1433100,28662.0,28662.0,2.0,0
Idyllia,buyers,50,28511,1425550,28511.0,28511.0,2.0,0
Idyllia,buyers,100,28133,2813300,56266.0,56266.0,2.0,2
Idyllia,buyers,25,27000,675000,13500.0,13500.0,2.0,0
Idyllia,buyers,50,26037,1301850,26037.0,26037.0,2.0,0
Idyllia,buyers,125,26035,3254375,65087.5,65087.5,2.0,3
Idyllia,buyers,50,26000,1300000,26000.0,26000.0,2.0,0
Idyllia,buyers,75,25678,1925850,38517.0,38517.0,2.0,1
Idyllia,buyers,225,25242,5679450,113589.0,113589.0,2.0,4
Idyllia,buyers,150,25195,3779250,75585.0,75585.0,2.0,3
Idyllia,buyers,25,24825,620625,12412.5,12412.5,2.0,0
Idyllia,buyers,150,24823,3723450,74469.0,74469.0,2.0,3
Idyllia,buyers,25,20816,520400,10408.0,10408.0,2.0,0
Idyllia,buyers,125,20612,2576500,51530.0,51530.0,2.0,3
Idyllia,buyers,750,20600,15450000,309000.0,309000.0,2.0,5
Idyllia,buyers,500,20124,10062000,201240.0,201240.0,2.0,5
Idyllia,buyers,525,19521,10248525,204970.5,204970.5,2.0,5
Idyllia,buyers,25,19499,487475,9749.5,9749.5,2.0,0
Idyllia,buyers,200,19046,3809200,76184.0,76184.0,2.0,3
Idyllia,buyers,175,19024,3329200,66584.0,66584.0,2.0,3
Idyllia,buyers,175,19023,3329025,66580.5,66580.5,2.0,3
Idyllia,buyers,250,1,250,5.0,20.0,8.0,4
Ignibra,sellers,300,24900,7470000,149400.0,149400.0,2.0,4
Ignibra,sellers,25,24950,623750,12475.0,12475.0,2.0,0
Ignibra,sellers,275,24989,6871975,137439.5,137439.5,2.0,4
Ignibra,sellers,175,24990,4373250,87465.0,87465.0,2.0,3
Ignibra,sellers,175,24994,4373950,87479.0,87479.0,2.0,3
Ignibra,sellers,25,35000,875000,17500.0,17500.0,2.0,0
Ignibra,buyers,200,20017,4003400,80068.0,80068.0,2.0,3
Ignibra,buyers,350,20016,7005600,140112.0,140112.0,2.0,5
Ignibra,buyers,250,20015,5003750,100075.0,100075.0,2.0,4
Ignibra,buyers,25,20013,500325,10006.5,10006.5,2.0,0
Ignibra,buyers,375,20012,7504500,150090.0,150090.0,2.0,5
Ignibra,buyers,50,20011,1000550,20011.0,20011.0,2.0,0
Ignibra,buyers,50,20003,1000150,20003.0,20003.0,2.0,0
Ignibra,buyers,325,20002,6500650,130013.0,130013.0,2.0,4
Ignibra,buyers,350,19819,6936650,138733.0,138733.0,2.0,5
Ignibra,buyers,25,19818,495450,9909.0,9909.0,2.0,0
Ignibra,buyers,25,19817,495425,9908.5,9908.5,2.0,0
Ignibra,buyers,225,19816,4458600,89172.0,89172.0,2.0,4
Ignibra,buyers,25,19815,495375,9907.5,9907.5,2.0,0
Ignibra,buyers,25,19810,495250,9905.0,9905.0,2.0,0
Ignibra,buyers,325,19801,6435325,128706.5,128706.5,2.0,4
Ignibra,buyers,300,19783,5934900,118698.0,118698.0,2.0,4
Ignibra,buyers,25,19781,494525,9890.5,9890.5,2.0,0
Ignibra,buyers,200,19700,3940000,78800.0,78800.0,2.0,3
Ignibra,buyers,25,19561,489025,9780.5,9780.5,2.0,0
Ignibra,buyers,50,19551,977550,19551.0,19551.0,2.0,0
Ignibra,buyers,50,17602,880100,17602.0,17602.0,2.0,0
Ignibra,buyers,50,16812,840600,16812.0,16812.0,2.0,0
Ignibra,buyers,25,16522,413050,8261.0,8261.0,2.0,0
Ignibra,buyers,50,16521,826050,16521.0,16521.0,2.0,0
Ignibra,buyers,25,16518,412950,8259.0,8259.0,2.0,0
Ignibra,buyers,25,16515,412875,8257.5,8257.5,2.0,0
Ignibra,buyers,25,16513,412825,8256.5,8256.5,2.0,0
Ignibra,buyers,25,16506,412650,8253.0,8253.0,2.0,0
Ignibra,buyers,25,22,550,11.0,20.0,3.6363636363636362,0
Ignitera,sellers,50,40600,2030000,40600.0,40600.0,2.0,0
Ignitera,sellers,4225,40877,172705325,3454106.5,1000000.0,0.5790209421741918,7
Ignitera,sellers,225,40881,9198225,183964.5,183964.5,2.0,4
Ignitera,sellers,125,40887,5110875,102217.5,102217.5,2.0,3
Ignitera,buyers,300,38001,11400300,228006.0,228006.0,2.0,4
Ignitera,buyers,100,37501,3750100,75002.0,75002.0,2.0,2
Ignitera,buyers,50,37500,1875000,37500.0,37500.0,2.0,0
Ignitera,buyers,25,37103,927575,18551.5,18551.5,2.0,0
Ignitera,buyers,25,37102,927550,18551.0,18551.0,2.0,0
Ignitera,buyers,150,37101,5565150,111303.0,111303.0,2.0,3
Ignitera,buyers,50,37100,1855000,37100.0,37100.0,2.0,0
Ignitera,buyers,75,37079,2780925,55618.5,55618.5,2.0,1
Ignitera,buyers,7975,37077,295689075,5913781.5,1000000.0,0.338193083393426,7
Ignitera,buyers,200,37067,7413400,148268.0,148268.0,2.0,3
Ignitera,buyers,25,37066,926650,18533.0,18533.0,2.0,0
Ignitera,buyers,50,37061,1853050,37061.0,37061.0,2.0,0
Ignitera,buyers,100,37017,3701700,74034.0,74034.0,2.0,2
Ignitera,buyers,75,37016,2776200,55524.0,55524.0,2.0,1
Ignitera,buyers,50,37015,1850750,37015.0,37015.0,2.0,0
Ignitera,buyers,500,37012,18506000,370120.0,370120.0,2.0,5
Ignitera,buyers,5100,37001,188705100,3774102.0,1000000.0,0.5299273840505636,7
Ignitera,buyers,25,37000,925000,18500.0,18500.0,2.0,0
Ignitera,buyers,125,27005,3375625,67512.5,67512.5,2.0,3
Ignitera,buyers,150,26205,3930750,78615.0,78615.0,2.0,3
Ignitera,buyers,325,25051,8141575,162831.5,162831.5,2.0,4
Ignitera,buyers,200,25010,5002000,100040.0,100040.0,2.0,3
Ignitera,buyers,3425,1,3425,68.5,68.5,2.0,6
Ignitera,buyers,1550,1,1550,31.0,31.0,2.0,6
Inabra,sellers,35050,41150,1442307500,28846150.0,1000000.0,0.06933334257777901,8
Inabra,sellers,250,42000,10500000,210000.0,210000.0,2.0,4
Inabra,sellers,100,45000,4500000,90000.0,90000.0,2.0,2
Inabra,buyers,8725,39611,345605975,6912119.5,1000000.0,0.2893468493998114,7
Inabra,buyers,975,39610,38619750,772395.0,772395.0,2.0,6
Inabra,buyers,650,39600,25740000,514800.0,514800.0,2.0,5
Inabra,buyers,75,39530,2964750,59295.0,59295.0,2.0,1
Inabra,buyers,25,39527,988175,19763.5,19763.5,2.0,0
Inabra,buyers,1350,39526,53360100,1067202.0,1000000.0,1.8740594564103141,6
Inabra,buyers,75,39525,2964375,59287.5,59287.5,2.0,1
Inabra,buyers,8950,39519,353695050,7073901.0,1000000.0,0.28272943033836634,7
Inabra,buyers,250,39518,9879500,197590.0,197590.0,2.0,4
Inabra,buyers,25,39517,987925,19758.5,19758.5,2.0,0
Inabra,buyers,225,39516,8891100,177822.0,177822.0,2.0,4
Inabra,buyers,850,39514,33586900,671738.0,671738.0,2.0,5
Inabra,buyers,50,39511,1975550,39511.0,39511.0,2.0,0
Inabra,buyers,100,39500,3950000,79000.0,79000.0,2.0,2
Inabra,buyers,1500,39109,58663500,1173270.0,1000000.0,1.7046374662268702,6
Inabra,buyers,19375,39107,757698125,15153962.5,1000000.0,0.1319786821433668,8
Inabra,buyers,1000,39106,39106000,782120.0,782120.0,2.0,6
Inabra,buyers,2450,39105,95807250,1916145.0,1000000.0,1.0437623457514957,6
Inabra,buyers,4050,39100,158355000,3167100.0,1000000.0,0.631492532600802,7
Inabra,buyers,63925,39030,2494992750,49899855.0,1000000.0,0.04008027678637543,8
Inabra,buyers,1900,39025,74147500,1482950.0,1000000.0,1.3486631376647897,6
Inabra,buyers,25,39018,975450,19509.0,19509.0,2.0,0
Inabra,buyers,11350,39015,442820250,8856405.0,1000000.0,0.2258252643143578,7
Inabra,buyers,43900,39007,1712407300,34248146.0,1000000.0,0.05839732171195486,8
Inabra,buyers,50,38605,1930250,38605.0,38605.0,2.0,0
Inabra,buyers,1500,38600,57900000,1158000.0,1000000.0,1.7271157167530224,6
Inabra,buyers,4000,38466,153864000,3077280.0,1000000.0,0.6499246087453855,7
Inabra,buyers,1000,38370,38370000,767400.0,767400.0,2.0,6
Inabra,buyers,50,38332,1916600,38332.0,38332.0,2.0,0
Inabra,buyers,50,38305,1915250,38305.0,38305.0,2.0,0
Inabra,buyers,4150,38113,158168950,3163379.0,1000000.0,0.632235340754301,7
Inabra,buyers,3125,38077,118990625,2379812.5,1000000.0,0.8404023426215301,6
Inabra,buyers,625,38070,23793750,475875.0,475875.0,2.0,5
Inabra,buyers,425,38025,16160625,323212.5,323212.5,2.0,5
Inabra,buyers,50,38024,1901200,38024.0,38024.0,2.0,0
Inabra,buyers,100,37571,3757100,75142.0,75142.0,2.0,2
Inabra,buyers,8025,37565,301459125,6029182.5,1000000.0,0.33171993052126053,7
Inabra,buyers,63025,37352,2354109800,47082196.0,1000000.0,0.04247890221603087,8
Inabra,buyers,125,37000,4625000,92500.0,92500.0,2.0,3
Inabra,buyers,2950,36899,108852050,2177041.0,1000000.0,0.9186781507560032,6
Inabra,buyers,250,36755,9188750,183775.0,183775.0,2.0,4
Inabra,buyers,100,36200,3620000,72400.0,72400.0,2.0,2
Inabra,buyers,2525,1000,2525000,50500.0,50500.0,2.0,6
Inabra,buyers,38175,38,1450650,29013.0,29013.0,2.0,8
Inabra,buyers,20225,1,20225,404.5,404.5,2.0,8
Inabra,buyers,39875,1,39875,797.5,797.5,2.0,8
Inabra,buyers,48250,1,48250,965.0,965.0,2.0,8
Inabra,buyers,64000,1,64000,1280.0,1280.0,2.0,8
Issobra,sellers,200,41396,8279200,165584.0,165584.0,2.0,3
Issobra,sellers,9500,41397,393271500,7865430.0,1000000.0,0.25427726138303947,7
Issobra,sellers,26050,41399,1078443950,21568879.0,1000000.0,0.0927261912869927,8
Issobra,sellers,4225,41400,174915000,3498300.0,1000000.0,0.5717062573249865,7
Issobra,sellers,24975,41500,1036462500,20729250.0,1000000.0,0.09648202419286757,8
Issobra,buyers,25,38380,959500,19190.0,19190.0,2.0,0
Issobra,buyers,11225,38379,430804275,8616085.5,1000000.0,0.23212397323587375,7
Issobra,buyers,8675,38377,332920475,6658409.5,1000000.0,0.3003720332911336,7
Issobra,buyers,55900,38301,2141025900,42820518.0,1000000.0,0.046706581176808745,8
Issobra,buyers,8700,38300,333210000,6664200.0,1000000.0,0.30011104108520154,7
Issobra,buyers,250,38024,9506000,190120.0,190120.0,2.0,4
Issobra,buyers,3325,38022,126423150,2528463.0,1000000.0,0.7909943708885595,6
Issobra,buyers,750,38017,28512750,570255.0,570255.0,2.0,5
Issobra,buyers,75,38016,2851200,57024.0,57024.0,2.0,1
Issobra,buyers,2000,38007,76014000,1520280.0,1000000.0,1.3155471360538848,6
Issobra,buyers,3750,37639,141146250,2822925.0,1000000.0,0.7084849934022335,7
Issobra,buyers,2975,37618,111913550,2238271.0,1000000.0,0.8935468493314705,6
Issobra,buyers,200,37561,7512200,150244.0,150244.0,2.0,3
Issobra,buyers,25,37501,937525,18750.5,18750.5,2.0,0
Issobra,buyers,1500,37123,55684500,1113690.0,1000000.0,1.7958318742199355,6
Issobra,buyers,475,37093,17619175,352383.5,352383.5,2.0,5
Issobra,buyers,25,37078,926950,18539.0,18539.0,2.0,0
Issobra,buyers,425,37051,15746675,314933.5,314933.5,2.0,5
Issobra,buyers,125,37041,4630125,92602.5,92602.5,2.0,3
Issobra,buyers,975,36625,35709375,714187.5,714187.5,2.0,6
Issobra,buyers,800,36405,29124000,582480.0,582480.0,2.0,5
Issobra,buyers,25,36357,908925,18178.5,18178.5,2.0,0
Issobra,buyers,500,36355,18177500,363550.0,363550.0,2.0,5
Issobra,buyers,600,36202,21721200,434424.0,434424.0,2.0,5
Issobra,buyers,300,36101,10830300,216606.0,216606.0,2.0,4
Issobra,buyers,100,35200,3520000,70400.0,70400.0,2.0,2
Issobra,buyers,50,34200,1710000,34200.0,34200.0,2.0,0
Issobra,buyers,25,34011,850275,17005.5,17005.5,2.0,0
Issobra,buyers,2525,6,15150,303.0,303.0,2.0,6
Issobra,buyers,31425,1,31425,628.5,628.5,2.0,8
Jadebra,sellers,39050,40579,1584609950,31692199.0,1000000.0,0.06310701254905031,8
Jadebra,sellers,2000,40580,81160000,1623200.0,1000000.0,1.232134056185313,6
Jadebra,sellers,975,40582,39567450,791349.0,791349.0,2.0,6
Jadebra,sellers,8150,40584,330759600,6615192.0,1000000.0,0.30233438424765297,7
Jadebra,sellers,3475,40585,141032875,2820657.5,1000000.0,0.7090545378160943,7
Jadebra,sellers,1950,40587,79144650,1582893.0,1000000.0,1.2635092833185817,6
Jadebra,sellers,7950,40595,322730250,6454605.0,1000000.0,0.3098562963961389,7
Jadebra,sellers,5050,40600,205030000,4100600.0,1000000.0,0.4877335024142808,7
Jadebra,sellers,125,40699,5087375,101747.5,101747.5,2.0,3
Jadebra,sellers,25,40890,1022250,20445.0,20445.0,2.0,0
Jadebra,sellers,125,40997,5124625,102492.5,102492.5,2.0,3
Jadebra,buyers,25,39351,983775,19675.5,19675.5,2.0,0
Jadebra,buyers,3000,39350,118050000,2361000.0,1000000.0,0.847098686997035,6
Jadebra,buyers,1300,39160,50908000,1018160.0,1000000.0,1.9643278070244363,6
Jadebra,buyers,325,39150,12723750,254475.0,254475.0,2.0,4
Jadebra,buyers,25,39003,975075,19501.5,19501.5,2.0,0
Jadebra,buyers,525,39001,20475525,409510.5,409510.5,2.0,5
Jadebra,buyers,250,39000,9750000,195000.0,195000.0,2.0,4
Jadebra,buyers,43325,38714,1677284050,33545681.0,1000000.0,0.0596201937292613,8
Jadebra,buyers,2100,38712,81295200,1625904.0,1000000.0,1.2300849250632264,6
Jadebra,buyers,175,38711,6774425,135488.5,135488.5,2.0,3
Jadebra,buyers,100,38502,3850200,77004.0,77004.0,2.0,2
Jadebra,buyers,2350,38501,90477350,1809547.0,1000000.0,1.1052489932563232,6
Jadebra,buyers,525,38360,20139000,402780.0,402780.0,2.0,5
Jadebra,buyers,25,38357,958925,19178.5,19178.5,2.0,0
Jadebra,buyers,1750,38356,67123000,1342460.0,1000000.0,1.4898023032343608,6
Jadebra,buyers,5400,38351,207095400,4141908.0,1000000.0,0.48286924769936945,7
Jadebra,buyers,275,38350,10546250,210925.0,210925.0,2.0,4
Jadebra,buyers,250,38001,9500250,190005.0,190005.0,2.0,4
Jadebra,buyers,7575,38000,287850000,5757000.0,1000000.0,0.3474031613687685,7
Jadebra,buyers,100,37570,3757000,75140.0,75140.0,2.0,2
Jadebra,buyers,25,37561,939025,18780.5,18780.5,2.0,0
Jadebra,buyers,100,37400,3740000,74800.0,74800.0,2.0,2
Jadebra,buyers,25,37333,933325,18666.5,18666.5,2.0,0
Jadebra,buyers,50,37162,1858100,37162.0,37162.0,2.0,0
Jadebra,buyers,125,37111,4638875,92777.5,92777.5,2.0,3
Jadebra,buyers,10750,37000,397750000,7955000.0,1000000.0,0.251414204902577,7
Jadebra,buyers,875,36405,31854375,637087.5,637087.5,2.0,5
Jadebra,buyers,1250,36150,45187500,903750.0,903750.0,2.0,6
Jadebra,buyers,50,36112,1805600,36112.0,36112.0,2.0,0
Jadebra,buyers,275,36015,9904125,198082.5,198082.5,2.0,4
Jadebra,buyers,1000,36010,36010000,720200.0,720200.0,2.0,6
Jadebra,buyers,1000,35602,35602000,712040.0,712040.0,2.0,6
Jadebra,buyers,250,30000,7500000,150000.0,150000.0,2.0,4
Jadebra,buyers,33500,38,1273000,25460.0,25460.0,2.0,8
Jadebra,buyers,27050,1,27050,541.0,541.0,2.0,8
Jadebra,buyers,44400,1,44400,888.0,888.0,2.0,8
Jadebra,buyers,8300,1,8300,166.0,166.0,2.0,7
Junera,sellers,50,13400,670000,13400.0,13400.0,2.0,0
Junera,sellers,50,13498,674900,13498.0,13498.0,2.0,0
Junera,sellers,50,13797,689850,13797.0,13797.0,2.0,0
Junera,sellers,125,13798,1724750,34495.0,34495.0,2.0,3
Junera,sellers,475,13882,6593950,131879.0,131879.0,2.0,5
Junera,sellers,25,13884,347100,6942.0,6942.0,2.0,0
Junera,sellers,275,13885,3818375,76367.5,76367.5,2.0,4
Junera,sellers,50,13886,694300,13886.0,13886.0,2.0,0
Junera,sellers,100,13890,1389000,27780.0,27780.0,2.0,2
Junera,sellers,50,13901,695050,13901.0,13901.0,2.0,0
Junera,sellers,50,13904,695200,13904.0,13904.0,2.0,0
Junera,sellers,25,13907,347675,6953.5,6953.5,2.0,0
Junera,sellers,25,13915,347875,6957.5,6957.5,2.0,0
Junera,sellers,50,13917,695850,13917.0,13917.0,2.0,0
Junera,sellers,25,13918,347950,6959.0,6959.0,2.0,0
Junera,sellers,25,13922,348050,6961.0,6961.0,2.0,0
Junera,sellers,25,13926,348150,6963.0,6963.0,2.0,0
Junera,sellers,25,13928,348200,6964.0,6964.0,2.0,0
Junera,sellers,25,13935,348375,6967.5,6967.5,2.0,0
Junera,sellers,75,13938,1045350,20907.0,20907.0,2.0,1
Junera,sellers,25,13940,348500,6970.0,6970.0,2.0,0
Junera,sellers,25,13943,348575,6971.5,6971.5,2.0,0
Junera,sellers,25,13977,349425,6988.5,6988.5,2.0,0
Junera,sellers,25,13988,349700,6994.0,6994.0,2.0,0
Junera,sellers,25,13996,349900,6998.0,6998.0,2.0,0
Junera,sellers,25,13998,349950,6999.0,6999.0,2.0,0
Junera,sellers,150,14000,2100000,42000.0,42000.0,2.0,3
Junera,sellers,25,14998,374950,7499.0,7499.0,2.0,0
Junera,sellers,25,14999,374975,7499.5,7499.5,2.0,0
Junera,sellers,125,19985,2498125,49962.5,49962.5,2.0,3
Junera,buyers,75,11475,860625,17212.5,17212.5,2.0,1
Junera,buyers,100,11471,1147100,22942.0,22942.0,2.0,2
Junera,buyers,100,11470,1147000,22940.0,22940.0,2.0,2
Junera,buyers,50,11450,572500,11450.0,11450.0,2.0,0
Junera,buyers,25,11431,285775,5715.5,5715.5,2.0,0
Junera,buyers,75,11317,848775,16975.5,16975.5,2.0,1
Junera,buyers,50,11316,565800,11316.0,11316.0,2.0,0
Junera,buyers,25,11315,282875,5657.5,5657.5,2.0,0
Junera,buyers,25,11314,282850,5657.0,5657.0,2.0,0
Junera,buyers,25,11313,282825,5656.5,5656.5,2.0,0
Junera,buyers,25,11312,282800,5656.0,5656.0,2.0,0
Junera,buyers,25,11311,282775,5655.5,5655.5,2.0,0
Junera,buyers,25,11310,282750,5655.0,5655.0,2.0,0
Junera,buyers,25,11309,282725,5654.5,5654.5,2.0,0
Junera,buyers,25,11308,282700,5654.0,5654.0,2.0,0
Junera,buyers,100,11307,1130700,22614.0,22614.0,2.0,2
Junera,buyers,200,11000,2200000,44000.0,44000.0,2.0,3
Junera,buyers,25,10513,262825,5256.5,5256.5,2.0,0
Junera,buyers,25,10508,262700,5254.0,5254.0,2.0,0
Kalanta,sellers,50,40125,2006250,40125.0,40125.0,2.0,0
Kalanta,sellers,25,40220,1005500,20110.0,20110.0,2.0,0
Kalanta,sellers,500,40299,20149500,402990.0,402990.0,2.0,5
Kalanta,sellers,100,40300,4030000,80600.0,80600.0,2.0,2
Kalanta,sellers,300,40398,12119400,242388.0,242388.0,2.0,4
Kalanta,sellers,29475,40399,1190760525,23815210.5,1000000.0,0.08397994214663776,8
Kalanta,sellers,25,40555,1013875,20277.5,20277.5,2.0,0
Kalanta,sellers,150,41340,6201000,124020.0,124020.0,2.0,3
Kalanta,sellers,150,41350,6202500,124050.0,124050.0,2.0,3
Kalanta,sellers,25,41999,1049975,20999.5,20999.5,2.0,0
Kalanta,sellers,50,42000,2100000,42000.0,42000.0,2.0,0
Kalanta,sellers,250,50000,12500000,250000.0,250000.0,2.0,4
Kalanta,buyers,10375,38432,398732000,7974640.0,1000000.0,0.2507950202140786,7
Kalanta,buyers,4600,37569,172817400,3456348.0,1000000.0,0.5786454373228621,7
Kalanta,buyers,75,37567,2817525,56350.5,56350.5,2.0,1
Kalanta,buyers,2200,36302,79864400,1597288.0,1000000.0,1.252122347378807,6
Kalanta,buyers,6625,36300,240487500,4809750.0,1000000.0,0.41582202817194247,7
Kalanta,buyers,425,35004,14876700,297534.0,297534.0,2.0,5
Kalanta,buyers,400,35003,14001200,280024.0,280024.0,2.0,5
Kalanta,buyers,400,35002,14000800,280016.0,280016.0,2.0,5
Kalanta,buyers,75,35001,2625075,52501.5,52501.5,2.0,1
Kalanta,buyers,75,35000,2625000,52500.0,52500.0,2.0,1
Kalanta,buyers,150,34650,5197500,103950.0,103950.0,2.0,3
Kalanta,buyers,1125,34600,38925000,778500.0,778500.0,2.0,6
Kalanta,buyers,500,33000,16500000,330000.0,330000.0,2.0,5
Kalanta,buyers,20000,12,240000,4800.0,4800.0,2.0,8
Kalanta,buyers,9775,11,107525,2150.5,2150.5,2.0,7
Kalanta,buyers,38375,5,191875,3837.5,3837.5,2.0,8
Kalanta,buyers,250,1,250,5.0,20.0,8.0,4
Kalibra,sellers,4625,44826,207320250,4146405.0,1000000.0,0.4823455499402494,7
Kalibra,sellers,6500,44827,291375500,5827510.0,1000000.0,0.3431997542689759,7
Kalibra,sellers,2300,44832,103113600,2062272.0,1000000.0,0.9698041771405519,6
Kalibra,sellers,6825,44833,305985225,6119704.5,1000000.0,0.326813165570331,7
Kalibra,sellers,2250,44854,100921500,2018430.0,1000000.0,0.9908691408669115,6
Kalibra,sellers,1750,44998,78746500,1574930.0,1000000.0,1.2698977097394804,6
Kalibra,buyers,21200,42933,910179600,18203592.0,1000000.0,0.109868425967798,8
Kalibra,buyers,6125,42932,262958500,5259170.0,1000000.0,0.3802881443269565,7
Kalibra,buyers,75,42926,3219450,64389.0,64389.0,2.0,1
Kalibra,buyers,24750,42924,1062369000,21247380.0,1000000.0,0.09412925264197279,8
Kalibra,buyers,7625,42919,327257375,6545147.5,1000000.0,0.3055698897542034,7
Kalibra,buyers,175,42907,7508725,150174.5,150174.5,2.0,3
Kalibra,buyers,63775,42905,2736266375,54725327.5,1000000.0,0.03654614949540503,8
Kalibra,buyers,63400,42902,2719986800,54399736.0,1000000.0,0.036764884300173814,8
Kalibra,buyers,200,42830,8566000,171320.0,171320.0,2.0,3
Kalibra,buyers,2400,42823,102775200,2055504.0,1000000.0,0.9729973767990721,6
Kalibra,buyers,325,42801,13910325,278206.5,278206.5,2.0,4
Kalibra,buyers,25,42601,1065025,21300.5,21300.5,2.0,0
Kalibra,buyers,50,42600,2130000,42600.0,42600.0,2.0,0
Kalibra,buyers,400,42572,17028800,340576.0,340576.0,2.0,5
Kalibra,buyers,200,42565,8513000,170260.0,170260.0,2.0,3
Kalibra,buyers,325,42562,13832650,276653.0,276653.0,2.0,4
Kalibra,buyers,5000,42471,212355000,4247100.0,1000000.0,0.47090956181865273,7
Kalibra,buyers,150,42450,6367500,127350.0,127350.0,2.0,3
Kalibra,buyers,25,41414,1035350,20707.0,20707.0,2.0,0
Kalibra,buyers,50,41053,2052650,41053.0,41053.0,2.0,0
Kalibra,buyers,4000,41052,164208000,3284160.0,1000000.0,0.6089837279547891,7
Kalibra,buyers,2275,41012,93302300,1866046.0,1000000.0,1.0717849399210952,6
Kalibra,buyers,50,40623,2031150,40623.0,40623.0,2.0,0
Kalibra,buyers,1850,40606,75121100,1502422.0,1000000.0,1.3311839150385179,6
Kalibra,buyers,1400,40589,56824600,1136492.0,1000000.0,1.7598012128549958,6
Kalibra,buyers,250,40000,10000000,200000.0,200000.0,2.0,4
Kalibra,buyers,25,420,10500,210.0,210.0,2.0,0
Kalibra,buyers,42100,42,1768200,35364.0,35364.0,2.0,8
Kalibra,buyers,250,3,750,15.0,20.0,2.666666666666667,4
Kalibra,buyers,50,2,100,2.0,20.0,20.0,0
Kalibra,buyers,500,2,1000,20.0,20.0,2.0,5
Kalibra,buyers,14000,1,14000,280.0,280.0,2.0,7
Kalibra,buyers,250,1,250,5.0,20.0,8.0,4
Kalibra,buyers,325,1,325,6.5,20.0,6.153846153846154,4
Kalibra,buyers,250,1,250,5.0,20.0,8.0,4
Kalibra,buyers,1000,1,1000,20.0,20.0,2.0,6
Kalimera,sellers,2750,39499,108622250,2172445.0,1000000.0,0.9206216958311949,6
Kalimera,sellers,2900,39500,114550000,2291000.0,1000000.0,0.8729812309035356,6
Kalimera,buyers,75,35100,2632500,52650.0,52650.0,2.0,1
Kalimera,buyers,475,35002,16625950,332519.0,332519.0,2.0,5
Kalimera,buyers,275,35001,9625275,192505.5,192505.5,2.0,4
Kalimera,buyers,1100,35000,38500000,770000.0,770000.0,2.0,6
Kalimera,buyers,75,32003,2400225,48004.5,48004.5,2.0,1
Kalimera,buyers,25,32000,800000,16000.0,16000.0,2.0,0
Kalimera,buyers,25,31500,787500,15750.0,15750.0,2.0,0
Kalimera,buyers,1325,31060,41154500,823090.0,823090.0,2.0,6
Kalimera,buyers,25,30105,752625,15052.5,15052.5,2.0,0
Kalimera,buyers,3000,25000,75000000,1500000.0,1000000.0,1.3333333333333335,6
Kalimera,buyers,250,1,250,5.0,20.0,8.0,4
Kanda,sellers,175,22949,4016075,80321.5,80321.5,2.0,3
Kanda,sellers,125,22950,2868750,57375.0,57375.0,2.0,3
Kanda,sellers,25,23000,575000,11500.0,11500.0,2.0,0
Kanda,sellers,1000,23025,23025000,460500.0,460500.0,2.0,6
Kanda,sellers,775,23036,17852900,357058.0,357058.0,2.0,5
Kanda,sellers,275,23037,6335175,126703.5,126703.5,2.0,4
Kanda,sellers,25,23038,575950,11519.0,11519.0,2.0,0
Kanda,sellers,425,23040,9792000,195840.0,195840.0,2.0,5
Kanda,sellers,600,23049,13829400,276588.0,276588.0,2.0,5
Kanda,sellers,300,23050,6915000,138300.0,138300.0,2.0,4
Kanda,sellers,250,23054,5763500,115270.0,115270.0,2.0,4
Kanda,sellers,475,23055,10951125,219022.5,219022.5,2.0,5
Kanda,sellers,25,23099,577475,11549.5,11549.5,2.0,0
Kanda,sellers,50,23100,1155000,23100.0,23100.0,2.0,0
Kanda,sellers,75,23200,1740000,34800.0,34800.0,2.0,1
Kanda,sellers,150,23496,3524400,70488.0,70488.0,2.0,3
Kanda,sellers,100,23499,2349900,46998.0,46998.0,2.0,2
Kanda,sellers,325,23500,7637500,152750.0,152750.0,2.0,4
Kanda,sellers,825,23800,19635000,392700.0,392700.0,2.0,5
Kanda,sellers,1000,24000,24000000,480000.0,480000.0,2.0,6
Kanda,sellers,900,24887,22398300,447966.0,447966.0,2.0,5
Kanda,sellers,25,24990,624750,12495.0,12495.0,2.0,0
Kanda,sellers,25,24995,624875,12497.5,12497.5,2.0,0
Kanda,sellers,100,24999,2499900,49998.0,49998.0,2.0,2
Kanda,sellers,50,25400,1270000,25400.0,25400.0,2.0,0
Kanda,sellers,550,25476,14011800,280236.0,280236.0,2.0,5
Kanda,sellers,25,25478,636950,12739.0,12739.0,2.0,0
Kanda,sellers,100,25480,2548000,50960.0,50960.0,2.0,2
Kanda,sellers,25,25499,637475,12749.5,12749.5,2.0,0
Kanda,sellers,25,25690,642250,12845.0,12845.0,2.0,0
Kanda,sellers,25,25767,644175,12883.5,12883.5,2.0,0
Kanda,sellers,25,25778,644450,12889.0,12889.0,2.0,0
Kanda,sellers,25,25790,644750,12895.0,12895.0,2.0,0
Kanda,sellers,200,25870,5174000,103480.0,103480.0,2.0,3
Kanda,sellers,25,25880,647000,12940.0,12940.0,2.0,0
Kanda,sellers,25,26534,663350,13267.0,13267.0,2.0,0
Kanda,sellers,50,26544,1327200,26544.0,26544.0,2.0,0
Kanda,sellers,25,26545,663625,13272.5,13272.5,2.0,0
Kanda,sellers,25,26555,663875,13277.5,13277.5,2.0,0
Kanda,sellers,25,26790,669750,13395.0,13395.0,2.0,0
Kanda,sellers,400,26963,10785200,215704.0,215704.0,2.0,5
Kanda,sellers,175,26964,4718700,94374.0,94374.0,2.0,3
Kanda,sellers,250,26965,6741250,134825.0,134825.0,2.0,4
Kanda,sellers,650,26975,17533750,350675.0,350675.0,2.0,5
Kanda,sellers,300,26976,8092800,161856.0,161856.0,2.0,4
Kanda,sellers,25,26977,674425,13488.5,13488.5,2.0,0
Kanda,sellers,25,26987,674675,13493.5,13493.5,2.0,0
Kanda,sellers,25,26988,674700,13494.0,13494.0,2.0,0
Kanda,sellers,100,27000,2700000,54000.0,54000.0,2.0,2
Kanda,sellers,25,27443,686075,13721.5,13721.5,2.0,0
Kanda,sellers,200,27863,5572600,111452.0,111452.0,2.0,3
Kanda,buyers,350,20126,7044100,140882.0,140882.0,2.0,5
Kanda,buyers,100,20125,2012500,40250.0,40250.0,2.0,2
Kanda,buyers,125,20110,2513750,50275.0,50275.0,2.0,3
Kanda,buyers,100,20100,2010000,40200.0,40200.0,2.0,2
Kanda,buyers,25,20080,502000,10040.0,10040.0,2.0,0
Kanda,buyers,400,20077,8030800,160616.0,160616.0,2.0,5
Kanda,buyers,25,20076,501900,10038.0,10038.0,2.0,0
Kanda,buyers,25,20075,501875,10037.5,10037.5,2.0,0
Kanda,buyers,25,20070,501750,10035.0,10035.0,2.0,0
Kanda,buyers,250,20066,5016500,100330.0,100330.0,2.0,4
Kanda,buyers,25,20035,500875,10017.5,10017.5,2.0,0
Kanda,buyers,250,19701,4925250,98505.0,98505.0,2.0,4
Kanda,buyers,925,19693,18216025,364320.5,364320.5,2.0,5
Kanda,buyers,150,19655,2948250,58965.0,58965.0,2.0,3
Kanda,buyers,375,19651,7369125,147382.5,147382.5,2.0,5
Kanda,buyers,150,19640,2946000,58920.0,58920.0,2.0,3
Kanda,buyers,25,19555,488875,9777.5,9777.5,2.0,0
Kanda,buyers,75,19499,1462425,29248.5,29248.5,2.0,1
Kanda,buyers,25,19251,481275,9625.5,9625.5,2.0,0
Kanda,buyers,825,19207,15845775,316915.5,316915.5,2.0,5
Kanda,buyers,25,19202,480050,9601.0,9601.0,2.0,0
Kanda,buyers,150,19200,2880000,57600.0,57600.0,2.0,3
Kanda,buyers,450,19101,8595450,171909.0,171909.0,2.0,5
Kanda,buyers,75,19061,1429575,28591.5,28591.5,2.0,1
Kanda,buyers,25,19050,476250,9525.0,9525.0,2.0,0
Kanda,buyers,75,18800,1410000,28200.0,28200.0,2.0,1
Kanda,buyers,25,18736,468400,9368.0,9368.0,2.0,0
Kanda,buyers,550,18727,10299850,205997.0,205997.0,2.0,5
Kanda,buyers,175,18712,3274600,65492.0,65492.0,2.0,3
Kanda,buyers,100,18518,1851800,37036.0,37036.0,2.0,2
Kanda,buyers,775,17095,13248625,264972.5,264972.5,2.0,5
Kanda,buyers,100,17083,1708300,34166.0,34166.0,2.0,2
Kanda,buyers,50,16452,822600,16452.0,16452.0,2.0,0
Kanda,buyers,75,16181,1213575,24271.5,24271.5,2.0,1
Kanda,buyers,100,15747,1574700,31494.0,31494.0,2.0,2
Kanda,buyers,750,15505,11628750,232575.0,232575.0,2.0,5
Kanda,buyers,25,14157,353925,7078.5,7078.5,2.0,0
Kanda,buyers,750,13757,10317750,206355.0,206355.0,2.0,5
Kanda,buyers,175,13701,2397675,47953.5,47953.5,2.0,3
Kanda,buyers,600,13675,8205000,164100.0,164100.0,2.0,5
Kanda,buyers,200,13675,2735000,54700.0,54700.0,2.0,3
Kanda,buyers,800,12559,10047200,200944.0,200944.0,2.0,5
Kanda,buyers,750,12351,9263250,185265.0,185265.0,2.0,5
Kanda,buyers,8950,3,26850,537.0,537.0,2.0,7
Kanda,buyers,250,1,250,5.0,20.0,8.0,4
Karmeya,sellers,20575,39304,808679800,16173596.0,1000000.0,0.12365833794785032,8
Karmeya,sellers,25,39305,982625,19652.5,19652.5,2.0,0
Karmeya,sellers,475,39315,18674625,373492.5,373492.5,2.0,5
Karmeya,sellers,2425,39327,95367975,1907359.5,1000000.0,1.0485700257345298,6
Karmeya,sellers,25,39328,983200,19664.0,19664.0,2.0,0
Karmeya,sellers,200,39339,7867800,157356.0,157356.0,2.0,3
Karmeya,sellers,300,39351,11805300,236106.0,236106.0,2.0,4
Karmeya,sellers,1500,39357,59035500,1180710.0,1000000.0,1.6938960455996817,6
Karmeya,sellers,375,39364,14761500,295230.0,295230.0,2.0,5
Karmeya,sellers,25,39368,984200,19684.0,19684.0,2.0,0
Karmeya,sellers,25,39379,984475,19689.5,19689.5,2.0,0
Karmeya,sellers,25,39389,984725,19694.5,19694.5,2.0,0
Karmeya,sellers,25,39390,984750,19695.0,19695.0,2.0,0
Karmeya,sellers,1925,39500,76037500,1520750.0,1000000.0,1.315140555646885,6
Karmeya,buyers,2375,37750,89656250,1793125.0,1000000.0,1.1153712094806554,6
Karmeya,buyers,275,37700,10367500,207350.0,207350.0,2.0,4
Karmeya,buyers,13375,37601,502913375,10058267.5,1000000.0,0.1988414008674953,7
Karmeya,buyers,4100,37600,154160000,3083200.0,1000000.0,0.6486766995329528,7
Karmeya,buyers,325,37512,12191400,243828.0,243828.0,2.0,4
Karmeya,buyers,275,37510,10315250,206305.0,206305.0,2.0,4
Karmeya,buyers,19950,37500,748125000,14962500.0,1000000.0,0.1336675020885547,8
Karmeya,buyers,200,37399,7479800,149596.0,149596.0,2.0,3
Karmeya,buyers,25,37396,934900,18698.0,18698.0,2.0,0
Karmeya,buyers,25,37385,934625,18692.5,18692.5,2.0,0
Karmeya,buyers,25,37371,934275,18685.5,18685.5,2.0,0
Karmeya,buyers,350,37360,13076000,261520.0,261520.0,2.0,5
Karmeya,buyers,25,37332,933300,18666.0,18666.0,2.0,0
Karmeya,buyers,1325,37322,49451650,989033.0,989033.0,2.0,6
Karmeya,buyers,1200,37305,44766000,895320.0,895320.0,2.0,6
Karmeya,buyers,2575,37302,96052650,1921053.0,1000000.0,1.0410956907487716,6
Karmeya,buyers,75,37238,2792850,55857.0,55857.0,2.0,1
Karmeya,buyers,2075,37227,77246025,1544920.5,1000000.0,1.2945649954156218,6
Karmeya,buyers,25,36855,921375,18427.5,18427.5,2.0,0
Karmeya,buyers,7300,36850,269005000,5380100.0,1000000.0,0.3717403022248657,7
Karmeya,buyers,4325,36350,157213750,3144275.0,1000000.0,0.6360766790436587,7
Karmeya,buyers,375,35399,13274625,265492.5,265492.5,2.0,5
Karmeya,buyers,375,35300,13237500,264750.0,264750.0,2.0,5
Karmeya,buyers,25,55,1375,27.5,27.5,2.0,0
Karmeya,buyers,38800,37,1435600,28712.0,28712.0,2.0,8
Karmeya,buyers,250,1,250,5.0,20.0,8.0,4
Lobera,sellers,11300,39709,448711700,8974234.0,1000000.0,0.2228602463452591,7
Lobera,sellers,1000,39710,39710000,794200.0,794200.0,2.0,6
Lobera,sellers,9700,39715,385235500,7704710.0,1000000.0,0.25958147678497956,7
Lobera,sellers,325,39716,12907700,258154.0,258154.0,2.0,4
Lobera,sellers,100,39717,3971700,79434.0,79434.0,2.0,2
Lobera,sellers,21475,39718,852944050,17058881.0,1000000.0,0.11724098432951142,8
Lobera,sellers,3700,39720,146964000,2939280.0,1000000.0,0.6804387469040037,7
Lobera,sellers,725,39745,28815125,576302.5,576302.5,2.0,5
Lobera,sellers,25,39747,993675,19873.5,19873.5,2.0,0
Lobera,sellers,575,39885,22933875,458677.5,458677.5,2.0,5
Lobera,sellers,2150,39967,85929050,1718581.0,1000000.0,1.163750792077883,6
Lobera,sellers,200,39989,7997800,159956.0,159956.0,2.0,3
Lobera,sellers,250,40000,10000000,200000.0,200000.0,2.0,4
Lobera,buyers,6950,38611,268346450,5366929.0,1000000.0,0.3726525914540699,7
Lobera,buyers,50,38610,1930500,38610.0,38610.0,2.0,0
Lobera,buyers,850,38609,32817650,656353.0,656353.0,2.0,5
Lobera,buyers,41200,38601,1590361200,31807224.0,1000000.0,0.06287879759642023,8
Lobera,buyers,1175,38600,45355000,907100.0,907100.0,2.0,6
Lobera,buyers,50,38527,1926350,38527.0,38527.0,2.0,0
Lobera,buyers,475,38526,18299850,365997.0,365997.0,2.0,5
Lobera,buyers,25,38513,962825,19256.5,19256.5,2.0,0
Lobera,buyers,25,38506,962650,19253.0,19253.0,2.0,0
Lobera,buyers,800,38505,30804000,616080.0,616080.0,2.0,5
Lobera,buyers,25,38482,962050,19241.0,19241.0,2.0,0
Lobera,buyers,25,38481,962025,19240.5,19240.5,2.0,0
Lobera,buyers,50,38479,1923950,38479.0,38479.0,2.0,0
Lobera,buyers,150,38425,5763750,115275.0,115275.0,2.0,3
Lobera,buyers,25,38407,960175,19203.5,19203.5,2.0,0
Lobera,buyers,100,38404,3840400,76808.0,76808.0,2.0,2
Lobera,buyers,25,38403,960075,19201.5,19201.5,2.0,0
Lobera,buyers,425,38225,16245625,324912.5,324912.5,2.0,5
Lobera,buyers,1500,38220,57330000,1146600.0,1000000.0,1.7442874585731727,6
Lobera,buyers,25,38034,950850,19017.0,19017.0,2.0,0
Lobera,buyers,25,38019,950475,19009.5,19009.5,2.0,0
Lobera,buyers,25,38016,950400,19008.0,19008.0,2.0,0
Lobera,buyers,100,38015,3801500,76030.0,76030.0,2.0,2
Lobera,buyers,50,38010,1900500,38010.0,38010.0,2.0,0
Lobera,buyers,50,37759,1887950,37759.0,37759.0,2.0,0
Lobera,buyers,4525,37730,170728250,3414565.0,1000000.0,0.5857261466687558,7
Lobera,buyers,100,37646,3764600,75292.0,75292.0,2.0,2
Lobera,buyers,75,37638,2822850,56457.0,56457.0,2.0,1
Lobera,buyers,250,37253,9313250,186265.0,186265.0,2.0,4
Lobera,buyers,50,37216,1860800,37216.0,37216.0,2.0,0
Lobera,buyers,21475,37000,794575000,15891500.0,1000000.0,0.1258534436648523,8
Lobera,buyers,8875,36800,326600000,6532000.0,1000000.0,0.3061849357011635,7
Lobera,buyers,25,36714,917850,18357.0,18357.0,2.0,0
Lobera,buyers,25,36701,917525,18350.5,18350.5,2.0,0
Lobera,buyers,50,36518,1825900,36518.0,36518.0,2.0,0
Lobera,buyers,25,36321,908025,18160.5,18160.5,2.0,0
Lobera,buyers,25,36316,907900,18158.0,18158.0,2.0,0
Lobera,buyers,50,36262,1813100,36262.0,36262.0,2.0,0
Lobera,buyers,2175,36212,78761100,1575222.0,1000000.0,1.2696623079159637,6
Lobera,buyers,100,36000,3600000,72000.0,72000.0,2.0,2
Lobera,buyers,100,36000,3600000,72000.0,72000.0,2.0,2
Lobera,buyers,38400,37,1420800,28416.0,28416.0,2.0,8
Lobera,buyers,7325,1,7325,146.5,146.5,2.0,7
Luminera,sellers,15700,43800,687660000,13753200.0,1000000.0,0.1454207020911497,8
Luminera,sellers,12525,44500,557362500,11147250.0,1000000.0,0.17941644800287065,7
Luminera,buyers,40300,43224,1741927200,34838544.0,1000000.0,0.05740768041282093,8
Luminera,buyers,44950,43222,1942828900,38856578.0,1000000.0,0.05147133646200136,8
Luminera,buyers,300,42913,12873900,257478.0,257478.0,2.0,4
Luminera,buyers,775,42910,33255250,665105.0,665105.0,2.0,5
Luminera,buyers,37300,42889,1599759700,31995194.0,1000000.0,0.06250938812872958,8
Luminera,buyers,25,41001,1025025,20500.5,20500.5,2.0,0
Luminera,buyers,25,41001,1025025,20500.5,20500.5,2.0,0
Luminera,buyers,31900,41000,1307900000,26158000.0,1000000.0,0.07645844483523205,8
Luminera,buyers,7700,40801,314167700,6283354.0,1000000.0,0.318301340335114,7
Luminera,buyers,750,40800,30600000,612000.0,612000.0,2.0,5
Luminera,buyers,100,40713,4071300,81426.0,81426.0,2.0,2
Luminera,buyers,6350,38023,241446050,4828921.0,1000000.0,0.414171198907582,7
Luminera,buyers,50,230,11500,230.0,230.0,2.0,0
Luminera,buyers,2525,43,108575,2171.5,2171.5,2.0,6
Luminera,buyers,44800,42,1881600,37632.0,37632.0,2.0,8
Luminera,buyers,150,5,750,15.0,20.0,2.666666666666667,3
Luminera,buyers,50,1,50,1.0,20.0,40.0,0
Lutabra,sellers,3400,38472,130804800,2616096.0,1000000.0,0.7644979389135567,6
Lutabra,sellers,25,38473,961825,19236.5,19236.5,2.0,0
Lutabra,sellers,16325,38474,628088050,12561761.0,1000000.0,0.15921334596319736,8
Lutabra,sellers,250,38500,9625000,192500.0,192500.0,2.0,4
Lutabra,sellers,275,38800,10670000,213400.0,213400.0,2.0,4
Lutabra,sellers,75,38931,2919825,58396.5,58396.5,2.0,1
Lutabra,sellers,275,40500,11137500,222750.0,222750.0,2.0,4
Lutabra,buyers,8225,37444,307976900,6159538.0,1000000.0,0.324699677151111,7
Lutabra,buyers,7000,37302,261114000,5222280.0,1000000.0,0.38297448623972674,7
Lutabra,buyers,25,37161,929025,18580.5,18580.5,2.0,0
Lutabra,buyers,375,37151,13931625,278632.5,278632.5,2.0,5
Lutabra,buyers,100,36812,3681200,73624.0,73624.0,2.0,2
Lutabra,buyers,25,36808,920200,18404.0,18404.0,2.0,0
Lutabra,buyers,50,35500,1775000,35500.0,35500.0,2.0,0
Lutabra,buyers,300,34667,10400100,208002.0,208002.0,2.0,4
Lutabra,buyers,375,34604,12976500,259530.0,259530.0,2.0,5
Lutabra,buyers,150,34603,5190450,103809.0,103809.0,2.0,3
Lutabra,buyers,175,34511,6039425,120788.5,120788.5,2.0,3
Lutabra,buyers,1500,34472,51708000,1034160.0,1000000.0,1.9339367215904697,6
Lutabra,buyers,325,34458,11198850,223977.0,223977.0,2.0,4
Lutabra,buyers,125,34456,4307000,86140.0,86140.0,2.0,3
Lutabra,buyers,25,34200,855000,17100.0,17100.0,2.0,0
Lutabra,buyers,200,34175,6835000,136700.0,136700.0,2.0,3
Lutabra,buyers,450,34084,15337800,306756.0,306756.0,2.0,5
Lutabra,buyers,150,34053,5107950,102159.0,102159.0,2.0,3
Lutabra,buyers,325,34051,11066575,221331.5,221331.5,2.0,4
Lutabra,buyers,125,32153,4019125,80382.5,80382.5,2.0,3
Lutabra,buyers,75,32150,2411250,48225.0,48225.0,2.0,1
Lutabra,buyers,75,32111,2408325,48166.5,48166.5,2.0,1
Lutabra,buyers,2075,38,78850,1577.0,1577.0,2.0,6
Lutabra,buyers,64000,1,64000,1280.0,1280.0,2.0,8
Luzibra,sellers,5000,41989,209945000,4198900.0,1000000.0,0.47631522541618043,7
Luzibra,sellers,550,41990,23094500,461890.0,461890.0,2.0,5
Luzibra,sellers,150,41992,6298800,125976.0,125976.0,2.0,3
Luzibra,sellers,50,41993,2099650,41993.0,41993.0,2.0,0
Luzibra,sellers,500,41994,20997000,419940.0,419940.0,2.0,5
Luzibra,sellers,75,41995,3149625,62992.5,62992.5,2.0,1
Luzibra,sellers,25,41997,1049925,20998.5,20998.5,2.0,0
Luzibra,buyers,8325,38702,322194150,6443883.0,1000000.0,0.31037186739734407,7
Luzibra,buyers,25,38701,967525,19350.5,19350.5,2.0,0
Luzibra,buyers,25,38700,967500,19350.0,19350.0,2.0,0
Luzibra,buyers,350,38651,13527850,270557.0,270557.0,2.0,5
Luzibra,buyers,25,38650,966250,19325.0,19325.0,2.0,0
Luzibra,buyers,100,38516,3851600,77032.0,77032.0,2.0,2
Luzibra,buyers,125,38515,4814375,96287.5,96287.5,2.0,3
Luzibra,buyers,25,38513,962825,19256.5,19256.5,2.0,0
Luzibra,buyers,125,38506,4813250,96265.0,96265.0,2.0,3
Luzibra,buyers,100,38505,3850500,77010.0,77010.0,2.0,2
Luzibra,buyers,100,38503,3850300,77006.0,77006.0,2.0,2
Luzibra,buyers,150,38502,5775300,115506.0,115506.0,2.0,3
Luzibra,buyers,50,38501,1925050,38501.0,38501.0,2.0,0
Luzibra,buyers,50,38500,1925000,38500.0,38500.0,2.0,0
Luzibra,buyers,25,38500,962500,19250.0,19250.0,2.0,0
Luzibra,buyers,25,38281,957025,19140.5,19140.5,2.0,0
Luzibra,buyers,75,38279,2870925,57418.5,57418.5,2.0,1
Luzibra,buyers,300,38275,11482500,229650.0,229650.0,2.0,4
Luzibra,buyers,25,38271,956775,19135.5,19135.5,2.0,0
Luzibra,buyers,250,38262,9565500,191310.0,191310.0,2.0,4
Luzibra,buyers,100,37310,3731000,74620.0,74620.0,2.0,2
Luzibra,buyers,50,37220,1861000,37220.0,37220.0,2.0,0
Luzibra,buyers,25,37201,930025,18600.5,18600.5,2.0,0
Luzibra,buyers,50,37108,1855400,37108.0,37108.0,2.0,0
Luzibra,buyers,100,37105,3710500,74210.0,74210.0,2.0,2
Luzibra,buyers,25,36608,915200,18304.0,18304.0,2.0,0
Luzibra,buyers,50,36515,1825750,36515.0,36515.0,2.0,0
Luzibra,buyers,225,36503,8213175,164263.5,164263.5,2.0,4
Luzibra,buyers,225,36500,8212500,164250.0,164250.0,2.0,4
Luzibra,buyers,100,36225,3622500,72450.0,72450.0,2.0,2
Luzibra,buyers,75,36200,2715000,54300.0,54300.0,2.0,1
Luzibra,buyers,250,36000,9000000,180000.0,180000.0,2.0,4
Luzibra,buyers,150,35500,5325000,106500.0,106500.0,2.0,3
Luzibra,buyers,100,35007,3500700,70014.0,70014.0,2.0,2
Luzibra,buyers,25,33008,825200,16504.0,16504.0,2.0,0
Luzibra,buyers,50,33000,1650000,33000.0,33000.0,2.0,0
Luzibra,buyers,50,31601,1580050,31601.0,31601.0,2.0,0
Luzibra,buyers,25,26506,662650,13253.0,13253.0,2.0,0
Luzibra,buyers,25,25847,646175,12923.5,12923.5,2.0,0
Luzibra,buyers,25,25835,645875,12917.5,12917.5,2.0,0
Luzibra,buyers,25,25834,645850,12917.0,12917.0,2.0,0
Luzibra,buyers,25,25814,645350,12907.0,12907.0,2.0,0
Luzibra,buyers,25,25806,645150,12903.0,12903.0,2.0,0
Luzibra,buyers,25,25000,625000,12500.0,12500.0,2.0,0
Maligna,sellers,50,12300,615000,12300.0,12300.0,2.0,0
Maligna,sellers,200,12648,2529600,50592.0,50592.0,2.0,3
Maligna,sellers,25,12649,316225,6324.5,6324.5,2.0,0
Maligna,sellers,50,12650,632500,12650.0,12650.0,2.0,0
Maligna,sellers,25,12788,319700,6394.0,6394.0,2.0,0
Maligna,sellers,50,12790,639500,12790.0,12790.0,2.0,0
Maligna,sellers,25,12800,320000,6400.0,6400.0,2.0,0
Maligna,sellers,25,12881,322025,6440.5,6440.5,2.0,0
Maligna,sellers,25,12883,322075,6441.5,6441.5,2.0,0
Maligna,sellers,50,12888,644400,12888.0,12888.0,2.0,0
Maligna,sellers,25,13189,329725,6594.5,6594.5,2.0,0
Maligna,sellers,100,13190,1319000,26380.0,26380.0,2.0,2
Maligna,sellers,25,13192,329800,6596.0,6596.0,2.0,0
Maligna,sellers,25,13195,329875,6597.5,6597.5,2.0,0
Maligna,sellers,25,13198,329950,6599.0,6599.0,2.0,0
Maligna,sellers,25,13200,330000,6600.0,6600.0,2.0,0
Maligna,sellers,275,13240,3641000,72820.0,72820.0,2.0,4
Maligna,sellers,25,13241,331025,6620.5,6620.5,2.0,0
Maligna,sellers,25,13242,331050,6621.0,6621.0,2.0,0
Maligna,sellers,25,13244,331100,6622.0,6622.0,2.0,0
Maligna,sellers,50,13245,662250,13245.0,13245.0,2.0,0
Maligna,sellers,25,13248,331200,6624.0,6624.0,2.0,0
Maligna,sellers,25,13250,331250,6625.0,6625.0,2.0,0
Maligna,sellers,25,13282,332050,6641.0,6641.0,2.0,0
Maligna,sellers,25,13284,332100,6642.0,6642.0,2.0,0
Maligna,sellers,25,13288,332200,6644.0,6644.0,2.0,0
Maligna,sellers,100,13994,1399400,27988.0,27988.0,2.0,2
Maligna,sellers,25,13995,349875,6997.5,6997.5,2.0,0
Maligna,sellers,75,13998,1049850,20997.0,20997.0,2.0,1
Maligna,sellers,25,13999,349975,6999.5,6999.5,2.0,0
Maligna,sellers,25,14290,357250,7145.0,7145.0,2.0,0
Maligna,sellers,25,14342,358550,7171.0,7171.0,2.0,0
Maligna,sellers,25,14344,358600,7172.0,7172.0,2.0,0
Maligna,sellers,25,14346,358650,7173.0,7173.0,2.0,0
Maligna,sellers,25,14348,358700,7174.0,7174.0,2.0,0
Maligna,sellers,25,14386,359650,7193.0,7193.0,2.0,0
Maligna,sellers,25,14388,359700,7194.0,7194.0,2.0,0
Maligna,sellers,25,14391,359775,7195.5,7195.5,2.0,0
Maligna,sellers,25,14392,359800,7196.0,7196.0,2.0,0
Maligna,sellers,500,14395,7197500,143950.0,143950.0,2.0,5
Maligna,sellers,25,14397,359925,7198.5,7198.5,2.0,0
Maligna,sellers,100,14399,1439900,28798.0,28798.0,2.0,2
Maligna,sellers,25,14492,362300,7246.0,7246.0,2.0,0
Maligna,sellers,25,14493,362325,7246.5,7246.5,2.0,0
Maligna,sellers,25,14494,362350,7247.0,7247.0,2.0,0
Maligna,sellers,25,14496,362400,7248.0,7248.0,2.0,0
Maligna,sellers,25,14498,362450,7249.0,7249.0,2.0,0
Maligna,sellers,25,14499,362475,7249.5,7249.5,2.0,0
Maligna,sellers,200,14999,2999800,59996.0,59996.0,2.0,3
Maligna,sellers,100,17500,1750000,35000.0,35000.0,2.0,2
Maligna,buyers,200,11304,2260800,45216.0,45216.0,2.0,3
Maligna,buyers,25,11303,282575,5651.5,5651.5,2.0,0
Maligna,buyers,50,11300,565000,11300.0,11300.0,2.0,0
Maligna,buyers,25,11299,282475,5649.5,5649.5,2.0,0
Maligna,buyers,25,11260,281500,5630.0,5630.0,2.0,0
Maligna,buyers,25,11250,281250,5625.0,5625.0,2.0,0
Maligna,buyers,350,11242,3934700,78694.0,78694.0,2.0,5
Maligna,buyers,100,11240,1124000,22480.0,22480.0,2.0,2
Maligna,buyers,250,11229,2807250,56145.0,56145.0,2.0,4
Maligna,buyers,200,11228,2245600,44912.0,44912.0,2.0,3
Maligna,buyers,100,11218,1121800,22436.0,22436.0,2.0,2
Maligna,buyers,325,11211,3643575,72871.5,72871.5,2.0,4
Maligna,buyers,25,11201,280025,5600.5,5600.5,2.0,0
Maligna,buyers,100,11200,1120000,22400.0,22400.0,2.0,2
Maligna,buyers,75,11015,826125,16522.5,16522.5,2.0,1
Maligna,buyers,25,11006,275150,5503.0,5503.0,2.0,0
Maligna,buyers,300,11003,3300900,66018.0,66018.0,2.0,4
Maligna,buyers,25,11002,275050,5501.0,5501.0,2.0,0
Maligna,buyers,225,9726,2188350,43767.0,43767.0,2.0,4
Maligna,buyers,6525,1,6525,130.5,130.5,2.0,7
Menera,sellers,5275,43993,232063075,4641261.5,1000000.0,0.43091732711031255,7
Menera,sellers,425,44225,18795625,375912.5,375912.5,2.0,5
Menera,sellers,50,44290,2214500,44290.0,44290.0,2.0,0
Menera,buyers,10475,43500,455662500,9113250.0,1000000.0,0.2194606753902285,7
Menera,buyers,21300,43235,920905500,18418110.0,1000000.0,0.10858877485257715,8
Menera,buyers,12300,43234,531778200,10635564.0,1000000.0,0.1880483254108574,7
Menera,buyers,63925,43038,2751204150,55024083.0,1000000.0,0.03634772068804854,8
Menera,buyers,1000,43036,43036000,860720.0,860720.0,2.0,6
Menera,buyers,63950,43034,2752024300,55040486.0,1000000.0,0.03633688844971318,8
Menera,buyers,64000,43031,2753984000,55079680.0,1000000.0,0.03631103158188283,8
Menera,buyers,5450,43029,234508050,4690161.0,1000000.0,0.42642459395317134,7
Menera,buyers,2775,43026,119397150,2387943.0,1000000.0,0.8375409295783023,6
Menera,buyers,5450,43022,234469900,4689398.0,1000000.0,0.42649397641232417,7
Menera,buyers,200,43006,8601200,172024.0,172024.0,2.0,3
Menera,buyers,100,42389,4238900,84778.0,84778.0,2.0,2
Menera,buyers,250,42364,10591000,211820.0,211820.0,2.0,4
Menera,buyers,25,42350,1058750,21175.0,21175.0,2.0,0
Menera,buyers,1200,41821,50185200,1003704.0,1000000.0,1.9926193379721513,6
Menera,buyers,25,41811,1045275,20905.5,20905.5,2.0,0
Menera,buyers,550,40301,22165550,443311.0,443311.0,2.0,5
Menera,buyers,25,39310,982750,19655.0,19655.0,2.0,0
Menera,buyers,125,39200,4900000,98000.0,98000.0,2.0,3
Menera,buyers,15300,38111,583098300,11661966.0,1000000.0,0.17149767028989796,8
Menera,buyers,175,38107,6668725,133374.5,133374.5,2.0,3
Menera,buyers,200,37001,7400200,148004.0,148004.0,2.0,3
Menera,buyers,250,37001,9250250,185005.0,185005.0,2.0,4
Menera,buyers,51725,42,2172450,43449.0,43449.0,2.0,8
Menera,buyers,60725,1,60725,1214.5,1214.5,2.0,8
Monstera,sellers,525,37900,19897500,397950.0,397950.0,2.0,5
Monstera,sellers,75,37990,2849250,56985.0,56985.0,2.0,1
Monstera,sellers,525,37999,19949475,398989.5,398989.5,2.0,5
Monstera,sellers,14075,38400,540480000,10809600.0,1000000.0,0.18502072232089994,7
Monstera,sellers,7850,38594,302962900,6059258.0,1000000.0,0.330073418230417,7
Monstera,sellers,25,38599,964975,19299.5,19299.5,2.0,0
Monstera,sellers,1375,38799,53348625,1066972.5,1000000.0,1.874462556438896,6
Monstera,sellers,25,38800,970000,19400.0,19400.0,2.0,0
Monstera,sellers,1400,38839,54374600,1087492.0,1000000.0,1.8390939887373885,6
Monstera,sellers,275,38849,10683475,213669.5,213669.5,2.0,4
Monstera,sellers,25,38850,971250,19425.0,19425.0,2.0,0
Monstera,sellers,100,38875,3887500,77750.0,77750.0,2.0,2
Monstera,sellers,625,38880,24300000,486000.0,486000.0,2.0,5
Monstera,sellers,525,38888,20416200,408324.0,408324.0,2.0,5
Monstera,sellers,350,38945,13630750,272615.0,272615.0,2.0,5
Monstera,sellers,850,38954,33110900,662218.0,662218.0,2.0,5
Monstera,sellers,500,38955,19477500,389550.0,389550.0,2.0,5
Monstera,sellers,425,38967,16560975,331219.5,331219.5,2.0,5
Monstera,sellers,25,38970,974250,19485.0,19485.0,2.0,0
Monstera,sellers,50,42000,2100000,42000.0,42000.0,2.0,0
Monstera,buyers,975,36000,35100000,702000.0,702000.0,2.0,6
Monstera,buyers,125,35135,4391875,87837.5,87837.5,2.0,3
Monstera,buyers,450,35134,15810300,316206.0,316206.0,2.0,5
Monstera,buyers,500,35133,17566500,351330.0,351330.0,2.0,5
Monstera,buyers,25,35131,878275,17565.5,17565.5,2.0,0
Monstera,buyers,550,35130,19321500,386430.0,386430.0,2.0,5
Monstera,buyers,50,35129,1756450,35129.0,35129.0,2.0,0
Monstera,buyers,25,35128,878200,17564.0,17564.0,2.0,0
Monstera,buyers,600,35127,21076200,421524.0,421524.0,2.0,5
Monstera,buyers,475,35125,16684375,333687.5,333687.5,2.0,5
Monstera,buyers,250,35124,8781000,175620.0,175620.0,2.0,4
Monstera,buyers,375,35123,13171125,263422.5,263422.5,2.0,5
Monstera,buyers,50,35113,1755650,35113.0,35113.0,2.0,0
Monstera,buyers,475,35112,16678200,333564.0,333564.0,2.0,5
Monstera,buyers,900,35100,31590000,631800.0,631800.0,2.0,5
Monstera,buyers,475,35001,16625475,332509.5,332509.5,2.0,5
Monstera,buyers,25,34769,869225,17384.5,17384.5,2.0,0
Monstera,buyers,500,34767,17383500,347670.0,347670.0,2.0,5
Monstera,buyers,50,34762,1738100,34762.0,34762.0,2.0,0
Monstera,buyers,175,34761,6083175,121663.5,121663.5,2.0,3
Monstera,buyers,75,34760,2607000,52140.0,52140.0,2.0,1
Monstera,buyers,75,34758,2606850,52137.0,52137.0,2.0,1
Monstera,buyers,100,34757,3475700,69514.0,69514.0,2.0,2
Monstera,buyers,75,34756,2606700,52134.0,52134.0,2.0,1
Monstera,buyers,100,34755,3475500,69510.0,69510.0,2.0,2
Monstera,buyers,75,34754,2606550,52131.0,52131.0,2.0,1
Monstera,buyers,25,34753,868825,17376.5,17376.5,2.0,0
Monstera,buyers,125,34752,4344000,86880.0,86880.0,2.0,3
Monstera,buyers,100,34751,3475100,69502.0,69502.0,2.0,2
Monstera,buyers,200,34750,6950000,139000.0,139000.0,2.0,3
Monstera,buyers,200,34707,6941400,138828.0,138828.0,2.0,3
Monstera,buyers,2150,34605,74400750,1488015.0,1000000.0,1.3440724723877113,6
Monstera,buyers,25,34603,865075,17301.5,17301.5,2.0,0
Monstera,buyers,750,33000,24750000,495000.0,495000.0,2.0,5
Monstera,buyers,2075,32001,66402075,1328041.5,1000000.0,1.5059770346032109,6
Monstera,buyers,2000,32000,64000000,1280000.0,1000000.0,1.5625,6
Monstera,buyers,31350,37,1159950,23199.0,23199.0,2.0,8
Monza,sellers,8225,42967,353403575,7068071.5,1000000.0,0.2829626157573533,7
Monza,sellers,15325,42968,658484600,13169692.0,1000000.0,0.15186384009588075,8
Monza,sellers,1500,42990,64485000,1289700.0,1000000.0,1.5507482360238816,6
Monza,sellers,1975,43000,84925000,1698500.0,1000000.0,1.177509567265234,6
Monza,sellers,25,43333,1083325,21666.5,21666.5,2.0,0
Monza,sellers,500,47800,23900000,478000.0,478000.0,2.0,5
Monza,sellers,225,47899,10777275,215545.5,215545.5,2.0,4
Monza,sellers,500,47900,23950000,479000.0,479000.0,2.0,5
Monza,buyers,4000,42300,169200000,3384000.0,1000000.0,0.5910165484633569,7
Monza,buyers,12500,41855,523187500,10463750.0,1000000.0,0.1911360649862621,7
Monza,buyers,3775,41854,157998850,3159977.0,1000000.0,0.6329159990721451,7
Monza,buyers,63175,41853,2644063275,52881265.5,1000000.0,0.03782057749733694,8
Monza,buyers,44200,41851,1849814200,36996284.0,1000000.0,0.05405948337946589,8
Monza,buyers,500,41835,20917500,418350.0,418350.0,2.0,5
Monza,buyers,3425,41817,143223225,2864464.5,1000000.0,0.6982107825040248,6
Monza,buyers,5475,41614,227836650,4556733.0,1000000.0,0.43891094782160817,7
Monza,buyers,50,41610,2080500,41610.0,41610.0,2.0,0
Monza,buyers,25,41568,1039200,20784.0,20784.0,2.0,0
Monza,buyers,8650,41566,359545900,7190918.0,1000000.0,0.27812860611120865,7
Monza,buyers,125,41539,5192375,103847.5,103847.5,2.0,3
Monza,buyers,175,41537,7268975,145379.5,145379.5,2.0,3
Monza,buyers,200,41534,8306800,166136.0,166136.0,2.0,3
Monza,buyers,250,41517,10379250,207585.0,207585.0,2.0,4
Monza,buyers,275,41510,11415250,228305.0,228305.0,2.0,4
Monza,buyers,250,41407,10351750,207035.0,207035.0,2.0,4
Monza,buyers,25,40226,1005650,20113.0,20113.0,2.0,0
Monza,buyers,2700,40225,108607500,2172150.0,1000000.0,0.9207467255944571,6
Monza,buyers,25,40212,1005300,20106.0,20106.0,2.0,0
Monza,buyers,25,40105,1002625,20052.5,20052.5,2.0,0
Monza,buyers,25,39960,999000,19980.0,19980.0,2.0,0
Monza,buyers,50,39902,1995100,39902.0,39902.0,2.0,0
Monza,buyers,250,39831,9957750,199155.0,199155.0,2.0,4
Monza,buyers,6225,39777,247611825,4952236.5,1000000.0,0.40385793368309447,7
Monza,buyers,24650,42,1035300,20706.0,20706.0,2.0,8
Monza,buyers,64000,1,64000,1280.0,1280.0,2.0,8
Monza,buyers,42125,1,42125,842.5,842.5,2.0,8
Monza,buyers,250,1,250,5.0,20.0,8.0,4
Monza,buyers,41550,1,41550,831.0,831.0,2.0,8
Monza,buyers,250,1,250,5.0,20.0,8.0,4
Mystera,sellers,325,26995,8773375,175467.5,175467.5,2.0,4
Mystera,sellers,200,26996,5399200,107984.0,107984.0,2.0,3
Mystera,sellers,375,26998,10124250,202485.0,202485.0,2.0,5
Mystera,buyers,25,20003,500075,10001.5,10001.5,2.0,0
Mystera,buyers,275,20002,5500550,110011.0,110011.0,2.0,4
Mystera,buyers,250,20001,5000250,100005.0,100005.0,2.0,4
Mystera,buyers,575,19133,11001475,220029.5,220029.5,2.0,5
Mystera,buyers,425,19128,8129400,162588.0,162588.0,2.0,5
Mystera,buyers,125,19125,2390625,47812.5,47812.5,2.0,3
Mystera,buyers,275,19124,5259100,105182.0,105182.0,2.0,4
Mystera,buyers,175,19123,3346525,66930.5,66930.5,2.0,3
Mystera,buyers,475,19121,9082475,181649.5,181649.5,2.0,5
Mystera,buyers,225,19120,4302000,86040.0,86040.0,2.0,4
Mystera,buyers,250,19112,4778000,95560.0,95560.0,2.0,4
Mystera,buyers,250,19101,4775250,95505.0,95505.0,2.0,4
Mystera,buyers,150,17615,2642250,52845.0,52845.0,2.0,3
Mystera,buyers,125,17513,2189125,43782.5,43782.5,2.0,3
Mystera,buyers,550,17501,9625550,192511.0,192511.0,2.0,5
Mystera,buyers,150,17001,2550150,51003.0,51003.0,2.0,3
Mystera,buyers,225,15507,3489075,69781.5,69781.5,2.0,4
Nefera,sellers,2725,43818,119404050,2388081.0,1000000.0,0.8374925306134926,6
Nefera,sellers,23450,43819,1027555550,20551111.0,1000000.0,0.09731833962650487,8
Nefera,sellers,550,43851,24118050,482361.0,482361.0,2.0,5
Nefera,sellers,4000,43863,175452000,3509040.0,1000000.0,0.569956455326813,7
Nefera,buyers,14575,42931,625719325,12514386.5,1000000.0,0.15981606449505134,7
Nefera,buyers,42375,42930,1819158750,36383175.0,1000000.0,0.05497046368273247,8
Nefera,buyers,25,42921,1073025,21460.5,21460.5,2.0,0
Nefera,buyers,75,42920,3219000,64380.0,64380.0,2.0,1
Nefera,buyers,12825,42919,550436175,11008723.5,1000000.0,0.1816741059942145,7
Nefera,buyers,250,42917,10729250,214585.0,214585.0,2.0,4
Nefera,buyers,4375,42913,187744375,3754887.5,1000000.0,0.5326391270044708,7
Nefera,buyers,2575,42911,110495825,2209916.5,1000000.0,0.9050115694416507,6
Nefera,buyers,61175,42910,2625019250,52500385.0,1000000.0,0.03809495873220739,8
Nefera,buyers,125,42909,5363625,107272.5,107272.5,2.0,3
Nefera,buyers,75,42827,3212025,64240.5,64240.5,2.0,1
Nefera,buyers,150,42826,6423900,128478.0,128478.0,2.0,3
Nefera,buyers,225,42820,9634500,192690.0,192690.0,2.0,4
Nefera,buyers,750,42800,32100000,642000.0,642000.0,2.0,5
Nefera,buyers,50,42750,2137500,42750.0,42750.0,2.0,0
Nefera,buyers,3275,42726,139927650,2798553.0,1000000.0,0.7146550377998916,6
Nefera,buyers,250,42507,10626750,212535.0,212535.0,2.0,4
Nefera,buyers,250,42354,10588500,211770.0,211770.0,2.0,4
Nefera,buyers,150,41131,6169650,123393.0,123393.0,2.0,3
Nefera,buyers,25,41110,1027750,20555.0,20555.0,2.0,0
Nefera,buyers,25,41091,1027275,20545.5,20545.5,2.0,0
Nefera,buyers,75,41028,3077100,61542.0,61542.0,2.0,1
Nefera,buyers,25,41025,1025625,20512.5,20512.5,2.0,0
Nefera,buyers,150,41009,6151350,123027.0,123027.0,2.0,3
Nefera,buyers,44000,39505,1738220000,34764400.0,1000000.0,0.05753011701625801,8
Nefera,buyers,6100,39504,240974400,4819488.0,1000000.0,0.4149818403946643,7
Nefera,buyers,125,39500,4937500,98750.0,98750.0,2.0,3
Nefera,buyers,10000,36000,360000000,7200000.0,1000000.0,0.2777777777777778,7
Nefera,buyers,150,35000,5250000,105000.0,105000.0,2.0,3
Nefera,buyers,34125,102,3480750,69615.0,69615.0,2.0,8
Nefera,buyers,2500,100,250000,5000.0,5000.0,2.0,6
Nevia,sellers,100,39329,3932900,78658.0,78658.0,2.0,2
Nevia,sellers,350,39330,13765500,275310.0,275310.0,2.0,5
Nevia,sellers,50,39369,1968450,39369.0,39369.0,2.0,0
Nevia,sellers,18225,39377,717645825,14352916.5,1000000.0,0.13934450186483005,8
Nevia,sellers,13500,39378,531603000,10632060.0,1000000.0,0.18811030035571658,7
Nevia,sellers,50,39590,1979500,39590.0,39590.0,2.0,0
Nevia,sellers,200,39596,7919200,158384.0,158384.0,2.0,3
Nevia,sellers,2175,39598,86125650,1722513.0,1000000.0,1.1610942849197654,6
Nevia,sellers,1400,39599,55438600,1108772.0,1000000.0,1.803797354190041,6
Nevia,sellers,3525,39647,139755675,2795113.5,1000000.0,0.7155344496744049,7
Nevia,sellers,29625,39649,1174601625,23492032.5,1000000.0,0.08513524745038557,8
Nevia,sellers,200,39694,7938800,158776.0,158776.0,2.0,3
Nevia,sellers,100,39697,3969700,79394.0,79394.0,2.0,2
Nevia,sellers,100,39990,3999000,79980.0,79980.0,2.0,2
Nevia,sellers,200,39998,7999600,159992.0,159992.0,2.0,3
Nevia,sellers,100,39999,3999900,79998.0,79998.0,2.0,2
Nevia,sellers,300,39999,11999700,239994.0,239994.0,2.0,4
Nevia,sellers,500,40050,20025000,400500.0,400500.0,2.0,5
Nevia,sellers,75,40110,3008250,60165.0,60165.0,2.0,1
Nevia,sellers,825,40195,33160875,663217.5,663217.5,2.0,5
Nevia,sellers,375,40197,15073875,301477.5,301477.5,2.0,5
Nevia,sellers,17925,40400,724170000,14483400.0,1000000.0,0.13808912271980336,8
Nevia,sellers,25,40479,1011975,20239.5,20239.5,2.0,0
Nevia,sellers,25,40490,1012250,20245.0,20245.0,2.0,0
Nevia,sellers,25,41990,1049750,20995.0,20995.0,2.0,0
Nevia,sellers,25,43985,1099625,21992.5,21992.5,2.0,0
Nevia,sellers,500,49986,24993000,499860.0,499860.0,2.0,5
Nevia,buyers,28550,38371,1095492050,21909841.0,1000000.0,0.09128318183596129,8
Nevia,buyers,5025,38369,192804225,3856084.5,1000000.0,0.5186608332882747,7
Nevia,buyers,43325,38367,1662250275,33245005.5,1000000.0,0.060159412516866635,8
Nevia,buyers,3100,38355,118900500,2378010.0,1000000.0,0.8410393564366845,6
Nevia,buyers,5875,38320,225130000,4502600.0,1000000.0,0.4441878026029405,7
Nevia,buyers,1225,38305,46923625,938472.5,938472.5,2.0,6
Nevia,buyers,75,37250,2793750,55875.0,55875.0,2.0,1
Nevia,buyers,6125,37229,228027625,4560552.5,1000000.0,0.4385433563148325,7
Nevia,buyers,600,37215,22329000,446580.0,446580.0,2.0,5
Nevia,buyers,50,37142,1857100,37142.0,37142.0,2.0,0
Nevia,buyers,25,37130,928250,18565.0,18565.0,2.0,0
Nevia,buyers,5925,37107,219858975,4397179.5,1000000.0,0.45483701540953697,7
Nevia,buyers,2100,37019,77739900,1554798.0,1000000.0,1.2863407336515742,6
Nevia,buyers,100,36611,3661100,73222.0,73222.0,2.0,2
Nevia,buyers,50,36610,1830500,36610.0,36610.0,2.0,0
Nevia,buyers,125,36406,4550750,91015.0,91015.0,2.0,3
Nevia,buyers,3425,36194,123964450,2479289.0,1000000.0,0.8066828836815716,6
Nevia,buyers,575,10000,5750000,115000.0,115000.0,2.0,5
Nevia,buyers,60450,60,3627000,72540.0,72540.0,2.0,8
Nevia,buyers,250,1,250,5.0,20.0,8.0,4
Nevia,buyers,43225,1,43225,864.5,864.5,2.0,8
Nevia,buyers,5625,1,5625,112.5,112.5,2.0,7
Nevia,buyers,38175,1,38175,763.5,763.5,2.0,8
Noctalia,sellers,25,49969,1249225,24984.5,24984.5,2.0,0
Noctalia,buyers,100,36000,3600000,72000.0,72000.0,2.0,2
Noctalia,buyers,75,35802,2685150,53703.0,53703.0,2.0,1
Noctalia,buyers,500,35801,17900500,358010.0,358010.0,2.0,5
Noctalia,buyers,2075,35800,74285000,1485700.0,1000000.0,1.3461667900652892,6
Noctalia,buyers,400,35505,14202000,284040.0,284040.0,2.0,5
Noctalia,buyers,25,35504,887600,17752.0,17752.0,2.0,0
Noctalia,buyers,100,35502,3550200,71004.0,71004.0,2.0,2
Noctalia,buyers,1750,35500,62125000,1242500.0,1000000.0,1.6096579476861168,6
Noctalia,buyers,25,35169,879225,17584.5,17584.5,2.0,0
Noctalia,buyers,300,35002,10500600,210012.0,210012.0,2.0,4
Noctalia,buyers,100,35000,3500000,70000.0,70000.0,2.0,2
Noctalia,buyers,75,34311,2573325,51466.5,51466.5,2.0,1
Noctalia,buyers,100,34301,3430100,68602.0,68602.0,2.0,2
Noctalia,buyers,100,34300,3430000,68600.0,68600.0,2.0,2
Noctalia,buyers,1000,34271,34271000,685420.0,685420.0,2.0,6
Noctalia,buyers,2450,34270,83961500,1679230.0,1000000.0,1.1910220755941712,6
Noctalia,buyers,500,34266,17133000,342660.0,342660.0,2.0,5
Noctalia,buyers,200,34260,6852000,137040.0,137040.0,2.0,3
Noctalia,buyers,1550,34255,53095250,1061905.0,1000000.0,1.8834076494601684,6
Noctalia,buyers,100,32112,3211200,64224.0,64224.0,2.0,2
Noctalia,buyers,75,29005,2175375,43507.5,43507.5,2.0,1
Noctalia,buyers,150,25000,3750000,75000.0,75000.0,2.0,3
Oceanis,sellers,1625,45444,73846500,1476930.0,1000000.0,1.3541603190401712,6
Oceanis,sellers,400,45446,18178400,363568.0,363568.0,2.0,5
Oceanis,sellers,100,45447,4544700,90894.0,90894.0,2.0,2
Oceanis,sellers,250,45448,11362000,227240.0,227240.0,2.0,4
Oceanis,sellers,200,45449,9089800,181796.0,181796.0,2.0,3
Oceanis,sellers,1350,45500,61425000,1228500.0,1000000.0,1.6280016280016278,6
Oceanis,sellers,100,45898,4589800,91796.0,91796.0,2.0,2
Oceanis,sellers,25,45900,1147500,22950.0,22950.0,2.0,0
Oceanis,sellers,175,45999,8049825,160996.5,160996.5,2.0,3
Oceanis,buyers,825,42042,34684650,693693.0,693693.0,2.0,5
Oceanis,buyers,50,42039,2101950,42039.0,42039.0,2.0,0
Oceanis,buyers,75,42038,3152850,63057.0,63057.0,2.0,1
Oceanis,buyers,175,42037,7356475,147129.5,147129.5,2.0,3
Oceanis,buyers,250,42035,10508750,210175.0,210175.0,2.0,4
Oceanis,buyers,50,42034,2101700,42034.0,42034.0,2.0,0
Oceanis,buyers,31500,42031,1323976500,26479530.0,1000000.0,0.07553004150753431,8
Oceanis,buyers,100,42023,4202300,84046.0,84046.0,2.0,2
Oceanis,buyers,50,42020,2101000,42020.0,42020.0,2.0,0
Oceanis,buyers,225,40600,9135000,182700.0,182700.0,2.0,4
Oceanis,buyers,50,40520,2026000,40520.0,40520.0,2.0,0
Oceanis,buyers,25,40510,1012750,20255.0,20255.0,2.0,0
Oceanis,buyers,475,40508,19241300,384826.0,384826.0,2.0,5
Oceanis,buyers,50,40507,2025350,40507.0,40507.0,2.0,0
Oceanis,buyers,100,40502,4050200,81004.0,81004.0,2.0,2
Oceanis,buyers,475,40501,19237975,384759.5,384759.5,2.0,5
Oceanis,buyers,100,40101,4010100,80202.0,80202.0,2.0,2
Oceanis,buyers,50,40029,2001450,40029.0,40029.0,2.0,0
Oceanis,buyers,25,40003,1000075,20001.5,20001.5,2.0,0
Oceanis,buyers,50,39457,1972850,39457.0,39457.0,2.0,0
Oceanis,buyers,200,39403,7880600,157612.0,157612.0,2.0,3
Oceanis,buyers,275,39401,10835275,216705.5,216705.5,2.0,4
Oceanis,buyers,50,39302,1965100,39302.0,39302.0,2.0,0
Oceanis,buyers,100,39208,3920800,78416.0,78416.0,2.0,2
Oceanis,buyers,225,39110,8799750,175995.0,175995.0,2.0,4
Oceanis,buyers,50,38531,1926550,38531.0,38531.0,2.0,0
Oceanis,buyers,325,38506,12514450,250289.0,250289.0,2.0,4
Oceanis,buyers,125,38501,4812625,96252.5,96252.5,2.0,3
Oceanis,buyers,75,38500,2887500,57750.0,57750.0,2.0,1
Oceanis,buyers,800,38111,30488800,609776.0,609776.0,2.0,5
Oceanis,buyers,50,4057,202850,4057.0,4057.0,2.0,0
Ombra,sellers,25525,40497,1033685925,20673718.5,1000000.0,0.09674118374011913,8
Ombra,sellers,37875,40498,1533861750,30677235.0,1000000.0,0.0651949238580335,8
Ombra,sellers,4000,40499,161996000,3239920.0,1000000.0,0.6172991925726562,7
Ombra,sellers,500,40500,20250000,405000.0,405000.0,2.0,5
Ombra,sellers,40000,40955,1638200000,32764000.0,1000000.0,0.06104260774020266,8
Ombra,sellers,875,40956,35836500,716730.0,716730.0,2.0,5
Ombra,buyers,3550,39111,138844050,2776881.0,1000000.0,0.7202325198667138,7
Ombra,buyers,300,39103,11730900,234618.0,234618.0,2.0,4
Ombra,buyers,63350,39102,2477111700,49542234.0,1000000.0,0.04036959657491424,8
Ombra,buyers,100,39102,3910200,78204.0,78204.0,2.0,2
Ombra,buyers,2300,39101,89932300,1798646.0,1000000.0,1.1119475427627226,6
Ombra,buyers,7400,39100,289340000,5786800.0,1000000.0,0.3456141563558443,7
Ombra,buyers,3350,39000,130650000,2613000.0,1000000.0,0.7654037504783774,6
Ombra,buyers,175,38756,6782300,135646.0,135646.0,2.0,3
Ombra,buyers,250,38755,9688750,193775.0,193775.0,2.0,4
Ombra,buyers,175,38752,6781600,135632.0,135632.0,2.0,3
Ombra,buyers,75,38751,2906325,58126.5,58126.5,2.0,1
Ombra,buyers,250,38506,9626500,192530.0,192530.0,2.0,4
Ombra,buyers,50,38505,1925250,38505.0,38505.0,2.0,0
Ombra,buyers,150,38504,5775600,115512.0,115512.0,2.0,3
Ombra,buyers,1000,38503,38503000,770060.0,770060.0,2.0,6
Ombra,buyers,175,38420,6723500,134470.0,134470.0,2.0,3
Ombra,buyers,300,38414,11524200,230484.0,230484.0,2.0,4
Ombra,buyers,25,38399,959975,19199.5,19199.5,2.0,0
Ombra,buyers,1250,38306,47882500,957650.0,957650.0,2.0,6
Ombra,buyers,75,38303,2872725,57454.5,57454.5,2.0,1
Ombra,buyers,500,38201,19100500,382010.0,382010.0,2.0,5
Ombra,buyers,1225,38111,46685975,933719.5,933719.5,2.0,6
Ombra,buyers,200,38000,7600000,152000.0,152000.0,2.0,3
Ombra,buyers,25,37712,942800,18856.0,18856.0,2.0,0
Ombra,buyers,25,37578,939450,18789.0,18789.0,2.0,0
Ombra,buyers,175,37564,6573700,131474.0,131474.0,2.0,3
Ombra,buyers,25,37465,936625,18732.5,18732.5,2.0,0
Ombra,buyers,425,37450,15916250,318325.0,318325.0,2.0,5
Ombra,buyers,175,37314,6529950,130599.0,130599.0,2.0,3
Ombra,buyers,50,37313,1865650,37313.0,37313.0,2.0,0
Ombra,buyers,1450,37300,54085000,1081700.0,1000000.0,1.8489414810021265,6
Ombra,buyers,25,37116,927900,18558.0,18558.0,2.0,0
Ombra,buyers,250,37115,9278750,185575.0,185575.0,2.0,4
Ombra,buyers,75,37110,2783250,55665.0,55665.0,2.0,1
Ombra,buyers,325,37000,12025000,240500.0,240500.0,2.0,4
Ombra,buyers,18075,37000,668775000,13375500.0,1000000.0,0.14952712048147732,8
Ombra,buyers,100,36716,3671600,73432.0,73432.0,2.0,2
Ombra,buyers,25,36706,917650,18353.0,18353.0,2.0,0
Ombra,buyers,25,36704,917600,18352.0,18352.0,2.0,0
Ombra,buyers,375,36700,13762500,275250.0,275250.0,2.0,5
Ombra,buyers,3350,36511,122311850,2446237.0,1000000.0,0.8175822702379206,6
Ombra,buyers,25,36421,910525,18210.5,18210.5,2.0,0
Ombra,buyers,25,36418,910450,18209.0,18209.0,2.0,0
Ombra,buyers,25,36333,908325,18166.5,18166.5,2.0,0
Ombra,buyers,25,36327,908175,18163.5,18163.5,2.0,0
Ombra,buyers,50,36315,1815750,36315.0,36315.0,2.0,0
Ombra,buyers,50,36302,1815100,36302.0,36302.0,2.0,0
Ombra,buyers,500,36216,18108000,362160.0,362160.0,2.0,5
Ombra,buyers,1125,36203,40728375,814567.5,814567.5,2.0,6
Ombra,buyers,125,36202,4525250,90505.0,90505.0,2.0,3
Ombra,buyers,25,36029,900725,18014.5,18014.5,2.0,0
Ombra,buyers,100,36025,3602500,72050.0,72050.0,2.0,2
Ombra,buyers,1900,36001,68401900,1368038.0,1000000.0,1.4619476944353884,6
Ombra,buyers,1125,35775,40246875,804937.5,804937.5,2.0,6
Ombra,buyers,100,35773,3577300,71546.0,71546.0,2.0,2
Ombra,buyers,37900,37,1402300,28046.0,28046.0,2.0,8
Ombra,buyers,39275,1,39275,785.5,785.5,2.0,8
Ombra,buyers,1000,1,1000,20.0,20.0,2.0,6
Ombra,buyers,20000,1,20000,400.0,400.0,2.0,8
Opulera,sellers,50,19985,999250,19985.0,19985.0,2.0,0
Opulera,sellers,100,19990,1999000,39980.0,39980.0,2.0,2
Opulera,sellers,325,19992,6497400,129948.0,129948.0,2.0,4
Opulera,sellers,25,19993,499825,9996.5,9996.5,2.0,0
Opulera,sellers,25,19994,499850,9997.0,9997.0,2.0,0
Opulera,sellers,25,19995,499875,9997.5,9997.5,2.0,0
Opulera,sellers,250,19997,4999250,99985.0,99985.0,2.0,4
Opulera,sellers,25,19998,499950,9999.0,9999.0,2.0,0
Opulera,sellers,150,20000,3000000,60000.0,60000.0,2.0,3
Opulera,sellers,25,20900,522500,10450.0,10450.0,2.0,0
Opulera,sellers,25,20999,524975,10499.5,10499.5,2.0,0
Opulera,buyers,100,17600,1760000,35200.0,35200.0,2.0,2
Opulera,buyers,150,17426,2613900,52278.0,52278.0,2.0,3
Opulera,buyers,50,17425,871250,17425.0,17425.0,2.0,0
Opulera,buyers,150,17424,2613600,52272.0,52272.0,2.0,3
Opulera,buyers,325,17421,5661825,113236.5,113236.5,2.0,4
Opulera,buyers,75,17420,1306500,26130.0,26130.0,2.0,1
Opulera,buyers,25,17416,435400,8708.0,8708.0,2.0,0
Opulera,buyers,25,17414,435350,8707.0,8707.0,2.0,0
Opulera,buyers,25,17412,435300,8706.0,8706.0,2.0,0
Opulera,buyers,500,17411,8705500,174110.0,174110.0,2.0,5
Opulera,buyers,125,17410,2176250,43525.0,43525.0,2.0,3
Opulera,buyers,25,17401,435025,8700.5,8700.5,2.0,0
Opulera,buyers,25,17341,433525,8670.5,8670.5,2.0,0
Opulera,buyers,200,17313,3462600,69252.0,69252.0,2.0,3
Opulera,buyers,75,17102,1282650,25653.0,25653.0,2.0,1
Opulera,buyers,250,16936,4234000,84680.0,84680.0,2.0,4
Opulera,buyers,250,16901,4225250,84505.0,84505.0,2.0,4
Opulera,buyers,25,16900,422500,8450.0,8450.0,2.0,0
Opulera,buyers,50,16870,843500,16870.0,16870.0,2.0,0
Opulera,buyers,425,16852,7162100,143242.0,143242.0,2.0,5
Opulera,buyers,75,16542,1240650,24813.0,24813.0,2.0,1
Opulera,buyers,725,16534,11987150,239743.0,239743.0,2.0,5
Opulera,buyers,300,13500,4050000,81000.0,81000.0,2.0,4
Opulera,buyers,50,13338,666900,13338.0,13338.0,2.0,0
Opulera,buyers,2225,3,6675,133.5,133.5,2.0,6
Opulera,buyers,7325,2,14650,293.0,293.0,2.0,7
Opulera,buyers,400,1,400,8.0,20.0,5.0,5
Ourobra,sellers,25375,40934,1038700250,20774005.0,1000000.0,0.09627416571816556,8
Ourobra,sellers,125,40935,5116875,102337.5,102337.5,2.0,3
Ourobra,sellers,200,40937,8187400,163748.0,163748.0,2.0,3
Ourobra,sellers,25,40938,1023450,20469.0,20469.0,2.0,0
Ourobra,sellers,1400,40945,57323000,1146460.0,1000000.0,1.7445004622926223,6
Ourobra,sellers,1000,40955,40955000,819100.0,819100.0,2.0,6
Ourobra,sellers,350,40965,14337750,286755.0,286755.0,2.0,5
Ourobra,sellers,1000,40979,40979000,819580.0,819580.0,2.0,6
Ourobra,sellers,4000,40988,163952000,3279040.0,1000000.0,0.609934615009271,7
Ourobra,sellers,11675,50000,583750000,11675000.0,1000000.0,0.17130620985010706,7
Ourobra,buyers,44975,39228,1764279300,35285586.0,1000000.0,0.056680368012026215,8
Ourobra,buyers,2600,39227,101990200,2039804.0,1000000.0,0.9804863604542398,6
Ourobra,buyers,3975,39222,155907450,3118149.0,1000000.0,0.6414061675692856,7
Ourobra,buyers,25,39011,975275,19505.5,19505.5,2.0,0
Ourobra,buyers,350,39004,13651400,273028.0,273028.0,2.0,5
Ourobra,buyers,50,39000,1950000,39000.0,39000.0,2.0,0
Ourobra,buyers,150,38704,5805600,116112.0,116112.0,2.0,3
Ourobra,buyers,275,38601,10615275,212305.5,212305.5,2.0,4
Ourobra,buyers,50,38506,1925300,38506.0,38506.0,2.0,0
Ourobra,buyers,57700,38058,2195946600,43918932.0,1000000.0,0.04553844797500996,8
Ourobra,buyers,1350,38009,51312150,1026243.0,1000000.0,1.948856167593835,6
Ourobra,buyers,25,38008,950200,19004.0,19004.0,2.0,0
Ourobra,buyers,25,38008,950200,19004.0,19004.0,2.0,0
Ourobra,buyers,75,38005,2850375,57007.5,57007.5,2.0,1
Ourobra,buyers,100,38004,3800400,76008.0,76008.0,2.0,2
Ourobra,buyers,25,38002,950050,19001.0,19001.0,2.0,0
Ourobra,buyers,25,37860,946500,18930.0,18930.0,2.0,0
Ourobra,buyers,5350,37858,202540300,4050806.0,1000000.0,0.4937289023468416,7
Ourobra,buyers,25,37856,946400,18928.0,18928.0,2.0,0
Ourobra,buyers,4675,37685,176177375,3523547.5,1000000.0,0.5676097739565026,7
Ourobra,buyers,3125,37675,117734375,2354687.5,1000000.0,0.849369608493696,6
Ourobra,buyers,25,37671,941775,18835.5,18835.5,2.0,0
Ourobra,buyers,25,37658,941450,18829.0,18829.0,2.0,0
Ourobra,buyers,1300,37601,48881300,977626.0,977626.0,2.0,6
Ourobra,buyers,1025,37501,38438525,768770.5,768770.5,2.0,6
Ourobra,buyers,75,37464,2809800,56196.0,56196.0,2.0,1
Ourobra,buyers,25,37463,936575,18731.5,18731.5,2.0,0
Ourobra,buyers,550,37457,20601350,412027.0,412027.0,2.0,5
Ourobra,buyers,3775,37215,140486625,2809732.5,1000000.0,0.7118115336602328,7
Ourobra,buyers,100,37176,3717600,74352.0,74352.0,2.0,2
Ourobra,buyers,450,37163,16723350,334467.0,334467.0,2.0,5
Ourobra,buyers,700,37081,25956700,519134.0,519134.0,2.0,5
Ourobra,buyers,1875,36809,69016875,1380337.5,1000000.0,1.4489210066378693,6
Ourobra,buyers,450,36806,16562700,331254.0,331254.0,2.0,5
Ourobra,buyers,10950,36551,400233450,8004669.0,1000000.0,0.24985417885486583,7
Ourobra,buyers,475,36550,17361250,347225.0,347225.0,2.0,5
Ourobra,buyers,25,36503,912575,18251.5,18251.5,2.0,0
Ourobra,buyers,25,36202,905050,18101.0,18101.0,2.0,0
Ourobra,buyers,150,35504,5325600,106512.0,106512.0,2.0,3
Ourobra,buyers,25,35252,881300,17626.0,17626.0,2.0,0
Ourobra,buyers,24750,48,1188000,23760.0,23760.0,2.0,8
Ourobra,buyers,25,10,250,5.0,20.0,8.0,0
Pacera,sellers,10825,43677,472803525,9456070.5,1000000.0,0.2115043452774596,7
Pacera,sellers,3300,43679,144140700,2882814.0,1000000.0,0.6937665766851416,6
Pacera,sellers,50,43680,2184000,43680.0,43680.0,2.0,0
Pacera,sellers,11650,43684,508918600,10178372.0,1000000.0,0.19649507799479132,7
Pacera,sellers,600,43687,26212200,524244.0,524244.0,2.0,5
Pacera,sellers,75,43690,3276750,65535.0,65535.0,2.0,1
Pacera,sellers,700,43800,30660000,613200.0,613200.0,2.0,5
Pacera,sellers,4500,43800,197100000,3942000.0,1000000.0,0.5073566717402334,7
Pacera,sellers,175,43871,7677425,153548.5,153548.5,2.0,3
Pacera,sellers,3150,43885,138237750,2764755.0,1000000.0,0.7233914035782556,6
Pacera,sellers,3325,43888,145927600,2918552.0,1000000.0,0.6852713263289466,6
Pacera,sellers,100,45000,4500000,90000.0,90000.0,2.0,2
Pacera,sellers,250,49479,12369750,247395.0,247395.0,2.0,4
Pacera,sellers,500,49489,24744500,494890.0,494890.0,2.0,5
Pacera,buyers,9775,42821,418575275,8371505.5,1000000.0,0.23890565442500158,7
Pacera,buyers,2475,42819,105977025,2119540.5,1000000.0,0.9436007474261521,6
Pacera,buyers,31150,42818,1333780700,26675614.0,1000000.0,0.07497484406544494,8
Pacera,buyers,3350,42815,143430250,2868605.0,1000000.0,0.6972029958812733,6
Pacera,buyers,25,42812,1070300,21406.0,21406.0,2.0,0
Pacera,buyers,17525,42807,750192675,15003853.5,1000000.0,0.13329908879742128,8
Pacera,buyers,150,42485,6372750,127455.0,127455.0,2.0,3
Pacera,buyers,100,42469,4246900,84938.0,84938.0,2.0,2
Pacera,buyers,100,41834,4183400,83668.0,83668.0,2.0,2
Pacera,buyers,75,41686,3126450,62529.0,62529.0,2.0,1
Pacera,buyers,2825,40046,113129950,2262599.0,1000000.0,0.8839392221069664,6
Pacera,buyers,42625,42,1790250,35805.0,35805.0,2.0,8
Pacera,buyers,64000,1,64000,1280.0,1280.0,2.0,8
Pacera,buyers,64000,1,64000,1280.0,1280.0,2.0,8
Peloria,sellers,650,38992,25344800,506896.0,506896.0,2.0,5
Peloria,sellers,12000,38993,467916000,9358320.0,1000000.0,0.21371357252156373,7
Peloria,sellers,250,38994,9748500,194970.0,194970.0,2.0,4
Peloria,sellers,200,38999,7799800,155996.0,155996.0,2.0,3
Peloria,sellers,28975,39000,1130025000,22600500.0,1000000.0,0.08849361739784518,8
Peloria,sellers,550,39167,21541850,430837.0,430837.0,2.0,5
Peloria,sellers,375,39179,14692125,293842.5,293842.5,2.0,5
Peloria,sellers,100,39185,3918500,78370.0,78370.0,2.0,2
Peloria,sellers,925,39187,36247975,724959.5,724959.5,2.0,5
Peloria,sellers,2800,39189,109729200,2194584.0,1000000.0,0.9113344488066987,6
Peloria,sellers,38625,39732,1534648500,30692970.0,1000000.0,0.06516150115156663,8
Peloria,sellers,4500,39763,178933500,3578670.0,1000000.0,0.5588668415919881,7
Peloria,sellers,225,39764,8946900,178938.0,178938.0,2.0,4
Peloria,sellers,50,39800,1990000,39800.0,39800.0,2.0,0
Peloria,sellers,225,39880,8973000,179460.0,179460.0,2.0,4
Peloria,sellers,500,39883,19941500,398830.0,398830.0,2.0,5
Peloria,sellers,700,39888,27921600,558432.0,558432.0,2.0,5
Peloria,sellers,2975,39897,118693575,2373871.5,1000000.0,0.8425055863386034,6
Peloria,buyers,4050,37155,150477750,3009555.0,1000000.0,0.6645500746788147,7
Peloria,buyers,2750,37154,102173500,2043470.0,1000000.0,0.9787273608127351,6
Peloria,buyers,36550,37153,1357942150,27158843.0,1000000.0,0.0736408395600652,8
Peloria,buyers,2200,37151,81732200,1634644.0,1000000.0,1.2235079931777195,6
Peloria,buyers,5550,37133,206088150,4121763.0,1000000.0,0.4852292574803549,7
Peloria,buyers,60725,37132,2254840700,45096814.0,1000000.0,0.044349030953716596,8
Peloria,buyers,51375,37124,1907245500,38144910.0,1000000.0,0.05243163504645836,8
Peloria,buyers,61450,37119,2280962550,45619251.0,1000000.0,0.043841140662305045,8
Peloria,buyers,33650,37113,1248852450,24977049.0,1000000.0,0.08007351068574994,8
Peloria,buyers,5125,37111,190193875,3803877.5,1000000.0,0.5257792870564313,7
Peloria,buyers,50,37100,1855000,37100.0,37100.0,2.0,0
Peloria,buyers,40475,36332,1470537700,29410754.0,1000000.0,0.0680023368323029,8
Peloria,buyers,5950,36330,216163500,4323270.0,1000000.0,0.4626127907810523,7
Peloria,buyers,125,36320,4540000,90800.0,90800.0,2.0,3
Peloria,buyers,26600,36318,966058800,19321176.0,1000000.0,0.10351336792336036,8
Peloria,buyers,100,36311,3631100,72622.0,72622.0,2.0,2
Peloria,buyers,1000,36301,36301000,726020.0,726020.0,2.0,6
Peloria,buyers,125,36135,4516875,90337.5,90337.5,2.0,3
Peloria,buyers,25,36134,903350,18067.0,18067.0,2.0,0
Peloria,buyers,25,36133,903325,18066.5,18066.5,2.0,0
Peloria,buyers,1650,36132,59617800,1192356.0,1000000.0,1.6773513950531553,6
Peloria,buyers,100,36131,3613100,72262.0,72262.0,2.0,2
Peloria,buyers,25,36127,903175,18063.5,18063.5,2.0,0
Peloria,buyers,200,36125,7225000,144500.0,144500.0,2.0,3
Peloria,buyers,50,36122,1806100,36122.0,36122.0,2.0,0
Peloria,buyers,100,36117,3611700,72234.0,72234.0,2.0,2
Peloria,buyers,100,36112,3611200,72224.0,72224.0,2.0,2
Peloria,buyers,75,36110,2708250,54165.0,54165.0,2.0,1
Peloria,buyers,6900,36100,249090000,4981800.0,1000000.0,0.4014613192018949,7
Peloria,buyers,1075,36040,38743000,774860.0,774860.0,2.0,6
Peloria,buyers,100,36032,3603200,72064.0,72064.0,2.0,2
Peloria,buyers,2550,36014,91835700,1836714.0,1000000.0,1.0889011571752598,6
Peloria,buyers,5425,36000,195300000,3906000.0,1000000.0,0.5120327700972862,7
Peloria,buyers,25,35531,888275,17765.5,17765.5,2.0,0
Peloria,buyers,300,35517,10655100,213102.0,213102.0,2.0,4
Peloria,buyers,25,35221,880525,17610.5,17610.5,2.0,0
Peloria,buyers,50,35100,1755000,35100.0,35100.0,2.0,0
Peloria,buyers,875,35051,30669625,613392.5,613392.5,2.0,5
Peloria,buyers,125,32606,4075750,81515.0,81515.0,2.0,3
Peloria,buyers,25,32605,815125,16302.5,16302.5,2.0,0
Peloria,buyers,100,32603,3260300,65206.0,65206.0,2.0,2
Peloria,buyers,150,32600,4890000,97800.0,97800.0,2.0,3
Peloria,buyers,150,32500,4875000,97500.0,97500.0,2.0,3
Peloria,buyers,500,32013,16006500,320130.0,320130.0,2.0,5
Peloria,buyers,1100,32012,35213200,704264.0,704264.0,2.0,6
Peloria,buyers,100,32010,3201000,64020.0,64020.0,2.0,2
Peloria,buyers,50,31602,1580100,31602.0,31602.0,2.0,0
Peloria,buyers,100,31551,3155100,63102.0,63102.0,2.0,2
Peloria,buyers,925,31500,29137500,582750.0,582750.0,2.0,5
Peloria,buyers,100,3634,363400,7268.0,7268.0,2.0,2
Peloria,buyers,39300,39,1532700,30654.0,30654.0,2.0,8
Penumbra,sellers,125,24481,3060125,61202.5,61202.5,2.0,3
Penumbra,sellers,75,24482,1836150,36723.0,36723.0,2.0,1
Penumbra,sellers,200,24483,4896600,97932.0,97932.0,2.0,3
Penumbra,sellers,175,24484,4284700,85694.0,85694.0,2.0,3
Penumbra,sellers,200,24485,4897000,97940.0,97940.0,2.0,3
Penumbra,sellers,200,24487,4897400,97948.0,97948.0,2.0,3
Penumbra,sellers,100,24490,2449000,48980.0,48980.0,2.0,2
Penumbra,sellers,25,24500,612500,12250.0,12250.0,2.0,0
Penumbra,sellers,125,24977,3122125,62442.5,62442.5,2.0,3
Penumbra,buyers,400,20038,8015200,160304.0,160304.0,2.0,5
Penumbra,buyers,350,20037,7012950,140259.0,140259.0,2.0,5
Penumbra,buyers,425,20035,8514875,170297.5,170297.5,2.0,5
Penumbra,buyers,275,20033,5509075,110181.5,110181.5,2.0,4
Penumbra,buyers,450,20022,9009900,180198.0,180198.0,2.0,5
Penumbra,buyers,800,20020,16016000,320320.0,320320.0,2.0,5
Penumbra,buyers,50,19024,951200,19024.0,19024.0,2.0,0
Penumbra,buyers,25,19014,475350,9507.0,9507.0,2.0,0
Penumbra,buyers,125,19012,2376500,47530.0,47530.0,2.0,3
Penumbra,buyers,75,18557,1391775,27835.5,27835.5,2.0,1
Penumbra,buyers,25,18502,462550,9251.0,9251.0,2.0,0
Penumbra,buyers,25,25,625,12.5,20.0,3.2,0
Premia,sellers,25,38900,972500,19450.0,19450.0,2.0,0
Premia,sellers,400,38949,15579600,311592.0,311592.0,2.0,5
Premia,sellers,2375,38950,92506250,1850125.0,1000000.0,1.0810080399972974,6
Premia,sellers,100,38986,3898600,77972.0,77972.0,2.0,2
Premia,sellers,1800,38987,70176600,1403532.0,1000000.0,1.4249764166403045,6
Premia,sellers,125,38990,4873750,97475.0,97475.0,2.0,3
Premia,sellers,500,38990,19495000,389900.0,389900.0,2.0,5
Premia,sellers,1025,38999,39973975,799479.5,799479.5,2.0,6
Premia,sellers,50,39395,1969750,39395.0,39395.0,2.0,0
Premia,sellers,150,39398,5909700,118194.0,118194.0,2.0,3
Premia,sellers,250,40493,10123250,202465.0,202465.0,2.0,4
Premia,sellers,100,40998,4099800,81996.0,81996.0,2.0,2
Premia,sellers,150,42499,6374850,127497.0,127497.0,2.0,3
Premia,buyers,1700,37700,64090000,1281800.0,1000000.0,1.5603058199407085,6
Premia,buyers,250,37414,9353500,187070.0,187070.0,2.0,4
Premia,buyers,350,37413,13094550,261891.0,261891.0,2.0,5
Premia,buyers,475,37400,17765000,355300.0,355300.0,2.0,5
Premia,buyers,48750,37302,1818472500,36369450.0,1000000.0,0.054991208280576145,8
Premia,buyers,50,37301,1865050,37301.0,37301.0,2.0,0
Premia,buyers,2300,37300,85790000,1715800.0,1000000.0,1.1656370206317752,6
Premia,buyers,25,37115,927875,18557.5,18557.5,2.0,0
Premia,buyers,500,37110,18555000,371100.0,371100.0,2.0,5
Premia,buyers,100,37107,3710700,74214.0,74214.0,2.0,2
Premia,buyers,1300,36900,47970000,959400.0,959400.0,2.0,6
Premia,buyers,125,36724,4590500,91810.0,91810.0,2.0,3
Premia,buyers,25,36720,918000,18360.0,18360.0,2.0,0
Premia,buyers,64000,36509,2336576000,46731520.0,1000000.0,0.04279766632885042,8
Premia,buyers,5200,1,5200,104.0,104.0,2.0,7
Quelibra,sellers,39700,41999,1667360300,33347206.0,1000000.0,0.059975039588024255,8
Quelibra,buyers,75,39111,2933325,58666.5,58666.5,2.0,1
Quelibra,buyers,25,39110,977750,19555.0,19555.0,2.0,0
Quelibra,buyers,43100,39101,1685253100,33705062.0,1000000.0,0.059338267943254336,8
Quelibra,buyers,225,39100,8797500,175950.0,175950.0,2.0,4
Quelibra,buyers,800,39081,31264800,625296.0,625296.0,2.0,5
Quelibra,buyers,175,39079,6838825,136776.5,136776.5,2.0,3
Quelibra,buyers,250,39075,9768750,195375.0,195375.0,2.0,4
Quelibra,buyers,525,39073,20513325,410266.5,410266.5,2.0,5
Quelibra,buyers,25,39072,976800,19536.0,19536.0,2.0,0
Quelibra,buyers,2200,39061,85934200,1718684.0,1000000.0,1.1636810489886449,6
Quelibra,buyers,25,39059,976475,19529.5,19529.5,2.0,0
Quelibra,buyers,500,39048,19524000,390480.0,390480.0,2.0,5
Quelibra,buyers,25,39036,975900,19518.0,19518.0,2.0,0
Quelibra,buyers,250,39026,9756500,195130.0,195130.0,2.0,4
Quelibra,buyers,25,39024,975600,19512.0,19512.0,2.0,0
Quelibra,buyers,25,39012,975300,19506.0,19506.0,2.0,0
Quelibra,buyers,325,39000,12675000,253500.0,253500.0,2.0,4
Quelibra,buyers,900,38965,35068500,701370.0,701370.0,2.0,5
Quelibra,buyers,63675,38964,2481032700,49620654.0,1000000.0,0.04030579685628489,8
Quelibra,buyers,3000,38961,116883000,2337660.0,1000000.0,0.8555564111119667,6
Quelibra,buyers,57250,38952,2230002000,44600040.0,1000000.0,0.04484300910940887,8
Quelibra,buyers,25,38836,970900,19418.0,19418.0,2.0,0
Quelibra,buyers,3600,38819,139748400,2794968.0,1000000.0,0.7155716988530817,7
Quelibra,buyers,500,38505,19252500,385050.0,385050.0,2.0,5
Quelibra,buyers,25,38204,955100,19102.0,19102.0,2.0,0
Quelibra,buyers,750,38157,28617750,572355.0,572355.0,2.0,5
Quelibra,buyers,275,38152,10491800,209836.0,209836.0,2.0,4
Quelibra,buyers,50,37813,1890650,37813.0,37813.0,2.0,0
Quelibra,buyers,25,37808,945200,18904.0,18904.0,2.0,0
Quelibra,buyers,50,37805,1890250,37805.0,37805.0,2.0,0
Quelibra,buyers,25,37802,945050,18901.0,18901.0,2.0,0
Quelibra,buyers,25,37010,925250,18505.0,18505.0,2.0,0
Quelibra,buyers,1575,37008,58287600,1165752.0,1000000.0,1.7156307688084602,6
Quelibra,buyers,325,37001,12025325,240506.5,240506.5,2.0,4
Quelibra,buyers,250,37000,9250000,185000.0,185000.0,2.0,4
Quelibra,buyers,125,36712,4589000,91780.0,91780.0,2.0,3
Quelibra,buyers,500,36600,18300000,366000.0,366000.0,2.0,5
Quelibra,buyers,2975,36511,108620225,2172404.5,1000000.0,0.9206388589233727,6
Quelibra,buyers,50,36501,1825050,36501.0,36501.0,2.0,0
Quelibra,buyers,100,36199,3619900,72398.0,72398.0,2.0,2
Quelibra,buyers,250,36182,9045500,180910.0,180910.0,2.0,4
Quelibra,buyers,4325,36111,156180075,3123601.5,1000000.0,0.640286541032843,7
Quelibra,buyers,1375,36089,49622375,992447.5,992447.5,2.0,6
Quelibra,buyers,3250,35066,113964500,2279290.0,1000000.0,0.87746622851853,6
Quelibra,buyers,150,33003,4950450,99009.0,99009.0,2.0,3
Quelibra,buyers,50,32001,1600050,32001.0,32001.0,2.0,0
Quelibra,buyers,38750,42,1627500,32550.0,32550.0,2.0,8
Quelibra,buyers,61250,1,61250,1225.0,1225.0,2.0,8
Quidera,sellers,2425,39749,96391325,1927826.5,1000000.0,1.0374377569765745,6
Quidera,sellers,10000,39750,397500000,7950000.0,1000000.0,0.25157232704402516,7
Quidera,sellers,2200,39887,87751400,1755028.0,1000000.0,1.1395829582206096,6
Quidera,sellers,22675,39989,906750575,18135011.5,1000000.0,0.11028391131706755,8
Quidera,sellers,50,39992,1999600,39992.0,39992.0,2.0,0
Quidera,sellers,150,41000,6150000,123000.0,123000.0,2.0,3
Quidera,buyers,1450,39201,56841450,1136829.0,1000000.0,1.7592795398428434,6
Quidera,buyers,125,39201,4900125,98002.5,98002.5,2.0,3
Quidera,buyers,150,39125,5868750,117375.0,117375.0,2.0,3
Quidera,buyers,200,38894,7778800,155576.0,155576.0,2.0,3
Quidera,buyers,10825,38711,419046575,8380931.5,1000000.0,0.23863695819492142,7
Quidera,buyers,64000,38708,2477312000,49546240.0,1000000.0,0.04036633254107678,8
Quidera,buyers,25,38706,967650,19353.0,19353.0,2.0,0
Quidera,buyers,18675,38699,722703825,14454076.5,1000000.0,0.13836926904323496,8
Quidera,buyers,25,38506,962650,19253.0,19253.0,2.0,0
Quidera,buyers,2200,38505,84711000,1694220.0,1000000.0,1.1804842346330466,6
Quidera,buyers,7650,38111,291549150,5830983.0,1000000.0,0.3429953405797959,7
Quidera,buyers,775,38062,29498050,589961.0,589961.0,2.0,5
Quidera,buyers,100,38061,3806100,76122.0,76122.0,2.0,2
Quidera,buyers,250,37302,9325500,186510.0,186510.0,2.0,4
Quidera,buyers,100,37106,3710600,74212.0,74212.0,2.0,2
Quidera,buyers,250,37059,9264750,185295.0,185295.0,2.0,4
Quidera,buyers,425,37054,15747950,314959.0,314959.0,2.0,5
Quidera,buyers,21375,37052,791986500,15839730.0,1000000.0,0.12626477850316895,8
Quidera,buyers,25,37040,926000,18520.0,18520.0,2.0,0
Quidera,buyers,2550,37025,94413750,1888275.0,1000000.0,1.059167758933418,6
Quidera,buyers,50,37021,1851050,37021.0,37021.0,2.0,0
Quidera,buyers,25,36430,910750,18215.0,18215.0,2.0,0
Quidera,buyers,100,36403,3640300,72806.0,72806.0,2.0,2
Quidera,buyers,75,36381,2728575,54571.5,54571.5,2.0,1
Quidera,buyers,75,36375,2728125,54562.5,54562.5,2.0,1
Quidera,buyers,100,36370,3637000,72740.0,72740.0,2.0,2
Quidera,buyers,25,36364,909100,18182.0,18182.0,2.0,0
Quidera,buyers,25,36358,908950,18179.0,18179.0,2.0,0
Quidera,buyers,250,36350,9087500,181750.0,181750.0,2.0,4
Quidera,buyers,25,36212,905300,18106.0,18106.0,2.0,0
Quidera,buyers,25,36201,905025,18100.5,18100.5,2.0,0
Quidera,buyers,100,36191,3619100,72382.0,72382.0,2.0,2
Quidera,buyers,75,36149,2711175,54223.5,54223.5,2.0,1
Quidera,buyers,25,36009,900225,18004.5,18004.5,2.0,0
Quidera,buyers,50,36007,1800350,36007.0,36007.0,2.0,0
Quidera,buyers,225,36001,8100225,162004.5,162004.5,2.0,4
Quidera,buyers,100,35710,3571000,71420.0,71420.0,2.0,2
Quidera,buyers,50,35627,1781350,35627.0,35627.0,2.0,0
Quidera,buyers,25,35609,890225,17804.5,17804.5,2.0,0
Quidera,buyers,100,35556,3555600,71112.0,71112.0,2.0,2
Quidera,buyers,1875,35512,66585000,1331700.0,1000000.0,1.5018397536982804,6
Quidera,buyers,25,35273,881825,17636.5,17636.5,2.0,0
Quidera,buyers,25,35121,878025,17560.5,17560.5,2.0,0
Quidera,buyers,50,35075,1753750,35075.0,35075.0,2.0,0
Quidera,buyers,500,31033,15516500,310330.0,310330.0,2.0,5
Quidera,buyers,50,31032,1551600,31032.0,31032.0,2.0,0
Quidera,buyers,100,31030,3103000,62060.0,62060.0,2.0,2
Quidera,buyers,250,1001,250250,5005.0,5005.0,2.0,4
Quidera,buyers,34375,77,2646875,52937.5,52937.5,2.0,8
Quidera,buyers,6750,75,506250,10125.0,10125.0,2.0,7
Quintera,sellers,450,40362,18162900,363258.0,363258.0,2.0,5
Quintera,sellers,125,40390,5048750,100975.0,100975.0,2.0,3
Quintera,sellers,13475,40391,544268725,10885374.5,1000000.0,0.18373276913899472,7
Quintera,sellers,4375,40393,176719375,3534387.5,1000000.0,0.5658689093937775,7
Quintera,sellers,225,40395,9088875,181777.5,181777.5,2.0,4
Quintera,sellers,25,40400,1010000,20200.0,20200.0,2.0,0
Quintera,sellers,25,40425,1010625,20212.5,20212.5,2.0,0
Quintera,sellers,100,40438,4043800,80876.0,80876.0,2.0,2
Quintera,sellers,4625,40444,187053500,3741070.0,1000000.0,0.5346064093962423,7
Quintera,sellers,1075,40997,44071775,881435.5,881435.5,2.0,6
Quintera,sellers,25,393999,9849975,196999.5,196999.5,2.0,0
Quintera,buyers,7000,39055,273385000,5467700.0,1000000.0,0.3657845163414232,7
Quintera,buyers,14075,39054,549685050,10993701.0,1000000.0,0.18192235717525881,7
Quintera,buyers,11750,39053,458872750,9177455.0,1000000.0,0.21792533986818788,7
Quintera,buyers,150,39052,5857800,117156.0,117156.0,2.0,3
Quintera,buyers,325,39051,12691575,253831.5,253831.5,2.0,4
Quintera,buyers,50,39050,1952500,39050.0,39050.0,2.0,0
Quintera,buyers,100,39040,3904000,78080.0,78080.0,2.0,2
Quintera,buyers,5250,39034,204928500,4098570.0,1000000.0,0.4879750742332082,7
Quintera,buyers,49000,39032,1912568000,38251360.0,1000000.0,0.05228572265142991,8
Quintera,buyers,7725,39022,301444950,6028899.0,1000000.0,0.33173552915714793,7
Quintera,buyers,50,39014,1950700,39014.0,39014.0,2.0,0
Quintera,buyers,75,39001,2925075,58501.5,58501.5,2.0,1
Quintera,buyers,25,38587,964675,19293.5,19293.5,2.0,0
Quintera,buyers,50,38558,1927900,38558.0,38558.0,2.0,0
Quintera,buyers,50,38555,1927750,38555.0,38555.0,2.0,0
Quintera,buyers,50,38507,1925350,38507.0,38507.0,2.0,0
Quintera,buyers,2500,38220,95550000,1911000.0,1000000.0,1.0465724751439036,6
Quintera,buyers,25,38205,955125,19102.5,19102.5,2.0,0
Quintera,buyers,225,38153,8584425,171688.5,171688.5,2.0,4
Quintera,buyers,50,38113,1905650,38113.0,38113.0,2.0,0
Quintera,buyers,400,38006,15202400,304048.0,304048.0,2.0,5
Quintera,buyers,100,37730,3773000,75460.0,75460.0,2.0,2
Quintera,buyers,1225,37615,46078375,921567.5,921567.5,2.0,6
Quintera,buyers,25,37100,927500,18550.0,18550.0,2.0,0
Quintera,buyers,25,37015,925375,18507.5,18507.5,2.0,0
Quintera,buyers,25,36466,911650,18233.0,18233.0,2.0,0
Quintera,buyers,750,36037,27027750,540555.0,540555.0,2.0,5
Quintera,buyers,25,36031,900775,18015.5,18015.5,2.0,0
Quintera,buyers,25,36026,900650,18013.0,18013.0,2.0,0
Quintera,buyers,2050,35892,73578600,1471572.0,1000000.0,1.3590908226033114,6
Quintera,buyers,25,35877,896925,17938.5,17938.5,2.0,0
Quintera,buyers,250,35861,8965250,179305.0,179305.0,2.0,4
Quintera,buyers,27400,39,1068600,21372.0,21372.0,2.0,8
Quintera,buyers,25,3,75,1.5,20.0,26.666666666666668,0
Quintera,buyers,25,3,75,1.5,20.0,26.666666666666668,0
Quintera,buyers,25,1,25,0.5,20.0,80.0,0
Rasteibra,sellers,21900,40755,892534500,17850690.0,1000000.0,0.11204048695036438,8
Rasteibra,sellers,16800,40768,684902400,13698048.0,1000000.0,0.14600620467967407,8
Rasteibra,sellers,7150,40770,291505500,5830110.0,1000000.0,0.34304670066259474,7
Rasteibra,sellers,4000,40777,163108000,3262160.0,1000000.0,0.6130907129018809,7
Rasteibra,buyers,48500,39351,1908523500,38170470.0,1000000.0,0.05239652537681616,8
Rasteibra,buyers,800,39350,31480000,629600.0,629600.0,2.0,5
Rasteibra,buyers,25150,39348,989602200,19792044.0,1000000.0,0.10105070502066386,8
Rasteibra,buyers,2450,39345,96395250,1927905.0,1000000.0,1.0373955148204916,6
Rasteibra,buyers,300,39343,11802900,236058.0,236058.0,2.0,4
Rasteibra,buyers,175,39342,6884850,137697.0,137697.0,2.0,3
Rasteibra,buyers,500,39340,19670000,393400.0,393400.0,2.0,5
Rasteibra,buyers,25,39339,983475,19669.5,19669.5,2.0,0
Rasteibra,buyers,250,39337,9834250,196685.0,196685.0,2.0,4
Rasteibra,buyers,125,39332,4916500,98330.0,98330.0,2.0,3
Rasteibra,buyers,150,39331,5899650,117993.0,117993.0,2.0,3
Rasteibra,buyers,350,39330,13765500,275310.0,275310.0,2.0,5
Rasteibra,buyers,63875,39328,2512076000,50241520.0,1000000.0,0.03980771282397507,8
Rasteibra,buyers,1800,39326,70786800,1415736.0,1000000.0,1.412692761927365,6
Rasteibra,buyers,500,39325,19662500,393250.0,393250.0,2.0,5
Rasteibra,buyers,125,39317,4914625,98292.5,98292.5,2.0,3
Rasteibra,buyers,475,39307,18670825,373416.5,373416.5,2.0,5
Rasteibra,buyers,2000,39000,78000000,1560000.0,1000000.0,1.282051282051282,6
Rasteibra,buyers,50,38822,1941100,38822.0,38822.0,2.0,0
Rasteibra,buyers,25,38810,970250,19405.0,19405.0,2.0,0
Rasteibra,buyers,250,38705,9676250,193525.0,193525.0,2.0,4
Rasteibra,buyers,325,38703,12578475,251569.5,251569.5,2.0,4
Rasteibra,buyers,3350,38620,129377000,2587540.0,1000000.0,0.7729349111511319,6
Rasteibra,buyers,2000,38520,77040000,1540800.0,1000000.0,1.2980269989615785,6
Rasteibra,buyers,75,38307,2873025,57460.5,57460.5,2.0,1
Rasteibra,buyers,150,38250,5737500,114750.0,114750.0,2.0,3
Rasteibra,buyers,3000,38226,114678000,2293560.0,1000000.0,0.8720068365335985,6
Rasteibra,buyers,25,38202,955050,19101.0,19101.0,2.0,0
Rasteibra,buyers,5325,37600,200220000,4004400.0,1000000.0,0.49945060433523125,7
Rasteibra,buyers,200,37571,7514200,150284.0,150284.0,2.0,3
Rasteibra,buyers,50,37301,1865050,37301.0,37301.0,2.0,0
Rasteibra,buyers,250,37283,9320750,186415.0,186415.0,2.0,4
Rasteibra,buyers,25,37261,931525,18630.5,18630.5,2.0,0
Rasteibra,buyers,75,37258,2794350,55887.0,55887.0,2.0,1
Rasteibra,buyers,300,37145,11143500,222870.0,222870.0,2.0,4
Rasteibra,buyers,475,36511,17342725,346854.5,346854.5,2.0,5
Rasteibra,buyers,1450,36418,52806100,1056122.0,1000000.0,1.8937206118232555,6
Rasteibra,buyers,75,36400,2730000,54600.0,54600.0,2.0,1
Rasteibra,buyers,1100,36350,39985000,799700.0,799700.0,2.0,6
Rasteibra,buyers,3175,36348,115404900,2308098.0,1000000.0,0.8665143334468467,6
Rasteibra,buyers,8850,36256,320865600,6417312.0,1000000.0,0.31165696790182557,7
Rasteibra,buyers,500,36255,18127500,362550.0,362550.0,2.0,5
Rasteibra,buyers,25,36254,906350,18127.0,18127.0,2.0,0
Rasteibra,buyers,1000,35500,35500000,710000.0,710000.0,2.0,6
Rasteibra,buyers,50,34000,1700000,34000.0,34000.0,2.0,0
Rasteibra,buyers,34100,38,1295800,25916.0,25916.0,2.0,8
Rasteibra,buyers,4700,5,23500,470.0,470.0,2.0,7
Rasteibra,buyers,37250,1,37250,745.0,745.0,2.0,8
Rasteibra,buyers,59325,1,59325,1186.5,1186.5,2.0,8
Refugia,sellers,25,43600,1090000,21800.0,21800.0,2.0,0
Refugia,sellers,8200,43670,358094000,7161880.0,1000000.0,0.2792562846626863,7
Refugia,sellers,8050,43672,351559600,7031192.0,1000000.0,0.2844467908144167,7
Refugia,sellers,18600,43673,812317800,16246356.0,1000000.0,0.12310452879402617,8
Refugia,sellers,100,43680,4368000,87360.0,87360.0,2.0,2
Refugia,sellers,25,44442,1111050,22221.0,22221.0,2.0,0
Refugia,sellers,3850,44444,171109400,3422188.0,1000000.0,0.5844214286298708,7
Refugia,sellers,22525,44991,1013422275,20268445.5,1000000.0,0.0986755496369961,8
Refugia,sellers,64000,45999,2943936000,58878720.0,1000000.0,0.03396812974195091,8
Refugia,buyers,700,42020,29414000,588280.0,588280.0,2.0,5
Refugia,buyers,3500,42017,147059500,2941190.0,1000000.0,0.6799968720143887,7
Refugia,buyers,25575,41858,1070518350,21410367.0,1000000.0,0.09341269115097374,8
Refugia,buyers,4175,41857,174752975,3495059.5,1000000.0,0.5722363238737423,7
Refugia,buyers,100,41850,4185000,83700.0,83700.0,2.0,2
Refugia,buyers,225,41844,9414900,188298.0,188298.0,2.0,4
Refugia,buyers,100,41840,4184000,83680.0,83680.0,2.0,2
Refugia,buyers,14525,41832,607609800,12152196.0,1000000.0,0.16457930731202822,7
Refugia,buyers,25,41825,1045625,20912.5,20912.5,2.0,0
Refugia,buyers,125,41800,5225000,104500.0,104500.0,2.0,3
Refugia,buyers,25,41548,1038700,20774.0,20774.0,2.0,0
Refugia,buyers,50,40908,2045400,40908.0,40908.0,2.0,0
Refugia,buyers,100,40907,4090700,81814.0,81814.0,2.0,2
Refugia,buyers,250,40904,10226000,204520.0,204520.0,2.0,4
Refugia,buyers,1625,40650,66056250,1321125.0,1000000.0,1.5138612924590784,6
Refugia,buyers,25,40593,1014825,20296.5,20296.5,2.0,0
Refugia,buyers,1325,40571,53756575,1075131.5,1000000.0,1.8602375616378088,6
Refugia,buyers,200,40550,8110000,162200.0,162200.0,2.0,3
Refugia,buyers,50,40517,2025850,40517.0,40517.0,2.0,0
Refugia,buyers,125,40516,5064500,101290.0,101290.0,2.0,3
Refugia,buyers,275,40203,11055825,221116.5,221116.5,2.0,4
Refugia,buyers,50,40202,2010100,40202.0,40202.0,2.0,0
Refugia,buyers,2125,40036,85076500,1701530.0,1000000.0,1.1754127167901829,6
Refugia,buyers,42525,42,1786050,35721.0,35721.0,2.0,8
Refugia,buyers,2275,1,2275,45.5,45.5,2.0,6
Retalia,sellers,3325,38450,127846250,2556925.0,1000000.0,0.7821895440812694,6
Retalia,sellers,475,38493,18284175,365683.5,365683.5,2.0,5
Retalia,sellers,300,38494,11548200,230964.0,230964.0,2.0,4
Retalia,sellers,16350,38495,629393250,12587865.0,1000000.0,0.15888317836265323,8
Retalia,sellers,1000,38998,38998000,779960.0,779960.0,2.0,6
Retalia,sellers,50,38999,1949950,38999.0,38999.0,2.0,0
Retalia,sellers,25,39429,985725,19714.5,19714.5,2.0,0
Retalia,sellers,125,39431,4928875,98577.5,98577.5,2.0,3
Retalia,sellers,50,39442,1972100,39442.0,39442.0,2.0,0
Retalia,sellers,12750,39444,502911000,10058220.0,1000000.0,0.198842339897119,7
Retalia,sellers,12725,39500,502637500,10052750.0,1000000.0,0.19895053592300616,7
Retalia,sellers,2900,40000,116000000,2320000.0,1000000.0,0.8620689655172413,6
Retalia,buyers,50,34503,1725150,34503.0,34503.0,2.0,0
Retalia,buyers,25,34502,862550,17251.0,17251.0,2.0,0
Retalia,buyers,25,34501,862525,17250.5,17250.5,2.0,0
Retalia,buyers,25,34500,862500,17250.0,17250.0,2.0,0
Retalia,buyers,100,34010,3401000,68020.0,68020.0,2.0,2
Retalia,buyers,100,34009,3400900,68018.0,68018.0,2.0,2
Retalia,buyers,2500,34008,85020000,1700400.0,1000000.0,1.1761938367442955,6
Retalia,buyers,25,34007,850175,17003.5,17003.5,2.0,0
Retalia,buyers,100,34005,3400500,68010.0,68010.0,2.0,2
Retalia,buyers,50,34000,1700000,34000.0,34000.0,2.0,0
Retalia,buyers,75,34000,2550000,51000.0,51000.0,2.0,1
Retalia,buyers,100,33610,3361000,67220.0,67220.0,2.0,2
Retalia,buyers,1675,33609,56295075,1125901.5,1000000.0,1.7763543258446677,6
Retalia,buyers,100,33608,3360800,67216.0,67216.0,2.0,2
Retalia,buyers,75,33516,2513700,50274.0,50274.0,2.0,1
Retalia,buyers,15025,33515,503562875,10071257.5,1000000.0,0.19858493341074834,8
Retalia,buyers,11300,32808,370730400,7414608.0,1000000.0,0.26973779328590264,7
Retalia,buyers,6200,32798,203347600,4066952.0,1000000.0,0.49176877425649473,7
Retalia,buyers,250,32779,8194750,163895.0,163895.0,2.0,4
Retalia,buyers,400,32778,13111200,262224.0,262224.0,2.0,5
Retalia,buyers,10925,32705,357302125,7146042.5,1000000.0,0.27987518965917146,7
Retalia,buyers,47575,1,47575,951.5,951.5,2.0,8
Secura,sellers,2000,44966,89932000,1798640.0,1000000.0,1.1119512520571098,6
Secura,sellers,25025,44969,1125349225,22506984.5,1000000.0,0.08886130436531824,8
Secura,sellers,1825,44970,82070250,1641405.0,1000000.0,1.218468324392822,6
Secura,sellers,9200,44980,413816000,8276320.0,1000000.0,0.24165329518433315,7
Secura,sellers,425,45000,19125000,382500.0,382500.0,2.0,5
Secura,sellers,175,45000,7875000,157500.0,157500.0,2.0,3
Secura,sellers,2000,45966,91932000,1838640.0,1000000.0,1.0877605186442154,6
Secura,sellers,7425,46666,346495050,6929901.0,1000000.0,0.2886044115204532,7
Secura,sellers,50,46900,2345000,46900.0,46900.0,2.0,0
Secura,sellers,64000,52943,3388352000,67767040.0,1000000.0,0.029512872334397373,8
Secura,sellers,2975,52955,157541125,3150822.5,1000000.0,0.6347548933651451,6
Secura,buyers,29250,43231,1264506750,25290135.0,1000000.0,0.07908221921314378,8
Secura,buyers,21225,43230,917556750,18351135.0,1000000.0,0.10898508457378796,8
Secura,buyers,16400,43228,708939200,14178784.0,1000000.0,0.14105581973743306,8
Secura,buyers,12875,43227,556547625,11130952.5,1000000.0,0.17967914246332467,7
Secura,buyers,20225,43226,874245850,17484917.0,1000000.0,0.11438430048023676,8
Secura,buyers,13750,43224,594330000,11886600.0,1000000.0,0.1682566924099406,7
Secura,buyers,28800,43222,1244793600,24895872.0,1000000.0,0.08033460326274171,8
Secura,buyers,4350,42922,186710700,3734214.0,1000000.0,0.5355879443438432,7
Secura,buyers,21625,42912,927972000,18559440.0,1000000.0,0.10776187212545206,8
Secura,buyers,15725,42910,674759750,13495195.0,1000000.0,0.1482008966895254,8
Secura,buyers,150,42909,6436350,128727.0,128727.0,2.0,3
Secura,buyers,16350,42904,701480400,14029608.0,1000000.0,0.1425556580055551,8
Secura,buyers,15800,42750,675450000,13509000.0,1000000.0,0.1480494485158043,8
Secura,buyers,21850,42730,933650500,18673010.0,1000000.0,0.10710646007258603,8
Secura,buyers,5000,42010,210050000,4201000.0,1000000.0,0.476077124494168,7
Secura,buyers,4700,41827,196586900,3931738.0,1000000.0,0.508680893793025,7
Secura,buyers,47975,41807,2005690825,40113816.5,1000000.0,0.04985813304500707,8
Secura,buyers,925,41557,38440225,768804.5,768804.5,2.0,5
Secura,buyers,12050,41324,497954200,9959084.0,1000000.0,0.20082168199404685,7
Secura,buyers,10000,40500,405000000,8100000.0,1000000.0,0.24691358024691357,7
Secura,buyers,10000,40000,400000000,8000000.0,1000000.0,0.25,7
Secura,buyers,64000,39707,2541248000,50824960.0,1000000.0,0.03935074420127433,8
Secura,buyers,23250,102,2371500,47430.0,47430.0,2.0,8
Secura,buyers,250,2,500,10.0,20.0,4.0,4
Secura,buyers,250,1,250,5.0,20.0,8.0,4
Secura,buyers,6200,1,6200,124.0,124.0,2.0,7
Secura,buyers,250,1,250,5.0,20.0,8.0,4
Secura,buyers,5075,1,5075,101.5,101.5,2.0,7
Secura,buyers,250,1,250,5.0,20.0,8.0,4
Secura,buyers,64000,1,64000,1280.0,1280.0,2.0,8
Secura,buyers,64000,1,64000,1280.0,1280.0,2.0,8
Serdebra,sellers,15725,40742,640667950,12813359.0,1000000.0,0.15608709628755427,8
Serdebra,sellers,34850,40743,1419893550,28397871.0,1000000.0,0.07042781481752629,8
Serdebra,sellers,50,40745,2037250,40745.0,40745.0,2.0,0
Serdebra,sellers,600,40800,24480000,489600.0,489600.0,2.0,5
Serdebra,buyers,50,39400,1970000,39400.0,39400.0,2.0,0
Serdebra,buyers,175,39300,6877500,137550.0,137550.0,2.0,3
Serdebra,buyers,25,39000,975000,19500.0,19500.0,2.0,0
Serdebra,buyers,125,38506,4813250,96265.0,96265.0,2.0,3
Serdebra,buyers,36800,38501,1416836800,28336736.0,1000000.0,0.07057975908022716,8
Serdebra,buyers,3000,38500,115500000,2310000.0,1000000.0,0.8658008658008658,6
Serdebra,buyers,275,38406,10561650,211233.0,211233.0,2.0,4
Serdebra,buyers,200,38405,7681000,153620.0,153620.0,2.0,3
Serdebra,buyers,62775,38404,2410811100,48216222.0,1000000.0,0.041479815652084896,8
Serdebra,buyers,50,38403,1920150,38403.0,38403.0,2.0,0
Serdebra,buyers,1800,38401,69121800,1382436.0,1000000.0,1.4467215842180037,6
Serdebra,buyers,1925,38400,73920000,1478400.0,1000000.0,1.3528138528138527,6
Serdebra,buyers,5000,38300,191500000,3830000.0,1000000.0,0.5221932114882507,7
Serdebra,buyers,575,38263,22001225,440024.5,440024.5,2.0,5
Serdebra,buyers,300,38262,11478600,229572.0,229572.0,2.0,4
Serdebra,buyers,600,38261,22956600,459132.0,459132.0,2.0,5
Serdebra,buyers,125,38260,4782500,95650.0,95650.0,2.0,3
Serdebra,buyers,175,38258,6695150,133903.0,133903.0,2.0,3
Serdebra,buyers,250,38256,9564000,191280.0,191280.0,2.0,4
Serdebra,buyers,225,38116,8576100,171522.0,171522.0,2.0,4
Serdebra,buyers,100,38114,3811400,76228.0,76228.0,2.0,2
Serdebra,buyers,50,38110,1905500,38110.0,38110.0,2.0,0
Serdebra,buyers,25,38106,952650,19053.0,19053.0,2.0,0
Serdebra,buyers,900,38100,34290000,685800.0,685800.0,2.0,5
Serdebra,buyers,175,38013,6652275,133045.5,133045.5,2.0,3
Serdebra,buyers,125,38010,4751250,95025.0,95025.0,2.0,3
Serdebra,buyers,250,38006,9501500,190030.0,190030.0,2.0,4
Serdebra,buyers,25,37989,949725,18994.5,18994.5,2.0,0
Serdebra,buyers,125,37966,4745750,94915.0,94915.0,2.0,3
Serdebra,buyers,11075,37800,418635000,8372700.0,1000000.0,0.2388715707000131,7
Serdebra,buyers,25,37512,937800,18756.0,18756.0,2.0,0
Serdebra,buyers,25,37212,930300,18606.0,18606.0,2.0,0
Serdebra,buyers,25,37072,926800,18536.0,18536.0,2.0,0
Serdebra,buyers,25,36380,909500,18190.0,18190.0,2.0,0
Serdebra,buyers,75,36327,2724525,54490.5,54490.5,2.0,1
Serdebra,buyers,2350,36305,85316750,1706335.0,1000000.0,1.1721027816929266,6
Serdebra,buyers,44275,38,1682450,33649.0,33649.0,2.0,8
Serdebra,buyers,10000,10,100000,2000.0,2000.0,2.0,7
Serdebra,buyers,1975,2,3950,79.0,79.0,2.0,6
Serdebra,buyers,41800,1,41800,836.0,836.0,2.0,8
Serdebra,buyers,39900,1,39900,798.0,798.0,2.0,8
Serdebra,buyers,64000,1,64000,1280.0,1280.0,2.0,8
Serdebra,buyers,64000,1,64000,1280.0,1280.0,2.0,8
Serdebra,buyers,64000,1,64000,1280.0,1280.0,2.0,8
Serdebra,buyers,3400,1,3400,68.0,68.0,2.0,6
Serdebra,buyers,63700,1,63700,1274.0,1274.0,2.0,8
Serdebra,buyers,17500,1,17500,350.0,350.0,2.0,8
Serdebra,buyers,225,1,225,4.5,20.0,8.88888888888889,4
Serdebra,buyers,3050,1,3050,61.0,61.0,2.0,6
Serdebra,buyers,64000,1,64000,1280.0,1280.0,2.0,8
Serdebra,buyers,61500,1,61500,1230.0,1230.0,2.0,8
Solidera,sellers,3950,42437,167626150,3352523.0,1000000.0,0.5965656313170707,7
Solidera,sellers,4725,42438,200519550,4010391.0,1000000.0,0.4987044904100373,7
Solidera,sellers,1300,42440,55172000,1103440.0,1000000.0,1.812513593851954,6
Solidera,sellers,25,42442,1061050,21221.0,21221.0,2.0,0
Solidera,sellers,250,42443,10610750,212215.0,212215.0,2.0,4
Solidera,sellers,7225,42444,306657900,6133158.0,1000000.0,0.32609627862187796,7
Solidera,sellers,25,42447,1061175,21223.5,21223.5,2.0,0
Solidera,sellers,8000,42999,343992000,6879840.0,1000000.0,0.29070443498686016,7
Solidera,sellers,600,43200,25920000,518400.0,518400.0,2.0,5
Solidera,sellers,50,43899,2194950,43899.0,43899.0,2.0,0
Solidera,sellers,800,43899,35119200,702384.0,702384.0,2.0,5
Solidera,sellers,1850,43900,81215000,1624300.0,1000000.0,1.2312996367666071,6
Solidera,sellers,30025,43997,1321009925,26420198.5,1000000.0,0.07569965835040944,8
Solidera,buyers,150,39511,5926650,118533.0,118533.0,2.0,3
Solidera,buyers,125,39510,4938750,98775.0,98775.0,2.0,3
Solidera,buyers,125,39500,4937500,98750.0,98750.0,2.0,3
Solidera,buyers,150,39113,5866950,117339.0,117339.0,2.0,3
Solidera,buyers,30400,39112,1189004800,23780096.0,1000000.0,0.08410394979061481,8
Solidera,buyers,2975,39111,116355225,2327104.5,1000000.0,0.8594371245468349,6
Solidera,buyers,1400,39101,54741400,1094828.0,1000000.0,1.8267709631101872,6
Solidera,buyers,1000,39100,39100000,782000.0,782000.0,2.0,6
Solidera,buyers,7375,39000,287625000,5752500.0,1000000.0,0.3476749239461104,7
Solidera,buyers,58575,38890,2277981750,45559635.0,1000000.0,0.043898507966536604,8
Solidera,buyers,25,38889,972225,19444.5,19444.5,2.0,0
Solidera,buyers,1750,38886,68050500,1361010.0,1000000.0,1.469496917730215,6
Solidera,buyers,7875,38514,303297750,6065955.0,1000000.0,0.3297090070730825,7
Solidera,buyers,25,38510,962750,19255.0,19255.0,2.0,0
Solidera,buyers,25,38390,959750,19195.0,19195.0,2.0,0
Solidera,buyers,75,37600,2820000,56400.0,56400.0,2.0,1
Solidera,buyers,200,37516,7503200,150064.0,150064.0,2.0,3
Solidera,buyers,450,37508,16878600,337572.0,337572.0,2.0,5
Solidera,buyers,9250,37400,345950000,6919000.0,1000000.0,0.28905911258852435,7
Solidera,buyers,275,36901,10147775,202955.5,202955.5,2.0,4
Solidera,buyers,4325,36900,159592500,3191850.0,1000000.0,0.6265958613343359,7
Solidera,buyers,250,36804,9201000,184020.0,184020.0,2.0,4
Solidera,buyers,475,36750,17456250,349125.0,349125.0,2.0,5
Solidera,buyers,1000,36710,36710000,734200.0,734200.0,2.0,6
Solidera,buyers,1600,36521,58433600,1168672.0,1000000.0,1.7113441581555817,6
Solidera,buyers,100,36521,3652100,73042.0,73042.0,2.0,2
Solidera,buyers,25,36241,906025,18120.5,18120.5,2.0,0
Solidera,buyers,25,35000,875000,17500.0,17500.0,2.0,0
Solidera,buyers,250,35000,8750000,175000.0,175000.0,2.0,4
Solidera,buyers,11200,33000,369600000,7392000.0,1000000.0,0.27056277056277056,7
Solidera,buyers,21650,77,1667050,33341.0,33341.0,2.0,8
Solidera,buyers,19975,75,1498125,29962.5,29962.5,2.0,8
Solidera,buyers,39300,1,39300,786.0,786.0,2.0,8
Sombra,sellers,25,43699,1092475,21849.5,21849.5,2.0,0
Sombra,sellers,50,45000,2250000,45000.0,45000.0,2.0,0
Sombra,sellers,50,46000,2300000,46000.0,46000.0,2.0,0
Sombra,sellers,600,50000,30000000,600000.0,600000.0,2.0,5
Sombra,buyers,50,40015,2000750,40015.0,40015.0,2.0,0
Sombra,buyers,475,40014,19006650,380133.0,380133.0,2.0,5
Sombra,buyers,25,40013,1000325,20006.5,20006.5,2.0,0
Sombra,buyers,375,40012,15004500,300090.0,300090.0,2.0,5
Sombra,buyers,475,40011,19005225,380104.5,380104.5,2.0,5
Sombra,buyers,250,40008,10002000,200040.0,200040.0,2.0,4
Sombra,buyers,25,40007,1000175,20003.5,20003.5,2.0,0
Sombra,buyers,25,40006,1000150,20003.0,20003.0,2.0,0
Sombra,buyers,475,40005,19002375,380047.5,380047.5,2.0,5
Sombra,buyers,150,40004,6000600,120012.0,120012.0,2.0,3
Sombra,buyers,250,40002,10000500,200010.0,200010.0,2.0,4
Sombra,buyers,475,40001,19000475,380009.5,380009.5,2.0,5
Sombra,buyers,200,39809,7961800,159236.0,159236.0,2.0,3
Sombra,buyers,425,39808,16918400,338368.0,338368.0,2.0,5
Sombra,buyers,25,39805,995125,19902.5,19902.5,2.0,0
Sombra,buyers,300,39803,11940900,238818.0,238818.0,2.0,4
Sombra,buyers,425,39801,16915425,338308.5,338308.5,2.0,5
Sombra,buyers,1075,39800,42785000,855700.0,855700.0,2.0,6
Sombra,buyers,250,39103,9775750,195515.0,195515.0,2.0,4
Sombra,buyers,475,39101,18572975,371459.5,371459.5,2.0,5
Sombra,buyers,475,39041,18544475,370889.5,370889.5,2.0,5
Sombra,buyers,50,39040,1952000,39040.0,39040.0,2.0,0
Sombra,buyers,275,39035,10734625,214692.5,214692.5,2.0,4
Sombra,buyers,200,39031,7806200,156124.0,156124.0,2.0,3
Sombra,buyers,275,39028,10732700,214654.0,214654.0,2.0,4
Sombra,buyers,75,39020,2926500,58530.0,58530.0,2.0,1
Sombra,buyers,25,38801,970025,19400.5,19400.5,2.0,0
Sombra,buyers,75,38613,2895975,57919.5,57919.5,2.0,1
Sombra,buyers,75,38502,2887650,57753.0,57753.0,2.0,1
Sombra,buyers,50,38101,1905050,38101.0,38101.0,2.0,0
Sombra,buyers,25,36025,900625,18012.5,18012.5,2.0,0
Sombra,buyers,100,34113,3411300,68226.0,68226.0,2.0,2
Sombra,buyers,25,34101,852525,17050.5,17050.5,2.0,0
Sombra,buyers,3950,1,3950,79.0,79.0,2.0,7
Sonira,sellers,825,41995,34645875,692917.5,692917.5,2.0,5
Sonira,sellers,200,41996,8399200,167984.0,167984.0,2.0,3
Sonira,sellers,375,41997,15748875,314977.5,314977.5,2.0,5
Sonira,sellers,400,41998,16799200,335984.0,335984.0,2.0,5
Sonira,buyers,75,39333,2949975,58999.5,58999.5,2.0,1
Sonira,buyers,50,39000,1950000,39000.0,39000.0,2.0,0
Sonira,buyers,1025,38555,39518875,790377.5,790377.5,2.0,6
Sonira,buyers,150,38205,5730750,114615.0,114615.0,2.0,3
Sonira,buyers,450,38201,17190450,343809.0,343809.0,2.0,5
Sonira,buyers,300,38200,11460000,229200.0,229200.0,2.0,4
Sonira,buyers,925,38004,35153700,703074.0,703074.0,2.0,5
Sonira,buyers,900,38000,34200000,684000.0,684000.0,2.0,5
Sonira,buyers,75,37601,2820075,56401.5,56401.5,2.0,1
Sonira,buyers,300,37555,11266500,225330.0,225330.0,2.0,4
Sonira,buyers,100,37554,3755400,75108.0,75108.0,2.0,2
Sonira,buyers,150,37553,5632950,112659.0,112659.0,2.0,3
Sonira,buyers,225,36792,8278200,165564.0,165564.0,2.0,4
Sonira,buyers,50,36787,1839350,36787.0,36787.0,2.0,0
Sonira,buyers,250,36785,9196250,183925.0,183925.0,2.0,4
Sonira,buyers,125,36782,4597750,91955.0,91955.0,2.0,3
Sonira,buyers,75,36461,2734575,54691.5,54691.5,2.0,1
Sonira,buyers,150,36017,5402550,108051.0,108051.0,2.0,3
Sonira,buyers,50,36014,1800700,36014.0,36014.0,2.0,0
Sonira,buyers,100,35020,3502000,70040.0,70040.0,2.0,2
Sonira,buyers,75,35003,2625225,52504.5,52504.5,2.0,1
Sonira,buyers,300,34815,10444500,208890.0,208890.0,2.0,4
Sonira,buyers,50,34700,1735000,34700.0,34700.0,2.0,0
Sonira,buyers,50,34000,1700000,34000.0,34000.0,2.0,0
Sonira,buyers,25,33804,845100,16902.0,16902.0,2.0,0
Sonira,buyers,75,33051,2478825,49576.5,49576.5,2.0,1
Sonira,buyers,175,33003,5775525,115510.5,115510.5,2.0,3
Sonira,buyers,200,32504,6500800,130016.0,130016.0,2.0,3
Sonira,buyers,200,32503,6500600,130012.0,130012.0,2.0,3
Sonira,buyers,250,32000,8000000,160000.0,160000.0,2.0,4
Sonira,buyers,25,30022,750550,15011.0,15011.0,2.0,0
Sonira,buyers,100,28667,2866700,57334.0,57334.0,2.0,2
Sonira,buyers,150,23504,3525600,70512.0,70512.0,2.0,3
Sonira,buyers,250,1,250,5.0,20.0,8.0,4
Stralis,sellers,150,40961,6144150,122883.0,122883.0,2.0,3
Stralis,sellers,25,40962,1024050,20481.0,20481.0,2.0,0
Stralis,sellers,25,40963,1024075,20481.5,20481.5,2.0,0
Stralis,sellers,200,40964,8192800,163856.0,163856.0,2.0,3
Stralis,sellers,500,40965,20482500,409650.0,409650.0,2.0,5
Stralis,buyers,25,39001,975025,19500.5,19500.5,2.0,0
Stralis,buyers,100,39000,3900000,78000.0,78000.0,2.0,2
Stralis,buyers,475,38803,18431425,368628.5,368628.5,2.0,5
Stralis,buyers,450,38802,17460900,349218.0,349218.0,2.0,5
Stralis,buyers,100,38801,3880100,77602.0,77602.0,2.0,2
Stralis,buyers,25,38800,970000,19400.0,19400.0,2.0,0
Stralis,buyers,250,38503,9625750,192515.0,192515.0,2.0,4
Stralis,buyers,400,38501,15400400,308008.0,308008.0,2.0,5
Stralis,buyers,50,37506,1875300,37506.0,37506.0,2.0,0
Stralis,buyers,50,37505,1875250,37505.0,37505.0,2.0,0
Stralis,buyers,25,37504,937600,18752.0,18752.0,2.0,0
Stralis,buyers,50,37104,1855200,37104.0,37104.0,2.0,0
Stralis,buyers,50,37103,1855150,37103.0,37103.0,2.0,0
Stralis,buyers,75,37101,2782575,55651.5,55651.5,2.0,1
Stralis,buyers,100,37000,3700000,74000.0,74000.0,2.0,2
Stralis,buyers,150,36333,5449950,108999.0,108999.0,2.0,3
Stralis,buyers,25,34515,862875,17257.5,17257.5,2.0,0
Stralis,buyers,50,34510,1725500,34510.0,34510.0,2.0,0
Stralis,buyers,125,34102,4262750,85255.0,85255.0,2.0,3
Stralis,buyers,100,34000,3400000,68000.0,68000.0,2.0,2
Stralis,buyers,150,33888,5083200,101664.0,101664.0,2.0,3
Stralis,buyers,375,33700,12637500,252750.0,252750.0,2.0,5
Stralis,buyers,3200,33500,107200000,2144000.0,1000000.0,0.9328358208955223,6
Talera,sellers,950,39842,37849900,756998.0,756998.0,2.0,6
Talera,sellers,8750,39843,348626250,6972525.0,1000000.0,0.2868401332372419,7
Talera,sellers,7100,39844,282892400,5657848.0,1000000.0,0.3534912920955105,7
Talera,sellers,25,39849,996225,19924.5,19924.5,2.0,0
Talera,sellers,25,39929,998225,19964.5,19964.5,2.0,0
Talera,sellers,50,39932,1996600,39932.0,39932.0,2.0,0
Talera,sellers,3225,39933,128783925,2575678.5,1000000.0,0.7764944266141912,6
Talera,sellers,25,39934,998350,19967.0,19967.0,2.0,0
Talera,sellers,100,39948,3994800,79896.0,79896.0,2.0,2
Talera,sellers,125,138900,17362500,347250.0,347250.0,2.0,3
Talera,buyers,11800,37686,444694800,8893896.0,1000000.0,0.2248733288538566,7
Talera,buyers,62100,37685,2340238500,46804770.0,1000000.0,0.04273068749189453,8
Talera,buyers,175,37684,6594700,131894.0,131894.0,2.0,3
Talera,buyers,3000,37682,113046000,2260920.0,1000000.0,0.884595651327778,6
Talera,buyers,64000,37681,2411584000,48231680.0,1000000.0,0.0414665215891298,8
Talera,buyers,25,37680,942000,18840.0,18840.0,2.0,0
Talera,buyers,600,37678,22606800,452136.0,452136.0,2.0,5
Talera,buyers,56225,37673,2118164425,42363288.5,1000000.0,0.04721068809377251,8
Talera,buyers,50,37671,1883550,37671.0,37671.0,2.0,0
Talera,buyers,250,37668,9417000,188340.0,188340.0,2.0,4
Talera,buyers,725,37666,27307850,546157.0,546157.0,2.0,5
Talera,buyers,4525,37617,170216925,3404338.5,1000000.0,0.5874856451554391,7
Talera,buyers,125,37612,4701500,94030.0,94030.0,2.0,3
Talera,buyers,125,37605,4700625,94012.5,94012.5,2.0,3
Talera,buyers,50,37604,1880200,37604.0,37604.0,2.0,0
Talera,buyers,100,37579,3757900,75158.0,75158.0,2.0,2
Talera,buyers,8150,37577,306252550,6125051.0,1000000.0,0.32652789340039784,7
Talera,buyers,75,37538,2815350,56307.0,56307.0,2.0,1
Talera,buyers,75,37532,2814900,56298.0,56298.0,2.0,1
Talera,buyers,25,37525,938125,18762.5,18762.5,2.0,0
Talera,buyers,25,37505,937625,18752.5,18752.5,2.0,0
Talera,buyers,250,37502,9375500,187510.0,187510.0,2.0,4
Talera,buyers,25,37497,937425,18748.5,18748.5,2.0,0
Talera,buyers,25,37482,937050,18741.0,18741.0,2.0,0
Talera,buyers,250,37469,9367250,187345.0,187345.0,2.0,4
Talera,buyers,25,37451,936275,18725.5,18725.5,2.0,0
Talera,buyers,25,37383,934575,18691.5,18691.5,2.0,0
Talera,buyers,1950,37380,72891000,1457820.0,1000000.0,1.371911484271035,6
Talera,buyers,225,37353,8404425,168088.5,168088.5,2.0,4
Talera,buyers,75,37330,2799750,55995.0,55995.0,2.0,1
Talera,buyers,400,37295,14918000,298360.0,298360.0,2.0,5
Talera,buyers,100,37266,3726600,74532.0,74532.0,2.0,2
Talera,buyers,350,37227,13029450,260589.0,260589.0,2.0,5
Talera,buyers,50,37036,1851800,37036.0,37036.0,2.0,0
Talera,buyers,4075,36656,149373200,2987464.0,1000000.0,0.6694641341284782,7
Talera,buyers,5175,36621,189513675,3790273.5,1000000.0,0.5276664071867109,7
Talera,buyers,25,36520,913000,18260.0,18260.0,2.0,0
Talera,buyers,75,36010,2700750,54015.0,54015.0,2.0,1
Talera,buyers,175,34602,6055350,121107.0,121107.0,2.0,3
Talera,buyers,100,34146,3414600,68292.0,68292.0,2.0,2
Talera,buyers,1925,34002,65453850,1309077.0,1000000.0,1.5277940105891403,6
Talera,buyers,1200,33550,40260000,805200.0,805200.0,2.0,6
Talera,buyers,75,22001,1650075,33001.5,33001.5,2.0,1
Talera,buyers,500,100,50000,1000.0,1000.0,2.0,5
Talera,buyers,37300,1,37300,746.0,746.0,2.0,8
Talera,buyers,5500,1,5500,110.0,110.0,2.0,7
Tempestera,sellers,25,38390,959750,19195.0,19195.0,2.0,0
Tempestera,sellers,100,38490,3849000,76980.0,76980.0,2.0,2
Tempestera,sellers,100,38494,3849400,76988.0,76988.0,2.0,2
Tempestera,sellers,50,38495,1924750,38495.0,38495.0,2.0,0
Tempestera,sellers,25,38496,962400,19248.0,19248.0,2.0,0
Tempestera,sellers,50,38497,1924850,38497.0,38497.0,2.0,0
Tempestera,sellers,25,38499,962475,19249.5,19249.5,2.0,0
Tempestera,sellers,100,38500,3850000,77000.0,77000.0,2.0,2
Tempestera,sellers,25,38500,962500,19250.0,19250.0,2.0,0
Tempestera,sellers,25,38911,972775,19455.5,19455.5,2.0,0
Tempestera,sellers,250,39998,9999500,199990.0,199990.0,2.0,4
Tempestera,sellers,25,39999,999975,19999.5,19999.5,2.0,0
Tempestera,sellers,1500,39999,59998500,1199970.0,1000000.0,1.666708334375026,6
Tempestera,sellers,250,40001,10000250,200005.0,200005.0,2.0,4
Tempestera,buyers,100,34101,3410100,68202.0,68202.0,2.0,2
Tempestera,buyers,150,34100,5115000,102300.0,102300.0,2.0,3
Tempestera,buyers,25,34002,850050,17001.0,17001.0,2.0,0
Tempestera,buyers,250,34001,8500250,170005.0,170005.0,2.0,4
Tempestera,buyers,75,34000,2550000,51000.0,51000.0,2.0,1
Tempestera,buyers,50,33779,1688950,33779.0,33779.0,2.0,0
Tempestera,buyers,75,33777,2533275,50665.5,50665.5,2.0,1
Tempestera,buyers,50,33199,1659950,33199.0,33199.0,2.0,0
Tempestera,buyers,1125,33000,37125000,742500.0,742500.0,2.0,6
Tempestera,buyers,100,32100,3210000,64200.0,64200.0,2.0,2
Tempestera,buyers,175,32002,5600350,112007.0,112007.0,2.0,3
Tempestera,buyers,1450,32000,46400000,928000.0,928000.0,2.0,6
Tempestera,buyers,75,25000,1875000,37500.0,37500.0,2.0,1
Tempestera,buyers,475,1503,713925,14278.5,14278.5,2.0,5
Tempestera,buyers,400,1502,600800,12016.0,12016.0,2.0,5
Tempestera,buyers,3400,25,85000,1700.0,1700.0,2.0,6
Terribra,sellers,9475,38500,364787500,7295750.0,1000000.0,0.2741322002535723,7
Terribra,sellers,225,38779,8725275,174505.5,174505.5,2.0,4
Terribra,sellers,200,38780,7756000,155120.0,155120.0,2.0,3
Terribra,sellers,16575,38788,642911100,12858222.0,1000000.0,0.15554250035502576,8
Terribra,sellers,25,38799,969975,19399.5,19399.5,2.0,0
Terribra,sellers,10000,38887,388870000,7777400.0,1000000.0,0.2571553475454522,7
Terribra,buyers,21325,37405,797661625,15953232.5,1000000.0,0.1253664421928283,8
Terribra,buyers,450,37000,16650000,333000.0,333000.0,2.0,5
Terribra,buyers,500,36627,18313500,366270.0,366270.0,2.0,5
Terribra,buyers,33750,36626,1236127500,24722550.0,1000000.0,0.08089780382687062,8
Terribra,buyers,5200,36616,190403200,3808064.0,1000000.0,0.525201257121729,7
Terribra,buyers,1450,36612,53087400,1061748.0,1000000.0,1.8836861477488067,6
Terribra,buyers,6200,36600,226920000,4538400.0,1000000.0,0.44068394147717255,7
Terribra,buyers,25,36561,914025,18280.5,18280.5,2.0,0
Terribra,buyers,775,36555,28330125,566602.5,566602.5,2.0,5
Terribra,buyers,100,36554,3655400,73108.0,73108.0,2.0,2
Terribra,buyers,75,36028,2702100,54042.0,54042.0,2.0,1
Terribra,buyers,1000,36005,36005000,720100.0,720100.0,2.0,6
Terribra,buyers,50,36002,1800100,36002.0,36002.0,2.0,0
Terribra,buyers,28850,34818,1004499300,20089986.0,1000000.0,0.09955208530259801,8
Terribra,buyers,150,34503,5175450,103509.0,103509.0,2.0,3
Terribra,buyers,400,34500,13800000,276000.0,276000.0,2.0,5
Terribra,buyers,12175,34500,420037500,8400750.0,1000000.0,0.23807398148974795,7
Terribra,buyers,75,34100,2557500,51150.0,51150.0,2.0,1
Terribra,buyers,5025,34009,170895225,3417904.5,1000000.0,0.5851538566978686,7
Terribra,buyers,50,33502,1675100,33502.0,33502.0,2.0,0
Terribra,buyers,150,33501,5025150,100503.0,100503.0,2.0,3
Terribra,buyers,25,33200,830000,16600.0,16600.0,2.0,0
Terribra,buyers,150,33057,4958550,99171.0,99171.0,2.0,3
Terribra,buyers,100,32245,3224500,64490.0,64490.0,2.0,2
Terribra,buyers,4775,32244,153965100,3079302.0,1000000.0,0.6494978407444284,7
Terribra,buyers,900,32223,29000700,580014.0,580014.0,2.0,5
Terribra,buyers,15500,32221,499425500,9988510.0,1000000.0,0.20023006434393117,8
Terribra,buyers,250,30000,7500000,150000.0,150000.0,2.0,4
Terribra,buyers,6750,160,1080000,21600.0,21600.0,2.0,7
Terribra,buyers,63000,1,63000,1260.0,1260.0,2.0,8
Thyria,sellers,37150,39790,1478198500,29563970.0,1000000.0,0.06764991305294925,8
Thyria,sellers,150,39791,5968650,119373.0,119373.0,2.0,3
Thyria,sellers,925,39792,36807600,736152.0,736152.0,2.0,5
Thyria,sellers,125,39793,4974125,99482.5,99482.5,2.0,3
Thyria,sellers,26125,39794,1039618250,20792365.0,1000000.0,0.09618915404765163,8
Thyria,sellers,2600,39796,103469600,2069392.0,1000000.0,0.9664674455105654,6
Thyria,sellers,25,39798,994950,19899.0,19899.0,2.0,0
Thyria,sellers,3200,39800,127360000,2547200.0,1000000.0,0.7851758793969849,6
Thyria,sellers,6900,39850,274965000,5499300.0,1000000.0,0.363682650519157,7
Thyria,sellers,575,39877,22929275,458585.5,458585.5,2.0,5
Thyria,buyers,3350,38721,129715350,2594307.0,1000000.0,0.770918784862393,6
Thyria,buyers,250,38720,9680000,193600.0,193600.0,2.0,4
Thyria,buyers,550,38713,21292150,425843.0,425843.0,2.0,5
Thyria,buyers,25675,38712,993930600,19878612.0,1000000.0,0.10061064625638853,8
Thyria,buyers,4025,38711,155811775,3116235.5,1000000.0,0.6418000180024905,7
Thyria,buyers,100,38507,3850700,77014.0,77014.0,2.0,2
Thyria,buyers,2125,38506,81825250,1636505.0,1000000.0,1.2221166449231748,6
Thyria,buyers,100,38502,3850200,77004.0,77004.0,2.0,2
Thyria,buyers,4025,38224,153851600,3077032.0,1000000.0,0.6499769908145252,7
Thyria,buyers,1600,38200,61120000,1222400.0,1000000.0,1.6361256544502618,6
Thyria,buyers,75,38004,2850300,57006.0,57006.0,2.0,1
Thyria,buyers,1125,38000,42750000,855000.0,855000.0,2.0,6
Thyria,buyers,3050,37110,113185500,2263710.0,1000000.0,0.8835053960092062,6
Thyria,buyers,50,36653,1832650,36653.0,36653.0,2.0,0
Thyria,buyers,25,36651,916275,18325.5,18325.5,2.0,0
Thyria,buyers,1100,36518,40169800,803396.0,803396.0,2.0,6
Thyria,buyers,2500,36500,91250000,1825000.0,1000000.0,1.095890410958904,6
Thyria,buyers,1225,36266,44425850,888517.0,888517.0,2.0,6
Thyria,buyers,1275,36157,46100175,922003.5,922003.5,2.0,6
Thyria,buyers,150,35936,5390400,107808.0,107808.0,2.0,3
Thyria,buyers,350,35935,12577250,251545.0,251545.0,2.0,5
Thyria,buyers,3450,35920,123924000,2478480.0,1000000.0,0.8069461928278623,7
Thyria,buyers,38750,38,1472500,29450.0,29450.0,2.0,8
Thyria,buyers,250,38,9500,190.0,190.0,2.0,4
Thyria,buyers,300,37,11100,222.0,222.0,2.0,4
Thyria,buyers,500,2,1000,20.0,20.0,2.0,5
Thyria,buyers,64000,1,64000,1280.0,1280.0,2.0,8
Thyria,buyers,500,1,500,10.0,20.0,4.0,5
Tornabra,sellers,38150,41997,1602185550,32043711.0,1000000.0,0.062414743410961364,8
Tornabra,sellers,1925,41998,80846150,1616923.0,1000000.0,1.2369172805384054,6
Tornabra,buyers,675,39200,26460000,529200.0,529200.0,2.0,5
Tornabra,buyers,1625,39107,63548875,1270977.5,1000000.0,1.573591979401681,6
Tornabra,buyers,650,39106,25418900,508378.0,508378.0,2.0,5
Tornabra,buyers,1000,39105,39105000,782100.0,782100.0,2.0,6
Tornabra,buyers,25725,39104,1005950400,20119008.0,1000000.0,0.09940847978190574,8
Tornabra,buyers,2025,39103,79183575,1583671.5,1000000.0,1.2628881684111888,6
Tornabra,buyers,25,39102,977550,19551.0,19551.0,2.0,0
Tornabra,buyers,275,38700,10642500,212850.0,212850.0,2.0,4
Tornabra,buyers,4875,38540,187882500,3757650.0,1000000.0,0.5322475483347305,7
Tornabra,buyers,5000,38535,192675000,3853500.0,1000000.0,0.5190086933956144,7
Tornabra,buyers,25,38533,963325,19266.5,19266.5,2.0,0
Tornabra,buyers,750,38525,28893750,577875.0,577875.0,2.0,5
Tornabra,buyers,75,38501,2887575,57751.5,57751.5,2.0,1
Tornabra,buyers,100,38501,3850100,77002.0,77002.0,2.0,2
Tornabra,buyers,1500,38105,57157500,1143150.0,1000000.0,1.7495516773826707,6
Tornabra,buyers,450,37506,16877700,337554.0,337554.0,2.0,5
Tornabra,buyers,4200,37505,157521000,3150420.0,1000000.0,0.6348359901219519,7
Tornabra,buyers,75,37415,2806125,56122.5,56122.5,2.0,1
Tornabra,buyers,50,37314,1865700,37314.0,37314.0,2.0,0
Tornabra,buyers,50,37313,1865650,37313.0,37313.0,2.0,0
Tornabra,buyers,150,37107,5566050,111321.0,111321.0,2.0,3
Tornabra,buyers,150,37104,5565600,111312.0,111312.0,2.0,3
Tornabra,buyers,200,37102,7420400,148408.0,148408.0,2.0,3
Tornabra,buyers,1950,36702,71568900,1431378.0,1000000.0,1.3972549529194944,6
Tornabra,buyers,450,36660,16497000,329940.0,329940.0,2.0,5
Tornabra,buyers,1950,36650,71467500,1429350.0,1000000.0,1.3992374156084932,6
Tornabra,buyers,100,36601,3660100,73202.0,73202.0,2.0,2
Tornabra,buyers,25,36257,906425,18128.5,18128.5,2.0,0
Tornabra,buyers,25,36256,906400,18128.0,18128.0,2.0,0
Tornabra,buyers,1225,35008,42884800,857696.0,857696.0,2.0,6
Tornabra,buyers,1700,1,1700,34.0,34.0,2.0,6
Tornabra,buyers,8725,1,8725,174.5,174.5,2.0,7
Unebra,sellers,25275,40967,1035440925,20708818.5,1000000.0,0.09657721419500587,8
Unebra,sellers,1500,40968,61452000,1229040.0,1000000.0,1.627286337303912,6
Unebra,sellers,25500,40978,1044939000,20898780.0,1000000.0,0.09569936618309777,8
Unebra,sellers,50,40982,2049100,40982.0,40982.0,2.0,0
Unebra,buyers,12225,39642,484623450,9692469.0,1000000.0,0.20634577216599817,7
Unebra,buyers,50,39641,1982050,39641.0,39641.0,2.0,0
Unebra,buyers,25,39640,991000,19820.0,19820.0,2.0,0
Unebra,buyers,150,39640,5946000,118920.0,118920.0,2.0,3
Unebra,buyers,25,39639,990975,19819.5,19819.5,2.0,0
Unebra,buyers,100,39637,3963700,79274.0,79274.0,2.0,2
Unebra,buyers,700,39635,27744500,554890.0,554890.0,2.0,5
Unebra,buyers,10075,39630,399272250,7985445.0,1000000.0,0.2504556727896817,7
Unebra,buyers,100,39626,3962600,79252.0,79252.0,2.0,2
Unebra,buyers,250,39625,9906250,198125.0,198125.0,2.0,4
Unebra,buyers,450,39624,17830800,356616.0,356616.0,2.0,5
Unebra,buyers,7500,39622,297165000,5943300.0,1000000.0,0.3365133848198812,7
Unebra,buyers,25,39611,990275,19805.5,19805.5,2.0,0
Unebra,buyers,150,39609,5941350,118827.0,118827.0,2.0,3
Unebra,buyers,125,39608,4951000,99020.0,99020.0,2.0,3
Unebra,buyers,5400,39605,213867000,4277340.0,1000000.0,0.4675803186092291,7
Unebra,buyers,100,39305,3930500,78610.0,78610.0,2.0,2
Unebra,buyers,3000,39300,117900000,2358000.0,1000000.0,0.8481764206955046,6
Unebra,buyers,75,39033,2927475,58549.5,58549.5,2.0,1
Unebra,buyers,47875,39028,1868465500,37369310.0,1000000.0,0.05351985359108852,8
Unebra,buyers,250,39016,9754000,195080.0,195080.0,2.0,4
Unebra,buyers,250,39009,9752250,195045.0,195045.0,2.0,4
Unebra,buyers,25,38803,970075,19401.5,19401.5,2.0,0
Unebra,buyers,100,38764,3876400,77528.0,77528.0,2.0,2
Unebra,buyers,25,38758,968950,19379.0,19379.0,2.0,0
Unebra,buyers,250,38751,9687750,193755.0,193755.0,2.0,4
Unebra,buyers,675,38750,26156250,523125.0,523125.0,2.0,5
Unebra,buyers,100,38453,3845300,76906.0,76906.0,2.0,2
Unebra,buyers,75,38340,2875500,57510.0,57510.0,2.0,1
Unebra,buyers,100,38330,3833000,76660.0,76660.0,2.0,2
Unebra,buyers,1125,38323,43113375,862267.5,862267.5,2.0,6
Unebra,buyers,350,38305,13406750,268135.0,268135.0,2.0,5
Unebra,buyers,25,38211,955275,19105.5,19105.5,2.0,0
Unebra,buyers,75,37821,2836575,56731.5,56731.5,2.0,1
Unebra,buyers,100,37820,3782000,75640.0,75640.0,2.0,2
Unebra,buyers,75,37351,2801325,56026.5,56026.5,2.0,1
Unebra,buyers,50,37328,1866400,37328.0,37328.0,2.0,0
Unebra,buyers,75,37324,2799300,55986.0,55986.0,2.0,1
Unebra,buyers,100,37316,3731600,74632.0,74632.0,2.0,2
Unebra,buyers,25,37314,932850,18657.0,18657.0,2.0,0
Unebra,buyers,50,37307,1865350,37307.0,37307.0,2.0,0
Unebra,buyers,1450,37300,54085000,1081700.0,1000000.0,1.8489414810021265,6
Unebra,buyers,2325,37280,86676000,1733520.0,1000000.0,1.1537219068715676,6
Unebra,buyers,275,37260,10246500,204930.0,204930.0,2.0,4
Unebra,buyers,225,37006,8326350,166527.0,166527.0,2.0,4
Unebra,buyers,50,36709,1835450,36709.0,36709.0,2.0,0
Unebra,buyers,25,36705,917625,18352.5,18352.5,2.0,0
Unebra,buyers,25,36621,915525,18310.5,18310.5,2.0,0
Unebra,buyers,8450,1,8450,169.0,169.0,2.0,7
Unebra,buyers,6200,1,6200,124.0,124.0,2.0,7
Unebra,buyers,275,1,275,5.5,20.0,7.2727272727272725,4
Unebra,buyers,250,1,250,5.0,20.0,8.0,4
Ustebra,sellers,1075,39784,42767800,855356.0,855356.0,2.0,6
Ustebra,sellers,24275,39785,965780875,19315617.5,1000000.0,0.10354315620507602,8
Ustebra,sellers,9075,39795,361139625,7222792.5,1000000.0,0.2769012123773458,7
Ustebra,sellers,51600,39860,2056776000,41135520.0,1000000.0,0.0486197816388367,8
Ustebra,sellers,400,39862,15944800,318896.0,318896.0,2.0,5
Ustebra,sellers,175,39879,6978825,139576.5,139576.5,2.0,3
Ustebra,buyers,25025,38804,971070100,19421402.0,1000000.0,0.10297917730141212,8
Ustebra,buyers,350,38803,13581050,271621.0,271621.0,2.0,5
Ustebra,buyers,17300,38802,671274600,13425492.0,1000000.0,0.14897033196250833,8
Ustebra,buyers,64000,38530,2465920000,49318400.0,1000000.0,0.04055281598754218,8
Ustebra,buyers,61850,38526,2382833100,47656662.0,1000000.0,0.04196685030101353,8
Ustebra,buyers,350,38521,13482350,269647.0,269647.0,2.0,5
Ustebra,buyers,25,38520,963000,19260.0,19260.0,2.0,0
Ustebra,buyers,25,38516,962900,19258.0,19258.0,2.0,0
Ustebra,buyers,950,38514,36588300,731766.0,731766.0,2.0,6
Ustebra,buyers,25,38506,962650,19253.0,19253.0,2.0,0
Ustebra,buyers,25,38503,962575,19251.5,19251.5,2.0,0
Ustebra,buyers,125,38501,4812625,96252.5,96252.5,2.0,3
Ustebra,buyers,25,38495,962375,19247.5,19247.5,2.0,0
Ustebra,buyers,50,38489,1924450,38489.0,38489.0,2.0,0
Ustebra,buyers,175,38483,6734525,134690.5,134690.5,2.0,3
Ustebra,buyers,125,38480,4810000,96200.0,96200.0,2.0,3
Ustebra,buyers,250,38474,9618500,192370.0,192370.0,2.0,4
Ustebra,buyers,50,38470,1923500,38470.0,38470.0,2.0,0
Ustebra,buyers,25,38461,961525,19230.5,19230.5,2.0,0
Ustebra,buyers,25,38451,961275,19225.5,19225.5,2.0,0
Ustebra,buyers,50,38450,1922500,38450.0,38450.0,2.0,0
Ustebra,buyers,100,38430,3843000,76860.0,76860.0,2.0,2
Ustebra,buyers,100,38421,3842100,76842.0,76842.0,2.0,2
Ustebra,buyers,50,38412,1920600,38412.0,38412.0,2.0,0
Ustebra,buyers,1500,38330,57495000,1149900.0,1000000.0,1.7392816766675363,6
Ustebra,buyers,2225,38322,85266450,1705329.0,1000000.0,1.1727942232847737,6
Ustebra,buyers,50,38317,1915850,38317.0,38317.0,2.0,0
Ustebra,buyers,7825,38310,299775750,5995515.0,1000000.0,0.3335826863914109,7
Ustebra,buyers,225,38280,8613000,172260.0,172260.0,2.0,4
Ustebra,buyers,3175,38007,120672225,2413444.5,1000000.0,0.8286911093252818,6
Ustebra,buyers,5375,37950,203981250,4079625.0,1000000.0,0.4902411373594387,7
Ustebra,buyers,375,37930,14223750,284475.0,284475.0,2.0,5
Ustebra,buyers,425,37914,16113450,322269.0,322269.0,2.0,5
Ustebra,buyers,4075,37752,153839400,3076788.0,1000000.0,0.6500285362527415,7
Ustebra,buyers,6400,37751,241606400,4832128.0,1000000.0,0.4138963206272682,7
Ustebra,buyers,950,37750,35862500,717250.0,717250.0,2.0,6
Ustebra,buyers,75,37660,2824500,56490.0,56490.0,2.0,1
Ustebra,buyers,50,37648,1882400,37648.0,37648.0,2.0,0
Ustebra,buyers,150,37607,5641050,112821.0,112821.0,2.0,3
Ustebra,buyers,25,37350,933750,18675.0,18675.0,2.0,0
Ustebra,buyers,4000,37332,149328000,2986560.0,1000000.0,0.6696667738133505,7
Ustebra,buyers,50,37330,1866500,37330.0,37330.0,2.0,0
Ustebra,buyers,25,37310,932750,18655.0,18655.0,2.0,0
Ustebra,buyers,250,37259,9314750,186295.0,186295.0,2.0,4
Ustebra,buyers,25,37245,931125,18622.5,18622.5,2.0,0
Ustebra,buyers,25,37240,931000,18620.0,18620.0,2.0,0
Ustebra,buyers,150,37225,5583750,111675.0,111675.0,2.0,3
Ustebra,buyers,25,37096,927400,18548.0,18548.0,2.0,0
Ustebra,buyers,25,37033,925825,18516.5,18516.5,2.0,0
Ustebra,buyers,50,36914,1845700,36914.0,36914.0,2.0,0
Ustebra,buyers,25,36700,917500,18350.0,18350.0,2.0,0
Ustebra,buyers,125,36000,4500000,90000.0,90000.0,2.0,3
Ustebra,buyers,275,35510,9765250,195305.0,195305.0,2.0,4
Ustebra,buyers,2650,35215,93319750,1866395.0,1000000.0,1.071584525247871,6
Ustebra,buyers,25,900,22500,450.0,450.0,2.0,0
Ustebra,buyers,34825,37,1288525,25770.5,25770.5,2.0,8
Ustebra,buyers,25,20,500,10.0,20.0,4.0,0
Ustebra,buyers,25,12,300,6.0,20.0,6.666666666666667,0
Ustebra,buyers,25,11,275,5.5,20.0,7.2727272727272725,0
Ustebra,buyers,16850,1,16850,337.0,337.0,2.0,8
Ustebra,buyers,61925,1,61925,1238.5,1238.5,2.0,8
Ustebra,buyers,59600,1,59600,1192.0,1192.0,2.0,8
Ustebra,buyers,6750,1,6750,135.0,135.0,2.0,7
Ustebra,buyers,24875,1,24875,497.5,497.5,2.0,8
Ustebra,buyers,20750,1,20750,415.0,415.0,2.0,8
Ustebra,buyers,7075,1,7075,141.5,141.5,2.0,7
Ustebra,buyers,2000,1,2000,40.0,40.0,2.0,6
Ustebra,buyers,200,1,200,4.0,20.0,10.0,3
Venebra,sellers,1575,39797,62680275,1253605.5,1000000.0,1.5953982333357664,6
Venebra,sellers,50,39798,1989900,39798.0,39798.0,2.0,0
Venebra,sellers,275,39955,10987625,219752.5,219752.5,2.0,4
Venebra,sellers,950,39956,37958200,759164.0,759164.0,2.0,6
Venebra,sellers,24975,40998,1023925050,20478501.0,1000000.0,0.09766339831221045,8
Venebra,buyers,3500,38811,135838500,2716770.0,1000000.0,0.7361683175241187,7
Venebra,buyers,700,38750,27125000,542500.0,542500.0,2.0,5
Venebra,buyers,64000,38641,2473024000,49460480.0,1000000.0,0.04043632411169483,8
Venebra,buyers,63975,38639,2471930025,49438600.5,1000000.0,0.04045421957282144,8
Venebra,buyers,58350,38637,2254468950,45089379.0,1000000.0,0.04435634387424143,8
Venebra,buyers,4950,38625,191193750,3823875.0,1000000.0,0.5230296492432415,7
Venebra,buyers,250,38615,9653750,193075.0,193075.0,2.0,4
Venebra,buyers,2600,38562,100261200,2005224.0,1000000.0,0.9973948047699408,6
Venebra,buyers,250,38540,9635000,192700.0,192700.0,2.0,4
Venebra,buyers,175,38522,6741350,134827.0,134827.0,2.0,3
Venebra,buyers,100,38514,3851400,77028.0,77028.0,2.0,2
Venebra,buyers,4225,38503,162675175,3253503.5,1000000.0,0.6147219451277677,7
Venebra,buyers,250,38404,9601000,192020.0,192020.0,2.0,4
Venebra,buyers,225,37809,8507025,170140.5,170140.5,2.0,4
Venebra,buyers,4775,37650,179778750,3595575.0,1000000.0,0.5562392663204077,7
Venebra,buyers,100,37362,3736200,74724.0,74724.0,2.0,2
Venebra,buyers,150,37352,5602800,112056.0,112056.0,2.0,3
Venebra,buyers,1400,37321,52249400,1044988.0,1000000.0,1.9138975758573304,6
Venebra,buyers,75,37300,2797500,55950.0,55950.0,2.0,1
Venebra,buyers,25,37182,929550,18591.0,18591.0,2.0,0
Venebra,buyers,100,37050,3705000,74100.0,74100.0,2.0,2
Venebra,buyers,41600,36818,1531628800,30632576.0,1000000.0,0.06528997104259204,8
Venebra,buyers,25500,36773,937711500,18754230.0,1000000.0,0.1066426080942806,8
Venebra,buyers,6650,36762,244467300,4889346.0,1000000.0,0.40905266266694973,7
Venebra,buyers,100,36742,3674200,73484.0,73484.0,2.0,2
Venebra,buyers,4075,36630,149267250,2985345.0,1000000.0,0.6699393202460687,7
Venebra,buyers,1475,36250,53468750,1069375.0,1000000.0,1.8702513150204558,6
Venebra,buyers,125,36142,4517750,90355.0,90355.0,2.0,3
Venebra,buyers,1000,5,5000,100.0,100.0,2.0,6
Venebra,buyers,5575,1,5575,111.5,111.5,2.0,7
Venebra,buyers,10000,1,10000,200.0,200.0,2.0,7
Venebra,buyers,14275,1,14275,285.5,285.5,2.0,7
Venebra,buyers,8400,1,8400,168.0,168.0,2.0,7
Venebra,buyers,61100,1,61100,1222.0,1222.0,2.0,8
Venebra,buyers,25,1,25,0.5,20.0,80.0,0
Venebra,buyers,12775,1,12775,255.5,255.5,2.0,7
Victoris,sellers,450,37996,17098200,341964.0,341964.0,2.0,5
Victoris,sellers,250,37997,9499250,189985.0,189985.0,2.0,4
Victoris,sellers,100,37998,3799800,75996.0,75996.0,2.0,2
Victoris,sellers,50,37999,1899950,37999.0,37999.0,2.0,0
Victoris,sellers,2150,38000,81700000,1634000.0,1000000.0,1.2239902080783354,6
Victoris,sellers,450,38490,17320500,346410.0,346410.0,2.0,5
Victoris,sellers,350,38497,13473950,269479.0,269479.0,2.0,5
Victoris,sellers,75,38498,2887350,57747.0,57747.0,2.0,1
Victoris,sellers,25,38899,972475,19449.5,19449.5,2.0,0
Victoris,sellers,25,38997,974925,19498.5,19498.5,2.0,0
Victoris,sellers,25,38999,974975,19499.5,19499.5,2.0,0
Victoris,sellers,25,39000,975000,19500.0,19500.0,2.0,0
Victoris,sellers,50,39981,1999050,39981.0,39981.0,2.0,0
Victoris,sellers,50,39987,1999350,39987.0,39987.0,2.0,0
Victoris,sellers,100,39991,3999100,79982.0,79982.0,2.0,2
Victoris,sellers,300,39992,11997600,239952.0,239952.0,2.0,4
Victoris,buyers,125,35102,4387750,87755.0,87755.0,2.0,3
Victoris,buyers,550,35000,19250000,385000.0,385000.0,2.0,5
Victoris,buyers,100,34101,3410100,68202.0,68202.0,2.0,2
Victoris,buyers,100,34100,3410000,68200.0,68200.0,2.0,2
Victoris,buyers,100,34070,3407000,68140.0,68140.0,2.0,2
Victoris,buyers,400,34052,13620800,272416.0,272416.0,2.0,5
Victoris,buyers,50,34051,1702550,34051.0,34051.0,2.0,0
Victoris,buyers,50,34050,1702500,34050.0,34050.0,2.0,0
Victoris,buyers,50,34011,1700550,34011.0,34011.0,2.0,0
Victoris,buyers,100,33212,3321200,66424.0,66424.0,2.0,2
Victoris,buyers,75,33210,2490750,49815.0,49815.0,2.0,1
Victoris,buyers,75,33107,2483025,49660.5,49660.5,2.0,1
Victoris,buyers,300,33069,9920700,198414.0,198414.0,2.0,4
Victoris,buyers,25,33002,825050,16501.0,16501.0,2.0,0
Victoris,buyers,25,33000,825000,16500.0,16500.0,2.0,0
Victoris,buyers,150,32710,4906500,98130.0,98130.0,2.0,3
Victoris,buyers,25,32701,817525,16350.5,16350.5,2.0,0
Victoris,buyers,25,32262,806550,16131.0,16131.0,2.0,0
Victoris,buyers,25,32260,806500,16130.0,16130.0,2.0,0
Victoris,buyers,25,32055,801375,16027.5,16027.5,2.0,0
Victoris,buyers,200,32050,6410000,128200.0,128200.0,2.0,3
Victoris,buyers,25,32010,800250,16005.0,16005.0,2.0,0
Victoris,buyers,625,32005,20003125,400062.5,400062.5,2.0,5
Victoris,buyers,125,32003,4000375,80007.5,80007.5,2.0,3
Victoris,buyers,125,31550,3943750,78875.0,78875.0,2.0,3
Victoris,buyers,25,31051,776275,15525.5,15525.5,2.0,0
Victoris,buyers,100,31050,3105000,62100.0,62100.0,2.0,2
Victoris,buyers,25,30202,755050,15101.0,15101.0,2.0,0
Victoris,buyers,25,25000,625000,12500.0,12500.0,2.0,0
Vunira,sellers,15050,39394,592879700,11857594.0,1000000.0,0.16866828127190053,8
Vunira,sellers,575,39395,22652125,453042.5,453042.5,2.0,5
Vunira,sellers,24850,39396,978990600,19579812.0,1000000.0,0.1021460267340667,8
Vunira,sellers,75,39551,2966325,59326.5,59326.5,2.0,1
Vunira,sellers,100,39553,3955300,79106.0,79106.0,2.0,2
Vunira,sellers,300,39599,11879700,237594.0,237594.0,2.0,4
Vunira,sellers,40000,39869,1594760000,31895200.0,1000000.0,0.06270536005417743,8
Vunira,sellers,8025,39877,320012925,6400258.5,1000000.0,0.3124873784394802,7
Vunira,sellers,250,39880,9970000,199400.0,199400.0,2.0,4
Vunira,sellers,1050,39881,41875050,837501.0,837501.0,2.0,6
Vunira,sellers,125,39888,4986000,99720.0,99720.0,2.0,3
Vunira,sellers,125,39898,4987250,99745.0,99745.0,2.0,3
Vunira,sellers,9825,39900,392017500,7840350.0,1000000.0,0.2550906528407533,7
Vunira,buyers,32200,38206,1230233200,24604664.0,1000000.0,0.08128540182462968,8
Vunira,buyers,10125,38205,386825625,7736512.5,1000000.0,0.2585144146021867,7
Vunira,buyers,50800,38203,1940712400,38814248.0,1000000.0,0.05152747001564992,8
Vunira,buyers,50,38202,1910100,38202.0,38202.0,2.0,0
Vunira,buyers,250,38089,9522250,190445.0,190445.0,2.0,4
Vunira,buyers,250,38089,9522250,190445.0,190445.0,2.0,4
Vunira,buyers,51350,38088,1955818800,39116376.0,1000000.0,0.05112948091101282,8
Vunira,buyers,25,38085,952125,19042.5,19042.5,2.0,0
Vunira,buyers,250,38070,9517500,190350.0,190350.0,2.0,4
Vunira,buyers,25,38065,951625,19032.5,19032.5,2.0,0
Vunira,buyers,25,38060,951500,19030.0,19030.0,2.0,0
Vunira,buyers,25,38011,950275,19005.5,19005.5,2.0,0
Vunira,buyers,25,37813,945325,18906.5,18906.5,2.0,0
Vunira,buyers,25,37803,945075,18901.5,18901.5,2.0,0
Vunira,buyers,75,37801,2835075,56701.5,56701.5,2.0,1
Vunira,buyers,75,37777,2833275,56665.5,56665.5,2.0,1
Vunira,buyers,25,37701,942525,18850.5,18850.5,2.0,0
Vunira,buyers,1300,37513,48766900,975338.0,975338.0,2.0,6
Vunira,buyers,4925,37510,184736750,3694735.0,1000000.0,0.5413108111948488,7
Vunira,buyers,75,37034,2777550,55551.0,55551.0,2.0,1
Vunira,buyers,100,37009,3700900,74018.0,74018.0,2.0,2
Vunira,buyers,6075,36822,223693650,4473873.0,1000000.0,0.44703995844316546,7
Vunira,buyers,100,36813,3681300,73626.0,73626.0,2.0,2
Vunira,buyers,250,36812,9203000,184060.0,184060.0,2.0,4
Vunira,buyers,25,36811,920275,18405.5,18405.5,2.0,0
Vunira,buyers,4150,36805,152740750,3054815.0,1000000.0,0.6547041310193907,7
Vunira,buyers,1850,36802,68083700,1361674.0,1000000.0,1.4687803394938876,6
Vunira,buyers,75,36747,2756025,55120.5,55120.5,2.0,1
Vunira,buyers,100,36733,3673300,73466.0,73466.0,2.0,2
Vunira,buyers,4825,36252,174915900,3498318.0,1000000.0,0.57170331570772,7
Vunira,buyers,1775,36248,64340200,1286804.0,1000000.0,1.5542382522901699,6
Vunira,buyers,50,36000,1800000,36000.0,36000.0,2.0,0
Vunira,buyers,1000,360,360000,7200.0,7200.0,2.0,6
Vunira,buyers,39300,42,1650600,33012.0,33012.0,2.0,8
Vunira,buyers,250,1,250,5.0,20.0,8.0,4
Wintera,sellers,9600,39649,380630400,7612608.0,1000000.0,0.26272205267892423,7
Wintera,sellers,1425,39688,56555400,1131108.0,1000000.0,1.7681777513729902,6
Wintera,sellers,525,39690,20837250,416745.0,416745.0,2.0,5
Wintera,sellers,18475,39698,733420550,14668411.0,1000000.0,0.13634742031703367,8
Wintera,sellers,3225,39711,128067975,2561359.5,1000000.0,0.7808353337358539,6
Wintera,sellers,50,39715,1985750,39715.0,39715.0,2.0,0
Wintera,sellers,50,39716,1985800,39716.0,39716.0,2.0,0
Wintera,sellers,100,39896,3989600,79792.0,79792.0,2.0,2
Wintera,sellers,50,39936,1996800,39936.0,39936.0,2.0,0
Wintera,sellers,2000,39950,79900000,1598000.0,1000000.0,1.2515644555694618,6
Wintera,buyers,50,38387,1919350,38387.0,38387.0,2.0,0
Wintera,buyers,50,38380,1919000,38380.0,38380.0,2.0,0
Wintera,buyers,25,38377,959425,19188.5,19188.5,2.0,0
Wintera,buyers,50,38372,1918600,38372.0,38372.0,2.0,0
Wintera,buyers,4450,38362,170710900,3414218.0,1000000.0,0.5857856762514871,7
Wintera,buyers,64000,38360,2455040000,49100800.0,1000000.0,0.040732533889468195,8
Wintera,buyers,64000,38358,2454912000,49098240.0,1000000.0,0.04073465769852443,8
Wintera,buyers,100,38356,3835600,76712.0,76712.0,2.0,2
Wintera,buyers,725,38111,27630475,552609.5,552609.5,2.0,5
Wintera,buyers,225,37991,8547975,170959.5,170959.5,2.0,4
Wintera,buyers,25,37981,949525,18990.5,18990.5,2.0,0
Wintera,buyers,75,37954,2846550,56931.0,56931.0,2.0,1
Wintera,buyers,100,37915,3791500,75830.0,75830.0,2.0,2
Wintera,buyers,725,37855,27444875,548897.5,548897.5,2.0,5
Wintera,buyers,25,37158,928950,18579.0,18579.0,2.0,0
Wintera,buyers,25,37141,928525,18570.5,18570.5,2.0,0
Wintera,buyers,400,37122,14848800,296976.0,296976.0,2.0,5
Wintera,buyers,75,37023,2776725,55534.5,55534.5,2.0,1
Wintera,buyers,225,37011,8327475,166549.5,166549.5,2.0,4
Wintera,buyers,50,36965,1848250,36965.0,36965.0,2.0,0
Wintera,buyers,25,36914,922850,18457.0,18457.0,2.0,0
Wintera,buyers,50,36881,1844050,36881.0,36881.0,2.0,0
Wintera,buyers,225,36856,8292600,165852.0,165852.0,2.0,4
Wintera,buyers,25,36836,920900,18418.0,18418.0,2.0,0
Wintera,buyers,25,36836,920900,18418.0,18418.0,2.0,0
Wintera,buyers,50,36595,1829750,36595.0,36595.0,2.0,0
Wintera,buyers,25,36507,912675,18253.5,18253.5,2.0,0
Wintera,buyers,38975,36506,1422821350,28456427.0,1000000.0,0.0702828925079034,8
Wintera,buyers,1775,36308,64446700,1288934.0,1000000.0,1.5516698294870024,6
Wintera,buyers,39325,36302,1427576150,28551523.0,1000000.0,0.07004880265056264,8
Wintera,buyers,50,1000,50000,1000.0,1000.0,2.0,0
Wintera,buyers,25,1000,25000,500.0,500.0,2.0,0
Wintera,buyers,300,400,120000,2400.0,2400.0,2.0,4
Wintera,buyers,64000,38,2432000,48640.0,48640.0,2.0,8
Wintera,buyers,15750,1,15750,315.0,315.0,2.0,8
Wintera,buyers,62550,1,62550,1251.0,1251.0,2.0,8
Wintera,buyers,8525,1,8525,170.5,170.5,2.0,7
Xybra,sellers,175,40700,7122500,142450.0,142450.0,2.0,3
Xybra,sellers,4300,40797,175427100,3508542.0,1000000.0,0.5700373545478434,7
Xybra,sellers,800,40798,32638400,652768.0,652768.0,2.0,5
Xybra,sellers,1025,41000,42025000,840500.0,840500.0,2.0,6
Xybra,sellers,325,42775,13901875,278037.5,278037.5,2.0,4
Xybra,sellers,100,42776,4277600,85552.0,85552.0,2.0,2
Xybra,sellers,300,42780,12834000,256680.0,256680.0,2.0,4
Xybra,sellers,175,42790,7488250,149765.0,149765.0,2.0,3
Xybra,sellers,50,43970,2198500,43970.0,43970.0,2.0,0
Xybra,sellers,300,43980,13194000,263880.0,263880.0,2.0,4
Xybra,sellers,200,44000,8800000,176000.0,176000.0,2.0,3
Xybra,buyers,9375,39203,367528125,7350562.5,1000000.0,0.27208802047462355,7
Xybra,buyers,1150,39202,45082300,901646.0,901646.0,2.0,6
Xybra,buyers,50,39201,1960050,39201.0,39201.0,2.0,0
Xybra,buyers,25,38800,970000,19400.0,19400.0,2.0,0
Xybra,buyers,25,38700,967500,19350.0,19350.0,2.0,0
Xybra,buyers,50,38013,1900650,38013.0,38013.0,2.0,0
Xybra,buyers,25,38009,950225,19004.5,19004.5,2.0,0
Xybra,buyers,50,38001,1900050,38001.0,38001.0,2.0,0
Xybra,buyers,25,37909,947725,18954.5,18954.5,2.0,0
Xybra,buyers,150,37902,5685300,113706.0,113706.0,2.0,3
Xybra,buyers,125,37570,4696250,93925.0,93925.0,2.0,3
Xybra,buyers,25,37569,939225,18784.5,18784.5,2.0,0
Xybra,buyers,25,37564,939100,18782.0,18782.0,2.0,0
Xybra,buyers,25,37563,939075,18781.5,18781.5,2.0,0
Xybra,buyers,100,37560,3756000,75120.0,75120.0,2.0,2
Xybra,buyers,50,37560,1878000,37560.0,37560.0,2.0,0
Xybra,buyers,50,37107,1855350,37107.0,37107.0,2.0,0
Xybra,buyers,150,37106,5565900,111318.0,111318.0,2.0,3
Xybra,buyers,100,36403,3640300,72806.0,72806.0,2.0,2
Xybra,buyers,250,36253,9063250,181265.0,181265.0,2.0,4
Xybra,buyers,250,35759,8939750,178795.0,178795.0,2.0,4
Xybra,buyers,25,35322,883050,17661.0,17661.0,2.0,0
Xybra,buyers,75,35135,2635125,52702.5,52702.5,2.0,1
Xybra,buyers,200,33556,6711200,134224.0,134224.0,2.0,3
Xyla,sellers,50,39800,1990000,39800.0,39800.0,2.0,0
Xyla,sellers,19525,39805,777192625,15543852.5,1000000.0,0.1286682307362348,8
Xyla,sellers,6400,39811,254790400,5095808.0,1000000.0,0.39247946547436635,7
Xyla,sellers,525,39844,20918100,418362.0,418362.0,2.0,5
Xyla,sellers,350,39850,13947500,278950.0,278950.0,2.0,5
Xyla,sellers,40025,39886,1596437150,31928743.0,1000000.0,0.06263948442943713,8
Xyla,sellers,75,39887,2991525,59830.5,59830.5,2.0,1
Xyla,sellers,175,40000,7000000,140000.0,140000.0,2.0,3
Xyla,sellers,375,40100,15037500,300750.0,300750.0,2.0,5
Xyla,sellers,350,40497,14173950,283479.0,283479.0,2.0,5
Xyla,sellers,1525,40500,61762500,1235250.0,1000000.0,1.6191054442420563,6
Xyla,sellers,25,40588,1014700,20294.0,20294.0,2.0,0
Xyla,sellers,4275,40589,173517975,3470359.5,1000000.0,0.576309169122104,7
Xyla,sellers,9850,40970,403554500,8071090.0,1000000.0,0.24779800497826193,7
Xyla,sellers,25,40985,1024625,20492.5,20492.5,2.0,0
Xyla,buyers,5325,38239,203622675,4072453.5,1000000.0,0.4911044410942937,7
Xyla,buyers,31125,38238,1190157750,23803155.0,1000000.0,0.08402247517188373,8
Xyla,buyers,25,38234,955850,19117.0,19117.0,2.0,0
Xyla,buyers,150,38225,5733750,114675.0,114675.0,2.0,3
Xyla,buyers,23975,38222,916372450,18327449.0,1000000.0,0.1091259345476831,8
Xyla,buyers,25,38160,954000,19080.0,19080.0,2.0,0
Xyla,buyers,25,38025,950625,19012.5,19012.5,2.0,0
Xyla,buyers,37800,37668,1423850400,28477008.0,1000000.0,0.07023209741697584,8
Xyla,buyers,150,37556,5633400,112668.0,112668.0,2.0,3
Xyla,buyers,75,37520,2814000,56280.0,56280.0,2.0,1
Xyla,buyers,7750,37505,290663750,5813275.0,1000000.0,0.344040149485445,7
Xyla,buyers,25,37050,926250,18525.0,18525.0,2.0,0
Xyla,buyers,75,37010,2775750,55515.0,55515.0,2.0,1
Xyla,buyers,75,36917,2768775,55375.5,55375.5,2.0,1
Xyla,buyers,3000,36900,110700000,2214000.0,1000000.0,0.9033423667570009,6
Xyla,buyers,200,36844,7368800,147376.0,147376.0,2.0,3
Xyla,buyers,100,36533,3653300,73066.0,73066.0,2.0,2
Xyla,buyers,75,36069,2705175,54103.5,54103.5,2.0,1
Xyla,buyers,250,36066,9016500,180330.0,180330.0,2.0,4
Xyla,buyers,375,36057,13521375,270427.5,270427.5,2.0,5
Xyla,buyers,225,36052,8111700,162234.0,162234.0,2.0,4
Xyla,buyers,350,36051,12617850,252357.0,252357.0,2.0,5
Xyla,buyers,375,36008,13503000,270060.0,270060.0,2.0,5
Xyla,buyers,150,36003,5400450,108009.0,108009.0,2.0,3
Xyla,buyers,250,35110,8777500,175550.0,175550.0,2.0,4
Xyla,buyers,25,30000,750000,15000.0,15000.0,2.0,0
Xyla,buyers,500,30000,15000000,300000.0,300000.0,2.0,5
Xyla,buyers,38175,38,1450650,29013.0,29013.0,2.0,8
Xyla,buyers,13875,1,13875,277.5,277.5,2.0,7
Xymera,sellers,1150,41599,47838850,956777.0,956777.0,2.0,6
Xymera,sellers,625,41782,26113750,522275.0,522275.0,2.0,5
Xymera,sellers,1225,41796,51200100,1024002.0,1000000.0,1.9531211853101849,6
Xymera,sellers,25,41888,1047200,20944.0,20944.0,2.0,0
Xymera,sellers,30000,42948,1288440000,25768800.0,1000000.0,0.07761323771382447,8
Xymera,sellers,15000,42950,644250000,12885000.0,1000000.0,0.15521924718665114,8
Xymera,sellers,25,42986,1074650,21493.0,21493.0,2.0,0
Xymera,sellers,25,42990,1074750,21495.0,21495.0,2.0,0
Xymera,buyers,450,39630,17833500,356670.0,356670.0,2.0,5
Xymera,buyers,25,39621,990525,19810.5,19810.5,2.0,0
Xymera,buyers,18775,39620,743865500,14877310.0,1000000.0,0.13443290487326,8
Xymera,buyers,200,39617,7923400,158468.0,158468.0,2.0,3
Xymera,buyers,7450,39616,295139200,5902784.0,1000000.0,0.3388231722522796,7
Xymera,buyers,200,39612,7922400,158448.0,158448.0,2.0,3
Xymera,buyers,75,39602,2970150,59403.0,59403.0,2.0,1
Xymera,buyers,250,39601,9900250,198005.0,198005.0,2.0,4
Xymera,buyers,50,39600,1980000,39600.0,39600.0,2.0,0
Xymera,buyers,50,39410,1970500,39410.0,39410.0,2.0,0
Xymera,buyers,675,39408,26600400,532008.0,532008.0,2.0,5
Xymera,buyers,250,39407,9851750,197035.0,197035.0,2.0,4
Xymera,buyers,100,39406,3940600,78812.0,78812.0,2.0,2
Xymera,buyers,25,39401,985025,19700.5,19700.5,2.0,0
Xymera,buyers,25,39400,985000,19700.0,19700.0,2.0,0
Xymera,buyers,250,39300,9825000,196500.0,196500.0,2.0,4
Xymera,buyers,75,39257,2944275,58885.5,58885.5,2.0,1
Xymera,buyers,60350,39253,2368918550,47378371.0,1000000.0,0.042213355119364485,8
Xymera,buyers,75,39251,2943825,58876.5,58876.5,2.0,1
Xymera,buyers,100,39249,3924900,78498.0,78498.0,2.0,2
Xymera,buyers,63425,39246,2489177550,49783551.0,1000000.0,0.04017391206183745,8
Xymera,buyers,25,39245,981125,19622.5,19622.5,2.0,0
Xymera,buyers,50,39227,1961350,39227.0,39227.0,2.0,0
Xymera,buyers,925,39226,36284050,725681.0,725681.0,2.0,5
Xymera,buyers,250,39221,9805250,196105.0,196105.0,2.0,4
Xymera,buyers,125,39219,4902375,98047.5,98047.5,2.0,3
Xymera,buyers,25,39214,980350,19607.0,19607.0,2.0,0
Xymera,buyers,1175,39202,46062350,921247.0,921247.0,2.0,6
Xymera,buyers,25,39115,977875,19557.5,19557.5,2.0,0
Xymera,buyers,250,39113,9778250,195565.0,195565.0,2.0,4
Xymera,buyers,100,39100,3910000,78200.0,78200.0,2.0,2
Xymera,buyers,1125,38780,43627500,872550.0,872550.0,2.0,6
Xymera,buyers,25,38625,965625,19312.5,19312.5,2.0,0
Xymera,buyers,250,38381,9595250,191905.0,191905.0,2.0,4
Xymera,buyers,25,38361,959025,19180.5,19180.5,2.0,0
Xymera,buyers,25,38356,958900,19178.0,19178.0,2.0,0
Xymera,buyers,50,38312,1915600,38312.0,38312.0,2.0,0
Xymera,buyers,50,37910,1895500,37910.0,37910.0,2.0,0
Xymera,buyers,150,37750,5662500,113250.0,113250.0,2.0,3
Xymera,buyers,550,37520,20636000,412720.0,412720.0,2.0,5
Xymera,buyers,25,36907,922675,18453.5,18453.5,2.0,0
Xymera,buyers,2750,36906,101491500,2029830.0,1000000.0,0.9853041880354513,6
Xymera,buyers,37625,1,37625,752.5,752.5,2.0,8
Xymera,buyers,2175,1,2175,43.5,43.5,2.0,6
Xymera,buyers,61900,1,61900,1238.0,1238.0,2.0,8
Xymera,buyers,100,1,100,2.0,20.0,20.0,2
Yonabra,sellers,12500,43682,546025000,10920500.0,1000000.0,0.1831417975367428,7
Yonabra,sellers,9900,43684,432471600,8649432.0,1000000.0,0.231229056428214,7
Yonabra,sellers,31700,43686,1384846200,27696924.0,1000000.0,0.07221018478441867,8
Yonabra,sellers,5850,43693,255604050,5112081.0,1000000.0,0.3912301076606572,7
Yonabra,sellers,23725,43699,1036758775,20735175.5,1000000.0,0.09645445248341399,8
Yonabra,sellers,7525,44260,333056500,6661130.0,1000000.0,0.30024935709106415,7
Yonabra,sellers,3100,44262,137212200,2744244.0,1000000.0,0.7287981680929246,6
Yonabra,sellers,7525,44266,333101650,6662033.0,1000000.0,0.30020866002915325,7
Yonabra,buyers,7525,42762,321784050,6435681.0,1000000.0,0.310767423059036,7
Yonabra,buyers,12875,42760,550535000,11010700.0,1000000.0,0.18164149418293116,7
Yonabra,buyers,150,42759,6413850,128277.0,128277.0,2.0,3
Yonabra,buyers,59200,42752,2530918400,50618368.0,1000000.0,0.03951134892377407,8
Yonabra,buyers,3200,42740,136768000,2735360.0,1000000.0,0.7311651848385587,6
Yonabra,buyers,6500,42738,277797000,5555940.0,1000000.0,0.3599750897237911,7
Yonabra,buyers,1125,42731,48072375,961447.5,961447.5,2.0,6
Yonabra,buyers,7175,42729,306580575,6131611.5,1000000.0,0.3261785258247363,7
Yonabra,buyers,63800,42720,2725536000,54510720.0,1000000.0,0.036690030878329984,8
Yonabra,buyers,100,42715,4271500,85430.0,85430.0,2.0,2
Yonabra,buyers,6025,42710,257327750,5146555.0,1000000.0,0.38860946788677087,7
Yonabra,buyers,7100,42530,301963000,6039260.0,1000000.0,0.33116640118160173,7
Yonabra,buyers,250,42476,10619000,212380.0,212380.0,2.0,4
Yonabra,buyers,20000,42305,846100000,16922000.0,1000000.0,0.11818933932159319,8
Yonabra,buyers,1700,42027,71445900,1428918.0,1000000.0,1.3996604423766794,6
Yonabra,buyers,3000,42024,126072000,2521440.0,1000000.0,0.7931975379148424,6
Yonabra,buyers,4075,41910,170783250,3415665.0,1000000.0,0.5855375161205797,7
Yonabra,buyers,75,41909,3143175,62863.5,62863.5,2.0,1
Yonabra,buyers,375,41200,15450000,309000.0,309000.0,2.0,5
Yonabra,buyers,11000,41014,451154000,9023080.0,1000000.0,0.2216538033576118,7
Yonabra,buyers,25375,41002,1040425750,20808515.0,1000000.0,0.09611449928070312,8
Yonabra,buyers,21650,13,281450,5629.0,5629.0,2.0,8
Yonabra,buyers,55050,1,55050,1101.0,1101.0,2.0,8
Yonabra,buyers,26350,1,26350,527.0,527.0,2.0,8
Yovera,sellers,11500,40392,464508000,9290160.0,1000000.0,0.21528154520481885,7
Yovera,sellers,7525,40394,303964850,6079297.0,1000000.0,0.32898540735877846,7
Yovera,sellers,2075,40400,83830000,1676600.0,1000000.0,1.1928903733746867,6
Yovera,sellers,2100,40497,85043700,1700874.0,1000000.0,1.1758660547459716,6
Yovera,buyers,6100,38701,236076100,4721522.0,1000000.0,0.4235922230162223,7
Yovera,buyers,43075,38700,1667002500,33340050.0,1000000.0,0.05998791243564421,8
Yovera,buyers,25,38542,963550,19271.0,19271.0,2.0,0
Yovera,buyers,64000,38521,2465344000,49306880.0,1000000.0,0.04056229069857999,8
Yovera,buyers,25,38350,958750,19175.0,19175.0,2.0,0
Yovera,buyers,2925,38301,112030425,2240608.5,1000000.0,0.8926146624901228,6
Yovera,buyers,100,38114,3811400,76228.0,76228.0,2.0,2
Yovera,buyers,250,38030,9507500,190150.0,190150.0,2.0,4
Yovera,buyers,50,38013,1900650,38013.0,38013.0,2.0,0
Yovera,buyers,1225,37864,46383400,927668.0,927668.0,2.0,6
Yovera,buyers,1175,37832,44452600,889052.0,889052.0,2.0,6
Yovera,buyers,100,37825,3782500,75650.0,75650.0,2.0,2
Yovera,buyers,250,37378,9344500,186890.0,186890.0,2.0,4
Yovera,buyers,25,37000,925000,18500.0,18500.0,2.0,0
Yovera,buyers,25,36932,923300,18466.0,18466.0,2.0,0
Yovera,buyers,125,36811,4601375,92027.5,92027.5,2.0,3
Yovera,buyers,25,36660,916500,18330.0,18330.0,2.0,0
Yovera,buyers,250,36650,9162500,183250.0,183250.0,2.0,4
Yovera,buyers,25,36543,913575,18271.5,18271.5,2.0,0
Yovera,buyers,325,36050,11716250,234325.0,234325.0,2.0,4
Yovera,buyers,400,36038,14415200,288304.0,288304.0,2.0,5
Yovera,buyers,250,35780,8945000,178900.0,178900.0,2.0,4
Yovera,buyers,450,35757,16090650,321813.0,321813.0,2.0,5
Yovera,buyers,100,35550,3555000,71100.0,71100.0,2.0,2
Yovera,buyers,25,35221,880525,17610.5,17610.5,2.0,0
Yovera,buyers,53150,37,1966550,39331.0,39331.0,2.0,8
Yovera,buyers,250,1,250,5.0,20.0,8.0,4
Yubra,sellers,125,39300,4912500,98250.0,98250.0,2.0,3
Yubra,sellers,25,39364,984100,19682.0,19682.0,2.0,0
Yubra,sellers,14650,39366,576711900,11534238.0,1000000.0,0.1733968034992862,8
Yubra,sellers,225,39500,8887500,177750.0,177750.0,2.0,4
Yubra,sellers,250,40000,10000000,200000.0,200000.0,2.0,4
Yubra,buyers,2625,37678,98904750,1978095.0,1000000.0,1.0110737856371914,6
Yubra,buyers,100,37677,3767700,75354.0,75354.0,2.0,2
Yubra,buyers,50,37674,1883700,37674.0,37674.0,2.0,0
Yubra,buyers,63850,37673,2405421050,48108421.0,1000000.0,0.041572763321415185,8
Yubra,buyers,3450,37672,129968400,2599368.0,1000000.0,0.7694177969414103,7
Yubra,buyers,25,37671,941775,18835.5,18835.5,2.0,0
Yubra,buyers,100,37669,3766900,75338.0,75338.0,2.0,2
Yubra,buyers,175,37660,6590500,131810.0,131810.0,2.0,3
Yubra,buyers,250,37500,9375000,187500.0,187500.0,2.0,4
Yubra,buyers,275,37000,10175000,203500.0,203500.0,2.0,4
Yubra,buyers,25,36601,915025,18300.5,18300.5,2.0,0
Yubra,buyers,500,36530,18265000,365300.0,365300.0,2.0,5
Yubra,buyers,100,36522,3652200,73044.0,73044.0,2.0,2
Yubra,buyers,250,36520,9130000,182600.0,182600.0,2.0,4
Yubra,buyers,100,36514,3651400,73028.0,73028.0,2.0,2
Yubra,buyers,100,36401,3640100,72802.0,72802.0,2.0,2
Yubra,buyers,650,36300,23595000,471900.0,471900.0,2.0,5
Yubra,buyers,100,36259,3625900,72518.0,72518.0,2.0,2
Yubra,buyers,100,36202,3620200,72404.0,72404.0,2.0,2
Yubra,buyers,100,34701,3470100,69402.0,69402.0,2.0,2
Yubra,buyers,25,50,1250,25.0,25.0,2.0,0
Yubra,buyers,35350,25,883750,17675.0,17675.0,2.0,8
Yubra,buyers,225,5,1125,22.5,22.5,2.0,4
Zuna,sellers,125,49870,6233750,124675.0,124675.0,2.0,3
Zuna,sellers,350,49873,17455550,349111.0,349111.0,2.0,5
Zuna,sellers,500,49900,24950000,499000.0,499000.0,2.0,5
Zuna,sellers,225,49972,11243700,224874.0,224874.0,2.0,4
Zuna,sellers,1475,50000,73750000,1475000.0,1000000.0,1.3559322033898304,6
Zuna,sellers,1650,50200,82830000,1656600.0,1000000.0,1.2072920439454304,6
Zuna,sellers,150,50500,7575000,151500.0,151500.0,2.0,3
Zuna,sellers,150,52839,7925850,158517.0,158517.0,2.0,3
Zuna,sellers,25,52849,1321225,26424.5,26424.5,2.0,0
Zuna,sellers,125,52887,6610875,132217.5,132217.5,2.0,3
Zuna,buyers,25,44667,1116675,22333.5,22333.5,2.0,0
Zuna,buyers,325,44666,14516450,290329.0,290329.0,2.0,4
Zuna,buyers,50,44665,2233250,44665.0,44665.0,2.0,0
Zuna,buyers,500,44663,22331500,446630.0,446630.0,2.0,5
Zuna,buyers,1900,44650,84835000,1696700.0,1000000.0,1.1787587670183297,6
Zuna,buyers,50,44616,2230800,44616.0,44616.0,2.0,0
Zuna,buyers,50,44613,2230650,44613.0,44613.0,2.0,0
Zuna,buyers,50,44612,2230600,44612.0,44612.0,2.0,0
Zuna,buyers,1200,44500,53400000,1068000.0,1000000.0,1.8726591760299627,6
Zuna,buyers,50,43701,2185050,43701.0,43701.0,2.0,0
Zuna,buyers,125,43700,5462500,109250.0,109250.0,2.0,3
Zuna,buyers,25,42301,1057525,21150.5,21150.5,2.0,0
Zuna,buyers,800,42000,33600000,672000.0,672000.0,2.0,5
Zuna,buyers,25,41001,1025025,20500.5,20500.5,2.0,0
Zuna,buyers,25,41000,1025000,20500.0,20500.0,2.0,0
Zuna,buyers,150,40001,6000150,120003.0,120003.0,2.0,3
Zuna,buyers,400,40000,16000000,320000.0,320000.0,2.0,5
Zuna,buyers,64000,1,64000,1280.0,1280.0,2.0,8
Zunera,sellers,375,57877,21703875,434077.5,434077.5,2.0,5
Zunera,sellers,100,58000,5800000,116000.0,116000.0,2.0,2
Zunera,sellers,50,58900,2945000,58900.0,58900.0,2.0,0
Zunera,sellers,225,58990,13272750,265455.0,265455.0,2.0,4
Zunera,sellers,100,58999,5899900,117998.0,117998.0,2.0,2
Zunera,sellers,2000,60000,120000000,2400000.0,1000000.0,0.8333333333333334,6
Zunera,buyers,75,50201,3765075,75301.5,75301.5,2.0,1
Zunera,buyers,675,50200,33885000,677700.0,677700.0,2.0,5
Zunera,buyers,1025,50100,51352500,1027050.0,1000000.0,1.9473248624701816,6
Zunera,buyers,50,50003,2500150,50003.0,50003.0,2.0,0
Zunera,buyers,25,50002,1250050,25001.0,25001.0,2.0,0
Zunera,buyers,100,50001,5000100,100002.0,100002.0,2.0,2
Zunera,buyers,2500,49900,124750000,2495000.0,1000000.0,0.8016032064128256,6
Zunera,buyers,50,49800,2490000,49800.0,49800.0,2.0,0
Zunera,buyers,25,49700,1242500,24850.0,24850.0,2.0,0
Zunera,buyers,125,49605,6200625,124012.5,124012.5,2.0,3
Zunera,buyers,75,49600,3720000,74400.0,74400.0,2.0,1
Zunera,buyers,75,49500,3712500,74250.0,74250.0,2.0,1
Zunera,buyers,25,49101,1227525,24550.5,24550.5,2.0,0
Zunera,buyers,25,49100,1227500,24550.0,24550.0,2.0,0
Zunera,buyers,175,49004,8575700,171514.0,171514.0,2.0,3
Zunera,buyers,175,49003,8575525,171510.5,171510.5,2.0,3
Zunera,buyers,125,48650,6081250,121625.0,121625.0,2.0,3
Zunera,buyers,25,48501,1212525,24250.5,24250.5,2.0,0
Zunera,buyers,8700,48191,419261700,8385234.0,1000000.0,0.23851451253477243,7
Zunera,buyers,25,48150,1203750,24075.0,24075.0,2.0,0
Zunera,buyers,25,44500,1112500,22250.0,22250.0,2.0,0
Zunera,buyers,3950,1,3950,79.0,79.0,2.0,7
Zunera,buyers,600,1,600,12.0,20.0,3.3333333333333335,5
