date,ret,disp,vol,kills,online,turnover,state
2024-01-17,-0.0020822185,0.1810129,0.013742141999999999,0.08303163,5.2700325,287.3333,1
2024-01-18,0.0037346846666666666,0.28230886666666666,0.014914620333333331,-0.034652706666666665,5.472596333333333,258.375,1
2024-01-19,0.0009994030000000005,0.33607609999999993,0.014623061,0.007977025666666667,5.494021,416.2166666666667,2
2024-01-20,-0.0036185460000000003,0.3265416,0.013223133000000001,-0.08831508499999999,5.19271,243.95,2
2024-01-21,0.003468249,0.3553068,0.014363885,-0.07500617666666666,5.462965,404.04763333333335,2
2024-01-22,0.0035629833333333336,0.3067398,0.014166287333333333,-0.051533663333333334,5.576334666666667,418.0285666666667,2
2024-01-23,-0.005757449333333334,0.3071941,0.013623497,0.000585686666666666,5.651247333333333,423.9365,2
2024-01-24,-0.009219824,0.3092474,0.012630449333333335,-0.14338005666666667,5.492401,421.5238,2
2024-01-25,0.018422085333333334,0.3026969,0.013849563333333334,-0.15444585333333335,5.480129333333333,419.0,2
2024-01-26,0.008871591,0.08664494,0.013773349999999998,-0.0201557742,5.468943333333333,415.9047666666667,2
2024-01-27,-0.013083734999999999,0.3021676,0.012491105,0.049059455,5.580235,506.5,2
2024-01-28,0.005033162,0.3021676,0.01169057,-0.04394211,5.192957,212.0,2
2024-01-29,-1.0429400000000014e-05,0.16733592933333333,0.01241635,0.01891122,5.489064,408.85716666666667,2
2024-01-30,0.0017848785000000001,0.2839099,0.012508036666666666,0.03431207,5.77231075,402.04760000000005,2
2024-01-31,0.004476322925,0.2647903,0.012486606666666665,-0.1308396,5.58339675,395.6666666666667,2
2024-02-01,-0.00035971827499999996,0.2572542,0.011993746666666666,0.0013049366666666666,5.549778,380.40475000000004,2
2024-02-02,-0.0011243775,0.2433047,0.011967216666666667,0.006232029666666666,5.553971499999999,379.026775,2
2024-02-03,0.0013891587500000002,0.2128292,0.011971516666666668,-0.028161699666666665,5.55137675,382.50715,2
2024-02-04,-0.00021589340000000002,0.2255096,0.01209096,0.7164941333333333,5.640601,386.9881,2
2024-02-05,0.011474748575,0.2203198,0.011920786666666667,0.8268782666666666,5.76648725,395.89285,2
2024-02-06,-0.0023424403,0.2193591,0.010691802,0.75900085,5.840184,399.53569999999996,2
2024-02-08,-0.003088379075,0.2259524,0.010708430750000001,0.10572658249999999,5.56730475,400.39282499999996,2
2024-02-09,0.004170053175,0.2294431,0.010788175,-0.065367115,5.53650675,395.5357,2
2024-02-10,0.0006548064999999999,0.08929013,0.01003336875,-0.0391571725,5.4118585,394.35715000000005,2
2024-02-11,-0.015760227249999998,0.1433793,0.009141603,-0.024068145000000003,5.4270015,389.928575,2
2024-02-12,0.01273465585,0.1494719,0.009289569000000001,-0.66850865,5.48677225,362.2083375,2
2024-02-13,-0.00023593112500000008,0.1770217,0.00920221825,-0.764564075,5.52777525,357.758925,2
2024-02-14,-7.810692749999986e-05,0.1871673,0.0078292185,-0.9495823,5.430957375,356.4643,2
2024-02-15,-0.008528584825000001,0.1779653,0.007907823750000001,-0.1926492,5.4467311249999995,350.9851,2
2024-02-16,0.005804826375,0.1787257,0.008140129999999999,-0.09140892,5.397674875,353.1249875,2
2024-02-17,0.0008817527875000003,0.1809133,0.015737357124999997,-0.02372582875,5.388831625,352.1785625,2
2024-02-18,-0.0137943773125,0.1835106,0.01578624725,-0.003868541999999999,5.433619875,354.8392875,2
2024-02-19,0.003940669250000001,0.1891913,0.015987199625,0.01818601225,5.535335875,357.67855,2
2024-02-20,0.00015721999999999958,0.1928979,0.017578474375,0.0645864570125,5.56305875,362.17855000000003,2
2024-02-21,-0.006475392337500001,0.1858857,0.016721927,0.005822,5.431198625,364.196425,2
2024-02-22,0.012978838962500001,0.1866807,0.01690322275,-0.009079761249999999,5.45412925,367.785725,2
2024-02-23,0.0034960938750000004,0.1918742,0.01726493825,0.0591839525,5.464462875,367.0000125,2
2024-02-24,0.0004317189750000001,0.1891927,0.016957381625,0.055931630125,5.466353625,366.14285,2
2024-02-25,-0.0198428262625,0.1814107,0.01675786925,0.060112207,5.46250875,370.89285,2
2024-02-26,0.014725193087500001,0.1792238,0.017125704874999998,-0.00218876775,5.534049125,372.9285875,2
2024-02-27,-0.016297857625,0.1852084,0.017326494875,-0.019464262500000003,5.620286,377.339275,2
2024-02-28,2.1883242857142827e-05,0.180979,0.019744588,0.10587955,5.602684714285714,414.1224571428571,2
2024-02-29,0.0075780838000000005,0.11947212,0.024537058,0.1593105,5.4577228,347.05716,2
2024-03-01,-0.00017803885,0.18157265,0.01915548325,0.1873269375,5.540211875,407.0714125,2
2024-03-02,-0.012228663875,0.1999083,0.019116566571428573,0.17506534285714287,5.5252795,455.1020428571428,2
2024-03-03,0.015462564666666666,0.11695913333333334,0.023188933666666665,0.43846015000000005,5.687720166666666,383.64285,2
2024-03-04,-0.02460919325,0.18629815,0.022646838,0.28867005714285715,5.766042625,454.2653,2
2024-03-05,0.0174704038,0.1497917,0.02192833075,0.5559549625,6.136034555555556,476.5238222222222,2
2024-03-07,-0.006986226777777777,0.1719593,0.022075045624999998,-0.1841889125,5.480257666666667,474.1365,2
2024-03-08,-0.011848372711111112,0.1763266,0.021732048625,-0.1719232225,5.450999666666666,462.4206333333334,2
2024-03-09,-0.003500340144444445,0.183387,0.022017447875,-0.1819813075,5.425815111111111,452.7142888888889,2
2024-03-10,-0.001720628444444444,0.1912883,0.022991393444444445,0.044209527777777785,5.732925333333333,443.7936555555555,2
2024-03-11,-0.013285248777777777,0.1838399,0.022014198555555555,0.1921283622222222,6.085889111111111,471.11112222222226,2
2024-03-12,0.0011354495555555557,0.1838358,0.02286394588888889,-0.045347097777777776,6.080945666666667,488.44442222222216,2
2024-03-13,0.006277141333333333,0.1848444,0.022585725444444444,-0.02272308277777778,5.740559333333334,492.06348888888886,2
2024-03-14,0.010537186777777778,0.190905,0.02276189088888889,0.02211231311111111,5.423968444444444,490.7936555555555,2
2024-03-15,0.0018558784444444444,0.1939071,0.02295638388888889,0.003286271777777778,5.428387888888889,486.77776666666665,2
2024-03-16,0.002496043333333333,0.1917727,0.022339301222222222,0.03451031877777778,5.407210555555555,479.5079222222222,2
2024-03-17,0.0016315172444444442,0.1887368,0.021662461555555554,-0.32307118888888886,5.424374,459.4603222222222,2
2024-03-18,-0.0017001881777777776,0.191377,0.02039787111111111,-0.3854138555555556,5.501797555555555,416.63492222222226,2
2024-03-20,-0.0020467189444444444,0.1864275,0.01664034711111111,-0.05710899,5.407442666666666,354.22221111111116,2
2024-03-21,-0.004283077433333334,0.1686452,0.01692073577777778,0.030367070444444446,5.398272333333334,354.0,2
2024-03-22,0.013177835888888888,0.1677186,0.016755078,-0.005571329333333333,5.423003444444444,356.5714222222222,2
2024-03-23,-0.0027423955111111112,0.1501795,0.016660771666666668,-0.007698304333333333,5.412168,356.127,2
2024-03-24,0.0013364841333333333,0.1578837,0.01531167888888889,-0.022578163455555557,5.414695333333333,351.7142888888889,2
2024-03-25,0.0005810665777777779,0.1542277,0.01533275877777778,0.023509258555555555,5.508264333333333,352.15874444444444,2
2024-03-26,-0.0005022773333333329,0.1554222,0.01353726188888889,0.019638891888888888,5.562758888888889,355.2381111111111,2
2024-03-27,-0.0006382048333333335,0.165212,0.013033334555555555,-0.00867812677777778,5.412041444444444,354.3809333333333,2
2024-03-28,-0.005094956,0.1636251,0.012330592,0.00573728888888889,5.398974777777777,354.96826666666664,2
2024-03-29,0.0025760002222222226,0.1588922,0.011482717444444445,0.027416336222222223,5.403494222222222,351.68255555555555,2
2024-03-30,0.002222688555555555,0.1530414,0.011753982777777778,0.033232655444444446,5.424017,350.55555555555554,2
2024-03-31,0.00437583651111111,0.1573327,0.011807927333333334,0.11223801222222221,5.4843967777777785,357.63492222222226,2
2024-04-01,-0.003642342333333334,0.1577896,0.012288152,-0.03184373555555556,5.478329111111112,356.50792222222225,2
2024-04-02,-0.0005525006333333333,0.1532333,0.013047564777777777,-0.11388241077777778,5.4089395555555555,349.0000111111111,2
2024-04-03,-0.005146587677777778,0.1454148,0.012639761333333333,0.0013589920000000003,5.451909777777778,345.58729999999997,2
2024-04-04,0.02059213756666667,0.1399627,0.012860217333333333,-0.10048873,5.368041222222222,339.66668888888887,2
2024-04-05,-0.010127907266666666,0.1391267,0.014043569555555555,-0.042293182222222225,5.302642888888889,338.46031111111114,2
2024-04-06,0.0022850164333333336,0.1519427,0.01425392277777778,-0.015313063822222223,5.386833111111112,338.6031888888889,2
2024-04-07,-0.0094537822,0.1504279,0.014504739888888889,0.5036283222222222,5.3699497,332.4761777777778,2
2024-04-08,-0.00350287303,0.1499543,0.014969046333333335,0.7265817444444445,5.4606933,333.1746,2
2024-04-09,0.0009353795999999997,0.1515791,0.015392613666666666,0.8010665888888888,5.4905522,309.47619,1
2024-04-10,0.00282257422,0.1434235,0.015491445333333334,0.1104718741111111,5.2867771,310.13215,1
2024-04-11,0.0057647057,0.1369391,0.015477420555555557,-0.023300246555555557,5.2170357,307.74571000000003,1
2024-04-12,0.0045980788,0.1364178,0.016038509444444446,-0.07428549166666668,5.2284293,307.07381,1
2024-04-13,-0.008496039799999999,0.1337352,0.016292863,-0.06921321744444445,5.246059600000001,302.02856,1
2024-04-14,0.0066501077199999994,0.126817,0.0151868891,-0.5637080400000001,5.2764784,302.15713999999997,1
2024-04-15,0.0015538511999999998,0.1293238,0.0150904032,-0.6798564899999999,5.3636015,300.80002,1
2024-04-16,-0.0070829940000000004,0.1387654,0.0143335085,-0.70084887,5.4012387,302.71429,1
2024-04-17,0.00039060094999999984,0.1240239,0.0146248415,-0.149152921,5.275324299999999,299.21428000000003,1
2024-04-18,-0.0008202009999999998,0.125305,0.0143240226,0.089742976,5.2793797,300.24286,1
2024-04-19,0.007975347737999999,0.1254671,0.013562139400000001,0.077197086,5.2831852,300.74285,1
2024-04-20,-0.0004082403299999997,0.9943754,0.013271214,0.0539953102,5.2689088,304.05715,1
2024-04-21,-0.00209615865,0.12112019999999998,0.0131181865,-0.0269172267,5.2887769,304.75715,1
2024-04-22,-0.00308446684,0.1274182,0.0127510175,-0.041963044000000005,5.370878599999999,303.65713999999997,1
2024-04-23,-0.00358948606,0.9859777,0.012149022300000001,-0.0173170205,5.4149754,304.6,1
2024-04-24,0.00045093460000000037,0.8878377000000001,0.0121736257,0.019762373,5.2862321,309.44286999999997,1
2024-04-25,0.0014492141899999998,0.8879604000000001,0.012548009899999999,0.034379431700000004,5.2750791,311.72857,1
2024-04-26,-0.0024089731,0.8699275,0.0120876545,0.0501172005,5.286251200000001,308.94284,1
2024-04-27,-0.0013691971,0.8926677,0.0117335076,0.04404821649,5.3059841,307.81428999999997,1
2024-04-28,-0.0010135141999999997,0.8987870000000001,0.011837339399999999,0.0009862929999999988,5.2895862000000005,307.67143,1
2024-04-29,-0.013841005149999999,0.8762661000000002,0.0116500529,0.021859255,5.3563351,306.92857,1
2024-04-30,-0.0063885907,0.8765979999999999,0.0128913993,0.014472080000000002,5.386978,305.61427,1
2024-05-01,0.005311301000000001,0.8659228000000001,0.013203541899999999,-0.0089899141,5.283755,303.29999,1
2024-05-02,-0.0011973334520000002,0.8307160999999998,0.0137836802,0.0022753620000000004,5.2680799,301.64287,1
2024-05-03,0.0013947994599999998,0.8270844,0.013390923999999998,0.10338694500000001,5.3811964,309.61428,1
2024-05-04,-0.0016741329999999995,0.8289481000000001,0.012891812999999998,-0.07676422299999999,5.2686473,316.57143,1
2024-05-05,0.00284259133,0.8399001,0.013489373399999999,0.34143669,5.71266,337.54285999999996,1
2024-05-06,-0.0070003912,0.8206238000000001,0.0137414294,0.39532422,6.0137546,371.88574,1
2024-05-07,0.012510753,0.7735006,0.0138764329,0.41226295999999996,6.0085225,402.8143,2
2024-05-08,0.0075205739800000004,0.7261291,0.0141909956,0.10643023700000001,5.6506606,420.44285,2
2024-05-09,-0.0028204674999999994,0.6849858,0.0139176972,-0.110835817,5.2450756,418.19998999999996,2
2024-05-10,0.002527399038,0.6782746,0.0143606044,-0.19546232,5.2508757,412.0143,2
2024-05-11,-0.0056318192699999995,0.6424022,0.0146098716,0.015119934500000001,5.2613903,399.78571,2
2024-05-12,0.0012669228600000002,0.5629479,0.0142899189,-0.36677255999999997,5.2541530000000005,373.75714,2
2024-05-13,-0.0011897983900000001,0.5283579,0.014489772500000001,-0.44352054,5.2970304,336.29999,1
2024-05-14,0.0024171155,0.5598625,0.0134062111,-0.49823586999999997,5.3306944000000005,300.05715,1
2024-05-15,0.0005834748000000001,0.5492995,0.0127890596,-0.155383632,5.242131,277.85715,1
2024-05-16,0.0031987932900000003,0.522001,0.012206459499999999,0.156000581,5.2717064,279.6,1
2024-05-17,0.0029896053,0.5101366,0.0118691848,0.127208139,5.2713725,278.52856,1
2024-05-18,0.00231677624,0.5251298,0.0120481459,0.0876209377,5.2352043,282.47143,1
2024-05-19,-0.0015707574000000002,0.5268629,0.0117206003,0.06356822479999999,5.2477501,285.92858,1
2024-05-20,-0.0057060635,0.5495895,0.0116704641,0.071641381,5.3194102,288.78571,1
2024-05-21,-0.004850527831,0.5593973,0.0117224927,0.1123708577,5.3765764,294.14287,1
2024-05-22,0.0021143767799999998,0.536899,0.011594878,0.14208172649,5.2944533,297.95714,1
2024-05-23,0.0006708769100000003,0.5046826,0.0114062203,-0.06708438871,5.2443453,297.14285,1
2024-05-24,0.002213119397,0.5118367,0.011171259999999999,-0.10728860389999999,5.216385300000001,297.14285,1
2024-05-25,-0.00043974270000000015,0.5301022,0.0107178676,-0.09804070499999999,5.2072415,294.14287,1
2024-05-26,0.001172474656,0.550729,0.0106492038,-0.094299026,5.2124274,291.02858000000003,1
2024-05-27,-0.00023448789999999984,0.5551114,0.010068120199999999,-0.059956595099999996,5.2802823000000005,289.44285,1
2024-05-28,-0.001111767,0.5564972,0.009842722299999999,-0.0787356232,5.3388893,288.28571999999997,1
2024-05-29,0.00326005142,0.5631973,0.0100297346,-0.07702909399999999,5.2522826,285.92857,1
2024-05-30,-0.017819102349999998,0.551189,0.0097884603,0.023061131000000002,5.2420844,282.1,1
2024-05-31,-0.0385955542,0.5379024,0.012582253199999999,0.0479730665,5.2578226,288.87144,1
2024-06-01,-0.014812647,0.5226618,0.0171730445,0.16359157,5.288450666666667,302.35712,1
2024-06-02,0.0018511900000000002,0.4800441,0.018062404100000002,0.056791594,5.207714083333333,312.74283,1
2024-06-03,0.0034323015608333333,0.4756139,0.0183684442,0.0034125871000000004,5.2374555,291.615075,1
2024-06-04,-0.001680899083333333,0.4781766,0.0189109745,0.0321158083,5.302268166666667,292.18153333333333,1
2024-06-05,0.004137136916666667,0.4794741,0.019445095000000003,-0.014145605,5.191810083333333,294.9857083333333,1
2024-06-06,-0.013828934558333334,0.4797878,0.019703248,-0.036153043,5.1811645,299.80357499999997,1
2024-06-07,-0.0016436303500000002,0.475717,0.020161504,-0.029495715,5.150227,297.5119,1
2024-06-08,-0.011029310950000001,0.4641933,0.02058500166666667,-0.15382401833333334,5.1551479166666665,290.7857166666667,1
2024-06-09,-0.0071965666875,0.4645872,0.020632479999999998,0.4727768666666667,5.515428916666667,299.7381,1
2024-06-10,-0.006167294183333334,0.4656381,0.020586105,0.6113238583333334,5.8240255,316.202375,1
2024-06-11,0.008128538454545454,0.4726106,0.021231617272727273,0.6142107727272728,5.834132090909091,340.5194909090909,1
2024-06-12,0.0043845128083333336,0.478083375,0.0214306975,0.15095825166666665,5.645447,337.833325,1
2024-06-13,0.003679427358333333,0.46105709999999994,0.021775181666666667,-0.06064447583333333,5.1754230833333335,333.54763333333335,1
2024-06-14,0.0016836359749999995,0.4627904,0.020237435,-0.04272708916666667,5.151827916666667,328.0833166666667,1
2024-06-15,-0.0021001952500000003,0.45886200000000005,0.017341705333333332,0.020842927175,5.1425349166666665,323.65476666666666,1
2024-06-16,-0.0024764243741666665,0.4487661,0.016627581583333332,-0.5260993866666667,5.1342661666666665,305.95238333333333,1
2024-06-17,-0.00895913267,0.4535413,0.016122891416666667,-0.6477689249999999,5.181905666666666,286.34525,1
2024-06-18,0.0010261367833333337,0.4523746,0.015940066916666665,-0.686884,5.241739666666667,264.47617583333334,1
2024-06-20,-0.00932519785,0.4206398,0.015406321,0.022871850666666665,5.18347825,262.3333225,1
2024-06-21,0.0012584366999999997,0.4137605,0.015206339083333333,0.029135761876666666,5.177152583333333,264.75000916666664,1
2024-06-22,-0.0047665653,0.3955792,0.014868378416666666,-0.03097509383333333,5.087395416666667,265.380975,1
2024-06-23,-0.005867268166666668,0.37928,0.014147990583333332,-0.009392470833333335,5.183001916666666,263.82142500000003,1
2024-06-24,0.002051579191666667,0.36258380000000007,0.014207766249999998,0.01178529005,5.255923,265.1666583333333,1
2024-06-25,0.004568687333333334,0.3622242,0.014023520083333333,0.012108594083333335,5.2904384166666665,268.45238333333333,1
2024-06-26,-3.285423333333309e-05,0.3637043,0.013794108083333333,0.03219742341666667,5.2083415,268.690475,1
2024-06-27,0.0038961365000000007,0.344737,0.013129849666666667,0.16554303750000002,5.186947833333334,267.5000083333333,1
2024-06-28,-6.127808333333312e-05,0.329661,0.013334696,0.18045945,5.21790075,270.4762,1
2024-06-29,-0.004856615316666667,0.3425824,0.013410784666666667,0.18666009166666667,5.2015693333333335,271.5238,1
2024-06-30,-0.004558627333333333,0.1406582,0.013294436666666666,0.18299777416666665,5.197902666666667,277.51191666666665,1
2024-07-01,-0.004859577833333333,0.137009,0.013992178583333334,0.14069476416666668,5.24307425,282.82143333333335,1
2024-07-02,-0.021772972749999998,0.1423996,0.015270187166666666,0.13926066083333333,5.296871833333333,296.4166583333334,1
2024-07-03,0.004155086175,0.1445522,0.01642090375,0.11467383416666667,5.258935416666667,306.1309416666667,1
2024-07-04,0.0035322449,0.1470469,0.01755043525,0.018537273333333337,5.263141999999999,304.59524166666665,1
2024-07-05,0.0006382790833333332,0.1533006,0.017670955,-0.05642462,5.197965583333334,303.059525,1
2024-07-06,0.0008300845333333336,0.1497597,0.018109349166666667,0.018789509333333333,5.244380083333334,303.10713333333337,1
2024-07-07,0.000551070091666666,0.1480059,0.01932715,-0.087937215,5.214746,300.1428583333333,1
2024-07-08,-0.008462647916666666,0.3577237,0.0194658875,-0.10522221216666666,5.224023666666667,295.59522499999997,1
2024-07-09,0.005191329475,0.37324209999999997,0.01965560083333333,-0.07683176916666666,5.298253333333333,280.6428583333333,1
2024-07-10,0.008138331916666667,0.3717355,0.020094522416666667,-0.05206925141666666,5.203823833333334,270.1666775,1
2024-07-11,-0.01316115745,0.3596378,0.021151993999999997,-0.0762569925,5.2168789166666665,270.61905,1
2024-07-12,-0.005697568500000001,0.3631456,0.02185958758333333,-0.07567674949999999,5.196262333333333,271.428575,1
2024-07-13,0.0003307088833333334,0.3618841,0.022248072166666664,-0.18713965833333335,5.192087166666666,276.047625,1
2024-07-14,0.00019526465416666727,0.35554250000000004,0.0225886275,0.3309316,5.529689583333333,288.89285,1
2024-07-15,0.007429207333333333,0.3586841,0.022497881666666667,0.441075175,5.800341666666667,309.76191666666665,1
2024-07-16,0.0009008502500000003,0.3571019,0.021686975,0.4261773583333333,5.799192416666667,328.30951666666664,1
2024-07-17,0.0060709090833333335,0.3480613000000001,0.0203415175,0.0736138225,5.472245333333333,336.9166583333333,1
2024-07-18,-0.002017127416666667,0.3287836,0.01974570875,-0.0380370055,5.193924249999999,336.5238166666667,1
2024-07-19,0.002508317,0.3344394,0.019595435,0.0088529965,5.207419750000001,335.84523333333334,1
2024-07-20,-0.002457800166666667,0.3227005,0.0196138,0.03707250583333333,5.18396925,332.10715,1
2024-07-21,0.007903564,0.3085459,0.018334850833333333,-0.34393518333333334,5.16638125,320.54761666666667,1
2024-07-22,-0.008936070765,0.3006606,0.018157104166666667,-0.4493864166666666,5.196016083333333,299.2261833333333,1
2024-07-23,0.0019394309333333332,0.3006445,0.018560023499999998,-0.44867586666666665,5.255911083333333,278.42856666666665,1
2024-07-24,0.012612752999999999,0.3008853,0.018010874333333333,-0.08471699249999999,5.170401666666667,269.571425,1
2024-07-25,0.010583297183333333,0.3062676,0.017554584833333334,0.038895642333333334,5.173296583333333,267.202375,1
2024-07-26,-0.0039325024749999994,0.3126542,0.017282537166666667,0.03168010025,5.212199583333334,264.583325,1
2024-07-27,-0.0018307687683333333,0.3219609,0.016522619083333332,0.046888369416666666,5.198871083333334,265.48809166666666,1
2024-07-28,0.003181817958333333,0.320043,0.0161605485,0.023224739633333335,5.1996395,267.51189166666666,1
2024-07-29,-0.0013274545,0.313269,0.015526294416666668,0.06900798308333334,5.247722583333333,267.48809166666666,1
2024-07-30,-0.0014529079,0.3173658,0.014987751666666667,0.02089200916666667,5.292213666666666,268.34524166666665,1
2024-07-31,-0.004988588033333334,0.3185635,0.014572896083333333,0.0005540296500000005,5.174867083333333,268.14286666666663,1
2024-08-01,0.013554403583333333,0.3225644,0.014836671666666667,-0.00567537975,5.1741725,269.452375,1
2024-08-02,0.0032097210083333327,0.3233709,0.015118684333333333,-0.020737075591666664,5.1918875,270.84524166666665,1
2024-08-03,-0.003207486958333333,0.3214806,0.014985789999999999,-0.048163963166666664,5.187247083333333,271.69048333333336,1
2024-08-04,0.0096233535,0.3205688,0.015105365,0.5220667666666666,5.277369083333333,270.79760833333336,1
2024-08-05,0.0006594205,0.323546,0.015295613999999999,0.6094997083333333,5.332971833333333,272.0595333333334,1
2024-08-06,0.0035577827250000004,0.3341146,0.013926043416666667,0.6763549000000001,5.390121416666666,273.04761666666667,1
2024-08-07,-0.0003212595166666663,0.3441946,0.013750177666666667,0.14120845383333333,5.211610083333333,276.7738,1
2024-08-08,0.015351867641666668,0.3515884,0.013982880750000001,-0.09443584541666666,5.149035416666666,277.5238,1
2024-08-09,0.008809944416666667,0.3428354,0.014405834,-0.07489371591666667,5.165247333333333,276.39285,1
2024-08-10,0.005958491058333334,0.3493039,0.014603064083333334,-0.02278211466666667,5.169970416666667,272.440475,1
2024-08-11,-0.0030367195433333334,0.36541929999999995,0.014542860749999999,-0.5580025833333333,5.186541166666667,270.6904916666667,1
2024-08-12,-0.006549254391666666,0.3708826,0.014778094083333334,-0.683494275,5.203625166666667,269.0119,1
2024-08-13,0.004048136466666667,0.37302300000000005,0.015125527,-0.7367161583333334,5.244919416666667,270.0119,1
2024-08-14,0.0006591073333333332,0.3696062,0.014990736999999999,-0.18234383083333336,5.161420916666667,266.8571416666667,1
2024-08-15,0.009330312225,0.3771134,0.014439243999999999,0.036525100166666664,5.1700627500000005,264.285725,1
2024-08-16,0.003920163283333333,0.3749295000000001,0.014141336416666666,0.058005097,5.1976967499999995,262.34525,1
2024-08-17,-0.0006187435,0.37216809999999995,0.013710356916666666,0.05249818133333334,5.225581333333333,266.65475833333335,1
2024-08-18,-0.0018036389166666662,0.3768951,0.013732357416666667,0.0001387676666666643,5.188567583333334,266.84522499999997,1
2024-08-19,-0.0007652389333333334,0.3787046,0.013310260416666666,0.015490668166666666,5.231055583333333,269.28570833333333,1
2024-08-20,0.005014978506666667,0.3780642,0.013860007416666667,0.053924659166666666,5.305938,271.01191666666665,1
2024-08-21,0.005726467591666666,0.3799961,0.013687611666666667,0.01745050426666667,5.19029025,272.059525,1
2024-08-22,-0.000849172733333333,0.3768152,0.013042605166666665,0.02978233,5.218316833333334,273.3095333333333,1
2024-08-23,0.010158808,0.3834226,0.011993021583333333,-0.0004514924999999975,5.205261,273.86904166666665,1
2024-08-24,0.0045935685,0.3817924,0.012458050916666666,-0.025108142833333333,5.181145,268.80951666666664,1
2024-08-26,5.0584166666666256e-05,0.3859017,0.01245906325,0.0003814754249999985,5.175889083333334,268.79760833333336,1
2024-08-27,-0.0007653408583333331,0.3856715,0.01275484675,0.04836820416666667,5.28614425,268.15476666666666,1
2024-08-28,0.0049014586,0.3810216,0.012205614250000002,-0.09859477583333333,5.196966916666667,265.7381,1
2024-08-29,0.00105299315,0.3795336,0.012275466666666665,-0.025811740000000003,5.15899725,260.59523333333334,1
2024-08-30,0.006148522018333334,0.3765402,0.012773718083333335,-0.03889984241666667,5.182591416666667,259.73810833333334,1
2024-08-31,-0.0011440854775000002,0.37416050000000006,0.012911434916666667,-0.04979553416666666,5.159152,260.11904166666665,1
2024-09-01,0.004135028558333334,0.3738306,0.013706751333333335,-0.08845505666666666,5.146206666666667,260.1428583333333,1
2024-09-02,-0.004212016791666666,0.37422169999999993,0.013580234166666668,0.039855196333333336,5.209447583333334,259.3333333333333,1
2024-09-03,-0.009858788188333334,0.3745928,0.013681109666666668,-0.06307711991666666,5.330320333333334,262.30951666666664,1
2024-09-04,0.003341210666666667,0.3599336,0.01413050675,-0.015079822500000001,5.268837416666667,267.1071416666667,1
2024-09-05,-0.0012107548333333332,0.3473606,0.014654490749999999,0.05071090091666666,5.27160225,275.38095833333335,1
2024-09-06,-0.003973848583333333,0.3431256,0.014470846416666667,0.070798419,5.240588833333334,280.39285,1
2024-09-07,0.00029761041666666647,0.3410984000000001,0.014887694666666666,0.019815184,5.213085416666667,290.32144166666666,1
2024-09-08,0.008620121333333333,0.3430369,0.014538850416666667,0.46231195833333333,5.550343833333333,316.36905,1
2024-09-09,0.0038060485000000004,0.3508282,0.014936536583333333,0.48343654999999996,5.830869750000001,345.6428583333333,2
2024-09-10,0.004104284975,0.3503114,0.0147064265,0.5360649416666666,5.828913333333333,369.49999166666663,2
2024-09-11,0.008248595325,0.3417522,0.014613304166666667,0.1603669875,5.521368833333334,377.67858333333334,2
2024-09-12,0.0030480711666666664,0.3294721,0.015442054583333335,-0.159885725,5.162411916666667,372.67857499999997,2
2024-09-13,0.0003134211666666667,0.3261704,0.01446209725,-0.12257955250000001,5.143533833333334,366.92856666666665,2
2024-09-14,0.0036709902,0.3299531,0.014099867333333333,-0.00011242733333333259,5.143245666666666,355.452375,2
2024-09-15,0.004974550824166666,0.3287124,0.013569738,-0.35584985,5.19492725,328.45238333333333,2
2024-09-16,0.004266975116666667,0.3147349,0.012852264416666667,-0.41241390833333336,5.2697425,302.17856666666665,0
2024-09-17,0.0008406901250000001,0.3060782,0.01335563425,-0.442276425,5.319976333333333,277.08332416666667,0
2024-09-18,-0.0004862955416666667,0.2937949,0.012789582666666667,-0.115922845,5.213538416666666,263.9642833333333,0
2024-09-19,0.004055261625,0.289634,0.012293256333333334,0.18219627666666668,5.222383833333333,263.702375,0
2024-09-20,0.008418944283333334,0.09886387,0.0121117725,0.10672217,5.2179399166666665,264.51189166666666,0
2024-09-21,-0.0007727473666666668,0.2878456,0.01162434725,0.0514107335,5.196747416666667,269.70238333333333,0
2024-09-22,0.010149103425,0.2976147,0.011447209583333333,0.0017797825833333336,5.209166,272.48809166666666,0
2024-09-23,0.004130395916666666,0.294171,0.010944075333333332,-0.007556681916666666,5.274859500000001,273.1071583333333,0
2024-09-24,0.0072071598583333335,0.3062743,0.010483752166666666,0.019590303416666666,5.3491975,273.23809166666666,0
2024-09-25,0.010279460583333334,0.3136257,0.010688008833333333,0.019850784766666667,5.2215256666666665,276.40475,0
2024-09-26,0.012189483083333334,0.3134759,0.010777092833333333,0.016968088583333336,5.2340496666666665,277.11905,0
2024-09-27,-0.0007188847500000001,0.3277872,0.010902320666666666,0.032693381816666665,5.242419416666666,278.1666666666667,0
2024-09-28,-0.0015429323916666667,0.3317478,0.010955606416666666,0.007518997000000002,5.231608416666666,278.67855833333334,0
2024-09-29,-0.0011018477500000005,0.3320394,0.011194090083333332,0.0314114775,5.2337835833333335,283.1428583333333,0
2024-09-30,-0.002589704875,0.3418826,0.012079246166666667,0.03731779625,5.301907,282.0595333333333,0
2024-10-01,0.005395550650000001,0.3543467,0.012359803416666667,0.00771175075,5.359177750000001,285.059525,0
2024-10-02,0.0046011100933333335,0.3521049,0.01270639775,-0.007499059083333333,5.212976083333333,287.7738,0
2024-10-03,-0.0018137895,0.3528429,0.012340179916666666,0.028119800833333333,5.2526275,290.440475,0
2024-10-04,0.0005921530000000001,0.3567741,0.012531676666666667,0.004401913083333334,5.2599385,293.50000833333337,0
2024-10-05,0.0024251768333333336,0.3564383,0.0124988965,0.0043347406666666664,5.242979666666667,292.29761666666667,0
2024-10-06,0.004045432149999999,0.34830770000000005,0.012359616499999998,0.436324975,5.364479833333333,292.14286666666663,0
2024-10-07,0.00407767795,0.3424803,0.01197546225,0.4448669666666667,5.467517583333334,291.9166583333333,0
2024-10-08,0.004472506308333333,0.3155644,0.012154715916666668,0.4284370416666667,5.508912083333333,291.9166583333333,0
2024-10-09,0.0005191901333333337,0.3232283,0.01214251025,0.03487748625,5.294773083333333,288.416675,0
2024-10-10,0.0038374014633333338,0.3302824,0.011240697666666667,-0.11745960916666666,5.2194015,283.821425,0
2024-10-11,0.004448060189166667,0.318734,0.011393024333333333,-0.016013368000000004,5.267017666666667,284.42856666666665,0
2024-10-12,0.008817727983333334,0.3005476,0.010966625666666667,-0.004014851333333335,5.252003,282.76190833333334,0
2024-10-13,0.0027519459749999996,0.3017034,0.010945021666666667,-0.4285676166666667,5.268224333333333,279.61905,0
2024-10-14,-3.099808333333325e-05,0.3061989,0.010772001000000002,-0.42950675,5.340704083333333,277.89285,0
2024-10-15,-0.0006726764999999999,0.3061883,0.010165443750000001,-0.3682367583333333,5.429160666666667,277.4166666666667,0
2024-10-16,-0.0031091975666666665,0.3157597,0.009811902833333334,0.01136227225,5.302744333333333,278.1428583333333,0
2024-10-17,0.0027323223674999998,0.3073046,0.010116611,0.13014941333333332,5.28518875,280.13095,0
2024-10-18,0.0008534702833333333,0.3064732,0.009915274083333333,-0.009051115,5.277236083333333,282.13095,0
2024-10-19,-0.0028506105916666666,0.3022856,0.009559232916666667,0.0006186316666666677,5.267430333333333,281.48809166666666,0
2024-10-20,-0.003104084,0.3044232,0.009763774166666668,0.028087197583333334,5.26103925,282.3095333333333,0
2024-10-21,-0.0046897503249999995,0.3048793,0.0101403515,0.0380047075,5.35083975,286.9881,0
2024-10-22,7.192691666666677e-05,0.3062327,0.01030400675,0.0194499205,5.4149305000000005,286.07143333333335,0
2024-10-23,-0.002254829816666667,0.3108127,0.010109747666666667,-0.010106585833333332,5.28061475,285.17855833333334,0
2024-10-24,-0.012578425416666669,0.3283965,0.009977950083333333,-0.034885868,5.264534333333333,286.36904166666665,0
2024-10-25,0.004396589883333333,0.3193091,0.011105943083333333,0.041962066416666666,5.26579425,284.5476333333333,0
2024-10-28,0.002591224118333333,0.3260983,0.01186609475,0.397321075,5.835218916666666,340.5595416666667,2
2024-10-29,0.0033823628666666667,0.3235145,0.011949881166666667,0.42186687500000003,5.945390166666667,365.9762,2
2024-10-30,0.0005354634666666665,0.3002632,0.01215516575,0.10203918000000001,5.5821835,375.59524166666665,2
2024-10-31,-0.0002640729833333335,0.2981819,0.012288432916666666,0.0012954009166666672,5.24728125,372.9166583333333,2
2024-11-01,-0.0013218663666666665,0.3018936,0.012643880083333335,0.010882078833333335,5.2967285833333335,369.17855833333334,2
2024-11-02,-0.001164677808333333,0.3123252,0.012689712416666667,0.07037152083333333,5.297256333333333,359.30952499999995,2
2024-11-03,-0.00211687545,0.3145552,0.012929259,-0.26068094166666667,5.362759833333333,343.67856666666665,2
2024-11-04,-0.0006964357500000004,0.3120637,0.012516167666666666,-0.33625889166666667,5.4290856666666665,315.79761666666667,0
2024-11-05,-0.0006876770499999999,0.31423,0.012707684249999998,-0.38161609166666666,5.474082416666666,290.0476333333333,0
2024-11-06,0.0002027039416666667,0.3173297,0.012781807583333332,-0.05842327308333334,5.3289963333333334,280.35713333333337,0
2024-11-07,0.0001880826583333332,0.3100568,0.0131139985,0.0067434729166666665,5.275607083333333,282.6904916666667,0
2024-11-08,0.005338436583333334,0.3262723,0.012416838416666666,0.0035498770000000016,5.270720666666667,283.38095,0
2024-11-09,-0.0063320951999999995,0.3211226,0.011777375583333333,-0.006669601666666664,5.2868821666666665,283.40477500000003,0
2024-11-10,0.0008177397416666665,0.3138612,0.011693763083333334,-0.08082655825,5.321912333333334,279.2619,0
2024-11-11,-0.0006009663000000001,0.3143313,0.011881649583333334,-0.06161460416666666,5.383966166666667,276.809525,0
2024-11-12,-0.0012601235083333333,0.3203621,0.011602249916666666,-0.02930354125,5.436525916666667,277.952375,0
2024-11-13,0.0048408479666666665,0.3266646,0.011124742666666666,0.01941438383333333,5.408801,278.88095833333335,0
2024-11-14,0.004591569766666666,0.3144328,0.011201374833333333,0.053067377916666665,5.3918895000000004,283.214275,0
2024-11-15,0.0010168368666666667,0.3214096,0.011202902,0.027476867166666665,5.3717767499999995,287.67858333333334,0
2024-11-16,0.00041865741500000014,0.3201191,0.01140133,0.030745400833333335,5.372633583333333,288.2619,0
2024-11-17,-0.0017194440166666666,0.3333613,0.011415705166666667,-0.0052752937500000026,5.397995333333333,295.90475833333335,0
2024-11-18,0.0017167451666666664,0.3348073,0.011549927,-0.023859606083333332,5.382615166666667,302.6666583333333,0
2024-11-20,0.00803724425,0.3323243,0.011571260583333333,-0.10996013166666667,5.316694166666666,306.75,0
2024-11-21,0.006476297325000001,0.3214504,0.011878092916666666,-0.011319440833333333,5.301308416666667,302.36904166666665,0
2024-11-22,0.000677109275,0.3334255,0.010975565999999999,0.059432210000000006,5.3393395,300.7619,0
2024-11-23,-0.0007912596000000001,0.3367182,0.010875139333333334,0.010288033333333333,5.295800333333333,300.32140833333335,0
2024-11-24,0.0006687228666666668,0.3357104,0.010750045083333333,0.029659661166666667,5.3108355000000005,294.7499833333333,0
2024-11-25,-0.0021160702363636364,0.3353964,0.009840021363636363,0.043452913,5.410987727272727,295.66233636363637,0
2024-11-26,-0.004856697081818181,0.3448985,0.009880649363636364,0.03891426481818182,5.475560545454545,292.23375454545453,0
2024-11-27,-0.0011919438181818183,0.3333791,0.01007939890909091,0.09115878545454546,5.335725363636364,292.74026363636364,0
2024-11-28,-0.0031800367718181816,0.3477541,0.010606205,0.09168714127272727,5.369398818181818,294.5974090909091,0
2024-11-29,-0.005845210872727272,0.3530847,0.010860946363636364,-0.0003827410909090917,5.354181090909091,294.3506454545455,0
2024-11-30,0.0011530784727272726,0.3431133,0.011300498636363636,0.051128715727272726,5.350052909090909,297.03896363636363,0
2024-12-01,-0.0018971650909090914,0.3232741,0.011253079000000001,0.04782902327272727,5.340686818181818,302.4415545454545,0
2024-12-02,-0.0004366516000000003,0.3291989,0.011541321,0.013105915545454545,5.410311454545455,304.15584545454544,0
2024-12-03,0.0033602828,0.3265419,0.011780764363636363,0.0034378991818181824,5.447920272727273,304.9220818181818,0
2024-12-04,0.0027971440999999997,0.3204618,0.011580478090909091,0.039286035454545454,5.317796545454545,303.92207272727273,0
2024-12-05,0.00010077767272727265,0.334038,0.011104807454545455,-0.04041900181818182,5.320422545454545,303.4155909090909,0
2024-12-06,0.0003892585618181817,0.3420533,0.010874753727272727,-0.004397456363636364,5.321185727272727,303.8701181818182,0
2024-12-07,-0.00038519790909090893,0.3348345,0.010529275545454546,-0.03575912595454545,5.3179466363636365,302.6883181818182,0
2024-12-08,-0.00020545886363636386,0.3256576,0.010284226727272727,0.6124154272727274,5.402592090909091,295.1688272727273,0
2024-12-09,-0.0015276239090909092,0.353264,0.010170675363636363,0.725384690909091,5.500090090909091,292.5714363636364,1
2024-12-10,-0.027216836409090908,0.3387408,0.010203075363636365,0.7009812636363636,5.546915363636364,290.7012909090909,1
2024-12-11,0.013924333520000002,0.3354126,0.012301639100000001,0.0974189609,5.3018158,282.61428,1
2024-12-12,0.0024200046999999997,0.3357835,0.01352689,-0.13065179300000002,5.2278381000000005,281.95713,1
2024-12-13,0.0008195908069999998,0.3535521,0.0131760069,-0.08529936499999999,5.2520009000000005,280.15715,1
2024-12-14,0.0009072963170000004,0.3534788,0.012796074699999998,-0.07325295270000001,5.2533022,277.74285,1
2024-12-15,-0.0006347228649999999,0.350702,0.0124517399,-0.72301636,5.24784,280.75715,1
2024-12-16,0.0037330912722222226,0.3628205,0.012196916666666667,-0.7675614444444444,5.386680444444445,295.01587777777775,1
2024-12-17,0.0020456106333333335,0.3846246,0.012242553222222223,-0.7506112111111111,5.476889111111111,300.1428666666667,1
2024-12-18,-0.0029262975444444444,0.3830406,0.012096429888888888,-0.115300904,5.312659666666666,302.49205555555557,1
2024-12-19,-0.004097989999999999,0.3863433,0.012198734555555556,0.09460341477777777,5.317708555555556,302.6666555555555,1
2024-12-20,-0.0011431314,0.3903456,0.012492256222222223,0.07436700666666667,5.312307222222222,306.7619111111111,1
2024-12-21,-0.006408248244444445,0.3888246,0.012372753333333333,0.03910760166666667,5.3086226666666665,310.7142888888889,1
2024-12-22,-0.007932855466666668,0.3832341,0.012770086333333333,0.04439421288888889,5.295320111111112,310.85714444444443,1
2024-12-23,-0.013771936222222222,0.3911124,0.012971907888888889,-0.007824854444444446,5.362762444444445,313.87302222222223,1
2024-12-24,0.0023897392111111113,0.3866552,0.015294317444444447,-0.02714016188888889,5.420824,322.5238111111111,1
2024-12-25,-0.01077934511111111,0.3733632,0.013737256555555556,0.3804801666666667,5.679637444444444,342.2380888888889,2
2024-12-26,-0.009211985555555555,0.3816164,0.011118646333333334,0.3346936,5.909154555555555,376.6190555555556,2
2024-12-27,0.01019205188888889,0.3740027,0.011403989555555556,0.2949712888888889,5.818620888888889,401.4762,2
2024-12-28,0.006292048333333333,0.3755963,0.012629043555555556,0.5064522666666667,5.908856222222223,431.39683333333335,2
2024-12-29,0.0034062457777777775,0.3769434,0.01287470677777778,0.2014484888888889,5.690605555555556,452.77773333333334,2
2024-12-30,0.0041079422999999995,0.36637664999999997,0.0161287495,0.0416395539,5.436983100000001,440.98573,2
2024-12-31,0.00699879529,0.3588404,0.0173601706,0.0449979846,5.4807273,429.31431000000003,2
2025-01-01,-0.0021928240266666666,0.3623788,0.0179256214,-0.286383934,5.3342290666666665,410.17143,2
2025-01-02,-0.00235907738,0.3147128,0.0179128034,-0.35186996000000004,5.148541633333334,378.65715,2
2025-01-03,-0.002833571908387097,0.23448210967741934,0.018227997,-0.3869667363636364,4.9500993225806456,290.83333125,1
2025-01-04,-0.0005868924741935485,0.2260847,0.018910029454545455,-0.42254675454545454,5.190112129032258,229.60253870967742,1
2025-01-05,-0.0032767163451612904,0.2262354,0.018633111727272725,-0.14657219272727273,5.251046354838709,231.19216451612903,1
2025-01-06,0.0024713991709677417,0.2348206,0.018335967272727273,0.045227404454545456,5.3011760322580646,235.07372258064515,1
2025-01-07,0.0019975236,0.2310821,0.016854249181818184,0.0439085500909091,5.356555096774194,240.97235258064515,1
2025-01-08,0.0027489051483870976,0.2279306,0.0160643398125,0.05014851225,5.313008838709677,245.51151935483873,1
2025-01-09,0.0020528004351612903,0.2253817,0.013492383838709677,0.10379614290322581,5.213673774193548,251.7373290322581,1
2025-01-10,-0.0008854495483870968,0.2251688,0.013103404516129031,0.1760955852580645,5.213535129032258,260.0921677419355,1
2025-01-11,-0.0012511458032258066,0.2175414,0.012654642451612904,0.025271665296774194,5.219390580645161,263.97696451612904,0
2025-01-12,-0.00034006578161290327,0.2230649,0.012527920870967742,0.03543879932258064,5.235832612903226,265.00921612903227,0
2025-01-13,-0.0041566693935483874,0.2196282,0.011696027870967742,0.07975457203225807,5.3151922258064515,268.7557483870968,0
2025-01-14,0.0014035928064516127,0.2211689,0.011202397096774194,0.0778972790483871,5.355710806451613,269.0599064516129,0
2025-01-16,-0.0008024057322580644,0.220268,0.01117042706451613,0.06854816161290322,5.269169483870968,268.12442258064516,0
2025-01-17,0.0016526187354838709,0.2178245,0.011309343322580646,0.07317359935483872,5.233557096774194,270.018435483871,0
2025-01-18,-0.003422618419354839,0.2114515,0.01074457535483871,0.046487674677419356,5.234092967741935,272.4147451612903,0
2025-01-19,-0.001577378342580645,0.2052776,0.010213798774193547,-0.0022101368064516135,5.253104903225807,274.38710322580647,0
2025-01-20,0.002734691435483871,0.2129684,0.009789651774193548,-0.03507379787096774,5.333537870967742,273.54378387096773,0
2025-01-21,0.005563851228709677,0.2202454,0.00995368593548387,-0.05948989648387097,5.373589645161291,274.8940096774193,0
2025-01-22,-9.79530093750002e-05,0.21856529375,0.010037774625,-0.10035265878125,5.228573125,274.227665625,0
2025-01-23,-0.00185024920125,0.2076122,0.00993421184375,-0.0712728481875,5.22872284375,272.790165625,0
2025-01-24,7.561752781249991e-05,0.2073283,0.00987255315625,-0.073885074375,5.229243375,269.187496875,0
2025-01-25,0.0036153756734375,0.2096035,0.01041031709375,-0.047774261125,5.22388021875,267.852675,0
2025-01-26,-0.0012362761221875003,0.2095047,0.010850201375,-0.05049231559375,5.2278679375,265.227678125,0
2025-01-27,-0.00029096469281249997,0.2118062,0.0108869593125,-0.05214982853125,5.30296746875,263.584828125,0
2025-01-28,-0.0016322921218750001,0.2074389,0.0105388875625,-0.029089829375,5.3364513125,263.205365625,0
2025-01-29,0.002881194799375,0.2089617,0.01089296178125,0.01558858421875,5.21060921875,260.299109375,0
2025-01-30,0.004694539596875,0.2011299,0.0119278199375,-0.08159132890625,5.1724690625,256.90625,0
2025-01-31,-0.0003322656625,0.195713,0.0118926321875,0.012579934525,5.224393125,256.308046875,0
2025-02-01,-0.000793981078125,0.1974667,0.01184461571875,-0.006574597253125001,5.21615675,256.357135625,0
2025-02-02,0.0010086632175000001,0.1924616,0.011751798,-0.0029742548437499995,5.22113865625,256.8258865625,0
2025-02-03,0.001298366571875,0.1980629,0.0115764786875,0.0037292733437499998,5.2932204375,259.17856875,0
2025-02-04,-0.002120442999375,0.1969924,0.01147359259375,0.00626528796303125,5.34155928125,258.70089375,0
2025-02-05,0.0005908003453125,0.2014643,0.01148249009375,0.002839259906250001,5.221510125,260.91518125,0
2025-02-06,0.0016206168125,0.2012618,0.01136497825,0.05831540834375,5.2183080625,264.026784375,0
2025-02-07,-0.0022579919506249997,0.1968071,0.0112041569375,-0.0042102467812499995,5.231113625,267.526790625,0
2025-02-08,0.0023235442625,0.2005269,0.011168049875,-0.0014191616875000009,5.217299375,267.3125,0
2025-02-09,-4.353980624999994e-05,0.2017377,0.01097739771875,0.616932640625,5.299751625,267.241071875,0
2025-02-10,0.002660908425,0.1955815,0.011085047,0.68249196875,5.39725215625,264.45089375,0
2025-02-11,-0.000306292114375,0.195406,0.01105481184375,0.6806981625,5.42853803125,263.0267875,0
2025-02-12,0.0016842748937499997,0.1923057,0.01081148040625,0.07349356121875,5.2201241875,260.089296875,0
2025-02-13,1.6270114687499926e-05,0.1901148,0.01007094171875,-0.048539173125,5.18936953125,260.794646875,0
2025-02-14,-0.0015770262937499998,0.1838175,0.00949968190625,-0.022825387531249998,5.218018125,260.4732125,0
2025-02-15,-0.00148616575,0.1843837,0.00944690065625,0.00244749225,5.217662375,260.9017875,0
2025-02-16,-0.00042365675125000015,0.1856019,0.00926101925,-0.659702521875,5.20422246875,261.2142875,0
2025-02-17,0.000343160423125,0.190504,0.0094686723125,-0.693002528125,5.2891399375,264.696425,0
2025-02-18,-2.239585624999997e-05,0.1894751,0.00953939775,-0.670299146875,5.376827,268.674115625,0
2025-02-19,-0.0008881906368750001,0.1880917,0.00935957615625,-0.08075770453125,5.26432515625,272.419640625,0
2025-02-20,-0.000300192971875,0.1855802,0.0092617106875,0.05732167946875,5.2704640312499995,274.76340312499997,0
2025-02-21,0.000740967844375,0.1859715,0.0093166550625,0.030336813875,5.25686725,275.4642875,0
2025-02-22,-0.00247419486875,0.1847186,0.00878269071875,0.02604775615625,5.2421039687499995,277.7009,0
2025-02-23,-0.00043425490125,0.1733333,0.00834695228125,0.039874602346874996,5.25901590625,278.705365625,0
2025-02-24,-0.00432406272625,0.1812858,0.0082837656875,0.03411072375,5.35693890625,278.910715625,0
2025-02-25,0.0002820029743749999,0.176355,0.008543765153125,0.046763523437499996,5.4475191875,281.406246875,0
2025-02-26,-0.00043858976031250016,0.1806376,0.008212234090625,0.10932515696875,5.34960709375,289.017859375,0
2025-02-27,0.0011253273281249998,0.1808164,0.0077167497375000005,0.131748344375,5.33471571875,295.816959375,0
2025-02-28,-0.0006277821375,0.1803698,0.007686718959375,0.12695033,5.3300514375,301.191965625,0
2025-03-01,-0.00332361380625,0.1722352,0.007673016325,0.12415202875,5.326534,308.0669625,0
2025-03-02,-0.0019940539490625,0.1739024,0.007878843796875,0.15558938125,5.32591675,314.94643125,0
2025-03-03,-0.0019386038656250002,0.1737506,0.008462768228125,0.11036671228125,5.373992125,321.40625625,0
2025-03-04,-0.00240944915625,0.1688009,0.00887429065625,0.0409323534375,5.4069235625,322.933034375,0
2025-03-05,-0.004307650165,0.1672489,0.00900169584375,-0.05139485423125,5.29171771875,318.54464375,0
2025-03-06,0.0012763198140625003,0.1688663,0.00925022846875,-0.0751668553125,5.260413625,312.10714375,0
2025-03-07,-0.0023831548415625,0.1721431,0.00956267528125,-0.12212902666875,5.2468985625,307.937496875,0
2025-03-08,-0.0065406619375,0.1705518,0.0095647335625,-0.16792941375,5.24271509375,308.57143125,0
2025-03-09,-0.003499861815625,0.1722646,0.00980385396875,0.20569554375,5.61188246875,326.88839375,2
2025-03-10,-0.0005532827875000002,0.169699,0.00992544678125,0.2685391271875,5.91792125,349.665175,2
2025-03-11,0.002621937090625,0.170121,0.01019662934375,0.34347677187500003,5.91801709375,371.6562625,2
2025-03-12,-0.0006218773249999997,0.1682763,0.0102841974375,0.0117404459375,5.55138390625,381.678584375,2
2025-03-13,0.0015186012837499997,0.1689985,0.01088393609375,-0.074623999734375,5.211372125,381.910715625,2
2025-03-14,-0.00147363325,0.1723547,0.011155907875,-0.0148594159375,5.23903446875,380.79909375,2
2025-03-15,-0.00189162340625,0.1700188,0.01113061146875,0.04414055415625,5.26323834375,372.660703125,2
2025-03-16,0.0013436981562499999,0.1708542,0.01131613575,-0.317615171875,5.255000375,348.500003125,2
2025-03-17,-0.0031890008146875,0.1703932,0.01103549634375,-0.35751015625,5.333979,319.415175,0
2025-03-18,-0.0012676905580645162,0.173573,0.010175991064516129,-0.40896279032258065,5.388898967741936,293.17050322580644,0
2025-03-19,0.0024284599993750003,0.1759394625,0.010757439875,-0.0405894063125,5.25850996875,278.14285625,0
2025-03-20,0.0016812824665624999,0.172372,0.0108129979375,0.05677798509375,5.28214765625,276.25446875,0
2025-03-21,-0.002674984878125,0.1724924,0.01061440971875,0.010236091231250001,5.2297083125,274.147315625,0
2025-03-22,0.0007308156343749999,0.1730899,0.0106460239375,0.0011915968125000005,5.240146375,273.33929375,0
2025-03-23,0.00030752270624999985,0.167368,0.010275088125,0.022880389125,5.2256866875,272.01339375,0
2025-03-24,0.00057610719125,0.1611624,0.01019906365625,0.02196889703125,5.324125375,270.160715625,0
2025-03-25,0.0009126160375000001,0.1641163,0.01009018071875,0.082647305625,5.4023976875,270.379459375,0
2025-03-26,0.001516988101875,0.164671,0.00998249553125,-0.006564422750000001,5.2484985625,270.383921875,0
2025-03-27,-0.002170619268125,0.1574902,0.01006706115625,-0.01979664784375,5.24475684375,268.616059375,0
2025-03-28,-0.0010609808503125,0.1589651,0.00958208328125,0.0174922925625,5.2470935,268.683034375,0
2025-03-29,-0.001389002660625,0.1634047,0.009313125625,0.0055666255625,5.215472375,268.531253125,0
2025-03-30,-0.0010029404919354838,0.1587544,0.009308814161290322,-0.04486676083870968,5.207018580645161,266.23502903225807,0
2025-03-31,-0.001053163634516129,0.1616337,0.009050570451612902,-0.04354831106451613,5.283294129032258,265.84331935483874,0
2025-04-01,0.00019414907741935471,0.1632703,0.009125038516129034,-0.1150753029032258,5.320531774193548,264.0875548387097,0
2025-04-02,0.0004883215629032258,0.166396,0.009298364806451614,-0.042990995354838704,5.184920645161291,263.90782903225806,0
2025-04-03,0.0011815437129032256,0.1704526,0.009157257612903225,-0.023108581225806453,5.181141387096774,264.0460838709677,0
2025-04-04,-0.0007877080129032258,0.171511,0.00922823164516129,-0.05567330472903226,5.185979806451614,266.0092129032258,0
2025-04-05,-0.0017168302029032258,0.1749628,0.009064763451612903,-0.03449955629354839,5.174311709677419,266.38709677419354,0
2025-04-06,-0.0004513710719354837,0.1698869,0.009165613225806451,0.031140847548387095,5.184731419354839,265.61290322580646,0
2025-04-07,-0.0026614557903225805,0.1758912,0.009274310677419354,0.04066377056774194,5.291257967741935,265.80645806451616,0
2025-04-08,0.0009804394774193548,0.1944315,0.009395333419354838,0.05150460535483871,5.351240677419355,266.75576129032254,0
2025-04-09,0.002940819387096774,0.1894017,0.009714495870967742,0.0061534103870967746,5.204553580645161,266.83409677419354,0
2025-04-10,0.0001667905645161289,0.1939596,0.009710756838709677,-0.01819217780967742,5.297434032258064,274.1843322580645,0
2025-04-11,-0.0013805930709677424,0.1883818,0.009863002967741936,0.04528812086967742,5.376224870967742,283.57142903225804,0
2025-04-12,0.0006650768980645161,0.1913433,0.010250258838709678,0.0614938206451613,5.376371774193549,289.4101419354839,0
2025-04-13,-0.0012955616658064518,0.1979181,0.010016189387096773,0.027017483312903226,5.354850129032258,297.866364516129,0
2025-04-14,-0.0010741029806451614,0.2155678,0.010224207741935484,0.020690310948387098,5.434463193548387,307.10599354838706,0
2025-04-15,-0.004878331034375,0.20754743125000003,0.01009766178125,0.02560825821875,5.46619903125,314.7678625,0
2025-04-16,-0.0005112460468749997,0.2097801,0.010095496875,0.07491097468749999,5.33960546875,321.25446875,0
2025-04-17,-0.0010881359496875,0.2089966,0.0102914089375,0.1135549084375,5.3517931875,320.0357125,0
2025-04-18,-0.0036253449875,0.2113102,0.010496905625,0.06019240790625,5.33366696875,316.16518125,0
2025-04-19,-0.0029529185475,0.2169246,0.01079802834375,0.04326062040625,5.34131425,316.437496875,0
2025-04-20,-0.001867709896875,0.2195851,0.01083491865625,0.124849328125,5.4063529375,316.79464375,0
2025-04-21,-0.001375734984375,0.2039153,0.01080476140625,0.04715792671875,5.40983509375,313.294634375,0
2025-04-22,-0.0021587298,0.1901235,0.010388989870967742,-0.04104148180645161,5.338100870967742,307.15668064516126,0
2025-04-23,-0.0020991239937500003,0.19349387812500002,0.010245159125,0.10444799771875,5.415614625,308.915175,0
2025-04-24,0.001000164503125,0.197071,0.01010530715625,0.02115065740625,5.32408534375,309.09374375,0
2025-04-25,-0.0018031869096875,0.2077076,0.01001391309375,0.01828865575,5.316959625,307.339284375,0
2025-04-26,-0.00020785703125000008,0.2089267,0.0098873148125,-0.020047083875,5.3153115625,304.76785,0
2025-04-27,-0.00501331969875,0.208957,0.00996217184375,-0.09644376196875,5.30982478125,301.629459375,0
2025-04-28,-0.002245615009375,0.2036708,0.00997406734375,-0.04950729984375,5.3804584375,300.165171875,0
2025-04-29,-0.0027641550875,0.2017161,0.0101049184375,0.04690399721875,5.41111840625,300.866075,0
2025-04-30,0.00017429491093750004,0.1980842,0.0105584236875,-0.159000061875,5.2402061875,298.0848125,0
2025-05-01,-0.00325655678125,0.202803,0.0102338746875,-0.03398343903125,5.2779454687500005,294.955359375,0
2025-05-02,-0.004972498698125,0.2068535,0.01015528465625,-0.0437923309375,5.25962984375,297.85714375,0
2025-05-03,-0.008207958581249999,0.2161586,0.01030023371875,0.07491661640625,5.36414634375,308.93749375,0
2025-05-04,-0.012032245334374999,0.2044838,0.010759852125,0.34983499375,5.71727875,337.611621875,2
2025-05-05,-0.002211367045625,0.209857,0.01214652471875,0.4187512625,5.995593625,375.044640625,2
2025-05-06,0.01310386953125,0.2107511,0.01362773525,0.445452559375,5.982139875,412.24999375,2
2025-05-07,0.00578669646875,0.1957926,0.01489212115625,0.149580896875,5.63627421875,428.165165625,2
2025-05-08,0.0028399172124999998,0.1971967,0.0152860665,-0.06917974125,5.24087828125,428.486603125,2
2025-05-09,-0.0004911969340624999,0.1929908,0.01535195165625,-0.0074290215,5.26198,421.70088125,2
2025-05-10,-0.006536976609375,0.1985173,0.015459969906250001,-0.08713830046875,5.26929175,409.236609375,2
2025-05-11,-0.0047849467375,0.2005232,0.01572101659375,-0.3682184375,5.27618259375,379.19641875,2
2025-05-12,-0.000403870978125,0.20166,0.01577294596875,-0.428392615625,5.3501515,341.120534375,2
2025-05-13,-8.543616249999974e-05,0.1963566,0.0158499261875,-0.50339400625,5.3504158125,305.647325,1
2025-05-14,0.0047814021296875,0.1900416,0.01573870784375,-0.126585733125,5.2440783125,289.50446875,1
2025-05-15,-0.001229891884375,0.193609,0.016168895625,0.0619764535,5.27710078125,289.857140625,1
2025-05-16,-0.0024162793656250002,0.1919889,0.01592558546875,0.103920761225,5.280931875,293.352675,1
2025-05-17,0.00110795175625,0.1879351,0.01578458603125,0.11298753006250001,5.2916071562499996,297.370528125,1
2025-05-18,-0.0017648991999999997,0.188367,0.015144445375000001,0.0909814611875,5.291042875,299.352678125,1
2025-05-19,0.0008879888468750002,0.1876906,0.0140456246875,0.09403191915625,5.36172696875,302.25445625,1
2025-05-20,-0.0009667921625000002,0.1898113,0.012535371156249999,0.14003174375,5.40074409375,304.089278125,0
2025-05-21,0.001105441740625,0.1903423,0.011534556125,0.10697444553125,5.287367625,307.2142875,0
2025-05-22,-0.0014197411343749998,0.1857831,0.01120365,0.086578609125,5.27004675,309.8660625,0
2025-05-23,-0.001082717375,0.1843827,0.01179673953125,-0.0719954884875,5.2589919375,309.51785625,0
2025-05-24,-0.001228157465625,0.1824774,0.0115281505,-0.1166199640625,5.24847284375,306.312490625,0
2025-05-25,-0.00031424073906250003,0.1817242,0.01106331990625,-0.10212338606875,5.2480296875,303.767853125,0
2025-05-26,-0.00023585794687500008,0.1820024,0.0106674183125,-0.08532447940625,5.31517721875,300.25000625,0
2025-05-27,0.0010769581409375,0.1850255,0.01059353196875,-0.10799487396875,5.35621915625,295.919640625,0
2025-05-28,-0.004046271184374999,0.1843345,0.01034131878125,-0.0859193351875,5.244923,292.48660625,0
2025-05-29,-0.0011227541287500001,0.1840402,0.0100600494375,-0.10574278403125,5.2310659374999995,288.9017875,0
2025-05-30,0.001555431134375,0.1765622,0.01009280821875,-0.011730225309375,5.25425334375,288.08035,0
2025-05-31,-0.002219081115625,0.1750342,0.00992138825,0.02132982084375,5.259232625,287.55356875,0
2025-06-01,-0.0009060299799999999,0.1773932,0.00965823303125,-0.022598675603125,5.23323546875,288.415184375,0
2025-06-02,-0.001790234171875,0.07357551,0.0098840304375,-0.06307148562499999,5.2744245625,288.754465625,0
2025-06-03,-0.00045921770937499987,0.07341525,0.0100223619375,-0.04022008233125,5.31985953125,287.709828125,0
2025-06-04,0.0026943178234375004,0.07522461,0.00982247484375,-0.0246600178565625,5.21664078125,289.946428125,0
2025-06-05,-0.0014115777471875,0.07464875,0.00972820375,-0.00912802934375,5.21663184375,290.91964375,0
2025-06-06,-0.002198880496875,0.07368949,0.0095149525,-0.031355286021875,5.214733625,291.580359375,0
2025-06-07,-0.0039041147343750002,0.07478997,0.00971263796875,-0.06661328749999999,5.21435825,294.50445625000003,0
2025-06-08,-0.00859344415625,0.07299819,0.01006154221875,0.57867926875,5.55699065625,306.638396875,2
2025-06-09,-0.004131560895312501,0.07671469,0.01034406475,0.721519540625,5.83078728125,323.74999375,2
2025-06-10,-0.0034693643534374997,0.08126369,0.01100717884375,0.73492955,5.828257375,338.075890625,2
2025-06-11,0.00449471634375,0.08163061,0.0111818909375,0.1442964125,5.47897546875,344.075890625,2
2025-06-12,0.0052419893531250004,0.08428069,0.01148480728125,-0.06073602309375,5.21772134375,341.946428125,2
2025-06-13,-0.000365784678125,0.08342986,0.01173786621875,-0.0517547940125,5.20136265625,337.200890625,2
2025-06-14,0.001819614493548387,0.08015917,0.01156435329032258,-0.04275772241935484,5.1737360322580646,330.17512580645166,2
2025-06-15,-0.0015972964096774196,0.07999641,0.01176344564516129,-0.6498780580645162,5.149393387096774,313.78801612903226,2
2025-06-16,-0.00114102449,0.08124831,0.011691449096774194,-0.7650192064516129,5.209392741935484,291.7327193548387,0
2025-06-17,0.002302095741935484,0.08146342,0.011621034903225805,-0.7930663419354839,5.265987096774193,274.373270967742,0
2025-06-18,0.0005718127158064515,0.08186123,0.011402428387096774,-0.1999400764516129,5.162408677419355,262.13825483870966,0
2025-06-19,0.0013641844129032258,0.08173863,0.011232138903225808,0.02781495484967742,5.172227354838709,261.0276516129032,0
2025-06-20,0.0006850994358064516,0.0818494,0.01110877764516129,0.01335066538387097,5.183750161290323,260.81567096774194,0
2025-06-21,-0.0019379772677419354,0.08019142,0.010770426290322582,0.1519526106451613,5.280698709677419,262.2488451612903,0
2025-06-22,0.0001352354,0.07751699,0.010402199774193549,0.0495645796516129,5.201161483870968,263.5345677419355,0
2025-06-23,-0.006005346123870968,0.07956844,0.010054958193548388,0.012963974870967742,5.249212290322581,263.94930322580643,0
2025-06-24,-0.0008803684380645163,0.07885052,0.00950964793548387,0.02726742170967742,5.304790322580645,264.6497741935484,0
2025-06-25,-0.00048563753516129036,0.08007511,0.00973507293548387,0.0062393526741935474,5.216946741935484,266.8018548387097,0
2025-06-26,0.0007906451096774194,0.08551561,0.009324998129032258,-0.0025772229032258063,5.1972182903225805,267.59907741935484,0
2025-06-27,-0.00043377649354838714,0.08451434,0.009161459516129032,0.1434997070967742,5.20991835483871,272.34100645161294,0
2025-06-28,-0.002716991316129032,0.08378524,0.00932676370967742,0.0830696731935484,5.229950161290323,278.9907806451613,0
2025-06-29,0.0017501600290000003,0.08415819,0.009270083033333333,0.171374723,5.2373690999999996,286.19523000000004,0
2025-06-30,0.0011760686090625,0.08455196749999999,0.00910378984375,0.17574049375,5.28863215625,289.544646875,0
2025-07-01,-0.00093247898,0.08371476,0.00903260459375,0.1541318396875,5.3193008125,293.133934375,0
2025-07-02,0.001968773378125,0.08586114,0.00911007928125,0.1276602978125,5.22360153125,296.20089375,0
2025-07-03,-0.0025444120125,0.0865828,0.00926154365625,0.093047004375,5.1926084375,297.41964375,0
2025-07-04,0.00071016017625,0.08577709,0.009237512625,-0.00650826815625,5.188744375,296.160715625,0
2025-07-05,-0.002104674121875,0.08653603,0.00924672465625,-0.0753826371875,5.19500540625,298.8705375,0
2025-07-06,-0.004529343990625,0.08581301,0.00912234146875,0.31198450625,5.5930246875,319.669646875,2
2025-07-07,0.0007608035440625,0.08548374,0.00946189921875,0.288040165625,5.84754478125,348.1696375,2
2025-07-08,0.002709601725625,0.08599298,0.0092763515625,0.270960321875,5.81345234375,371.5044625,2
2025-07-09,0.0041487604328125,0.08808624,0.00915341803125,-0.04914911990625,5.49242046875,378.93750625,2
2025-07-10,-0.0006655302387096774,0.08639708,0.009044560806451612,-0.1392739193548387,5.169409290322581,380.7741935483871,2
2025-07-11,0.0045558624,0.0871875703125,0.00907277325,-0.09698407209375,5.21090296875,373.125,2
2025-07-12,-0.0013441204215624998,0.08910153,0.0090821733125,-0.10427791040625001,5.1747591875,363.25893125,2
2025-07-13,0.0027596400225,0.08621228,0.0091904196875,-0.4553379615625,5.19898628125,338.656240625,2
2025-07-14,0.0023780227896774194,0.08350314,0.009213236032258064,-0.41169898709677416,5.25698535483871,300.4424,0
2025-07-15,-0.0017148615161290323,0.08387811,0.009329153387096775,-0.41313007096774196,5.289351935483871,272.5115322580645,0
2025-07-16,0.0011910157867741932,0.08638167,0.00936473529032258,-0.08536388151612903,5.178169516129032,260.62212258064517,0
2025-07-17,-0.00037325811129032256,0.08842914,0.00948391958064516,0.03814214281290323,5.208761645161291,260.25806774193546,0
2025-07-18,0.00010934563612903228,0.08457689,0.009338318870967742,0.010227701129032258,5.214994774193548,261.0230451612903,0
2025-07-19,0.001190714932903226,0.08340344,0.009439572935483871,0.01637956180645161,5.205958387096775,262.1520741935484,0
2025-07-20,-0.0011240896451612905,0.08112351,0.009528041580645161,-0.019159452967741936,5.161196580645162,263.553,0
2025-07-21,-0.0009427773,0.07829394,0.009207160580645161,-0.015825870967741934,5.207250258064516,262.98156774193546,0
2025-07-22,0.0035993330864516134,0.08007246,0.009063040580645162,-0.015915666419354838,5.254503161290323,263.00000645161293,0
2025-07-23,0.005038935455517242,0.07821086,0.008506610551724138,0.10568963931034484,5.225338931034483,270.18226206896554,0
2025-07-24,0.0035031206633333333,0.07687628966666667,0.009063833133333334,0.14061344199999998,5.301061,266.43809666666664,0
2025-07-25,0.0009578220170000001,0.07956475,0.008732385433333333,0.10071781313333333,5.305390233333333,267.24286,0
2025-07-26,-0.0020439394466666666,0.0793451,0.008303234133333334,0.0912191475,5.282980333333333,267.43334,0
2025-07-27,0.0020545693066666665,0.07932028,0.008158299733333334,0.09899059533333333,5.268046866666666,266.90001,0
2025-07-28,0.0007985468633333332,0.07814771,0.0080632026,0.082519319,5.306147266666667,268.58572666666663,0
2025-07-29,-0.0003671961322580647,0.07781183096774194,0.008489323225806452,0.10243151600000001,5.340216419354839,267.2350225806452,0
2025-07-30,0.0037745357240625,0.07745534999999999,0.00845355471875,-0.01783361309375,5.291735125,274.41518125,0
2025-07-31,0.0032382231812500004,0.07532739,0.0086738331875,-0.039668809,5.284225375,276.624996875,0
2025-08-01,-0.000506391878125,0.07376214,0.00900174671875,-0.032710890125,5.27671071875,276.401784375,0
2025-08-02,0.002838333628125,0.07146016,0.0090609664375,-0.02044416259375,5.2555140625,278.4508875,0
2025-08-03,0.0030427148025000002,0.06986782,0.00904687621875,0.5771107125,5.3467040625,279.90179375,0
2025-08-04,-0.001431381959375,0.07068669,0.0091298253125,0.687345453125,5.41943440625,281.383934375,0
2025-08-05,0.0035923150968749998,0.07333032,0.00918187890625,0.696731071875,5.4559134375,280.571421875,0
2025-08-06,0.002465706,0.07131912,0.00951184684375,0.10802027934375,5.266128,280.8169625,0
2025-08-07,0.0028231336125,0.06729663,0.009355848125,-0.10473636434375,5.2184208125,279.9107125,0
2025-08-08,0.0042912589375,0.06564056,0.009586168125,-0.050186640109375,5.24497909375,278.758921875,0
2025-08-09,-0.000694628928125,0.06448289,0.00982212378125,-0.03714090535,5.22051228125,276.46875,0
2025-08-10,0.001889284021875,0.06222724,0.00997418959375,-0.6176723562499999,5.2347661875,274.986603125,0
2025-08-11,0.0016448536081250002,0.06074428,0.01005771084375,-0.7274100125,5.2909305625,273.941965625,0
2025-08-12,0.0032223229224999997,0.06001796,0.00998124153125,-0.7492899125,5.31817053125,275.058034375,0
2025-08-13,0.00308244304375,0.05740586,0.0098593023125,-0.1662336246875,5.23993240625,274.513390625,0
2025-08-14,0.0010676995999999998,0.05700837,0.00953566603125,0.05981310759375,5.2384164375,272.38391875,0
2025-08-15,0.0038593623396875,0.05807487,0.009266398531250001,0.01674476203125,5.24843046875,271.69643125,0
2025-08-16,0.0003898287281249999,0.05624098,0.0093790824375,0.00879387909375,5.20998640625,270.3884,0
2025-08-17,-0.001351497838125,0.05813409,0.00959765775,0.01396110440625,5.2457644375,270.54464375,0
2025-08-18,0.00462983987375,0.05908044,0.00983204634375,-0.0027391402468749998,5.2632991562499996,270.4464375,0
2025-08-19,0.00432965286375,0.06392521,0.010293779812499999,0.007224167437499999,5.3200266875,269.236609375,0
2025-08-20,0.001087205776875,0.05521657,0.00995114659375,0.01748195703125,5.23879971875,269.321428125,0
2025-08-21,0.00051591195625,0.05511594,0.00987089715625,-0.003506868771875,5.237473125,268.91518125,0
2025-08-22,0.001353546596875,0.05360453,0.00963379515625,0.0017438752812500003,5.24793371875,269.165171875,0
2025-08-23,0.0005141743781250001,0.05234358,0.009344989,0.009716679546875,5.2359990625,269.772328125,0
2025-08-24,-0.001845094143125,0.05085023,0.0093077363125,-0.008313995250000001,5.2312525,267.339296875,0
2025-08-25,-0.0033842671534375,0.05110759,0.009235180375,0.011117655228125,5.28480421875,265.727671875,0
2025-08-26,0.0004037427568750001,0.05192117,0.00928339196875,0.0322234304375,5.35161165625,265.977678125,0
2025-08-27,0.0001831668653125,0.05073408,0.009084164906249999,0.0023998129156249997,5.25283603125,266.294646875,0
2025-08-28,-0.00235845741625,0.05245919,0.00914524090625,0.020738250875,5.24669975,266.754475,0
2025-08-29,-0.0015222454267647058,0.05315997,0.00923693209375,0.021098644334375,5.231699235294117,266.57143125,0
2025-08-30,-0.0007107499527027027,0.1754351,0.0089529011875,0.0102120525725,5.191900567567568,267.79464375,0
2025-08-31,-0.0020401147216216214,0.2833934,0.00889155871875,-0.00014436055312499956,5.191624216216216,264.21287647058824,0
2025-09-01,0.0017233772918918916,0.3087066,0.0085612668125,-0.010671675615625001,5.2324126756756755,260.3088756756757,0
2025-09-02,0.00012182652999999998,0.3042498,0.008282659375,-0.03645446284375,5.263713054054054,260.4276108108108,0
2025-09-03,0.0031213448864864865,0.3079885,0.00838746015625,-0.050191889740625,5.243768432432432,262.0344918918919,0
2025-09-04,0.0008109841518918919,0.3097137,0.008552839503125,-0.02983003065625,5.265679918918919,265.3745162162162,0
2025-09-05,-0.0029318798020833334,0.5371902,0.008432232852941177,-0.01888817867647059,5.1379710625,271.85714324324323,1
2025-09-06,-0.004137292405769231,0.635578,0.00839985337837838,-0.05273061081081081,5.002254865384615,282.23166216216214,1
2025-09-07,0.0026437955817307695,0.6692315,0.00877445308108108,0.34830326486486485,5.366097865384615,297.8303597916667,1
2025-09-08,0.0027141134884615388,0.6975286,0.009191124189189189,0.4473984378378378,5.657032269230769,312.6739942307692,1
2025-09-09,0.003851383825769231,0.6523604,0.009406132378378378,0.4686032648648648,5.637130576923076,333.5821442307692,1
2025-09-10,0.00516763832,0.6058026,0.009682030000000001,0.16296986694444446,5.318891411764706,342.4925254901961,1
2025-09-11,0.002041689964230769,0.5681488096153846,0.00990083545945946,-0.017486904216216216,4.9842020961538465,334.68636153846154,1
2025-09-12,-0.0015914791557692307,0.5456118,0.010287700416666667,-0.009092235651458334,4.9663714423076915,329.6730775,1
2025-09-13,-8.233659038461543e-05,0.529283,0.010729859653846154,0.05358893528846154,4.986608076923077,318.89835826923076,1
2025-09-14,0.004976639423076924,0.5211129,0.011424318596153846,-0.3478978340384616,4.961878,296.57142384615383,1
2025-09-15,-0.0012804835021153844,0.5111428,0.011782727461538463,-0.41512409038461534,5.0285772884615385,269.5741817307692,1
2025-09-16,0.0019402468173076923,0.5001794,0.011415838115384614,-0.4289279365384615,5.053071057692308,246.93956076923075,1
2025-09-17,0.0010792504326923077,0.49005529999999997,0.011391792807692307,-0.11678869873846152,4.966161865384615,235.4285778846154,1
2025-09-18,0.0048100070269230764,0.4803188,0.011693043326923077,0.05853447378846154,5.014670615384616,236.11813865384616,3
2025-09-19,0.0012230544173076922,0.4834864,0.011836916615384616,0.0440422019326923,5.020420846153846,235.9560476923077,3
2025-09-20,0.002067918059423077,0.4871814,0.012029021788461538,0.027708356307692306,4.9969090000000005,237.20878846153846,3
2025-09-21,-0.0005627471669230769,0.4721199,0.0116657295,0.023774098346153846,4.990769442307693,239.54121,3
2025-09-22,-0.0006526201913461539,0.4576675,0.011593930249999999,-0.0008518983461538449,5.0293121923076916,241.00824865384615,3
2025-09-23,0.0009866469176923079,0.4484085,0.011596567173076923,0.004950047057692308,5.053766269230769,240.40110057692306,3
2025-09-24,0.002543281982352941,0.4292529,0.011456750372549021,-0.0022700889019607842,4.953306215686275,238.9719898039216,3
2025-09-25,0.002911136267307692,0.41915852884615384,0.011424455596153847,0.008213686905769232,4.992751096153847,239.81868115384617,3
2025-09-26,0.0034874937153846156,0.3940888000000001,0.011365365115384616,0.03981077219230769,5.014811038461539,240.4807669230769,3
2025-09-27,0.0008650384373076922,0.351728,0.011164547365384615,0.01797637434615385,4.994941269230769,240.68681576923078,3
2025-09-28,0.003002671015192308,0.3831574,0.01073657148076923,0.030344571807692306,5.002052769230769,240.99175923076925,3
2025-09-29,0.0035749168005769234,0.3806767999999999,0.010447100576923078,0.03164744285576923,5.053205711538462,241.9835125,3
2025-09-30,0.003545573786470588,0.38348839999999995,0.010730545313725491,0.030652132156862744,5.078520215686274,240.8739468627451,3
2025-10-01,0.00545657287,0.3851645346153846,0.010477335384615384,0.03671777323076923,4.965058076923077,244.16757884615384,3
2025-10-02,0.0049613625134615385,0.3780333,0.010492772096153846,0.007028645623076923,4.998090230769231,244.9725276923077,3
2025-10-03,0.001396693248076923,0.3688102999999999,0.010487392884615384,-0.03810360964615385,5.0078006923076925,246.0522021153846,3
2025-10-04,0.003976991523461538,0.3678351,0.010392051961538463,-0.02335063728846154,4.988840173076923,245.3928546153846,3
2025-10-05,-0.00037350190384615383,0.3713115,0.010624613692307692,0.03449154919423077,5.015617461538462,245.26099134615384,3
2025-10-06,0.0006273424951923078,0.37211019999999995,0.010630622884615385,0.04338478826923076,5.0773600576923075,245.53296634615384,3
2025-10-07,0.005335680809615384,0.3666815,0.010449142038461538,0.011114140538461539,5.092098326923077,246.40934365384615,3
2025-10-08,0.0012826250673076923,0.3649746,0.010476839288461538,-0.02948916130576923,4.999128057692308,246.4011001923077,3
2025-10-09,0.004568329374423077,0.3629003,0.010397492807692308,-0.011044251028846154,5.019162846153846,244.2307676923077,3
2025-10-10,0.0029974337307692306,0.35651730000000004,0.01020091773076923,0.009289689759615385,5.012399461538461,241.25000538461538,3
2025-10-11,0.0017886130332692306,0.36322179999999993,0.010212037692307692,0.028036454000000002,5.016449019230769,240.75549346153846,3
2025-10-12,0.0013303374509615385,0.3624111,0.010276139326923077,-0.041771989999999995,5.026259192307692,240.57142499999998,3
2025-10-13,-0.0001737472596153846,0.3613187,0.010267271442307692,-0.04119595467307692,5.068039711538462,239.30220442307694,3
2025-10-14,0.003674092015961539,0.3622568,0.010016901442307692,-0.011576665003846152,5.0948924423076924,236.79670538461536,3
2025-10-15,0.003500176617307692,0.3605386,0.010099174153846154,0.05212591696153846,5.021787307692308,235.3736246153846,3
2025-10-16,0.004415632491153846,0.3609347,0.009812826153846155,0.03307956473653846,5.020120057692308,235.40109923076923,3
2025-10-17,-0.0008614386134615383,0.358674,0.009644780653846155,0.026788437134615387,5.026841307692308,236.6236319230769,3
2025-10-18,0.0021300871096153846,0.357516,0.009829741403846154,-0.015472821903846154,5.01000925,236.79120807692308,3
2025-10-19,8.854481346153847e-05,0.3551196,0.009955094365384616,0.03141840040346154,5.016254076923077,236.89560326923078,3
2025-10-20,-0.001378532888269231,0.3595875,0.010076590557692307,0.050249098667307694,5.079176115384616,237.57142884615385,3
2025-10-21,0.0032554593225000003,0.3592521,0.010332917865384615,0.022788897557692308,5.099986115384615,237.33790865384614,3
2025-10-22,0.003706478459230769,0.3501274,0.010219307384615385,-0.02495402643076923,5.018519461538461,235.54395961538464,3
2025-10-23,0.003037318442115385,0.3528237,0.010273498903846155,-0.02398022427326923,5.026389076923077,234.07143115384616,3
2025-10-24,-0.0015018063851923076,0.3538455,0.010361319442307691,-0.010138136925000001,5.010816307692308,231.3076903846154,3
2025-10-25,0.002888760378846154,0.3501504999999999,0.010576116442307694,0.025972653548076926,5.02228248076923,229.9505496153846,3
2025-10-26,-0.000980974441346154,0.3457517,0.010844051730769232,0.004684743617307693,5.029743211538461,228.33791384615384,3
2025-10-27,0.0015037652634615384,0.34294579999999997,0.010745716557692308,-0.025881212384615385,4.930543807692308,228.01648596153848,3
2025-10-28,0.00144997235,0.3449831,0.01074662276923077,0.01569655905,5.120733961538462,228.2445078846154,3
2025-10-29,0.0017350195326923076,0.3448694,0.010658498076923076,0.052267605269230764,5.031469442307692,229.7390107692308,3
2025-10-30,0.0009351788942307692,0.3474253,0.010705008,0.047958125480769234,5.038317403846154,231.84065692307692,3
2025-10-31,1.0755521730769194e-05,0.3472601,0.010604337115384613,0.04176321090384615,5.048783230769231,234.7554955769231,3
2025-11-01,-0.002986815309615385,0.3484747,0.010402120653846155,0.012558450057692306,5.017591846153847,237.7527453846154,3
2025-11-02,0.0008378778628846153,0.34901740000000003,0.010349918403846154,-0.04230005961538462,5.018173153846154,239.17307865384615,3
2025-11-03,0.0007072753746153846,0.3467997,0.010071218173076924,-0.017693752346153845,5.066232134615385,240.14285442307693,3
2025-11-04,-0.0035184906003846157,0.3423071,0.009751700730769232,-0.012115255419423078,5.119138250000001,242.10713961538463,3
2025-11-05,-0.005559810901923077,0.3422663,0.00959620901923077,-0.005055165576923077,5.033675480769231,244.59890576923075,3
2025-11-06,-0.0025655721507692308,0.314964,0.009800181115384617,-0.04117998784615384,5.005523403846154,247.21978326923076,3
2025-11-07,-0.0005784463805769229,0.3477184,0.010449485846153846,-0.039426002,5.013006865384615,247.3351648076923,3
2025-11-08,-0.0024524524098360656,0.3618516,0.01056109628846154,-0.06346148615384616,4.858151147540983,253.15934365384615,3
2025-11-09,-0.002307235173770492,0.3427466,0.010355624903846153,0.38177014807692305,5.247420524590163,273.4285684615385,1
2025-11-10,-0.002008612047213115,0.3503987,0.010961833249999999,0.42343127884615384,5.531445533333334,282.55035590163936,1
2025-11-11,0.004294169100327869,0.3535828,0.011424177557692308,0.4373722653846154,5.533415721311476,302.3834891803279,1
2025-11-12,0.002094319254262295,0.3534377000000001,0.011531393596153846,0.08518896121153846,5.198563459016393,310.7011603278688,1
2025-11-13,-0.0008787883196721311,0.3333391,0.011535632442307691,0.024027575403846153,4.935173295081968,309.24122213114754,1
2025-11-14,-0.002203927824590164,0.3268746,0.011649723903846155,0.01076090321153846,4.920413540983606,308.31849327868855,1
2025-11-15,-0.0024799305032786887,0.3275189,0.013165895983606558,0.15088968532786887,4.9092877377049176,303.10070983606556,1
2025-11-16,0.0027082613704918035,0.3505581,0.01359737113114754,-0.34152112786885247,4.905133180327868,285.7775068852459,1
2025-11-17,-0.0027074496824590166,0.3477373,0.013700189245901639,-0.4040856770491803,4.978841360655737,266.58549131147544,1
2025-11-18,0.002559355385245902,0.3447534,0.013916254491803278,-0.4098644131147541,4.96567086885246,251.0,1
2025-11-19,0.00749562996262295,0.3416523,0.014177884262295081,-0.06287844172131148,4.86486375409836,242.19906918032785,1
2025-11-20,0.002156785919672131,0.3369461,0.014031531721311476,0.0484989081147541,4.877915721311475,242.39109459016393,3
2025-11-21,-0.0012692492573770492,0.33968,0.01342684868852459,0.027195651378688526,4.868949672131147,241.42388983606557,3
2025-11-22,0.0025067271867213114,0.3420223,0.013157544196721313,0.07006721613114754,4.898460442622951,239.21546147540982,3
2025-11-23,0.0035417579885245903,0.3367874,0.012465760655737705,0.050135698327868856,4.867775262295082,237.61826737704916,3
2025-11-24,0.0008342305940983607,0.3348407,0.011836196672131146,0.04105189514754098,4.922117278688524,232.48477409836065,3
2025-11-25,0.0014861590286885246,0.3311325,0.011579291508196723,0.01394831456557377,4.958411442622951,225.62061213114754,3
2025-11-26,-0.00018656890147540983,0.3313405,0.011189114606557376,0.16751597427573772,4.951615196721312,224.88992868852458,3
2025-11-27,0.0024977952213114754,0.3394108,0.011063969311475411,0.22819716836065573,5.012426721311476,225.86417163934428,3
2025-11-28,0.0025041484824590166,0.319638,0.010896961114754099,0.23095002540983606,4.999225262295082,229.45198590163935,3
2025-11-29,0.001894041973770492,0.3296226,0.010655493704918032,0.146145615,4.973383032786885,232.25526295081968,3
2025-11-30,0.00044302435409836064,0.3237805,0.010003303262295081,0.15411166967213116,4.946140114754098,233.98360721311477,3
2025-12-01,-0.00018384212901639336,0.32499179999999994,0.009765808573770492,0.17799460790163935,4.996603311475409,235.2201375409836,3
2025-12-02,0.0014747527500000002,0.3307971,0.00950816393442623,0.18150679131737707,5.010100065573771,236.29274081967213,3
2025-12-03,0.0032021011918032787,0.3321879,0.009317436950819671,0.04878030985245902,4.966897229508197,238.7658113114754,3
2025-12-04,-0.0009016400375409836,0.3295519,0.009131731065573771,-0.031371794296393446,4.965537540983607,242.15223721311477,3
2025-12-05,-0.0033750955944262294,0.3334616,0.009226621098360656,-0.04447576110983606,4.9578389344262295,241.3700257377049,3
2025-12-06,-0.0011979055163934425,0.3388792,0.009271295065573771,0.5169461491803279,4.93676106557377,239.40515344262295,1
2025-12-07,-0.003137595210819672,0.3358943,0.009375879344262294,0.6399568147540984,5.059118606557377,237.94145590163933,1
2025-12-08,-0.0031897071308196723,0.3401545,0.009169098147540983,0.6077472814754098,5.102759868852459,235.92505950819674,1
2025-12-09,-0.0027363981378688527,0.3053573,0.00889871724590164,0.03550939965573771,5.109564016393443,233.33958081967214,3
2025-12-10,-0.0009615898191803278,0.3454071,0.009084237885245901,-0.1006538373114754,4.996165180327869,231.20842606557378,3
2025-12-11,-0.0006494607416393443,0.3449795,0.009315127754098361,-0.10405855927868853,4.928029229508197,229.28103032786885,3
2025-12-12,-0.002231847266065574,0.3385248,0.009301368590163936,-0.07291998950819671,4.916517163934427,228.8524519672131,3
2025-12-13,-0.0005921752229508197,0.343445,0.009161694032786886,-0.620264437704918,4.885693459016394,228.28337442622953,1
2025-12-14,-0.0033638844140983608,0.3460891,0.009458833114754098,-0.656627462295082,4.909015573770492,228.73536524590165,1
2025-12-15,-0.0010461453639344263,0.3448504,0.00947704775409836,-0.6445383131147541,4.974945852459016,229.74472737704917,1
2025-12-16,-0.003167164630163934,0.3542589,0.009742262344262296,-0.13719371947540984,5.008561918032786,232.35831360655737,3
2025-12-17,-0.0032195486439344258,0.3441439,0.009842775573770491,0.025838119196721313,4.938248950819672,235.20842967213116,3
2025-12-18,-0.004640400459016393,0.3423398,0.010103888573770491,0.050378374934426234,4.954015262295082,236.42856491803278,3
2025-12-19,-0.004064194008196721,0.3442563,0.010335850983606558,0.024350306826229507,4.948289918032787,236.18267508196723,3
2025-12-20,-0.0013692937781967214,0.3428364,0.010563156409836065,0.01584087637704918,4.923355737704918,236.6370024590164,3
2025-12-21,-0.001763604387377049,0.3519283,0.010717487836065572,-0.02595635763934426,4.903601819672131,237.83138409836064,3
2025-12-22,-9.937144262295067e-06,0.3561393,0.010810090409836064,-0.02269412873114754,4.937655377049181,239.5433229508197,3
2025-12-23,-0.006871450488524591,0.3613524,0.01112234993442623,-0.0022774463278688525,4.9532026885245894,241.48244163934424,3
2025-12-24,-0.009964272734754098,0.3569824,0.011343703918032787,0.26588444218032786,4.964264819672131,247.93677016393443,1
2025-12-25,-0.00979531044262295,0.3581407,0.01186647006557377,0.21597321516393445,5.301244803278689,268.29040327868853,1
2025-12-26,-0.003770878850819672,0.3661768,0.012400892836065573,0.16254652640983608,5.528666049180328,289.31147721311476,1
2025-12-27,-0.005573625224754098,0.3606926,0.01302848857377049,0.32009677540983605,5.366672393442623,307.14051508196724,1
2025-12-28,-0.00037256907377049194,0.3598882,0.013365158163934427,0.31588554459016394,5.468836770491803,325.5105350819672,1
2025-12-29,0.005300692948360657,0.3597703,0.013676290196721312,0.35879051114754096,5.467121590163934,345.468381147541,2
2025-12-30,0.009902877529344262,0.35214219999999996,0.013878472344262293,0.1363463780327869,5.4776876557377046,366.7470691803279,2
2025-12-31,0.0033264421839344265,0.3480998,0.014390713573770492,-0.25745983393442623,5.277656245901639,372.1896873770492,2
2026-01-01,0.002971794304918033,0.3424933,0.01439694781967213,-0.33970203196721316,4.980249721311475,355.21078704918034,2
2026-01-02,-0.0003935080650000001,0.325133,0.014396194883333333,-0.335672696,4.953116266666667,337.54522983333334,2
2026-01-03,-0.0006055883255737704,0.3369178852459016,0.014330091852459016,-0.2616433642459017,4.64780255737705,311.7587886885246,2
2026-01-04,-0.005721818911803279,0.33551,0.01437987224590164,-0.26442299047540985,4.948019377049181,291.1053860655738,1
2026-01-05,-0.0026805479529508195,0.3089572,0.014592672754098361,-0.27407756032786884,5.014892868852459,271.6510539344262,1
2026-01-06,-0.003037111552295082,0.331956,0.014477514475409835,-0.06504146929508196,5.065850163934426,251.16861409836065,1
2026-01-07,-0.0014992194818032787,0.3184936,0.014217041721311476,0.08919360417868853,5.044043819672131,242.94614508196722,1
2026-01-08,0.0005378253293442621,0.3145956,0.013839168786885247,0.1655962150819672,5.076330524590164,242.97657131147542,1
2026-01-09,-0.00022097968032786886,0.3225525,0.013407636508196721,0.22846300853934426,4.999007967213115,247.4941444262295,1
2026-01-10,-0.004213708855737705,0.3204816,0.012716451754098362,0.011923574462295083,4.98565531147541,254.6393406557377,3
2026-01-11,-0.000538159155,0.3190569,0.012163094433333332,0.10078018146666666,5.011110933333333,264.169039,3
2026-01-12,-0.003538136683114754,0.31791306393442625,0.012344255475409837,0.06932173609836066,5.04253362295082,264.02810459016393,3
2026-01-13,-0.002010306362295082,0.3197048,0.012134354540983607,0.04399495329016393,5.066961983606557,267.32787393442624,3
2026-01-14,0.0028996377391666667,0.3236806,0.011744478283333333,0.006519897966666665,4.985607900000001,270.0119021666667,3
2026-01-16,0.0023792456311475412,0.32177230491803277,0.01115367175409836,0.03892757701639345,5.011803918032786,269.21311213114757,3
2026-01-17,0.0011536838221311476,0.3169171,0.011289026081967213,0.12243331606557377,4.970652475409836,268.8407426229508,3
2026-01-18,0.00012528778360655746,0.3128252,0.011046129180327869,-0.01259193646557377,4.989037836065574,268.57142852459015,3
2026-01-19,0.00019350986508196724,0.3153717,0.010591692114754098,-0.026448419213114756,5.049422999999999,268.1522213114754,3
2026-01-20,8.346298967213112e-05,0.3144341,0.010243065442622951,-0.06946009455737705,5.0778190983606555,267.63466081967215,3
2026-01-21,0.0005309008498360656,0.3061938,0.01038591362295082,-0.06036293601639344,4.995464147540984,266.192042295082,3
2026-01-22,0.001289195265409836,0.3017558,0.01006786342622951,-0.05356820045901639,4.9819178688524595,265.2880529508197,3
2026-01-23,-0.0009614705436065575,0.3013728,0.009962524147540983,-0.05566107342622951,4.980952426229508,265.63466852459015,3
2026-01-24,-0.002001452952786885,0.3003605,0.010301881377049179,-0.11442870393442622,4.981093180327869,264.95785081967216,3
2026-01-25,0.0018139132985245901,0.2957047,0.010397387213114754,-0.012389424606557377,5.009156,265.38641754098364,3
2026-01-26,-0.0020391022721311476,0.2886923,0.01005584362295082,-0.03483063644426229,5.079146262295082,267.1100668852459,3
2026-01-27,-0.00015949906721311475,0.2892164,0.00983259137704918,0.03694458063934426,5.106127344262295,268.2904001639344,3
2026-01-28,-0.0004947477524590165,0.2904246,0.009725102852459016,0.007309329403606557,5.03573762295082,269.91570163934426,3
2026-01-29,0.00019801404366666674,0.2908437,0.009763812616666668,0.026119734183333333,5.0499260999999995,273.94762033333336,3
2026-01-30,-0.0023548493409836064,0.2883273393442623,0.00961699768852459,0.015587317147540984,5.0127597377049185,270.6463603278689,3
2026-01-31,0.0014452798868852456,0.2813503,0.009741393098360656,-0.018614924825737702,4.991437950819672,272.0702644262295,3
2026-02-01,0.0002762295383606558,0.2878526,0.010000505901639343,-0.012404308136065573,4.993182573770492,271.7494180327869,3
2026-02-02,-0.0022126773844262293,0.29203689999999993,0.010080193836065574,0.005672332118032785,5.0544279672131145,271.3091272131147,3
2026-02-03,0.003688853968852459,0.3455971,0.01058652413114754,0.0029472704672131146,5.088790163934426,271.78688459016394,3
2026-02-04,0.0008896354875409836,0.3464671,0.010853612590163934,0.018454593102786885,5.037728934426229,272.925053442623,3
2026-02-05,-0.0012671098147540984,0.3439248,0.01093681731147541,-0.020553856050819674,5.02871713114754,275.19437672131147,3
2026-02-06,-0.0012723776975409834,0.3436356,0.010627221131147542,-0.01636077062295082,4.997519262295082,276.8032804918033,3
2026-02-07,0.0023271224471666666,0.3499986,0.010089002016666666,0.5368588333333334,5.01102475,280.58809716666667,1
2026-02-08,0.002118286995901639,0.3429581409836066,0.010259811770491803,0.6195257032786885,5.058847836065574,275.6346544262295,1
2026-02-09,-0.002289446163442623,0.3374908,0.01017367619672131,0.6108982131147541,5.162006049180327,272.00468245901635,1
2026-02-10,0.003719631955409836,0.3373911,0.010084996901639344,0.06392263392295082,5.179666081967214,267.2974129508197,3
2026-02-11,-0.0006668695175409833,0.3328935,0.009837122918032785,-0.08374494725737705,5.009886508196721,263.95551,3
2026-02-12,0.0014748005650819672,0.3177628,0.009794331147540985,-0.028855956999999998,4.937070491803278,260.6932037704918,3
2026-02-13,-0.0013549991619672128,0.3391331,0.009945772229508197,-0.030945531836065573,4.946755213114754,258.67213032786884,3
2026-02-14,-0.0015141062616393444,0.3284274,0.0096583554,-0.5533772952295082,4.946269508196721,257.9484793442623,1
2026-02-15,-0.0007574871139344262,0.322234,0.009540866609836066,-0.6773883180327869,4.946400032786886,256.9297439344262,1
2026-02-16,0.00018383043016393454,0.3291933,0.009594970685245903,-0.6502320344262295,4.98017755737705,257.9063226229508,1
2026-02-17,-0.0008392308073770494,0.3264797,0.009297993829508197,-0.06488833075409836,5.004497852459016,258.0023432786885,3
2026-02-18,-0.001257069416557377,0.3251989,0.008915865950819673,0.12100868293442622,5.016247672131147,258.19438983606557,3
2026-02-19,-0.003722646453114754,0.3203395,0.008734123737704918,0.04543404856229508,5.012750213114754,259.4402798360656,3
2026-02-20,0.0011181042906557377,0.3159251,0.00913823106557377,0.03784168932786885,4.986258606557377,260.5433162295082,3
2026-02-21,0.0019155503901639346,0.3169617,0.009187042131147542,0.018928151698360655,4.949480704918033,261.04917459016394,3
2026-02-22,-0.002334831268852459,0.3186462,0.00931258631147541,0.03538481286885246,4.958692295081967,263.02575688524587,3
2026-02-23,0.0025047203836065578,0.3182794,0.009547228245901639,0.025775578513114752,5.04165206557377,264.8875842622951,3
2026-02-24,-0.003483122781147541,0.3189087,0.009898803590163935,-0.028733819901639347,5.090354770491803,268.70491622950817,3
2026-02-25,-0.005141544814426229,0.3162296,0.010039657262295082,-0.13243652799081967,5.027474557377049,272.0374690163934,3
2026-02-26,-0.0003937677721311475,0.3102542,0.010250234983606558,0.012287412131147542,4.920751557377049,272.87118918032786,3
2026-02-27,-0.0022650082509836065,0.2986244,0.010075192262295082,0.05974326321311476,4.985361491803279,274.95081196721316,3
2026-02-28,-0.0019907551926229504,0.28774770000000005,0.010176153885245903,0.07080779659180327,5.0153572786885245,282.4051544262295,3
2026-03-01,-0.003003924037704918,0.3049562,0.01029980331147541,0.0621427744590164,4.993511098360655,289.1147650819672,3
2026-03-02,0.0028166706360655738,0.2867793,0.01049771950819672,0.08273440955737706,5.047464098360655,294.5690998360656,3
2026-03-03,-0.00223256248852459,0.3100138,0.010793222262295081,-0.03308553993442623,5.091700409836066,297.8665114754098,3
2026-03-04,-0.00028429768327868844,0.3093625,0.011080781262295083,0.034549050836065576,4.97340506557377,299.23887934426233,3
2026-03-05,-0.003161699922950819,0.3103137000000001,0.011310998213114754,-0.08066156086885246,4.940364049180328,300.8641652459017,3
2026-03-06,-0.004168426582295082,0.3151318,0.011153427819672131,-0.17982001557377048,4.928566409836066,300.1943759016394,1
2026-03-07,-0.006781060803606557,0.3215568,0.011554732557377049,0.14989455950819672,4.895279262295082,298.7798542622951,1
2026-03-08,-0.00407107559,0.3199498,0.011981591133333334,0.2093172745,5.264150206896552,309.6166606666667,1
2026-03-09,0.0052891333475,0.31180749999999996,0.012007525833333333,0.2074846612,5.584757827586207,329.4714265,2
2026-03-10,0.0031120900148333334,0.32898979999999994,0.011828374733333334,0.03990460521500001,5.60777045,347.79524349999997,2
2026-03-11,-0.00042580168033333335,0.3253561,0.011875808966666667,-0.07645407650166666,5.267390366666667,353.792864,2
2026-03-12,-0.003328139244590164,0.3190556032786885,0.011563661196721312,-0.018860571229508193,4.917907409836065,353.2622890163934,2
2026-03-13,0.0011699766852459011,0.3110485,0.011900239704918034,0.04824877247540983,4.909377442622951,349.0632340983607,2
2026-03-14,-0.003393579577049181,0.3064403,0.01215420762295082,-0.2827340845901639,4.9110469344262295,341.0327827868852,2
2026-03-15,0.0011823016849180326,0.2997933,0.012367622114754099,-0.31796083278688525,4.921974016393443,320.0280968852459,2
2026-03-16,-0.00018528334426229522,0.2945214,0.012591061918032788,-0.34007802524590164,4.978254655737706,294.0444906557377,2
2026-03-17,0.0032761353295081962,0.2970449,0.012382412540983606,-0.08361811075409836,5.0170851147540985,270.34191672131146,3
2026-03-18,0.0028160927073770494,0.2968101,0.012340044852459016,0.018527326009836063,4.95079262295082,259.57142459016393,3
2026-03-19,-0.00046721694721311475,0.29330200000000006,0.01212808924590164,-0.016430352590163934,4.95070306557377,257.36768852459016,3
2026-03-20,0.0015500401139344263,0.2908573,0.011959699229508196,-0.01893854929180328,4.925329901639345,256.59483836065573,3
2026-03-21,-0.0016699184568852458,0.294298,0.011642985655737705,0.01725451685409836,4.916259475409836,256.6651083606558,3
2026-03-22,0.001969822093770492,0.2836663,0.011042195819672132,0.021945221245901637,4.895443459016393,256.48946295081964,3
2026-03-23,0.0013066569972131148,0.2784449,0.010869572508196722,0.05232457736065574,4.969844868852459,256.1241242622951,3
2026-03-24,-1.4112216721311618e-05,0.2813351,0.010550725672131148,0.0011787281655737708,5.012688704918032,255.70023262295084,3
2026-03-25,-5.965642666666682e-05,0.2795145,0.009863069816666665,0.024568862716666664,4.9718206,260.2214251666667,3
2026-03-26,-0.002190938462131148,0.27721876229508197,0.010433237229508197,0.01626557111147541,4.918670016393442,258.1803257377049,3
2026-03-27,0.002233644215737705,0.2714895,0.010147774950819673,-0.0036065381737704913,4.927002262295082,260.08431262295085,3
2026-03-28,0.0037700613206557375,0.2703667,0.00997154137704918,-0.015231229508196723,4.898238967213115,261.7915624590164,3
2026-03-29,0.0005341482611666668,0.265992,0.0095477401,-0.011361230776666667,4.900224016666667,264.86667316666666,3
2026-03-30,8.553136459016392e-05,0.23604049180327868,0.009182800852459016,-0.04262143040983606,4.972761344262294,261.90398475409836,3
2026-03-31,0.0012454908149180327,0.2585668,0.009032783672131148,-0.006501743716393442,4.998683016393443,260.4519945901639,3
2026-04-01,-0.0010358158867213114,0.2567984,0.009157569999999999,-0.022729664490983605,4.95091868852459,259.7540975409836,3
2026-04-02,-0.00015257067754098367,0.2550449,0.009188314655737705,-0.013486816672131146,4.907402229508197,258.66042032786885,3
2026-04-03,0.002878563318032787,0.251469,0.009262276409836064,0.02158478912098361,4.9037511311475415,259.87353409836066,3
2026-04-04,0.0016554194344262298,0.239423,0.00943618231147541,0.17137918244262293,4.908772196721312,261.7353644262295,3
2026-04-05,-0.0031205791598360655,0.24387160000000002,0.009289445836065575,0.06091697563934426,4.984002967213114,264.13348098360655,3
2026-04-06,0.0007971247733333334,0.2227425,0.009022880149999999,-0.001779417333333332,5.00375455,269.28333633333335,3
2026-04-07,0.00022259160163934426,0.24858076229508197,0.009107355524590164,0.0617785292295082,4.9333916721311475,267.7400485245902,3
2026-04-08,0.0020915750336065572,0.2524788,0.009312202508196721,0.028891785032622953,4.988745213114755,269.3395857377049,3
2026-04-09,-0.003539277319672131,0.2387165,0.009303274131147541,0.0004142379885245912,4.927312967213115,269.5971859016393,3
2026-04-10,0.0016255328557377052,0.2404393,0.009739945344262296,-0.006428637163934426,4.899242606557377,268.52927786885243,3
2026-04-11,-0.00011033414098360655,0.242865,0.009740417540983606,-0.17499267393442622,4.891459032786885,265.29975737704916,3
2026-04-12,0.0010305886590163934,0.244218,0.00971551855737705,-0.07913113509836066,4.884733114754098,263.02576704918033,3
2026-04-13,0.0005986776831147539,0.2404395,0.01001907431147541,0.008939023295081968,4.948581295081967,261.4145147540984,3
2026-04-14,-0.002576641759180328,0.2473847,0.00993884775409836,-0.053614575739344264,4.987879147540983,262.11008016393447,3
2026-04-15,-0.0028901363675409835,0.2450416,0.009762726721311475,0.003537147245901639,4.9317900327868855,261.78689213114757,3
2026-04-16,-0.0052817323480327865,0.2382425,0.009771219901639344,0.001641574885245901,4.907172360655737,262.35831393442623,3
2026-04-17,-0.003684739345737705,0.2118907,0.0105363511147541,-0.001563429804918032,4.880463901639344,265.3840816393443,3
2026-04-18,-0.0009186689337704917,0.2113197,0.010972704163934427,-0.011611425090491803,4.866072819672131,266.53396295081967,3
2026-04-19,-0.00012541793688524596,0.2169755,0.011231128590163935,-0.015923803278688524,4.856381672131148,266.07728622950816,3
2026-04-20,0.0014845805626229507,0.2133127,0.011256432163934425,-0.02929819593442623,4.9050744262295085,265.03980901639346,3
2026-04-21,0.0020800498272131145,0.2152968,0.011372354344262293,0.014392489459016392,4.941862721311475,264.03513032786884,3
2026-04-22,-0.002600454554098361,0.2173251,0.011340509081967215,0.048402824827868854,4.921872459016393,262.88290950819675,3
2026-04-23,-0.0002542850468852458,0.2101256,0.011341961524590164,-0.0029525568524590164,4.938375983606557,262.54801081967213,3
2026-04-24,-0.00013052205016393452,0.2116486,0.011141638295081966,0.0027421319459016383,4.8756146229508195,258.6885244262295,3
2026-04-25,-0.003879495359672131,0.21311419999999998,0.011061190393442622,0.02371531567213115,4.862729983606558,256.6346624590164,3
2026-04-26,-0.0037507088552459016,0.2141794,0.011199258803278688,0.024577717918032788,4.857171311475409,256.070261147541,3
2026-04-27,-0.0002228633321311476,0.2134188,0.0115776821147541,0.015479685001639345,4.917040327868852,256.0421578688525,3
2026-04-28,0.0022605501819672126,0.206934,0.011867955049180328,-0.020069531547540983,4.959320885245901,255.70256655737705,3
2026-04-30,-0.002510966820327869,0.2175496,0.012473746524590164,0.014394616459016393,4.873648508196721,253.80562229508195,3
2026-05-01,-0.002415526746229508,0.2257795,0.012129612655737705,-0.07301120580327869,4.8801316557377055,255.32551983606558,3
2026-05-02,-0.002185622055081967,0.2258745,0.011655684803278688,0.3455715868852459,4.831988786885246,264.5550331147541,1
2026-05-03,0.0009759854073770492,0.236575,0.011558737540983606,0.30495894114754096,5.343072540983606,286.3606508196721,1
2026-05-04,0.0017349472581967213,0.236747,0.011550166737704919,0.34395368524590164,5.580022737704918,311.0374698360656,2
2026-05-05,0.001395149778852459,0.2318461,0.011531652770491804,0.06998802311475409,5.568228606557377,334.89695508196723,2
2026-05-06,0.00245780272,0.2352717,0.011610431344262295,-0.10734156762295083,5.243747655737705,345.62998229508196,2
2026-05-07,0.000711094231967213,0.2211624,0.01158626681967213,-0.07278963145901639,4.776938852459016,344.74004590163935,2
2026-05-08,-2.160533540983611e-05,0.2216282,0.011537627491803279,0.03173864245901639,4.781107508196722,340.2412083606557,2
2026-05-09,0.00025237275540983603,0.2758128000000001,0.011526533049180327,-0.35463231590163935,4.837178901639344,330.51287786885246,2
2026-05-10,-0.00013723712278688522,0.2993131,0.011206556737704917,-0.2979355331147541,4.869973868852458,309.5925072131148,2
2026-05-11,0.0014126845465573768,0.2913947,0.010518147475409837,-0.39222358967213117,4.9419797540983605,285.56675491803276,2
2026-05-12,-0.0008463408204918033,0.2917242,0.010462891786885245,-0.06779016427868853,4.928410885245902,263.4262278688525,3
2026-05-13,-0.00012040993409836075,0.2914737,0.010138192639344262,0.1320355013934426,4.891590852459016,253.14052344262296,3
2026-05-14,0.0009002037170491805,0.2899968,0.01003579375409836,0.062414665540983606,4.8805904590163935,254.14754918032787,3
2026-05-15,-0.0016228498,0.291381,0.009984743885245902,0.10749486436065574,4.8860242622950825,258.02107836065574,3
2026-05-16,0.0030918158196721313,0.2898965,0.009763247229508196,0.09320435924590163,4.909276983606557,261.51288557377046,3
2026-05-17,0.0013599026486885248,0.2861211,0.009521774770491803,0.06481020922786886,4.90480231147541,263.29274180327866,3
2026-05-18,-0.0010042017459016392,0.2860411,0.009333180655737705,0.13235685236065575,4.954359721311475,265.54566557377046,3
2026-05-19,0.002169147006065574,0.2817703,0.009078294213114754,0.0589873014352459,4.987135868852459,267.5854781967213,3
2026-05-20,0.0029269522824590167,0.2810066,0.009029631426229508,0.08697481173606557,4.9319387868852465,270.8852496721312,3
2026-05-21,-0.004388777396229508,0.278428,0.00893198155737705,0.038060230868852456,4.910651295081967,274.4800990163934,3
2026-05-22,0.00056525371,0.2763332,0.009175274803278689,-0.05143721270491804,4.872025967213115,275.9789247540984,3
2026-05-23,0.0004923811909836066,0.273018,0.00941439924590164,-0.07776833995081966,4.8415203934426225,273.33723229508195,3
2026-05-24,0.000774532275409836,0.4446086,0.00943778862295082,-0.06522235962295082,4.8387185573770495,270.4754070491803,1
2026-05-25,-2.066715524590164e-05,0.5475627,0.009393484540983607,-0.06498438470491803,4.907962754098361,267.2037557377049,1
2026-05-26,0.0013350263024590164,0.6271759,0.009156595573770493,-0.02744477068852459,4.947983590163934,265.90397934426227,1
2026-05-27,0.0014223105252459017,0.6254173,0.009189412622950819,-0.04555867341131148,4.913873163934427,263.74238393442624,1
2026-05-28,0.0019427012511475412,0.6179797,0.009383087540983607,-0.05279011393770492,4.874656721311475,261.5011757377049,1
2026-05-29,0.00019060023786885235,0.4262886,0.00910516237704918,-0.007972006919672132,4.858723885245902,259.54567540983606,1
2026-05-30,-0.0017566363508196721,0.5295858,0.009056646590163933,-0.02271091621147541,4.848644213114754,260.5105342622951,1
2026-05-31,-0.0005064570314754099,0.5855675,0.009295266327868852,-0.03498194498852459,4.827034262295082,260.59484721311475,1
2026-06-01,-0.001927280626229508,0.5426223,0.00947830062295082,-0.02724314466557377,4.872422885245902,259.97892147540983,1
2026-06-02,-8.130077049180267e-06,0.5181464,0.009567822770491802,-0.03576705809836066,4.91005924590164,259.02576278688525,1
2026-06-03,0.0001989713278688525,0.4786097,0.009477553491803278,-0.01577455970491803,4.869134852459016,258.168621147541,1
2026-06-04,-0.004258052794590164,0.4512528,0.009418709065573771,0.01663345932786885,4.860477524590164,258.35128786885247,1
2026-06-05,-0.003297734750819672,0.4391003,0.009297367819672131,0.09266066706557377,4.850712049180328,260.20374590163937,1
2026-06-06,-0.007925583288032787,0.4323851,0.009358432475409836,0.5765649901639345,4.941625459016393,264.97189049180326,1
2026-06-07,-0.00767700222295082,0.42644800000000005,0.010182959606557377,0.6372131639344262,5.246223967213115,276.8501219672131,1
2026-06-08,-0.004825651438196721,0.4328762,0.01074436937704918,0.637739444262295,5.51303493442623,291.1756375409836,1
2026-06-09,0.005451992942786885,0.4285345,0.01123668980327869,0.11294858321311475,5.4910974262295085,302.88525721311476,1
2026-06-10,-0.0009034929000000001,0.4153101,0.011544778344262294,-0.06829254016393443,5.17214137704918,307.74472475409834,1
2026-06-11,-0.000531741253770492,0.3675487,0.011681797852459016,-0.02158247446229508,4.841318934426229,306.7447268852459,1
2026-06-12,0.002420717465901639,0.3957468,0.01236998937704918,-0.1313973910819672,4.857014081967213,304.89460245901637,1
2026-06-13,0.0005394981386885247,0.4105725,0.012577144213114755,-0.5960318524590164,4.835466721311476,299.2669767213115,1
2026-06-14,-0.0008511653319672131,0.397986,0.012751164819672131,-0.6491869114754099,4.826276803278689,285.89696360655734,1
2026-06-15,-0.0006249565967213115,0.3812818,0.012760647590163935,-0.6252829786885246,4.88514937704918,271.29273950819675,1
2026-06-16,0.0010879723770491805,0.3691187,0.01287992475409836,-0.12153219524590164,4.901390639344262,258.46604442622953,1
2026-06-17,0.0044474137,0.3651511,0.012920869327868852,0.22235379683606557,4.890378131147541,254.37236639344263,1
2026-06-18,0.01009655,0.362374,0.013200385868852459,0.2799824344262295,4.967378737704919,259.9648650819672,1
2026-06-19,0.010588104596721312,0.3607612,0.013868300196721313,0.27881774081967214,5.0162232295081965,267.60890032786887,1
2026-06-20,0.0054642169437704915,0.3360062,0.014249634278688524,0.25098161278688524,4.980934672131148,273.40983163934425,1
2026-06-21,0.0018252996955737705,0.3296316,0.013876530590163933,0.24708449670491806,4.949450327868853,277.38407655737706,1
2026-06-22,-0.0010034916686885247,0.3206044,0.013358520852459017,0.21134747650819674,4.968394360655737,280.7377024590164,1
2026-06-23,-0.0005095417819672131,0.3500677,0.013165868786885245,0.22622450983606557,5.057279885245902,284.5245904918033,1
2026-06-24,-2.756903081967205e-05,0.340572,0.013040084524590163,0.03648095134754098,4.993931049180328,285.6580768852459,3
2026-06-25,-0.0011225442009836066,0.3413994,0.012771276016393444,-0.06258120677049181,4.963299655737705,282.7658073770492,3
2026-06-26,-0.0014824037721311476,0.3359153,0.012396122409836067,-0.0011938619344262296,4.987528622950819,277.03044803278686,3
2026-06-27,-0.0012368540849180326,0.3379235,0.012306156737704918,0.08888284003278689,4.86445037704918,275.3372398360656,3
2026-06-28,-0.0011589534126229509,0.3411257,0.011922892967213114,0.09862197525081967,4.948916245901639,277.606552295082,3
2026-06-29,-0.0014921919916393441,0.3446883,0.01170697024590164,0.08883678032786886,5.020863,280.29040032786884,3
2026-06-30,0.002783653385409836,0.3462491,0.011581785983606558,0.07829122563934426,5.048104377049181,281.6416914754098,3
2026-07-01,-0.001083157142622951,0.3431385,0.011514611295081969,0.06478230900819672,5.004296508196721,284.3466062295082,3
2026-07-02,-0.0016467824877049182,0.3402707,0.011467095770491802,0.08963718944262294,4.956253475409836,287.80796918032786,3
2026-07-03,-0.0015586574639344264,0.3331159,0.010922718278688523,0.03307229073770492,4.9430167213114755,293.40280590163934,3
2026-07-04,-0.004068196973770492,0.3347195,0.009985916770491803,0.2508830639344262,4.952521950819672,303.3981263934426,1
2026-07-05,-7.339418114754095e-05,0.326003,0.00984751155737705,0.29624575081967214,5.330674491803279,323.2107713114754,2
2026-07-06,0.0018701487147540984,0.3298076,0.009744733524590163,0.22987394163934427,5.628298606557377,349.40280983606556,2
2026-07-07,0.0034694009344262296,0.320351,0.009799556081967213,-0.09702648634459017,5.608380950819672,370.26229901639346,2
2026-07-08,0.005820904609180329,0.3027925,0.010102131918032787,-0.13649600409836066,5.2169574262295075,375.31615819672135,2
2026-07-09,0.0002516409852459017,0.2982788,0.010451064327868851,-0.13197938481967214,4.927623590163934,369.3653370491803,2
2026-07-10,0.0028390093704918034,0.292562,0.010634215508196721,-0.09445380352459017,4.918660442622952,362.79624786885245,2
2026-07-11,0.0016074388681967212,0.295469,0.010675351868852458,-0.40404770327868855,4.937852852459017,352.3278713114754,2
2026-07-12,0.00018738015131147543,0.2889286,0.010758709180327869,-0.47174005737704916,4.902550278688524,329.55268245901635,2
2026-07-13,0.00020970469033333337,0.2882986,0.0105854988,-0.38712213666666667,4.998606333333333,305.02142033333337,2
2026-07-14,0.0029890109816666666,0.2938125,0.01055923265,-0.03921417208333333,5.0182697,281.035713,3
2026-07-15,0.0031859453051666666,0.2944977,0.010727885416666666,0.04811915866666667,5.029334283333333,271.1761925,3
2026-07-16,0.0008353126693333333,0.2850744,0.010686642500000001,0.010675534348333333,5.032225716666667,271.72856516666667,3
2026-07-17,-0.0010589230099999998,0.2844434,0.01044305595,-0.0028274692499999994,5.011198266666667,271.14523866666667,3
2026-07-18,0.008397698006666668,0.2850731,0.010643274533333334,0.010222479286666667,5.007213500000001,270.2071426666667,3
2026-07-19,0.00575825617,0.2781013,0.010719788050000002,0.035517935400000006,5.003684949999999,269.8666625,3
2026-07-20,0.0019339970443333332,0.2854477,0.010707579066666667,-0.02791649278666667,5.06413005,269.31428066666666,3
2026-07-21,-0.0014502506738333332,0.28911,0.010578170583333333,0.027768972566666668,5.070365116666666,267.74047566666667,3
2026-07-22,0.0034611488996666665,0.282127,0.010449114883333332,0.016763383516666668,5.005051233333333,267.12619033333334,3
2026-07-23,0.002983204808333333,0.2418434,0.010367337633333333,0.044867807674999996,5.045539033333333,267.5833313333333,3
2026-07-24,0.0013808418564999999,0.2657323,0.010177607783333332,0.012278017609999999,5.0457792,269.9714323333333,3
2026-07-25,0.0031523201451666666,0.2663429,0.0100578709,0.020798516016666668,5.029301183333333,270.7642895,3
2026-07-26,-0.0015806334716666666,0.2685647,0.00996727635,-0.01005567565,5.0245316,271.89523249999996,3
2026-07-27,0.005410335426440678,0.2639419,0.010294763118644067,0.041893098711864404,5.066961355932203,273.4866822033898,3
2026-07-28,0.0021562211491525426,0.2446692,0.010472369355932204,-0.015263012261016949,5.078914305084745,276.19854440677966,3
2026-07-29,0.0027121324555172415,0.233427,0.010092704000000001,-0.010297373936206895,5.038469086206896,280.80787327586205,3
2026-07-30,0.0008090443816071428,0.2321013,0.009680090714285714,-0.0348207532125,5.020086642857143,280.86480517857143,3
