date,n_worlds,basket_log,basket_price,chain_ret,n_pairs,ew_log,ew_price,index_valid,vw_log,vw_price,disp_pct,breadth_up
2023-01-11,1,10.257168017494532,28486.00000000002,,0,,,False,,,,0.0
2023-01-12,1,10.253862694326331,28391.99999999997,-0.0033053231682007578,1,,,False,,,,0.0
2023-01-13,1,10.259429728065657,28550.500000000065,0.005567033739325211,1,,,False,,,,1.0
2023-01-14,1,10.265227149440596,28716.50000000002,0.00579742137493966,1,,,False,,,,1.0
2023-01-15,1,10.265818968430889,28733.499999999985,0.0005918189902924809,1,,,False,,,,1.0
2023-01-16,1,10.267783383606222,28790.000000000015,0.0019644151753333006,1,,,False,,,,1.0
2023-01-17,1,10.278287246333408,29094.00000000001,0.01050386272718562,1,,,False,,,,1.0
2023-01-18,1,10.275464816483304,29012.000000000015,-0.002822429850104058,1,,,False,,,,0.0
2023-01-19,1,10.28414754172532,29264.999999999953,0.008682725242016076,1,,,False,,,,1.0
2023-01-20,1,10.280175885872874,29149.000000000004,-0.0039716558524460766,1,,,False,,,,0.0
2023-01-21,1,10.285308664729897,29299.000000000055,0.005132778857023013,1,,,False,,,,1.0
2023-01-22,1,10.28484779196529,29285.499999999985,-0.00046087276460582416,1,,,False,,,,0.0
2023-01-23,1,10.30253209284137,29807.999999999993,0.01768430087607875,1,,,False,,,,1.0
2023-01-24,1,10.31505069643936,30183.500000000062,0.012518603597991174,1,,,False,,,,1.0
2023-01-25,1,10.339239353249164,30922.49999999998,0.024188656809803533,1,,,False,,,,1.0
2023-01-26,1,10.347900900782736,31191.499999999978,0.008661547533572289,1,,,False,,,,1.0
2023-01-27,1,10.336892029333534,30849.99999999999,-0.011008871449202928,1,,,False,,,,0.0
2023-01-28,1,10.332701738815134,30720.99999999998,-0.0041902905183999195,1,,,False,,,,0.0
2023-01-29,1,10.367787446365185,31817.99999999999,0.035085707550051026,1,,,False,,,,1.0
2023-01-30,1,10.335253735063665,30799.500000000055,-0.03253371130151983,1,,,False,,,,0.0
2023-01-31,1,10.33182247473504,30693.999999999978,-0.003431260328625285,1,,,False,,,,0.0
2023-02-01,1,10.36910658346404,31860.00000000002,0.037284108729000565,1,,,False,,,,1.0
2023-02-02,1,10.359360563188138,31551.00000000001,-0.009746020275901657,1,,,False,,,,0.0
2023-02-03,1,10.343257464336284,31047.000000000055,-0.016103098851854014,1,,,False,,,,0.0
2023-02-04,1,10.358345817580211,31518.999999999924,0.015088353243926989,1,,,False,,,,1.0
2023-02-05,1,10.358821607797427,31534.000000000007,0.0004757902172158879,1,,,False,,,,1.0
2023-02-06,1,10.366435096057655,31775.000000000015,0.007613488260227896,1,,,False,,,,1.0
2023-02-07,1,10.355454494295712,31427.99999999999,-0.010980601761943376,1,,,False,,,,0.0
2023-02-08,1,10.36916935613284,31861.999999999993,0.013714861837128112,1,,,False,,,,1.0
2023-02-09,1,10.355327211154192,31423.99999999998,-0.013842144978648108,1,,,False,,,,0.0
2023-02-10,1,10.371426551899647,31934.000000000022,0.016099340745455493,1,,,False,,,,1.0
2023-02-11,1,10.363140927219868,31670.499999999996,-0.008285624679778891,1,,,False,,,,0.0
2023-02-12,1,10.353894158347762,31379.000000000025,-0.009246768872106514,1,,,False,,,,0.0
2023-02-13,1,10.36879266100031,31850.000000000007,0.014898502652547663,1,,,False,,,,1.0
2023-02-14,1,10.376564579054312,32098.5,0.007771918054002569,1,,,False,,,,1.0
2023-02-15,1,10.34573450473682,31123.999999999967,-0.030830074317492517,1,,,False,,,,0.0
2023-02-16,1,10.35371886652627,31373.500000000022,0.00798436178945039,1,,,False,,,,1.0
2023-02-17,1,10.346087867306553,31135.000000000007,-0.007630999219717438,1,,,False,,,,0.0
2023-02-18,1,10.355343122432902,31424.499999999993,0.009255255126349837,1,,,False,,,,1.0
2023-02-19,1,10.36110225496905,31606.000000000007,0.005759132536146794,1,,,False,,,,1.0
2023-02-20,1,10.359629931995274,31559.49999999997,-0.0014723229737754195,1,,,False,,,,0.0
2023-02-21,1,10.353814484056224,31376.50000000005,-0.005815447939049534,1,,,False,,,,0.0
2023-02-22,1,10.35764758218305,31496.999999999978,0.0038330981268259734,1,,,False,,,,1.0
2023-02-23,1,10.359027713276598,31540.499999999975,0.0013801310935477318,1,,,False,,,,1.0
2023-02-24,1,10.360010093885457,31571.50000000002,0.0009823806088586906,1,,,False,,,,1.0
2023-02-25,1,10.363503975248795,31681.999999999975,0.0034938813633385024,1,,,False,,,,1.0
2023-02-26,1,10.368902545072723,31853.499999999985,0.005398569823928057,1,,,False,,,,1.0
2023-02-27,1,10.3709567227522,31918.999999999996,0.0020541776794775757,1,,,False,,,,1.0
2023-02-28,1,10.35948733401834,31554.999999999996,-0.011469388733861052,1,,,False,,,,0.0
2023-03-01,1,10.360912399575003,31599.999999999993,0.0014250655566634407,1,,,False,,,,1.0
2023-03-02,1,10.359598245313183,31558.499999999956,-0.001314154261820022,1,,,False,,,,0.0
2023-03-03,1,10.356980629654874,31476.000000000004,-0.0026176156583090915,1,,,False,,,,0.0
2023-03-04,1,10.357171232914768,31482.000000000025,0.00019060325989350702,1,,,False,,,,1.0
2023-03-05,1,10.369247816428048,31864.50000000001,0.01207658351328078,1,,,False,,,,1.0
2023-03-06,1,10.362303836141288,31644.000000000047,-0.00694398028675991,1,,,False,,,,0.0
2023-03-07,1,10.311283275982577,30070.000000000062,-0.0510205601587117,1,,,False,,,,0.0
2023-03-08,1,10.334002932844076,30761.000000000004,0.022719656861498905,1,,,False,,,,1.0
2023-03-09,1,10.32385769336448,30450.500000000073,-0.010145239479594892,1,,,False,,,,0.0
2023-03-10,1,10.351181664862002,31293.999999999993,0.027323971497521526,1,,,False,,,,1.0
2023-03-11,1,10.357726951671872,31499.49999999993,0.006545286809869211,1,,,False,,,,1.0
2023-03-12,1,10.360928222234635,31600.500000000025,0.0032012705627639804,1,,,False,,,,1.0
2023-03-13,1,10.36599440101149,31761.0,0.005066178776854002,1,,,False,,,,1.0
2023-03-14,1,10.366403624279968,31773.999999999978,0.00040922326847869783,1,,,False,,,,1.0
2023-03-15,1,10.354515400054652,31398.500000000007,-0.011888224225316435,1,,,False,,,,0.0
2023-03-16,1,10.355502221297272,31429.499999999975,0.0009868212426198397,1,,,False,,,,1.0
2023-03-17,1,10.367787446365185,31817.99999999999,0.012285225067913075,1,,,False,,,,1.0
2023-03-18,1,10.368776962289958,31849.500000000007,0.0009895159247736984,1,,,False,,,,1.0
2023-03-19,1,10.37402229071854,32017.000000000025,0.005245328428582496,1,,,False,,,,1.0
2023-03-20,1,10.399372112432818,32838.999999999985,0.025349821714277354,1,,,False,,,,1.0
2023-03-21,1,10.413132479553957,33294.000000000015,0.013760367121138373,1,,,False,,,,1.0
2023-03-22,1,10.414633125113038,33343.999999999985,0.0015006455590818035,1,,,False,,,,1.0
2023-03-23,1,10.405035269321337,33025.49999999999,-0.009597855791701804,1,,,False,,,,0.0
2023-03-24,1,10.427875786891086,33788.49999999999,0.022840517569749252,1,,,False,,,,1.0
2023-03-25,1,10.439995542826868,34200.499999999985,0.01211975593578174,1,,,False,,,,1.0
2023-03-26,1,10.455560680280383,34737.00000000002,0.015565137453515732,1,,,False,,,,1.0
2023-03-27,1,10.434101097607812,33999.499999999956,-0.021459582672571642,1,,,False,,,,0.0
2023-03-28,1,10.445840912706414,34401.0,0.011739815098602335,1,,,False,,,,1.0
2023-03-29,1,10.45435086333365,34695.000000000015,0.008509950627235696,1,,,False,,,,1.0
2023-03-30,1,10.454163498902076,34688.5,-0.0001873644315733003,1,,,False,,,,0.0
2023-03-31,1,10.4665829937358,35122.00000000001,0.012419494833723732,1,,,False,,,,1.0
2023-04-01,1,10.475836217947982,35448.500000000015,0.009253224212182332,1,,,False,,,,1.0
2023-04-02,1,10.478681370434868,35549.49999999998,0.0028451524868859934,1,,,False,,,,1.0
2023-04-03,1,10.481728804594717,35658.00000000004,0.0030474341598480947,1,,,False,,,,1.0
2023-04-04,1,10.489063442141084,35920.50000000007,0.007334637546367873,1,,,False,,,,1.0
2023-04-05,1,10.491260328452906,35999.499999999985,0.0021968863118217996,1,,,False,,,,1.0
2023-04-06,1,10.490273717104664,35964.000000000015,-0.0009866113482424055,1,,,False,,,,0.0
2023-04-07,1,10.499545471664115,36298.99999999994,0.009271754559451395,1,,,False,,,,1.0
2023-04-09,1,10.493909630573262,36095.00000000001,-0.005635841090853688,1,,,False,,,,0.0
2023-04-10,1,10.50895040245119,36641.999999999985,0.015040771877927739,1,,,False,,,,1.0
2023-04-11,1,10.508117677686846,36611.50000000003,-0.0008327247643435953,1,,,False,,,,0.0
2023-04-12,1,10.519335134655888,37024.5,0.011217456969042416,1,,,False,,,,1.0
2023-04-13,1,10.495570530609053,36155.000000000015,-0.023764604046835558,1,,,False,,,,0.0
2023-04-14,1,10.487754140341092,35873.499999999985,-0.007816390267960216,1,,,False,,,,0.0
2023-04-15,1,10.490315424609935,35965.500000000015,0.002561284268843167,1,,,False,,,,1.0
2023-04-16,1,10.512097565451812,36757.5,0.021782140841876796,1,,,False,,,,1.0
2023-04-17,1,10.498153280116329,36248.5,-0.013944285335483642,1,,,False,,,,0.0
2023-04-18,1,10.499669434337738,36303.50000000003,0.0015161542214094936,1,,,False,,,,1.0
2023-04-19,1,10.51408158523618,36830.50000000001,0.014412150898442277,1,,,False,,,,1.0
2023-04-20,1,10.500839435641206,36345.99999999997,-0.013242149594974606,1,,,False,,,,0.0
2023-04-21,1,10.518956935151143,37010.499999999985,0.018117499509937574,1,,,False,,,,1.0
2023-04-22,1,10.523983391847953,37197.00000000003,0.005026456696809234,1,,,False,,,,1.0
2023-04-23,1,10.522988192927777,37160.000000000065,-0.000995198920175966,1,,,False,,,,0.0
2023-04-24,1,10.52282671595135,37154.00000000002,-0.00016147697642665548,1,,,False,,,,0.0
2023-04-25,1,10.526681579257003,37297.5,0.003854863305653211,1,,,False,,,,1.0
2023-04-26,1,10.5205902717723,37070.99999999996,-0.006091307484703989,1,,,False,,,,0.0
2023-04-27,1,10.530802041547789,37451.5,0.010211769775489543,1,,,False,,,,1.0
2023-04-28,1,10.526721795621048,37299.000000000044,-0.004080245926740389,1,,,False,,,,0.0
2023-04-29,1,10.522732509005536,37150.499999999985,-0.003989286615512455,1,,,False,,,,0.0
2023-04-30,1,10.528543240958957,37367.00000000009,0.005810731953420856,1,,,False,,,,1.0
2023-05-01,1,10.527123870331945,37314.000000000015,-0.0014193706270120288,1,,,False,,,,0.0
2023-05-02,1,10.51692842716646,36935.50000000009,-0.010195443165484264,1,,,False,,,,0.0
2023-05-03,1,10.526198856692416,37279.499999999905,0.009270429525955137,1,,,False,,,,1.0
2023-05-04,1,10.5294126143293,37399.499999999956,0.003213757636883585,1,,,False,,,,1.0
2023-05-05,1,10.528369275550869,37360.50000000004,-0.001043338778430325,1,,,False,,,,0.0
2023-05-06,1,10.519780686235851,37040.99999999992,-0.008588589315017714,1,,,False,,,,0.0
2023-05-07,1,10.51147164696406,36734.499999999935,-0.008309039271791718,1,,,False,,,,0.0
2023-05-08,1,10.513144422597048,36795.99999999999,0.001672775632988177,1,,,False,,,,1.0
2023-05-09,1,10.512532756058564,36773.49999999999,-0.0006116665384841014,1,,,False,,,,0.0
2023-05-10,1,10.511485258054378,36735.000000000015,-0.0010474980041852433,1,,,False,,,,0.0
2023-05-11,1,10.52524613700842,37243.99999999998,0.013760878954041544,1,,,False,,,,1.0
2023-05-12,1,10.521210510449231,37093.99999999996,-0.004035626559188543,1,,,False,,,,0.0
2023-05-13,1,10.530948887366618,37457.0,0.00973837691738666,1,,,False,,,,1.0
2023-05-14,1,10.536738752006498,37674.5,0.005789864639879738,1,,,False,,,,1.0
2023-05-15,1,10.537150086261182,37690.00000000002,0.00041133425468409257,1,,,False,,,,1.0
2023-05-16,1,10.5398130272695,37790.49999999993,0.002662941008317432,1,,,False,,,,1.0
2023-05-17,1,10.541716455335491,37862.49999999994,0.0019034280659919744,1,,,False,,,,1.0
2023-05-18,1,10.548271352841429,38111.49999999999,0.006554897505937518,1,,,False,,,,1.0
2023-05-19,1,10.5510095550698,38216.0000000001,0.0027382022283717333,1,,,False,,,,1.0
2023-05-20,1,10.547851443903008,38095.499999999985,-0.00315811116679221,1,,,False,,,,0.0
2023-05-21,1,10.547602039518765,38086.0000000001,-0.00024940438424359,1,,,False,,,,0.0
2023-05-22,1,10.546761482600346,38053.99999999998,-0.0008405569184191108,1,,,False,,,,0.0
2023-05-23,1,10.544051132937742,37951.000000000015,-0.0027103496626033063,1,,,False,,,,0.0
2023-05-24,1,10.550787110401991,38207.49999999999,0.006735977464249032,1,,,False,,,,1.0
2023-05-25,1,10.559957781835433,38559.49999999999,0.009170671433441413,1,,,False,,,,1.0
2023-05-26,1,10.55304850493315,38293.99999999998,-0.006909276902282713,1,,,False,,,,0.0
2023-05-27,1,10.553166009910926,38298.49999999997,0.0001175049777764059,1,,,False,,,,1.0
2023-05-28,1,10.547011096685132,38063.50000000003,-0.00615491322579409,1,,,False,,,,0.0
2023-05-29,1,10.54208614598785,37876.500000000015,-0.004924950697281716,1,,,False,,,,0.0
2023-05-30,1,10.54314165253103,37916.499999999985,0.0010555065431798738,1,,,False,,,,1.0
2023-05-31,1,10.53280262905385,37526.500000000015,-0.010339023477181186,1,,,False,,,,0.0
2023-06-01,1,10.540090836284206,37800.999999999985,0.007288207230356392,1,,,False,,,,1.0
2023-06-02,1,10.538197560816478,37729.49999999998,-0.001893275467727662,1,,,False,,,,0.0
2023-06-03,1,10.537229679803534,37693.00000000002,-0.0009678810129436499,1,,,False,,,,0.0
2023-06-04,1,10.534054293664664,37573.499999999985,-0.003175386138870806,1,,,False,,,,0.0
2023-06-05,1,10.534905595276353,37605.500000000015,0.0008513016116893368,1,,,False,,,,1.0
2023-06-06,1,10.53592885797868,37644.000000000065,0.0010232627023274432,1,,,False,,,,1.0
2023-06-07,1,10.535981985884124,37646.00000000004,5.312790544387269e-05,1,,,False,,,,1.0
2023-06-08,1,10.546538090855712,38045.49999999997,0.010556104971588098,1,,,False,,,,1.0
2023-06-09,1,10.545354596516695,38000.5,-0.0011834943390169883,1,,,False,,,,0.0
2023-06-12,1,10.540738757339843,37825.499999999985,-0.0046158391768518214,1,,,False,,,,0.0
2023-06-13,1,10.541320206486034,37847.500000000015,0.0005814491461908489,1,,,False,,,,1.0
2023-06-14,1,10.541465515962448,37852.999999999985,0.00014530947641411274,1,,,False,,,,1.0
2023-06-15,1,10.528181894336624,37353.499999999985,-0.013283621625824082,1,,,False,,,,0.0
2023-06-16,1,10.532989146507092,37533.499999999905,0.00480725217046718,1,,,False,,,,1.0
2023-06-17,1,10.535065133678916,37611.500000000095,0.002075987171824778,1,,,False,,,,1.0
2023-06-18,1,10.534759329377986,37599.999999999985,-0.0003058043009307454,1,,,False,,,,0.0
2023-06-19,1,10.53737558484614,37698.50000000008,0.0026162554681548045,1,,,False,,,,1.0
2023-06-20,1,10.54220494610679,37880.99999999997,0.004829361260648923,1,,,False,,,,1.0
2023-06-21,1,10.542429307831622,37889.50000000003,0.00022436172483253358,1,,,False,,,,1.0
2023-06-22,1,10.54032889688498,37810.00000000003,-0.0021004109466424836,1,,,False,,,,0.0
2023-06-23,1,10.53562331773466,37632.50000000001,-0.004705579150320105,1,,,False,,,,0.0
2023-06-24,1,10.533242221705075,37542.99999999991,-0.002381096029584029,1,,,False,,,,0.0
2023-06-25,1,10.531669454243714,37483.99999999998,-0.0015727674613614795,1,,,False,,,,0.0
2023-06-26,1,10.524185000687169,37204.500000000095,-0.007484453556545034,1,,,False,,,,0.0
2023-06-27,1,10.534759329377986,37599.999999999985,0.01057432869081687,1,,,False,,,,1.0
2023-06-28,1,10.54297020851038,37909.99999999995,0.0082108791323936,1,,,False,,,,1.0
2023-06-29,1,10.54465699400336,37973.99999999996,0.0016867854929802917,1,,,False,,,,1.0
2023-06-30,1,10.542534872404248,37893.499999999985,-0.002122121599111182,1,,,False,,,,0.0
2023-07-01,1,10.529653230307362,37408.5,-0.012881642096886026,1,,,False,,,,0.0
2023-07-02,1,10.531162442798411,37465.000000000015,0.0015092124910491833,1,,,False,,,,1.0
2023-07-03,1,10.535437290999424,37625.500000000015,0.004274848201012205,1,,,False,,,,1.0
2023-07-04,1,10.540672662176004,37823.00000000003,0.005235371176580017,1,,,False,,,,1.0
2023-07-05,1,10.535822593699317,37640.00000000004,-0.004850068476686786,1,,,False,,,,0.0
2023-07-06,1,10.53226953027135,37506.50000000003,-0.003553063427967018,1,,,False,,,,0.0
2023-07-07,1,10.538952652754988,37757.99999999998,0.006683122483638115,1,,,False,,,,1.0
2023-07-08,1,10.529332396135771,37396.500000000015,-0.009620256619216505,1,,,False,,,,0.0
2023-07-09,1,10.528797443666914,37376.50000000002,-0.0005349524688575968,1,,,False,,,,0.0
2023-07-10,1,10.527016666215204,37310.0,-0.001780777451710236,1,,,False,,,,0.0
2023-07-11,1,10.526721795621048,37299.000000000044,-0.00029487059415522765,1,,,False,,,,0.0
2023-07-12,1,10.51692842716646,36935.50000000009,-0.009793368454587892,1,,,False,,,,0.0
2023-07-13,1,10.516589942087034,36923.000000000015,-0.0003384850794265759,1,,,False,,,,0.0
2023-07-14,1,10.491274217438248,36000.00000000002,-0.025315724648786286,1,,,False,,,,0.0
2023-07-15,1,10.497973946272102,36241.99999999998,0.006699728833854834,1,,,False,,,,1.0
2023-07-16,1,10.49349397417656,36080.00000000003,-0.00447997209554174,1,,,False,,,,0.0
2023-07-17,1,10.48355001802591,35722.99999999997,-0.009943956150650024,1,,,False,,,,0.0
2023-07-18,1,10.471539087864045,35296.5,-0.01201093016186583,1,,,False,,,,0.0
2023-07-19,1,10.487740202378962,35873.00000000001,0.016201114514917236,1,,,False,,,,1.0
2023-07-20,1,10.49124643927466,35999.0,0.003506236895697512,1,,,False,,,,1.0
2023-07-21,1,10.483913863031956,35736.000000000065,-0.007332576242703226,1,,,False,,,,0.0
2023-07-22,1,10.495390732950089,36148.50000000007,0.011476869918132238,1,,,False,,,,1.0
2023-07-23,1,10.489731361180732,35944.49999999999,-0.0056593717693562695,1,,,False,,,,0.0
2023-07-24,1,10.487614751977008,35868.5,-0.0021166092037248063,1,,,False,,,,0.0
2023-07-25,1,10.498015333859971,36243.5,0.010400581882963778,1,,,False,,,,1.0
2023-07-26,1,10.489369627079176,35931.500000000015,-0.008645706780795237,1,,,False,,,,0.0
2023-07-27,1,10.4836479893204,35726.49999999995,-0.005721637758776765,1,,,False,,,,0.0
2023-07-28,1,10.490120774701085,35958.50000000002,0.0064727853806854085,1,,,False,,,,1.0
2023-07-29,1,10.497684185184989,36231.49999999998,0.007563410483903965,1,,,False,,,,1.0
2023-07-30,1,10.493092008698596,36065.50000000003,-0.004592176486392319,1,,,False,,,,0.0
2023-07-31,1,10.477400645172375,35504.00000000001,-0.015691363526221025,1,,,False,,,,0.0
2023-08-01,1,10.467493688772844,35154.00000000002,-0.009906956399531097,1,,,False,,,,0.0
2023-08-02,1,10.48203724319685,35668.99999999999,0.014543554424005123,1,,,False,,,,1.0
2023-08-03,1,10.49024591113472,35962.999999999985,0.008208667937870118,1,,,False,,,,1.0
2023-08-04,1,10.518321778536665,36987.00000000009,0.02807586740194523,1,,,False,,,,1.0
2023-08-05,1,10.50624492836807,36543.00000000002,-0.012076850168595499,1,,,False,,,,0.0
2023-08-06,1,10.4955428715348,36154.00000000002,-0.01070205683326897,1,,,False,,,,0.0
2023-08-10,1,10.4889103145089,35914.99999999991,-0.006632557025900709,1,,,False,,,,0.0
2023-08-11,1,10.504382373390987,36475.00000000003,0.01547205888208758,1,,,False,,,,1.0
2023-08-12,1,10.503820186606765,36454.499999999985,-0.0005621867842222628,1,,,False,,,,0.0
2023-08-13,1,10.498401535434406,36257.500000000015,-0.00541865117235929,1,,,False,,,,0.0
2023-08-14,1,10.506450144974917,36550.5,0.00804860954051101,1,,,False,,,,1.0
2023-08-15,1,10.50181568266797,36381.50000000003,-0.0046344623069458635,1,,,False,,,,0.0
2023-08-16,1,10.505834368769577,36528.0,0.0040186861016060504,1,,,False,,,,1.0
2023-08-17,1,10.510600151613616,36702.50000000002,0.004765782844039279,1,,,False,,,,1.0
2023-08-18,1,10.507366265337891,36584.000000000015,-0.003233886275724629,1,,,False,,,,0.0
2023-08-19,1,10.515207734400343,36871.99999999997,0.007841469062451978,1,,,False,,,,1.0
2023-08-20,1,10.522665212895898,37147.99999999997,0.007457478495554781,1,,,False,,,,1.0
2023-08-21,1,10.51379645478707,36820.00000000002,-0.0088687581088287,1,,,False,,,,0.0
2023-08-22,1,10.514651602352128,36851.50000000002,0.000855147565058445,1,,,False,,,,1.0
2023-08-23,1,10.513497659473217,36809.00000000002,-0.0011539428789113515,1,,,False,,,,0.0
2023-08-24,1,10.5145973290044,36849.500000000095,0.001099669531184233,1,,,False,,,,1.0
2023-08-25,1,10.51211116802542,36758.00000000003,-0.0024861609789805783,1,,,False,,,,0.0
2023-08-26,1,10.514000127689094,36827.50000000003,0.0018889596636739725,1,,,False,,,,1.0
2023-08-27,1,10.526534105416584,37291.99999999998,0.012533977727489543,1,,,False,,,,1.0
2023-08-28,1,10.530548347968214,37442.00000000001,0.004014242551630076,1,,,False,,,,1.0
2023-08-29,1,10.526319559181047,37283.99999999998,-0.004228788787166593,1,,,False,,,,0.0
2023-08-30,1,10.53608823322804,37650.000000000044,0.009768674046993553,1,,,False,,,,1.0
2023-08-31,1,10.540791630325726,37827.500000000015,0.004703397097685524,1,,,False,,,,1.0
2023-09-01,1,10.53320226672102,37541.49999999995,-0.007589363604706634,1,,,False,,,,0.0
2023-09-02,1,10.530868792320454,37454.00000000003,-0.002333474400565194,1,,,False,,,,0.0
2023-09-03,1,10.521197031089502,37093.5,-0.009671761230952924,1,,,False,,,,0.0
2023-09-04,1,10.51798376483713,36974.50000000002,-0.003213266252371838,1,,,False,,,,0.0
2023-09-05,1,10.507161236667333,36576.50000000008,-0.010822528169796897,1,,,False,,,,0.0
2023-09-06,1,10.522988192927777,37160.000000000065,0.015826956260443836,1,,,False,,,,1.0
2023-09-07,1,10.523943065202117,37195.50000000006,0.0009548722743399907,1,,,False,,,,1.0
2023-09-08,1,10.52232866439945,37135.49999999997,-0.0016144008026675039,1,,,False,,,,0.0
2023-09-09,1,10.52465526330391,37222.000000000015,0.0023265989044602975,1,,,False,,,,1.0
2023-09-10,1,10.527807026540072,37339.50000000001,0.003151763236163063,1,,,False,,,,1.0
2023-09-11,1,10.537136820054853,37689.500000000044,0.009329793514780249,1,,,False,,,,1.0
2023-09-12,1,10.532002874269342,37496.49999999998,-0.005133945785511074,1,,,False,,,,0.0
2023-09-13,1,10.53172280891893,37486.0,-0.0002800653504113626,1,,,False,,,,0.0
2023-09-14,1,10.528570002181944,37367.99999999999,-0.003152806736986591,1,,,False,,,,0.0
2023-09-15,1,10.52615861929175,37278.00000000001,-0.002411382890194602,1,,,False,,,,0.0
2023-09-16,1,10.525648805362788,37259.00000000006,-0.0005098139289607673,1,,,False,,,,0.0
2023-09-17,1,10.525729319580298,37261.99999999997,8.0514217509986e-05,1,,,False,,,,1.0
2023-09-18,1,10.518578592557416,36996.50000000001,-0.0071507270228821085,1,,,False,,,,0.0
2023-09-19,1,10.527271257229517,37319.50000000003,0.008692664672100392,1,,,False,,,,1.0
2023-09-20,1,10.524064040261235,37199.999999999905,-0.003207216968281301,1,,,False,,,,0.0
2023-09-21,1,10.534160746007382,37577.50000000003,0.010096705746146739,1,,,False,,,,1.0
2023-09-22,1,10.538542059441893,37742.500000000065,0.0043813134345107585,1,,,False,,,,1.0
2023-09-23,1,10.532136211158525,37501.50000000005,-0.0064058482833679875,1,,,False,,,,0.0
2023-09-24,1,10.525366954540534,37248.5,-0.006769256617991104,1,,,False,,,,0.0
2023-09-25,1,10.531576076711614,37480.499999999985,0.0062091221710804945,1,,,False,,,,1.0
2023-09-26,1,10.530668526633974,37446.499999999985,-0.0009075500776400958,1,,,False,,,,0.0
2023-09-27,1,10.526989863390185,37309.000000000015,-0.003678663243789515,1,,,False,,,,0.0
2023-09-28,1,10.5267620103678,37300.50000000001,-0.00022785302238403915,1,,,False,,,,0.0
2023-09-29,1,10.536977611849986,37683.50000000001,0.010215601482185477,1,,,False,,,,1.0
2023-09-30,1,10.538462570292118,37739.50000000001,0.001484958442132367,1,,,False,,,,1.0
2023-10-01,1,10.54237652136606,37887.50000000007,0.003913951073942101,1,,,False,,,,1.0
2023-10-02,1,10.540553679871175,37818.50000000001,-0.0018228414948850968,1,,,False,,,,0.0
2023-10-03,1,10.540804848135403,37828.00000000002,0.00025116826422788563,1,,,False,,,,1.0
2023-10-04,1,10.541122023165814,37839.99999999997,0.0003171750304105103,1,,,False,,,,1.0
2023-10-05,1,10.55064314924508,38201.99999999996,0.009521126079265585,1,,,False,,,,1.0
2023-10-06,1,10.548284472155029,38112.00000000007,-0.002358677090050776,1,,,False,,,,0.0
2023-10-07,1,10.55252609347001,38274.000000000015,0.004241621314982069,1,,,False,,,,1.0
2023-10-08,1,10.564666655880991,38741.49999999997,0.012140562410980493,1,,,False,,,,1.0
2023-10-09,1,10.554040335463652,38331.99999999997,-0.01062632041733913,1,,,False,,,,0.0
2023-10-10,1,10.5539881583746,38329.999999999935,-5.217708905291829e-05,1,,,False,,,,0.0
2023-10-11,1,10.56458921654177,38738.50000000001,0.010601058167170052,1,,,False,,,,1.0
2023-10-12,1,10.57500243296896,39144.000000000015,0.010413216427190619,1,,,False,,,,1.0
2023-10-13,1,10.570739835550707,38977.50000000003,-0.004262597418252412,1,,,False,,,,0.0
2023-10-14,1,10.57234204052703,39040.00000000004,0.0016022049763222412,1,,,False,,,,1.0
2023-10-15,1,10.566381689925052,38807.999999999985,-0.0059603506019776376,1,,,False,,,,0.0
2023-10-16,1,10.566162638930392,38799.49999999991,-0.00021905099466046352,1,,,False,,,,0.0
2023-10-17,1,10.557231003196248,38454.49999999998,-0.008931635734143129,1,,,False,,,,0.0
2023-10-19,1,10.61662116702819,40807.50000000002,0.05939016383194229,1,,,False,,,,1.0
2023-10-20,1,10.571650202901903,39012.99999999998,-0.04497096412628743,1,,,False,,,,0.0
2023-10-21,1,10.5852451169686,39547.000000000044,0.013594914066697328,1,,,False,,,,1.0
2023-10-22,1,10.586079219156558,39580.00000000004,0.0008341021879569865,1,,,False,,,,1.0
2023-10-23,1,10.587329069400372,39629.49999999998,0.001249850243814521,1,,,False,,,,1.0
2023-10-24,1,10.592413335521805,39831.50000000008,0.005084266121432535,1,,,False,,,,1.0
2023-10-25,1,10.590654386417038,39761.499999999985,-0.001758949104766927,1,,,False,,,,0.0
2023-10-27,1,10.605569697153651,40358.99999999995,0.014915310736613563,1,,,False,,,,1.0
2023-10-28,1,10.607994960666709,40457.00000000003,0.002425263513057274,1,,,False,,,,1.0
2023-10-29,1,10.619557487728496,40927.49999999998,0.01156252706178762,1,,,False,,,,1.0
2023-10-30,1,10.619801792377608,40937.5,0.0002443046491116263,1,,,False,,,,1.0
2023-10-31,1,10.613061570781609,40662.50000000007,-0.006740221595999074,1,,,False,,,,0.0
2023-11-01,2,10.610925567851726,40575.737476353985,0.008424298924605722,1,,,False,,,,0.5
2023-11-02,2,10.606913288588133,40413.2624518239,-0.004012279263593932,2,,,False,,,,0.0
2023-11-04,2,10.57253401648004,39047.495460656624,-0.03437927210809377,2,,,False,,,,0.0
2023-11-05,2,10.58838827510198,39671.49803070213,0.0158542586219399,2,,,False,,,,1.0
2023-11-06,2,10.590941814789684,39772.93022584586,0.0025535396877032213,2,,,False,,,,1.0
2023-11-07,2,10.596615011613391,39999.2111484714,0.005673196823709148,2,,,False,,,,1.0
2023-11-11,2,10.57829883059286,39273.24709646504,-0.018316181020530564,2,,,False,,,,0.0
2023-11-12,2,10.56036789759272,38575.31710174273,-0.017930933000141813,2,,,False,,,,0.0
2023-11-13,2,10.580735332343469,39369.05310011912,0.020367434750750313,2,,,False,,,,1.0
2023-11-14,2,10.574890697075404,39139.6264545282,-0.005844635268067222,2,,,False,,,,0.0
2023-11-15,2,10.573704130578788,39093.212227316406,-0.0011865664966146383,2,,,False,,,,0.0
2023-11-16,2,10.57237783428998,39041.39741351483,-0.001326296288807427,2,,,False,,,,0.5
2023-11-17,2,10.578896429166631,39296.72374702502,0.006518594876650852,2,,,False,,,,1.0
2023-11-18,2,10.580936042595335,39376.955665719,0.0020396134287032908,2,,,False,,,,0.5
2023-11-19,2,10.577990817908407,39261.152300970505,-0.0029452246869281495,2,,,False,,,,0.0
2023-11-20,2,10.580529414713116,39360.94715260289,0.0025385968047091367,2,,,False,,,,0.5
2023-11-21,2,10.576650969759026,39208.58354365782,-0.0038784449540889554,2,,,False,,,,0.0
2023-11-22,2,10.577691165988531,39249.38938378534,0.0010401962295043532,2,,,False,,,,0.5
2023-11-23,2,10.58229612190212,39430.547884856955,0.004604955913588782,2,,,False,,,,1.0
2023-11-24,2,10.580218256433065,39348.70157324124,-0.0020778654690545295,2,,,False,,,,0.0
2023-11-25,2,10.588416703707244,39672.62585209098,0.008198447274178733,2,,,False,,,,1.0
2023-11-26,2,10.591961181247632,39813.49408806014,0.0035444775403874473,2,,,False,,,,0.5
2023-11-27,2,10.59703385680082,40015.96813460842,0.005072675553189576,2,,,False,,,,1.0
2023-11-28,2,10.597319847016156,40027.41394656919,0.00028599021533359803,2,,,False,,,,0.5
2023-11-29,2,10.580298815555727,39351.871597803336,-0.01702103146042777,2,,,False,,,,0.0
2023-11-30,2,10.582748636995058,39448.39484060155,0.0024498214393311457,2,,,False,,,,0.5
2023-12-01,2,10.585565759361447,39559.68247787133,0.002817122366390201,2,,,False,,,,1.0
2023-12-02,2,10.58551995753929,39557.870613823536,-4.5801822158964e-05,2,,,False,,,,0.5
2023-12-04,2,10.58394525316906,39495.627682061255,-0.0015747043702285524,2,,,False,,,,0.5
2023-12-05,2,10.576464537785718,39201.27449139885,-0.00748071538334294,2,,,False,,,,0.0
2023-12-06,1,10.577095071221455,39225.99999999996,-0.005453414899545095,1,,,False,,,,0.0
2023-12-07,2,10.579795514370508,39332.07073750378,-0.000318716975650446,1,,,False,,,,0.0
2023-12-08,2,10.565896210309457,38789.16407967562,-0.013899304061050444,2,,,False,,,,0.0
2023-12-09,2,10.548884336454861,38134.86888662388,-0.017011873854595905,2,,,False,,,,0.0
2023-12-10,2,10.52932539849116,37396.2383134989,-0.019558937963702228,2,,,False,,,,0.5
2023-12-11,2,10.531833050716811,37490.13275183216,0.0025076522256517464,2,,,False,,,,0.5
2023-12-12,2,10.539719265889588,37786.95687667903,0.007886215172775657,2,,,False,,,,1.0
2023-12-13,2,10.546341959678323,38038.038822999224,0.006622693788736811,2,,,False,,,,1.0
2023-12-14,2,10.546944761695581,38060.9751418694,0.0006028020172585968,2,,,False,,,,0.5
2023-12-15,2,10.545760076421455,38015.91156344932,-0.0011846852741257408,2,,,False,,,,0.0
2023-12-16,2,10.536346167882058,37659.71249226413,-0.009413908539396942,2,,,False,,,,0.0
2023-12-17,2,10.534574330064375,37593.04466919378,-0.0017718378176843075,2,,,False,,,,0.5
2023-12-18,2,10.531598382695648,37481.33604875899,-0.00297594736872675,2,,,False,,,,0.5
2023-12-19,2,10.516269039723866,36911.153222975816,-0.015329342971781124,2,,,False,,,,0.0
2023-12-20,2,10.4834588499182,35719.74335014179,-0.032810189805666745,2,,,False,,,,0.0
2023-12-21,2,10.461224561506729,34934.30446924626,-0.02223428841147168,2,,,False,,,,0.5
2023-12-22,2,10.468638734963275,35194.27600832276,0.007414173456545825,2,,,False,,,,1.0
2023-12-23,2,10.459640937514601,34879.02544868478,-0.00899779744867324,2,,,False,,,,0.0
2023-12-24,1,10.45233124348964,34625.000000000015,-0.02502715202952821,1,,,False,,,,0.0
2023-12-28,2,10.507004537498112,36570.76894187483,0.05111854987874054,1,,,False,,,,0.5
2023-12-29,2,10.495252577005619,36143.50621480992,-0.01175196049249383,2,,,False,,,,0.0
2023-12-30,2,10.485524252978376,35793.59525809052,-0.00972832402724233,2,,,False,,,,0.0
2023-12-31,1,10.47027754421955,35251.999999999985,-0.012306242801997769,1,,,False,,,,0.0
2024-01-01,2,10.483603385605765,35724.90650092731,0.0007089282719725531,1,,,False,,,,0.5
2024-01-02,2,10.472487543070471,35329.99303000221,-0.011115842535293297,2,,,False,,,,0.0
2024-01-03,2,10.4700994662203,35245.722953288976,-0.0023880768501705063,2,,,False,,,,0.0
2024-01-04,2,10.456068715996814,34754.652120255785,-0.014030750223485988,2,,,False,,,,0.0
2024-01-05,2,10.445580410304368,34392.03962401761,-0.010488305692446076,2,,,False,,,,0.0
2024-01-06,3,10.509807948861708,36673.43569243036,0.022429252200299565,2,,,False,,,,0.6666666666666666
2024-01-07,3,10.516824214416529,36931.65105053327,0.007016265554821525,3,,,False,,,,1.0
2024-01-08,3,10.518102982693122,36978.90828338424,0.0012787682765917907,3,,,False,,,,0.6666666666666666
2024-01-09,3,10.509551923059414,36664.04754848915,-0.0085510596337078,3,,,False,,,,0.0
2024-01-10,3,10.518497453307324,36993.49825351535,0.008945530247910227,3,,,False,,,,0.6666666666666666
2024-01-11,3,10.498025218345369,36243.85825011705,-0.0204722349619549,3,,,False,,,,0.0
2024-01-12,3,10.510501116984408,36698.86536150201,0.012475898639037789,3,,,False,,,,0.3333333333333333
2024-01-13,3,10.503583624285767,36445.877258817214,-0.0069174926986400225,3,,,False,,,,0.0
2024-01-14,2,10.51834048380521,36987.691858238424,-0.017790661626777116,2,,,False,10.51755747369306,36958.74145719587,,0.5
2024-01-15,3,10.49452951783277,36117.38176700138,0.001945170728710366,2,,,False,10.475865113255846,35449.52431011963,,0.3333333333333333
2024-01-16,2,10.440100955835684,34204.10536763099,0.008360223727136074,2,,,False,10.444513458925453,34355.36455865205,,1.0
2024-01-17,2,10.521516920560266,37105.36771816165,-0.006030825901975234,1,,,False,10.52197562630365,37122.39206772929,,0.0
2024-01-18,3,10.502449539354956,36404.567967177856,0.0024304724889701035,2,,,False,10.48366445979133,35727.088437125545,,0.6666666666666666
2024-01-19,3,10.503448942446058,36440.96899155283,0.0009994030911026168,3,,,False,10.48902122662492,35918.98362955912,,0.6666666666666666
2024-01-20,2,10.51751653422032,36957.22841677924,-0.003618545828525832,2,,,False,10.543566685224317,37932.61917746101,,0.5
2024-01-21,3,10.504504829059252,36479.4668439896,0.0010123873246463688,2,,,False,10.485170899611186,35780.94970498819,,0.3333333333333333
2024-01-22,3,10.508067812446088,36609.67440425529,0.003562983386835583,3,,,False,10.49354251607781,36081.75143430572,,0.6666666666666666
2024-01-23,3,10.502310362964236,36399.50166336559,-0.005757449481853527,3,,,False,10.491758083336876,36017.42338730218,,0.0
2024-01-24,3,10.493090538650783,36065.446982029585,-0.009219824313451733,3,,,False,10.485468290155096,35791.59220349335,,0.3333333333333333
2024-01-25,3,10.51151262141971,36736.00520697834,0.01842208276892639,3,,,False,10.494092443935003,36101.59925148935,,1.0
2024-01-26,3,10.520384212010484,37063.36194554457,0.008871590590774284,3,,,False,10.500816847251546,36345.17901166182,,1.0
2024-01-27,2,10.454128895651449,34687.29968590811,-0.013083735662655194,2,,,False,10.451620340391809,34600.393727611554,,0.0
2024-01-28,1,10.631760535071448,41430.00000000004,,0,,,False,10.631760535071448,41430.00000000004,,0.0
2024-01-29,4,10.53582175255224,37639.96833923736,0.0008444418138555676,1,,,False,10.534214873194307,37579.534019414066,,0.25
2024-01-30,4,10.537606631188584,37707.21110683664,0.0017848786363465763,4,,,False,10.524206962714471,37205.317095217375,,0.75
2024-01-31,4,10.542082954285288,37876.37910967082,0.004476323096703538,4,,,False,10.52792699867412,37343.979968229585,,0.75
2024-02-01,4,10.541723236115976,37862.75673817148,-0.0003597181693129059,4,,,False,10.529245418968847,37393.24749982579,,0.5
2024-02-02,4,10.540598858589043,37820.208629938235,-0.0011243775269322853,4,,,False,10.525145950810497,37240.268852152425,,0.25
2024-02-03,4,10.541988018293132,37872.7834487223,0.0013891597040873727,4,,,False,10.527331506582502,37321.748543464746,,0.75
2024-02-04,4,10.5417721247357,37864.607841335965,-0.00021589355743012462,4,,,False,10.526628027186785,37295.50269514141,,0.5
2024-02-05,4,10.553246872088875,38301.597025336574,0.011474747353173775,4,,,False,10.543004768491654,37911.31019153005,,0.75
2024-02-06,4,10.550904431515033,38211.982809385474,-0.0023424405738410314,4,,,False,10.533945518273072,37569.413150102395,,0.25
2024-02-07,4,10.551382833530232,38230.267872423,0.00047840201519777636,4,,,False,10.534933276511874,37606.54098111014,,0.5
2024-02-08,4,10.547816053660354,38094.15181486737,-0.0035667798698777453,4,,,False,10.534757946104637,37599.94798895806,,0.25
2024-02-09,8,10.549150016927873,38145.00192264322,0.004170053473985913,4,,,False,10.533949277278662,37569.55437400188,,0.25
2024-02-10,8,10.549804824200432,38169.98772686433,0.0006548072725585108,8,,,False,10.536910593500208,37680.9745986412,,0.625
2024-02-11,8,10.534044592150693,37573.13548193299,-0.015760232049740086,8,,,False,10.515500949701325,36882.81301977172,,0.625
2024-02-12,8,10.546779247475659,38054.67603056992,0.012734655324967203,8,,,False,10.53206029355,37498.65308387085,,0.75
2024-02-13,8,10.546543316162998,38045.6987999477,-0.0002359313126614193,8,,,False,10.527683185714258,37334.87613180224,,0.5
2024-02-14,8,10.546465209391975,38042.7272893122,-7.810677102182417e-05,8,,,False,10.533937727177836,37569.12044436684,,0.375
2024-02-15,8,10.537936623707964,37719.65625771897,-0.008528585684011825,8,,,False,10.520143457133699,37054.43983447011,,0.5
2024-02-16,8,10.543741449201548,37939.249012166525,0.005804825493582744,8,,,False,10.524922215389129,37231.93781691751,,0.5
2024-02-17,8,10.544623203849426,37972.716874373116,0.0008817546478794291,8,,,False,10.530672335866688,37446.64264270449,,0.375
2024-02-18,8,10.530828827504406,37452.503187689865,-0.013794376345021231,8,,,False,10.512844040069886,36784.948784409695,,0.125
2024-02-19,8,10.534769496302193,37600.38227829348,0.00394066879778765,8,,,False,10.5197025459341,37038.10571816427,,0.5
2024-02-20,8,10.534926716311777,37606.29427548557,0.0001572200095838472,8,,,False,10.522146835707463,37128.748314452416,,0.75
2024-02-21,8,10.528451323391936,37363.56547412227,-0.006475392919840672,8,,,False,10.510938736738007,36714.929024550656,,0.625
2024-02-22,8,10.541430161984666,37851.661769535,0.012978838592729636,8,,,False,10.529290092838075,37394.918038189026,,0.625
2024-02-23,8,10.544926256053415,37984.2263338088,0.0034960940687505104,8,,,False,10.529761003203781,37412.5318396533,,0.75
2024-02-24,8,10.545357975164883,38000.62839053736,0.00043171911146644426,8,,,False,10.551265078459734,38225.76632957948,,0.25
2024-02-25,8,10.52551515037888,37254.02048173073,-0.019842824786002078,8,,,False,10.508181873384387,36613.850376221795,,0.125
2024-02-26,8,10.540240346811618,37806.65206995817,0.01472519643273773,8,,,False,10.538761521033752,37750.78393810069,,0.625
2024-02-27,8,10.523942488386691,37195.47854506808,-0.016297858424927814,8,,,False,10.519945187610418,37047.09379662046,,0.25
2024-02-28,7,10.515394819321575,36878.89884053001,2.18841080023172e-05,7,,,False,10.498082522414528,36245.93523018595,,0.42857142857142855
2024-02-29,5,10.541555498459124,37856.40626069625,-0.00031857468739726613,4,,,False,10.50404532861322,36462.70836326331,,0.6
2024-03-01,9,10.519412450368463,37027.36268626413,-0.0006094593986464503,5,,,False,10.502431034979796,36403.89432962732,,0.1111111111111111
2024-03-02,8,10.494667185091998,36122.3542902287,-0.012228662706376126,8,,,False,10.4771929010276,35496.62501796508,,0.125
2024-03-03,6,10.5281346074557,37351.733711254834,0.023454938424959694,5,,,False,10.494092308518074,36101.59436272197,,0.8333333333333334
2024-03-04,8,10.481109401960087,35635.920179709756,-0.025438812160967217,6,,,False,10.46456959843475,35051.35667057453,,0.375
2024-03-05,9,10.514446467321902,36843.941241743196,0.019292855348577165,8,,,False,10.485964389307082,35809.35278717472,,0.5555555555555556
2024-03-06,9,10.521776902773645,37115.015707887775,0.00733043545174144,9,,,False,10.505605998095069,36519.65902845447,,0.6666666666666666
2024-03-07,9,10.514790675125319,36856.62539669457,-0.006986227648325954,9,,,False,10.507888081889153,36603.09511835247,,0.4444444444444444
2024-03-08,9,10.502942301517919,36422.511181336544,-0.011848373607398186,9,,,False,10.490362003148192,35967.175259432945,,0.2222222222222222
2024-03-09,9,10.499441961994641,36295.24289695931,-0.0035003395232763917,9,,,False,10.494491646743842,36116.013988324434,,0.2222222222222222
2024-03-10,9,10.497721333432912,36232.845961744504,-0.001720628561731077,9,,,False,10.48974366977926,35944.94242914262,,0.3333333333333333
2024-03-11,9,10.484436084222757,35754.666970194,-0.013285249210154702,9,,,False,10.481129012495535,35636.61902603801,,0.3333333333333333
2024-03-12,9,10.485571534616875,35795.28767793199,0.0011354503941190962,9,,,False,10.47844429705232,35541.07315871643,,0.6666666666666666
2024-03-13,9,10.491848675734627,36020.686439849276,0.006277141117750536,9,,,False,10.476617110746039,35476.192289299346,,0.6666666666666666
2024-03-14,9,10.502385862900375,36402.24992716225,0.010537187165748522,9,,,False,10.496938849343234,36204.505425710995,,0.6666666666666666
2024-03-15,9,10.504241741489814,36469.870812076915,0.001855878589439265,9,,,False,10.493822623405123,36091.85961288612,,0.6666666666666666
2024-03-16,9,10.506737784753511,36561.01488990533,0.0024960432636977397,9,,,False,10.49432407338057,36109.96241344795,,0.5555555555555556
2024-03-17,9,10.508369301661078,36620.71349025155,0.001631516907565948,9,,,False,10.496567459919309,36191.061951833966,,0.7777777777777778
2024-03-18,9,10.50666911345343,36558.504283684844,-0.0017001882076479705,9,,,False,10.491705349436536,36015.52409816568,,0.4444444444444444
2024-03-19,9,10.50054722843698,36335.380988506586,-0.0061218850164481455,9,,,False,10.484807046147548,35767.933050726766,,0.2222222222222222
2024-03-20,9,10.498500510080223,36261.08875081549,-0.0020467183567577743,9,,,False,10.483401687471737,35717.701580581685,,0.3333333333333333
2024-03-21,9,10.494217433379374,36106.11185232857,-0.004283076700850251,9,,,False,10.475173263586248,35425.007050545166,,0.3333333333333333
2024-03-22,9,10.507395268610367,36585.06107110744,0.013177835230993177,9,,,False,10.499406802909341,36293.96681185143,,0.7777777777777778
2024-03-23,9,10.50465287304943,36484.86780960113,-0.002742395560938249,9,,,False,10.489999431845916,35954.136957659815,,0.3333333333333333
2024-03-24,9,10.505989357285504,36533.661859260035,0.00133648423607349,9,,,False,10.48802945644193,35883.377911855096,,0.7777777777777778
2024-03-25,9,10.50657042307034,36554.89648892212,0.0005810657848371253,9,,,False,10.487659113206767,35870.091206063305,,0.3333333333333333
2024-03-26,9,10.506068146866632,36536.54044457477,-0.0005022762037079076,9,,,False,10.484807809936859,35767.96036990213,,0.4444444444444444
2024-03-27,9,10.505429942449496,36513.230102249094,-0.0006382044171372078,9,,,False,10.496406213020052,36185.226725782115,,0.4444444444444444
2024-03-28,9,10.500334986829653,36327.66992717571,-0.005094955619841141,9,,,False,10.488772257373029,35910.04202021523,,0.2222222222222222
2024-03-29,9,10.502910986563982,36421.3706299349,0.002575999734329907,9,,,False,10.482976714768164,35702.52575725929,,0.4444444444444444
2024-03-30,9,10.50513367547228,36502.41404023842,0.0022226889082966514,9,,,False,10.498540178905253,36262.52721413144,,0.6666666666666666
2024-03-31,9,10.509509511458743,36662.49260051971,0.00437583598646422,9,,,False,10.494445522807768,36114.34821402028,,0.4444444444444444
2024-04-01,9,10.505867169494108,36529.198164515896,-0.003642341964636605,9,,,False,10.500030561532675,36316.612548627876,,0.6666666666666666
2024-04-02,9,10.50531466864271,36509.02132580264,-0.0005525008513982657,9,,,False,10.493276679199015,36072.1608489451,,0.7777777777777778
2024-04-03,9,10.500168082234119,36321.60717808421,-0.005146586408589708,9,,,False,10.480205900252807,35603.73760568147,,0.7777777777777778
2024-04-04,9,10.520760219488794,37077.30066717499,0.020592137254675593,9,,,False,10.504952442105527,36495.79918428171,,0.8888888888888888
2024-04-05,9,10.51063231276607,36703.6804136796,-0.010127906722724036,9,,,False,10.498765467381487,36270.697663951425,,0.2222222222222222
2024-04-06,10,10.523347732924861,37173.362908397816,0.0022850164055024814,9,,,True,10.500022248376156,36316.31064419842,10.246970630303627,0.4
2024-04-07,10,10.51389395036052,36823.58996201435,-0.00945378256434246,10,10.513893950360519,36823.58996201428,True,10.489228850655797,35926.44204797193,10.813213294355904,0.2
2024-04-08,10,10.510391078480511,36694.82729543839,-0.003502871880008662,10,10.51039107848051,36694.82729543832,True,10.492758961393728,36053.49048240602,10.067774118504586,0.3
2024-04-09,10,10.511326457297107,36729.166917342896,0.0009353788165965326,10,10.511326457297107,36729.166917342896,True,10.50474290118203,36488.15262197875,10.372842412148145,0.5
2024-04-10,10,10.514149031765502,36832.98417317167,0.00282257446839278,10,10.5141490317655,36832.98417317161,True,10.493708550644875,36087.74274965304,10.430585192065589,0.8
2024-04-11,10,10.519913737921417,37045.92869536331,0.005764706155916244,10,10.519913737921415,37045.92869536325,True,10.500247805582356,36324.50297365155,10.461605935322153,0.7
2024-04-12,10,10.524511816762303,37216.6610157669,0.004598078840886366,10,10.524511816762303,37216.6610157669,True,10.505895877264582,36530.246851405056,9.980547257419907,0.6
2024-04-13,10,10.516015777260183,36901.80619704853,-0.0084960395021195,10,10.516015777260183,36901.80619704853,True,10.490230457734693,35962.44425366893,10.76852636075716,0.3
2024-04-14,10,10.522665884694948,37148.02495599947,0.006650107434763086,10,10.522665884694947,37148.024955999404,True,10.500644413469217,36338.912415277424,10.336102240559757,0.6
2024-04-15,10,10.52421973562827,37205.79231856047,0.001553850933324874,10,10.52421973562827,37205.79231856047,True,10.512391706355569,36768.31347453445,10.185944051138952,0.6
2024-04-16,10,10.517136741604295,36943.194999380634,-0.00708299402397472,10,10.517136741604295,36943.194999380634,True,10.503157235186684,36430.34044664661,10.816883172099228,0.3
2024-04-17,10,10.51752734264684,36957.62786842568,0.000390601042543004,10,10.517527342646838,36957.62786842562,True,10.50404526424582,36462.70601625364,10.771014237390332,0.7
2024-04-18,10,10.516707141651901,36927.327613125846,-0.0008202009949400235,10,10.5167071416519,36927.32761312578,True,10.493408791052572,36076.92672378399,11.039373193953804,0.6
2024-04-19,10,10.524682489521524,37223.01342806791,0.00797534786962455,10,10.524682489521524,37223.01342806791,True,10.510334992710565,36692.76929550926,10.261678908347754,0.6
2024-04-20,10,10.524274249259431,37207.82059668388,-0.00040824026209218545,10,10.524274249259431,37207.82059668388,True,10.505291304131182,36508.168320318095,10.676036761561972,0.5
2024-04-21,10,10.522178090147207,37129.908770813985,-0.002096159112224605,10,10.522178090147207,37129.908770813985,True,10.501261637622196,36361.348593076254,10.659647323266078,0.5
2024-04-22,10,10.519093623300545,37015.5592425148,-0.0030844668466620817,10,10.519093623300545,37015.5592425148,True,10.503242471641705,36433.44577206308,10.145374946009568,0.2
2024-04-23,10,10.515504136943965,36882.93057443341,-0.0035894863565799186,10,10.515504136943965,36882.93057443341,True,10.494649344451867,36121.70985005374,10.505624785056249,0.5
2024-04-24,10,10.515955071745339,36899.5661218978,0.00045093480137374796,10,10.515955071745339,36899.5661218978,True,10.503874626604013,36456.48463690098,9.858157694107419,0.2
2024-04-25,10,10.517404285752392,36953.080257327194,0.0014492140070528237,10,10.517404285752392,36953.080257327194,True,10.50441075333668,36476.03517320819,10.335823055516368,0.5
2024-04-26,10,10.514995312934152,36864.168427525074,-0.0024089728182405067,10,10.51499531293415,36864.16842752501,True,10.495838082744466,36164.6746416337,10.771569158876261,0.5
2024-04-27,10,10.51362611522433,36813.72863144621,-0.00136919770982189,10,10.513626115224328,36813.728631446145,True,10.496318188891447,36182.041692913146,10.878928443009272,0.4
2024-04-28,10,10.512612600766252,36776.43628658007,-0.0010135144580777577,10,10.512612600766252,36776.43628658007,True,10.485729378513286,35800.93819155001,11.444946179980693,0.5
2024-04-29,10,10.498771596933832,36270.91998777271,-0.013841003832419041,10,10.498771596933832,36270.91998777271,True,10.480232028505723,35604.667881295565,11.97160507977704,0.4
2024-04-30,10,10.492383005318597,36039.938501263954,-0.006388591615234774,10,10.492383005318597,36039.938501263954,True,10.4777219693439,35515.41012646236,12.159852849648177,0.4
2024-05-01,10,10.497694306278955,36231.86670427174,0.005311300960358345,10,10.497694306278955,36231.86670427174,True,10.475223421959651,35426.78395583958,12.512116256759285,0.7
2024-05-02,10,10.49649697394664,36188.511079531774,-0.0011973323323168472,10,10.49649697394664,36188.511079531774,True,10.484414658487154,35753.900908359654,12.141587823354268,0.5
2024-05-03,10,10.497891772860177,36239.02199356312,0.0013947989135385086,10,10.497891772860177,36239.02199356312,True,10.486100284416324,35814.21943375287,11.715397849156844,0.7
2024-05-04,10,10.496217640067432,36178.403814065736,-0.0016741327927467964,10,10.49621764006743,36178.40381406567,True,10.483861342388401,35734.12317156853,11.668454382577735,0.5
2024-05-05,10,10.499060231440923,36281.39053789349,0.0028425913734924533,10,10.499060231440923,36281.39053789349,True,10.48325724585663,35712.542830655504,11.326482522145879,0.4
2024-05-06,10,10.492059840510262,36028.293543167434,-0.007000390930662448,10,10.49205984051026,36028.29354316737,True,10.475964934931596,35453.06311766272,11.968214708774996,0.3
2024-05-07,10,10.50457059193533,36481.86591753118,0.012510751425070233,10,10.50457059193533,36481.86591753118,True,10.479411834325733,35575.47711260456,11.781056834892208,0.9
2024-05-08,10,10.512091166189043,36757.26477985137,0.007520574253713086,10,10.512091166189045,36757.26477985144,True,10.49021009362708,35961.71191804084,11.164368881972763,0.8
2024-05-09,10,10.509270698151093,36653.73815477576,-0.002820468037951507,10,10.509270698151093,36653.73815477576,True,10.49385945953854,36093.189121928895,11.500636071997391,0.5
2024-05-10,10,10.511798097516339,36746.49395542281,0.002527399365245664,10,10.511798097516339,36746.49395542281,True,10.49404182660173,36099.7719310558,10.623773667005267,0.5
2024-05-11,10,10.506166278040016,36540.12599408422,-0.0056318194763244735,10,10.506166278040014,36540.125994084156,True,10.492130134627306,36030.8262092654,10.210881486730418,0.3
2024-05-12,10,10.507433200766304,36586.44884766947,0.0012669227262897208,10,10.507433200766304,36586.44884766947,True,10.487039139881196,35847.85959854364,11.092535939219959,0.5
2024-05-13,10,10.506243402806447,36542.9442514442,-0.0011897979598561649,10,10.506243402806447,36542.9442514442,True,10.487355507332271,35859.20248867736,11.614506583550813,0.5
2024-05-14,10,10.508660517950815,36631.379591557554,0.0024171151443669104,10,10.508660517950814,36631.37959155749,True,10.483922177070207,35736.29711170609,11.354854812372686,0.5
2024-05-15,10,10.509243992821563,36652.759317689975,0.0005834748707494342,10,10.509243992821563,36652.759317689975,True,10.495132950004042,36139.18273414261,11.216831161605501,0.5
2024-05-16,10,10.51244278595631,36770.191633274044,0.003198793134745692,10,10.51244278595631,36770.191633274044,True,10.493546975471837,36081.912337411326,11.438316628119237,0.6
2024-05-17,10,10.515432392260246,36880.28451516618,0.0029896063039354104,10,10.515432392260244,36880.28451516612,True,10.503383266731177,36438.57578345205,11.256274014968774,0.7
2024-05-18,10,10.517749168846441,36965.8269479137,0.0023167765861970223,10,10.517749168846441,36965.8269479137,True,10.495571689871802,36155.04191316902,11.231814106835117,0.6
2024-05-19,10,10.516178412678915,36907.80822580937,-0.0015707561675267101,10,10.516178412678915,36907.80822580937,True,10.488469277637595,35899.16365323012,11.474639358952128,0.4
2024-05-20,10,10.510472348871803,36697.80961959674,-0.00570606380711336,10,10.5104723488718,36697.80961959667,True,10.492911246702937,36058.98131742835,11.592364069463807,0.2
2024-05-21,10,10.505621819939064,36520.23684137339,-0.00485052893273803,10,10.505621819939064,36520.23684137339,True,10.488126977230039,35886.87745778551,10.862511829089232,0.3
2024-05-22,10,10.507736196705611,36597.53607271126,0.0021143767665463995,10,10.50773619670561,36597.53607271119,True,10.488634937844886,35905.11120874551,11.11829483523364,0.4
2024-05-23,10,10.50840707418639,36622.09677320369,0.000670877480781229,10,10.50840707418639,36622.09677320369,True,10.510279153537214,36690.720458807045,10.796336181945758,0.6
2024-05-24,10,10.51062019316483,36703.23558240451,0.0022131189784387216,10,10.51062019316483,36703.23558240451,True,10.494891532104264,36130.45914160531,10.782666004022154,0.5
2024-05-25,10,10.510180449962931,36687.09913227663,-0.00043974320189992254,10,10.51018044996293,36687.09913227656,True,10.505163229303427,36503.492842360734,10.326560712838083,0.4
2024-05-26,10,10.511352924642296,36730.13905374706,0.0011724746793657203,10,10.511352924642296,36730.13905374706,True,10.500337249088684,36327.75210986802,10.095958740520533,0.7
2024-05-27,10,10.511118436769113,36721.52729127504,-0.00023448787318223197,10,10.511118436769113,36721.52729127504,True,10.497293051260332,36217.33140229902,10.153348529431568,0.4
2024-05-28,10,10.510006669315032,36680.72417835776,-0.0011117674540811252,10,10.510006669315032,36680.72417835776,True,10.491283928600685,36000.349603545306,10.626868659804616,0.6
2024-05-29,10,10.513266721222674,36800.5003754178,0.003260051907641959,10,10.513266721222674,36800.5003754178,True,10.49605044933279,36172.355625768505,10.43020173917861,0.9
2024-05-30,10,10.495447619619558,36150.55642626245,-0.01781910160311657,10,10.495447619619558,36150.55642626245,True,10.48858567450385,35903.342446575065,10.782759105304947,0.4
2024-05-31,12,10.476743508201116,35480.6766731219,-0.0385955537795704,10,10.456852065839987,34781.88783769849,True,10.450297105933153,34554.63957276136,11.572532293044825,0.0
2024-06-01,12,10.461930860725488,34958.987256891494,-0.014812647475626198,12,10.442039418364361,34270.473049062726,True,10.43413693408211,34000.7184440401,12.68330734702466,0.25
2024-06-02,12,10.463782050622688,35023.76291844461,0.0018511898971995677,12,10.44389060826156,34333.9729596058,True,10.43484113629965,34024.67025783671,12.65753429619869,0.6666666666666666
2024-06-03,12,10.467214352289533,35144.18157665146,0.003432301666844939,12,10.447322909928406,34452.019982832164,True,10.453027680862473,34649.122542979574,11.561163564872757,0.5833333333333334
2024-06-04,12,10.465533453714732,35085.15739265745,-0.0016808985748009893,12,10.445642011353605,34394.158274998765,True,10.448158905681783,34480.83376765581,11.984043073469794,0.3333333333333333
2024-06-05,12,10.469670591465366,35230.610193467124,0.004137137750633772,12,10.449779149104238,34536.74639557064,True,10.438357686534628,34144.53034351616,12.006075699535426,0.75
2024-06-06,12,10.455841656950444,34746.761657922754,-0.013828934514921768,12,10.435950214589317,34062.42721477313,True,10.432799796448702,33955.28518587463,11.380565152111378,0.25
2024-06-07,12,10.45419802721978,34689.6977562268,-0.0016436297306645642,12,10.434306584858652,34006.48718164868,True,10.435899417324613,34060.696980587396,11.717750034575898,0.3333333333333333
2024-06-08,12,10.443168715910682,34309.196471205716,-0.0110293113090969,12,10.423277273549555,33633.47983628068,True,10.421357269479337,33568.96537193542,12.201505407841857,0.16666666666666666
2024-06-09,12,10.435972148793098,34063.17435518688,-0.007196567117583985,12,10.416080706431972,33392.30310439939,True,10.411891886950713,33252.72132017427,12.195684675539695,0.25
2024-06-10,12,10.429804854580366,33853.74321267352,-0.0061672942127319885,12,10.40991341221924,33186.99668998879,True,10.407589004131466,33109.94614961447,11.7609335141208,0.5833333333333334
2024-06-11,11,10.429854452474718,33855.42232869276,0.008128537625806231,11,10.418041949845046,33457.85780225707,True,10.409420014474994,33170.62633956276,12.028653329494363,0.7272727272727273
2024-06-12,12,10.441640526877224,34256.805575204,0.004543862220408489,11,10.422585812065455,33610.231618947335,True,10.423617957667364,33644.94018075538,10.91044684873314,0.5
2024-06-13,12,10.445319954041393,34383.08316833418,0.0036794271641683216,12,10.426265239229622,33734.125808207595,True,10.421805761889186,33584.02417473816,10.727799643092338,0.6666666666666666
2024-06-14,12,10.44700359004718,34441.02052416961,0.0016836360057885062,12,10.42794887523541,33790.969635771886,True,10.428217236618565,33800.03904400652,11.139467786513652,0.6666666666666666
2024-06-15,12,10.444903394620017,34368.76355379668,-0.0021001954271643677,12,10.425848679808245,33720.07646667624,True,10.417971081550533,33455.48678495255,12.040268684481603,0.5
2024-06-16,12,10.442426970563718,34283.75722025448,-0.0024764240562967408,12,10.42337225575195,33636.674569988754,True,10.413697457769617,33312.81569944185,12.346567578461121,0.5
2024-06-17,12,10.43346783762513,33977.97629298923,-0.008959132938587485,12,10.414413122813363,33336.6650502021,True,10.415027456915478,33357.15119241683,12.22117480367946,0.25
2024-06-18,12,10.43449397487597,34012.860254977095,0.0010261372508376294,12,10.4154392600642,33370.890601081985,True,10.409040423989774,33158.03747487325,12.220973904745241,0.4166666666666667
2024-06-19,12,10.434675495755839,34019.034859690306,0.00018152087986796536,12,10.415620780944067,33376.94866432168,True,10.406450036662944,33072.25646580182,12.083540830379564,0.5833333333333334
2024-06-20,12,10.425350297134312,33703.27515189139,-0.009325198621524885,12,10.406295582322542,33067.14870671172,True,10.397535542724679,32778.74423624646,11.326477824038571,0.4166666666666667
2024-06-21,12,10.426608734314634,33745.715304973535,0.0012584371803224432,12,10.407554019502864,33108.78783070719,True,10.408106932029574,33127.099156057026,11.190020397067496,0.5
2024-06-22,12,10.421842169245119,33585.246902517974,-0.004766565069515523,12,10.40278745443335,32951.34816044331,True,10.403727343536135,32982.333332533184,10.902506051517994,0.25
2024-06-23,12,10.415974901134755,33388.770208747505,-0.005867268110364125,12,10.396920186322985,32758.579830925442,True,10.400945806993233,32890.71924013927,10.620130844242999,0.5
2024-06-24,12,10.418026480310395,33457.34022876979,0.002051579175640287,12,10.398971765498626,32825.85563835604,True,10.396018206334105,32729.04556911273,11.013097660158639,0.4166666666666667
2024-06-25,12,10.422595167053316,33610.54604372688,0.004568686742920954,12,10.403540452241547,32976.1697975316,True,10.4065506436799,33075.583934249364,11.641379173216455,0.5833333333333334
2024-06-26,12,10.422562312558913,33609.44180436971,-3.2854494403119126e-05,12,10.403507597747144,32975.086399942884,True,10.404207618339491,32998.17772071435,11.475270329074373,0.5
2024-06-27,12,10.426458448867786,33740.64419613619,0.0038961363088737913,12,10.407403734056018,33103.812435607615,True,10.400152615121913,32864.64093291404,11.675966384083903,0.6666666666666666
2024-06-28,12,10.426397171458655,33738.576720222874,-6.127740913175472e-05,12,10.407342456646886,33101.783981898974,True,10.395839830505476,32723.208019143498,12.22270956398579,0.4166666666666667
2024-06-29,12,10.42154055716379,33575.11871376655,-0.004856614294865687,12,10.40248584235202,32941.4111343809,True,10.39219218337685,32604.06273545455,11.816922830174692,0.25
2024-06-30,12,10.416981930689195,33422.41062273676,-0.004558626474595595,12,10.397927215877424,32791.58530493124,True,10.38269063667898,32295.740798065937,12.394856374985144,0.5
2024-07-01,12,10.41212235255363,33260.38581180891,-0.004859578135564184,12,10.39306763774186,32632.618602348713,True,10.39061998962209,32552.843105783395,11.535947711722391,0.25
2024-07-02,12,10.39034938082081,32544.035211732855,-0.021772971732817965,12,10.371294666009042,31929.788633685446,True,10.365851971457646,31756.47661707973,12.27797370090005,0.16666666666666666
2024-07-03,12,10.394504466742974,32679.53979593243,0.004155085922163811,12,10.375449751931207,32062.735660820792,True,10.358293187666199,31517.341201391755,13.65008734490397,0.5833333333333334
2024-07-04,12,10.39803671182389,32795.17604718261,0.00353224508091321,12,10.378981997012119,32176.189356307055,True,10.367126520768794,31796.977617254717,13.067323713966342,0.5833333333333334
2024-07-05,12,10.398674991504897,32816.1152235031,0.0006382796810089353,12,10.379620276693128,32196.733319885287,True,10.365958432487734,31759.8576242619,12.721324819908292,0.5
2024-07-06,12,10.399505076777233,32843.36670640791,0.0008300852723347832,12,10.380450361965464,32223.470449544966,True,10.372242505761319,31960.06730403108,12.826384534934373,0.5
2024-07-07,12,10.40005614669348,32861.47068556907,0.0005510699162470564,12,10.38100143188171,32241.232728386032,True,10.378962285167582,32175.55511051577,13.135735071890565,0.4166666666666667
2024-07-08,12,10.391593497993874,32584.5490015457,-0.008462648699605039,12,10.372538783182105,31969.5377532109,True,10.374448721374408,32030.655941758097,12.713312287907849,0.25
2024-07-09,12,10.396784828181847,32754.145990538163,0.005191330187972761,12,10.377730113370077,32135.93371413607,True,10.383248780053847,32313.77148321446,12.891475951574623,0.5833333333333334
2024-07-10,12,10.404923159831133,33021.79773556465,0.008138331649285421,12,10.385868445019364,32398.533714121684,True,10.379756518373044,32201.12015574877,11.310625080136697,0.5833333333333334
2024-07-11,12,10.391762002095726,32590.0400943323,-0.013161157735405679,12,10.372707287283959,31974.925205347838,True,10.373402807412859,31997.17214514863,10.957118790831256,0.25
2024-07-12,12,10.386064434481627,32404.8841076072,-0.005697567614099341,12,10.36700971966986,31793.26391221285,True,10.369894059219964,31885.098858658093,9.940466840262625,0.4166666666666667
2024-07-13,12,10.386395143404528,32415.602464157535,0.00033070892290002857,12,10.367340428592758,31803.779967057442,True,10.370418742332841,31901.83282121153,10.05953888227263,0.5
2024-07-14,12,10.386590407460181,32421.932684173244,0.00019526405565365815,12,10.367535692648412,31809.990708466466,True,10.364320966600715,31707.894496360972,10.602191125959893,0.6666666666666666
2024-07-15,12,10.394019614358884,32663.698883713743,0.007429206898703041,12,10.374964899547114,32047.193735069464,True,10.373991033873425,32015.999265229944,11.443576612483561,0.6666666666666666
2024-07-16,12,10.394920465500016,32693.137271938704,0.000900851141133252,12,10.375865750688249,32076.076493695607,True,10.368742984723099,31848.41784986883,11.209725225749773,0.75
2024-07-17,12,10.400991373689722,32892.2179957066,0.00607090818970472,12,10.381936658877953,32271.399703911913,True,10.381171018979046,32246.700889110612,11.81272016313981,0.6666666666666666
2024-07-18,12,10.398974246166583,32825.93706850529,-0.0020171275231373187,12,10.379919531354815,32206.369784228893,True,10.367725598380591,31816.032181679628,11.237741968210923,0.5
2024-07-19,12,10.401482562305093,32908.37824726126,0.002508316138508141,12,10.382427847493323,32287.25494168592,True,10.369900607205409,31885.307642504875,11.242102532429179,0.3333333333333333
2024-07-20,12,10.399024762184986,32827.59534603078,-0.002457800120108248,12,10.379970047373215,32207.996762891387,True,10.370741803269425,31912.1407221519,11.155316701359471,0.4166666666666667
2024-07-21,12,10.406928326343941,33088.0783682214,0.00790356415895562,12,10.387873611532171,32463.563344819537,True,10.382543937324014,32291.00338121921,11.251318997754165,0.6666666666666666
2024-07-22,12,10.397992255115872,32793.71811402438,-0.00893607122806861,12,10.378937540304102,32174.75894064779,True,10.380261431518203,32217.383029928224,11.120125469943,0.25
2024-07-23,12,10.399931686194785,32857.38098504806,0.001939431078912109,12,10.380876971383016,32237.220218186816,True,10.379530249874108,32193.834880872244,10.917584719032277,0.5833333333333334
2024-07-24,12,10.412544439026322,33274.427533938564,0.012612752831537843,12,10.393489724214552,32646.395296502884,True,10.388568476848569,32486.128988168013,10.361162297771246,0.75
2024-07-25,12,10.423127736718714,33628.4507683206,0.01058329769239208,12,10.404073021906944,32993.73658259997,True,10.400303741245997,32869.60801403605,10.67327970578615,0.8333333333333334
2024-07-26,12,10.419195234318053,33496.4664892808,-0.003932502400660602,12,10.400140519506284,32864.24341725362,True,10.398802026656782,32820.28428848806,10.59641666394811,0.4166666666666667
2024-07-27,12,10.417364466189014,33435.19832700896,-0.0018307681290403721,12,10.398309751377244,32804.131649963965,True,10.398240856183984,32801.87168082559,10.796695131480876,0.25
2024-07-28,12,10.420546283755918,33541.752456403316,0.003181817566905979,12,10.40149156894415,32908.674642480866,True,10.394747901967364,32687.49611542051,11.09955050165697,0.5
2024-07-29,12,10.419218828832069,33497.25683145269,-0.0013274549238501503,12,10.4001641140203,32865.01884225339,True,10.38996426094602,32531.504270079153,11.012987873465796,0.5
2024-07-30,12,10.41776592139619,33448.623756154244,-0.0014529074358782996,12,10.398711206584421,32817.303683245525,True,10.388839540901948,32494.93600354886,11.43253767087216,0.5833333333333334
2024-07-31,12,10.41277733387642,33282.17787922391,-0.004988587519770012,12,10.39372261906465,32653.99935928088,True,10.385247407230139,32378.419246938345,12.326972517270356,0.5833333333333334
2024-08-01,12,10.42633173815173,33736.36916580169,0.01355440427531048,12,10.407277023339962,33099.61809356935,True,10.400842699025935,32887.328119764206,11.515923770907484,0.75
2024-08-02,12,10.429541460061179,33844.827496484264,0.0032097219094488296,12,10.410486745249411,33206.02934686742,True,10.402823385016596,32952.53214287194,10.826924090408419,0.6666666666666666
2024-08-03,12,10.426333972903503,33736.44455829677,-0.0032074871576761588,12,10.407279258091734,33099.69206308219,True,10.407381384863708,33103.07260040468,10.010701041432297,0.3333333333333333
2024-08-04,12,10.435957326099583,34062.66945093528,0.009623353196078543,12,10.416902611287814,33419.75968227034,True,10.414827288813358,33350.474822990895,9.725743313063154,0.75
2024-08-05,12,10.436616745989438,34085.13846011438,0.000659419889855665,12,10.417562031177669,33441.80460415016,True,10.410473186050499,33205.5791027629,9.886308132702752,0.5
2024-08-06,12,10.440174528780846,34206.62195697482,0.0035577827914089846,12,10.421119813969078,33560.99518245431,True,10.420821888151893,33550.99798482463,9.996064637136511,0.5833333333333334
2024-08-07,12,10.439853270344999,34195.63455610144,-0.0003212584358477007,12,10.42079855553323,33550.21516131556,True,10.418302255582164,33466.56820822983,10.334991297511555,0.5833333333333334
2024-08-08,12,10.455205136288194,34724.65166366183,0.015351865943195264,12,10.436150421476425,34069.247429997384,True,10.44059177490995,34220.89751557981,9.81839375029671,0.75
2024-08-09,12,10.46401507984625,35031.92542973861,0.008809943558056125,12,10.44496036503448,34370.72161227613,True,10.448930013361505,34507.43245728619,9.877983747934435,0.8333333333333334
2024-08-10,12,10.469973571201402,35241.28597163448,0.0059584913551523995,12,10.450918856389634,34576.13061602994,True,10.45809903137401,34825.286705863255,10.177141997375424,0.75
2024-08-11,12,10.466936852313735,35134.43042014992,-0.0030367188876672855,12,10.447882137501967,34471.29189056028,True,10.455370879043592,34730.40750008971,9.67371782450307,0.4166666666666667
2024-08-12,12,10.460387597458116,34905.077944823424,-0.006549254855619857,12,10.441332882646346,34246.26828755147,True,10.448756096530627,34501.43155583549,9.138586696106016,0.4166666666666667
2024-08-13,12,10.464435734015552,35046.66485511233,0.004048136557437854,12,10.445381019203785,34385.18284099915,True,10.447952592406482,34473.72064769686,9.403688213645534,0.5
2024-08-14,12,10.465094841511535,35069.77198883352,0.0006591074959801565,12,10.446040126699765,34407.85384325335,True,10.452085190004468,34616.481446128826,10.167063755862625,0.5833333333333334
2024-08-15,12,10.474425153655021,35398.51516161504,0.00933031214348734,12,10.455370438843252,34730.392211755876,True,10.452425222842171,34628.25418799225,10.398178319973999,0.75
2024-08-16,12,10.47834531682806,35537.55546941843,0.003920163173039004,12,10.45929060201629,34866.8082281116,True,10.45743839071325,34802.28730344944,10.273284523732984,0.75
2024-08-17,12,10.477726571458062,35515.57357281037,-0.0006187453699983969,12,10.458671856646292,34845.24122488361,True,10.458946206213348,34854.80231320785,9.64395567148458,0.5
2024-08-18,12,10.475922932781158,35451.574044044515,-0.0018036386769049173,12,10.456868217969388,34782.44964378882,True,10.457176790531973,34793.18420951942,9.028280049515864,0.3333333333333333
2024-08-19,12,10.475157694100156,35424.455505684244,-0.0007652386810007942,12,10.456102979288387,34755.84294943564,True,10.464455493972336,35047.35738253741,8.795337176271994,0.4166666666666667
2024-08-20,12,10.480172672883551,35602.554606799225,0.0050149787833957404,12,10.461117958071782,34930.58055088712,True,10.467206627870013,35143.91010929774,8.784757945439335,0.75
2024-08-21,12,10.485899140364067,35807.01634098146,0.005726467480514863,12,10.466844425552297,35131.18320859817,True,10.474777524401652,35410.99076072117,8.832119252973602,0.75
2024-08-22,12,10.485049967211944,35776.62289052454,-0.0008491731521220736,12,10.465995252400175,35101.36341389158,True,10.469689988582793,35231.293572377836,8.670257283691079,0.5
2024-08-23,12,10.495208775470738,36141.92310843323,0.010158808258793783,12,10.476154060658969,35459.76883810457,True,10.478161131924839,35531.010590956,8.708042737115424,0.75
2024-08-24,12,10.499802344600822,36308.32542840325,0.004593569130084241,12,10.480747629789054,35623.03042721705,True,10.486322597329831,35822.18228230942,8.562746346624525,0.5833333333333334
2024-08-25,12,10.500984606942849,36351.276779138665,0.0011822623420267853,12,10.48192989213108,35665.17110035694,True,10.490379263780664,35967.796080984015,9.120580263955505,0.5833333333333334
2024-08-26,12,10.499852927986693,36310.16207289019,-0.001131678956156475,12,10.480798213174923,35624.8324062857,True,10.483026780864014,35704.31328808292,8.56976434061403,0.5833333333333334
2024-08-27,12,10.499087587608605,36282.38307127265,-0.0007653403780871019,12,10.480032872796837,35597.577714471045,True,10.481731978025211,35658.113158364155,8.106614952274779,0.4166666666666667
2024-08-28,12,10.503989046448046,36460.65622083858,0.004901458839441819,12,10.484934331636278,35772.48607932709,True,10.487817487603852,35875.77256001007,8.430580762015088,0.6666666666666666
2024-08-29,12,10.505042039297956,36499.06925191635,0.0010529928499090069,12,10.485987324486187,35810.174090512875,True,10.491282898070018,36000.31250410013,7.550371182130439,0.6666666666666666
2024-08-30,12,10.511190561421152,36724.17591416762,0.006148522123196128,12,10.492135846609383,36031.03201728669,True,10.496443767540297,36186.58567012887,7.478380646654571,0.5833333333333334
2024-08-31,12,10.510046475561401,36682.184329362746,-0.0011440858597508985,12,10.490991760749633,35989.83299514676,True,10.498975063803346,36278.30066915364,8.262633261712784,0.3333333333333333
2024-09-01,12,10.514181503802552,36834.18023461759,0.0041350282411511214,12,10.495126788990783,36138.96008084451,True,10.499691863997061,36304.31428426928,7.779672760498148,0.5
2024-09-02,12,10.509969486759141,36679.360320636886,-0.004212017043411158,12,10.490914771947372,35987.062287668974,True,10.496966847694798,36205.51910637275,7.604678843923327,0.3333333333333333
2024-09-03,12,10.500110697459121,36319.522930631356,-0.009858789300021412,12,10.481055982647351,35634.01658418991,True,10.490553474451222,35974.06260068922,8.218450435594049,0.3333333333333333
2024-09-04,12,10.503451907779263,36441.077051328444,0.0033412103201424515,12,10.484397192967494,35753.276453353654,True,10.487247925448031,35855.34489561356,7.730681084542372,0.5
2024-09-05,12,10.50224115317485,36396.982548696426,-0.0012107546044135553,12,10.48318643836308,35710.01420453332,True,10.500696720065783,36340.81322982089,7.721096023477022,0.4166666666666667
2024-09-06,12,10.49826730392665,36252.633427738525,-0.00397384924819999,12,10.47921258911488,35568.389575268455,True,10.487191360620605,35853.31680157716,8.211180136754267,0.25
2024-09-07,12,10.498564914903938,36263.42421505095,0.00029761097728779146,12,10.479510200092168,35578.97669379372,True,10.482809383363945,35696.55210329405,8.423591988748447,0.6666666666666666
2024-09-08,12,10.50718503637348,36577.370520311,0.008620121469543681,12,10.488130321561712,35886.99747560715,True,10.495716874535761,36160.29145184663,7.348937603301069,0.75
2024-09-09,12,10.510991084819937,36716.85103096951,0.003806048446455416,12,10.491936370008167,36023.84538628779,True,10.497357678051891,36219.67208786107,7.797947899225531,0.75
2024-09-10,12,10.515095369664985,36867.857120239,0.004104284845049803,12,10.496040654853216,36172.00133810522,True,10.496857257224931,36201.55154392959,7.651961712784964,0.5833333333333334
2024-09-11,12,10.523343965032128,37173.222843417694,0.008248595367141695,12,10.504289250220358,36471.60349050066,True,10.511629200022467,36740.28808877758,8.059435722218316,0.6666666666666666
2024-09-12,12,10.526392036211748,37286.70233153992,0.00304807117962147,12,10.50733732139998,36582.94113029947,True,10.509126841114698,36648.46563588558,7.766451626158102,0.6666666666666666
2024-09-13,12,10.526705456787523,37298.39058282698,0.00031342057577310456,12,10.507650741975754,36594.40877377585,True,10.51035760539959,36693.59902707204,7.596800693139782,0.4166666666666667
2024-09-14,12,10.530376447338964,37435.56424981025,0.0036709905514424137,12,10.511321732527195,36728.993380890104,True,10.519532885030657,37031.82233272378,7.2745023168635665,0.5833333333333334
2024-09-15,12,10.535350997707077,37622.25331181455,0.004974550368112525,12,10.516296282895308,36912.15881354884,True,10.524290313683483,37208.41832369307,6.994634240705692,0.6666666666666666
2024-09-16,12,10.539617972664965,37783.12950781487,0.004266974957887193,12,10.520563257853196,37069.99858053108,True,10.52766687620964,37334.26722343307,7.690638474389158,0.5833333333333334
2024-09-17,12,10.54045866329182,37814.90678620382,0.0008406906268560258,12,10.521403948480051,37101.17608435664,True,10.529709198050098,37410.593727894186,7.333674620479293,0.6666666666666666
2024-09-18,12,10.539972367467932,37796.522025531434,-0.00048629582388833487,12,10.520917652656163,37083.1383235648,True,10.527491970181986,37327.73780609151,7.661427303170128,0.6666666666666666
2024-09-19,12,10.544027628956426,37950.10801088779,0.0040552614884927785,12,10.524972914144655,37233.82547768128,True,10.529393547150965,37398.78690386224,7.492795665153361,0.5833333333333334
2024-09-20,12,10.552446572803634,38270.95654702541,0.008418943847208796,12,10.533391857991864,37548.6182154488,True,10.546153224231741,38030.86037419006,7.248286622374985,0.8333333333333334
2024-09-21,12,10.55167382521753,38241.39418133028,-0.0007727475861027955,12,10.532619110405761,37519.613819343154,True,10.543661773506674,37936.226296558576,7.171425094892914,0.6666666666666666
2024-09-22,12,10.56182292833009,38631.486227822315,0.010149103112557937,12,10.54276821351832,37902.343143200385,True,10.553722050458749,38319.80144060427,7.317720563657508,0.75
2024-09-23,12,10.565953324358702,38791.37954916964,0.0041303960286129815,12,10.546898609546933,38059.21858662165,True,10.551802977430645,38246.33346097396,7.097107949542268,0.8333333333333334
2024-09-24,12,10.573160485713867,39071.96517918336,0.0072071613551654146,12,10.554105770902098,38334.50835329317,True,10.566169436958553,38799.7637609901,6.922085950434077,0.6666666666666666
2024-09-25,12,10.583439946458768,39475.675317822584,0.010279460744899419,12,10.564385231646998,38730.598737050466,True,10.580613258321307,39364.24745478668,5.609757865717743,0.5833333333333334
2024-09-26,12,10.59562942967828,39959.808069215884,0.012189483219512779,12,10.57657471486651,39205.593811326304,True,10.588280662673764,39667.22911416642,5.712384481933505,1.0
2024-09-27,12,10.594910545436862,39931.0919159366,-0.0007188842414160845,12,10.575855830625095,39177.419655951526,True,10.588756832551889,39686.12195156232,5.182853238521088,0.5
2024-09-28,12,10.593367612054195,39869.528407622594,-0.0015429333826683471,12,10.574312897242425,39117.01811707573,True,10.591303321357568,39787.31100056215,4.479229983003022,0.4166666666666667
2024-09-29,12,10.592265764070788,39825.62244143951,-0.001101847983406401,12,10.573211049259019,39073.94084620681,True,10.586563577973308,39599.175565519254,4.380248607939178,0.4166666666666667
2024-09-30,12,10.58967605949026,39722.61927603167,-0.002589704580527208,12,10.570621344678493,38972.881795641224,True,10.581581245408405,39402.369986098514,5.134839850895266,0.3333333333333333
2024-10-01,12,10.59507160847633,39937.52385692991,0.005395548986068495,12,10.57601689366456,39183.73019842366,True,10.588367449856557,39670.67187062186,5.527771267257432,0.5833333333333334
2024-10-02,12,10.599672718683435,40121.704197689425,0.004601110207104704,12,10.580618003871665,39364.43426024853,True,10.584671219344735,39524.310581993304,5.485451710734888,0.9166666666666666
2024-10-03,12,10.597858928828803,40048.997814647744,-0.0018137898546319124,12,10.578804214017033,39293.10016084331,True,10.59089224175845,39770.95861000341,5.315042301847601,0.25
2024-10-04,12,10.598451082545635,40072.72000045617,0.0005921537168339283,12,10.579396367733867,39316.374606494144,True,10.589212311158663,39704.20224837872,5.353984187190689,0.4166666666666667
2024-10-05,12,10.600876259888018,40170.02139192421,0.002425177342380014,12,10.581821545076247,39411.83950023336,True,10.592376810219017,39830.04516897133,5.183195477955597,0.6666666666666666
2024-10-06,12,10.60492169232752,40332.85564497112,0.004045432439502801,12,10.58586697751575,39571.6003672643,True,10.595405637266145,39950.86636795942,4.745315980213469,0.6666666666666666
2024-10-07,12,10.608999369581818,40497.655785577444,0.004077677254298677,12,10.589944654770049,39733.29001706123,True,10.602059265344334,40217.57086650964,4.3100193303381165,0.4166666666666667
2024-10-08,12,10.613471875561721,40679.187441355774,0.004472505979902823,12,10.594417160749952,39911.39538603635,True,10.606126788208558,40381.48990176482,4.658695814221494,0.5833333333333334
2024-10-09,12,10.613991065665662,40700.31315656825,0.0005191901039410437,12,10.594936350853892,39932.12236771151,True,10.605490629371337,40355.80902952667,5.103738269655554,0.6666666666666666
2024-10-10,12,10.61782846784798,40856.79668017698,0.00383740218231902,12,10.598773753036212,40085.65237101246,True,10.606522469880186,40397.47127875248,4.396998048746288,0.6666666666666666
2024-10-11,12,10.622276528160192,41038.9349566897,0.004448060312210937,12,10.603221813348423,40264.35291116724,True,10.615590961870682,40765.4815505629,4.623489885023018,0.6666666666666666
2024-10-12,12,10.631094257180758,41402.40530087851,0.00881772902056488,12,10.612039542368988,40620.96299928494,True,10.623206572943808,41077.12075857172,4.728898095581575,0.8333333333333334
2024-10-13,12,10.633846203477143,41516.49941524057,0.0027519462963856434,12,10.614791488665373,40732.90366467036,True,10.626814973149761,41225.61119491856,4.488844984681855,0.4166666666666667
2024-10-14,12,10.633815205163623,41515.21249372176,-3.099831351841923e-05,12,10.614760490351856,40731.6410329219,True,10.626781749579072,41224.241555663095,4.450938329152148,0.4166666666666667
2024-10-15,12,10.63314252876147,41487.29558052389,-0.000672676402154071,12,10.6140878139497,40704.25103251427,True,10.627855135859132,41268.51484787623,4.115769403011059,0.5833333333333334
2024-10-16,12,10.630033331436165,41358.50371548567,-0.003109197325304939,12,10.610978616624395,40577.89002652181,True,10.625054961483247,41153.11745188637,4.314264543389451,0.3333333333333333
2024-10-17,12,10.632765654367587,41471.66302708773,0.002732322931421708,12,10.613710939555817,40688.91353291491,True,10.623110473006925,41073.173439531085,4.506545779999006,0.75
2024-10-18,12,10.633619124692904,41507.07296934097,0.0008534703253175735,12,10.614564409881135,40723.65513653969,True,10.62365559060305,41095.56925272303,4.618140276060437,0.75
2024-10-19,12,10.63076851404014,41388.9209476837,-0.0028506106527640775,12,10.61171379922837,40607.733154105284,True,10.621171704855353,40993.619222492875,4.254380767879944,0.4166666666666667
2024-10-20,12,10.627664430329814,41260.64546429931,-0.0031040837103269623,12,10.608609715518044,40481.8787834134,True,10.620355532325888,40960.17500658182,4.763133332957537,0.4166666666666667
2024-10-21,12,10.622974679563436,41067.59635054934,-0.004689750766377158,12,10.603919964751666,40292.47334066933,True,10.617088956673136,40826.59379152693,4.22610494249612,0.16666666666666666
2024-10-22,12,10.623046606435468,41070.55032053033,7.192687203320484e-05,12,10.6039918916237,40295.371556471764,True,10.616885484278484,40818.28755179657,4.1745631786768564,0.5833333333333334
2024-10-23,12,10.620791776566112,40978.04754511953,-0.002254829869356397,12,10.601737061754344,40204.61470816823,True,10.616272635355532,40793.27977201188,3.781961889664719,0.5
2024-10-24,12,10.608213351265064,40465.83639329519,-0.012578425301047988,12,10.589158636453295,39702.07119421352,True,10.599734554675628,40124.18523978504,4.722701175162762,0.3333333333333333
2024-10-25,12,10.612609941138786,40644.13975597608,0.00439658987371964,12,10.593555226327016,39877.00920193247,True,10.606430221797822,40393.744861374726,4.359751954342411,0.5833333333333334
2024-10-26,12,10.610125314764504,40543.27960615981,-0.002484626374279338,12,10.591070599952737,39778.05271899357,True,10.607561607960394,40439.47164781438,4.664820232753077,0.3333333333333333
2024-10-27,12,10.608733000564362,40486.869901373015,-0.0013923142001428523,12,10.589678285752592,39722.70770910112,True,10.606071225800811,40379.24627128881,4.804808519502575,0.4166666666666667
2024-10-28,12,10.611324224662297,40591.91649516662,0.0025912240979340715,12,10.592269509850528,39825.77161972857,True,10.607516373304435,40437.64242359972,4.56222370656945,0.5
2024-10-29,12,10.614706587059695,40729.445522548274,0.0033823623974000108,12,10.595651872247927,39960.704880054924,True,10.606800138151016,40408.689932208305,4.350520987051335,0.5
2024-10-30,12,10.615242050545755,40751.26049347201,0.0005354634860588922,12,10.596187335733987,39982.108108207576,True,10.612085873179707,40622.84504503088,3.903111402674482,0.75
2024-10-31,12,10.614977977443568,40740.50060245689,-0.0002640731021865683,12,10.5959232626318,39971.55130283299,True,10.613989424352226,40700.24635465226,4.38634861375061,0.5833333333333334
2024-11-01,12,10.613656111407023,40686.68269626632,-0.0013218660365443096,12,10.594601396595255,39918.74917309731,True,10.611524293864356,40600.038499964256,4.457884717875489,0.3333333333333333
2024-11-02,12,10.612491433551845,40639.323402443195,-0.0011646778551797077,12,10.593436718740076,39872.28375380382,True,10.604883118120274,40331.29986704524,4.595903245627345,0.5
2024-11-03,12,10.610374558022366,40553.38600467679,-0.0021168755294794415,12,10.591319843210597,39787.968366097346,True,10.604022525403973,40296.60597493741,4.671422997094442,0.3333333333333333
2024-11-04,12,10.60967812174146,40525.15298773934,-0.0006964362809055066,12,10.59062340692969,39760.26822819377,True,10.60764834624139,40442.97945019771,4.746509088969835,0.4166666666666667
2024-11-05,12,10.608990444812477,40497.29435495354,-0.0006876769289818618,12,10.58993573000071,39732.935408195124,True,10.606862427315326,40411.20703412832,4.829879242520352,0.5833333333333334
2024-11-06,12,10.609193149039116,40505.50415973971,0.00020270422664007506,12,10.590138434227349,39740.990258487676,True,10.605547932180361,40358.121597002166,5.125679276412355,0.5
2024-11-07,12,10.609381232360747,40513.123285999194,0.00018808332162834063,12,10.590326517548977,39748.4655789098,True,10.603709789489862,40284.00574940649,4.545578414648954,0.5833333333333334
2024-11-08,12,10.614719669811032,40729.978379241766,0.005338437450285542,12,10.595664954999263,39961.227679439886,True,10.611296052056513,40590.77293121384,4.160680472445642,0.5833333333333334
2024-11-09,12,10.608387575136774,40472.887122168424,-0.006332094674257623,12,10.589332860325005,39708.988845364365,True,10.604896361007055,40331.83397341969,4.37912301163714,0.25
2024-11-10,12,10.609205314274863,40505.996921744125,0.000817739138088284,12,10.590150599463094,39741.47371994361,True,10.606639102564575,40402.18321904801,4.13532741873767,0.5833333333333334
2024-11-11,12,10.608604347646349,40481.661482465315,-0.0006009666285128704,12,10.589549632834581,39717.597595565596,True,10.605417458066512,40352.856250353376,4.24290140806676,0.5
2024-11-12,12,10.607344224322672,40430.68172378748,-0.0012601233236781972,12,10.588289509510902,39667.58004523444,True,10.60065600403492,40161.17468389896,4.063261579976926,0.3333333333333333
2024-11-13,12,10.612185072234087,40626.874992725796,0.004840847911416368,12,10.593130357422318,39860.0702993715,True,10.60431872423954,40308.54355056522,4.248530598324884,0.5
2024-11-14,12,10.61677664263814,40813.845064191606,0.004591570404052596,12,10.59772192782637,40043.51143762888,True,10.60890125816202,40493.68269797561,4.442654255991776,0.75
2024-11-15,12,10.617793479058555,40855.367175329826,0.0010168364204157971,12,10.598738764246788,40084.24984709914,True,10.608589020763473,40481.04102953597,4.31003794356989,0.6666666666666666
2024-11-16,12,10.618212135680544,40872.47512627015,0.00041865662198799686,12,10.599157420868774,40101.034897076,True,10.617645360340374,40849.31617885697,4.325610885922256,0.5833333333333334
2024-11-17,12,10.616492691981223,40802.257591287474,-0.0017194436993189417,12,10.597437977169456,40032.14267041185,True,10.60802639268186,40458.271665022374,4.712264222039437,0.5833333333333334
2024-11-18,12,10.618209436274967,40872.36479503175,0.0017167442937426891,12,10.599154721463199,40100.92664826492,True,10.611786994462058,40610.70555540449,4.292197305653866,0.6666666666666666
2024-11-19,12,10.620147680743154,40951.6622541028,0.0019382444681868745,12,10.601092965931386,40178.7274216126,True,10.614277118749545,40711.957271999854,4.657657728770706,0.5
2024-11-20,12,10.628184925081344,41282.12700373752,0.008037244338190272,12,10.609130210269576,40502.9548733736,True,10.621614530650945,41011.776274448035,4.485850750476612,0.75
2024-11-21,12,10.634661222062892,41550.34992640332,0.006476296981547207,12,10.615606507251123,40766.11527040815,True,10.631050847359852,41400.608068888374,3.988512395150625,0.75
2024-11-22,12,10.635338331397682,41578.4935832934,0.0006771093347886689,12,10.616283616585912,40793.72773487461,True,10.627326942515403,41246.72284872907,4.447850512409248,0.5
2024-11-23,12,10.634547072514016,41545.60724339628,-0.00079125888366575,12,10.615492357702246,40761.46210232416,True,10.625045622620048,41152.73313034684,4.500291979129925,0.6666666666666666
2024-11-24,12,10.63521579531208,41573.39902958419,0.000668722798065069,12,10.61616108050031,40788.72933740915,True,10.629192636088549,41323.74842518012,4.021620836321228,0.6666666666666666
2024-11-25,11,10.630106514496442,41361.53056811185,-0.0021160704124341123,11,10.614045010087876,40702.50877066546,True,10.62116496094957,40993.342766319365,4.05401781022346,0.36363636363636365
2024-11-26,11,10.62524981749468,41161.13716553041,-0.004856697001762681,11,10.609188313086115,40505.30827749892,True,10.615899336135728,40778.05451446492,4.226419223623705,0.5454545454545454
2024-11-27,11,10.62405787344012,41112.1046206374,-0.001191944054558227,11,10.607996369031556,40457.05697825676,True,10.614614679282944,40725.70234177834,4.339860160594704,0.18181818181818182
2024-11-28,11,10.620877835585349,40981.57422745075,-0.0031800378547715206,11,10.604816331176785,40328.606352747,True,10.616717874882287,40811.44659658643,4.6973812502319365,0.45454545454545453
2024-11-29,11,10.615032623896655,40742.726987143265,-0.0058452116886956226,11,10.59897111948809,40093.56471478202,True,10.612664782873061,40646.36881221053,4.64019722933844,0.5454545454545454
2024-11-30,11,10.616185702273508,40789.73364061575,0.001153078376854663,11,10.600124197864943,40139.8224015495,True,10.608837601946128,40491.105105408315,4.362708415393798,0.5454545454545454
2024-12-01,11,10.614288537210234,40712.42214253759,-0.0018971650632751262,11,10.598227032801669,40063.74272351588,True,10.606875783584503,40411.74678069172,4.8049311790791664,0.45454545454545453
2024-12-02,11,10.613851885106245,40694.6488584039,-0.0004366521039884865,11,10.59779038069768,40046.25262478408,True,10.607238646961541,40426.41338442633,4.361810189280717,0.45454545454545453
2024-12-03,11,10.61721216773711,40831.6243894927,0.0033602826308648625,11,10.601150663328545,40181.04569648454,True,10.609401824588558,40513.95755005288,4.444020193667965,0.6363636363636364
2024-12-04,11,10.620009311519704,40945.996196410764,0.0027971437825946373,11,10.603947807111139,40293.59519381355,True,10.614345833269297,40714.754870708704,4.318142562812272,0.6363636363636364
2024-12-05,11,10.62011008962711,40950.12286434868,0.00010077810740421518,11,10.604048585218544,40297.65611070008,True,10.61573848577944,40771.495877361245,4.3813283883676695,0.5454545454545454
2024-12-06,11,10.620499348131544,40966.06615075985,0.0003892585044355069,11,10.604437843722978,40313.34536944052,True,10.611324431977852,40591.924910503185,4.790382541640832,0.2727272727272727
2024-12-07,11,10.620114149728732,40950.28912634647,-0.0003851984028118755,11,10.604052645320166,40297.81972361116,True,10.612978503917148,40659.122433907796,4.7616792377578845,0.36363636363636365
2024-12-08,11,10.619908690801482,40941.876388137694,-0.00020545892724948607,11,10.603847186392917,40289.54102729542,True,10.610130836879673,40543.50349143727,4.730046325501493,0.36363636363636365
2024-12-09,11,10.618381067613631,40879.38037574545,-0.0015276231878507734,11,10.602319563205066,40228.04077675855,True,10.611371060904652,40593.817712527816,4.945556170949594,0.45454545454545453
2024-12-10,11,10.59116422896157,39781.77727300343,-0.02721683865206227,11,10.575102724553005,39147.926010635514,True,10.57902614053405,39301.821309396095,6.703959746672809,0.36363636363636365
2024-12-11,10,10.619339322650813,40918.57202270493,0.013924333825543655,10,10.589027058378548,39696.847615784056,True,10.611589697805842,40602.69398934542,4.3341295148731325,0.6
2024-12-12,10,10.621759327431267,41017.71507755728,0.0024200047804544766,10,10.591447063159002,39793.030511376135,True,10.615415049433985,40758.31102608091,4.425453107198462,0.6
2024-12-13,10,10.622578918294952,41051.34660224666,0.0008195908636837501,10,10.592266654022687,39825.6578843436,True,10.617297083136677,40835.09177040764,4.219478002364047,0.5
2024-12-14,10,10.623486214246064,41088.6092243635,0.0009072959511129853,10,10.5931739499738,39861.80793941189,True,10.613871814055912,40695.459868093996,4.402461556374842,0.5
2024-12-15,10,10.622851491288271,41062.53761578456,-0.0006347229577935209,10,10.592539227016006,39836.51476270274,True,10.61735015875787,40837.25917578748,4.675793018379434,0.6
2024-12-16,9,10.624023529124546,41110.69267778862,0.003733091515244603,9,10.59627231853125,39985.5060439761,False,10.614179631056846,40707.98855067404,,0.8888888888888888
2024-12-17,9,10.62606913939546,41194.87520594149,0.0020456102709124715,9,10.598317928802164,40067.384523004315,False,10.617425855579173,40840.35054349972,,0.5555555555555556
2024-12-18,9,10.62314284170285,41074.50294610988,-0.0029262976926099546,9,10.595391631109553,39950.3068137877,False,10.615751777363226,40772.03779871626,,0.2222222222222222
2024-12-19,9,10.619044851757426,40906.52446815943,-0.0040979899454230105,9,10.59129364116413,39786.92585355944,False,10.608165009590861,40463.88025429781,,0.3333333333333333
2024-12-20,9,10.617901720304912,40859.78965053606,-0.0011431314525136571,9,10.590150509711616,39741.470153087794,False,10.613839144987018,40694.13040702815,,0.4444444444444444
2024-12-21,9,10.611493472476994,40598.78716973469,-0.006408247827917219,9,10.5837422618837,39487.611227494664,False,10.608410286835731,40473.80634063513,,0.4444444444444444
2024-12-22,9,10.603560616651777,40277.99691812774,-0.00793285582521778,9,10.575809406058482,39175.60090344073,False,10.595175074072898,39941.6562304368,,0.3333333333333333
2024-12-23,9,10.589788679110827,39727.09307425643,-0.013771937540950555,9,10.56203746851753,38639.77512323756,False,10.588169259048746,39662.81028718991,,0.3333333333333333
2024-12-24,9,10.592178418455601,39822.14399986269,0.0023897393447753026,9,10.564427207862307,38732.22453512428,False,10.589357211945682,39709.95583537204,,0.3333333333333333
2024-12-25,9,10.581399073365965,39395.192629657875,-0.010779345089636096,9,10.55364786277267,38316.958688654326,False,10.579305354414855,39312.79645558182,,0.2222222222222222
2024-12-26,9,10.572187088719907,39033.9511501022,-0.009211984646059039,9,10.544435878126611,37965.60427394471,False,10.569476513762236,38928.289965589094,,0.1111111111111111
2024-12-27,9,10.58237914087022,39433.821504138345,0.01019205215031407,9,10.554627930276926,38354.53030307874,False,10.580433063436029,39357.15485777655,,0.7777777777777778
2024-12-28,9,10.588671189195221,39682.723244405686,0.0062920483250006815,9,10.560919978601927,38596.619681572556,False,10.588879188006981,39690.9780621543,,0.7777777777777778
2024-12-29,9,10.59207743457933,39818.12280844133,0.0034062453841096937,9,10.564326223986036,38728.31340243813,False,10.587981330672196,39655.3572199866,,0.6666666666666666
2024-12-30,10,10.581843299658635,39412.69689766895,-0.00832705294246219,9,10.555999171043574,38407.15967413894,True,10.581575154351864,39402.12998476601,3.0167085869995205,0.2
2024-12-31,15,10.594060903258471,39897.17918489906,0.006998795131118918,10,10.562997966174692,38676.90636609791,True,10.587875961523867,39651.17898890183,3.587750044792607,0.4666666666666667
2025-01-01,30,10.591280319361259,39786.39582350684,-0.002192824087880396,15,10.560805142086812,38592.18763475839,True,10.585041722546995,39538.95717876902,3.4587109861613805,0.2
2025-01-02,30,10.588921242155054,39692.64726752116,-0.002359077206203845,30,10.558446064880608,38501.25298767106,True,10.584968011984484,39536.04284740412,3.403034685042462,0.4
2025-01-03,31,10.588643150086037,39681.610591794895,-0.0021426304579890143,30,10.556303434422619,38418.84734429574,True,10.583632375408676,39483.27231148824,4.137610819249335,0.3870967741935484
2025-01-04,31,10.588056257552681,39658.32858351372,-0.0005868925333516819,31,10.555716541889268,38396.30622490378,True,10.58254965722076,39440.54618878712,3.960005751858068,0.3870967741935484
2025-01-05,31,10.584779541574266,39528.5921753279,-0.0032767159784192184,31,10.552439825910849,38270.698337855865,True,10.579021207892925,39301.62744809411,4.390333201103669,0.3870967741935484
2025-01-06,31,10.58725094067695,39626.40391870316,0.002471399102685471,31,10.554911225013534,38365.39747887285,True,10.582446755175928,39436.487884742484,4.003688221929077,0.6129032258064516
2025-01-07,31,10.589248464450625,39705.63771194293,0.0019975237736717085,31,10.556908748787205,38442.109864322556,True,10.582317519661954,39431.39161927771,3.9919328484812437,0.6451612903225806
2025-01-08,31,10.59199737007355,39814.9349177377,0.0027489056229266303,31,10.559657654410133,38547.928973022266,True,10.584946259284369,39535.182841074056,3.895762888998109,0.5161290322580645
2025-01-09,31,10.594050170644069,39896.75098615697,0.0020528005705197833,31,10.561710454980652,38627.14145951243,True,10.589596497337132,39719.45898463561,3.739018790520661,0.7096774193548387
2025-01-10,31,10.593164721305534,39861.440069707445,-0.0008854493385343408,31,10.560825005642117,38592.95422042536,True,10.589680908423857,39722.81188884178,3.6014139289424727,0.4838709677419355
2025-01-11,31,10.59191357553209,39811.59878329988,-0.0012511457734412663,31,10.559573859868676,38544.69900231871,True,10.58759552438642,39640.06088480732,4.06536535739985,0.4838709677419355
2025-01-12,31,10.59157350979471,39798.06252434277,-0.0003400657373848186,31,10.559233794131291,38531.59349932278,True,10.585500085570228,39557.084528853076,4.113386279422821,0.41935483870967744
2025-01-13,31,10.587416839959488,39632.978456023244,-0.0041566698352195975,31,10.555077124296071,38371.76279877526,True,10.580063390672676,39342.608278485284,4.1591476226493835,0.3870967741935484
2025-01-14,31,10.58882043276126,39688.64607749419,0.0014035928017702166,31,10.556480717097841,38425.65894410339,True,10.581184557576803,39386.74264518168,3.972535436184314,0.5806451612903226
2025-01-15,31,10.591537965826824,39796.64796842608,0.0027175330655682403,31,10.55919825016341,38530.223957940645,True,10.58370909198514,39486.30144915862,3.749962888243989,0.5806451612903226
2025-01-16,31,10.590735559897237,39764.72771033338,-0.0008024059295906346,31,10.55839584423382,38499.31947839533,True,10.584786355905988,39528.86153718529,3.954208568220894,0.5161290322580645
2025-01-17,31,10.592388178553424,39830.49797281807,0.0016526186561854786,31,10.560048462890006,38562.996774667,True,10.586053092351266,39578.96591455532,4.151138401112963,0.5483870967741935
2025-01-18,31,10.588965560091232,39694.40640270982,-0.003422618462190328,31,10.556625844427815,38431.235962067505,True,10.582614968567567,39443.12218809759,4.30446445646536,0.45161290322580644
2025-01-19,31,10.587388182141302,39631.84267760702,-0.0015773779499293787,31,10.555048466477885,38370.66316353014,True,10.580551433464937,39361.81384107134,4.40647982326089,0.3870967741935484
2025-01-20,31,10.5901228738986,39740.37188042557,0.0027346917572977593,31,10.557783158235184,38475.738708935205,True,10.583992625188136,39497.498714006135,4.196772779204423,0.6129032258064516
2025-01-21,31,10.595686725379686,39962.097660038504,0.005563851481088217,31,10.56334700971627,38690.4086467781,True,10.588889095573514,39691.37130510824,4.130180578745868,0.7419354838709677
2025-01-22,32,10.597157967585236,40020.934856008236,0.001171933480287646,31,10.564518943196559,38735.77781166633,True,10.592471648331093,39833.82275438578,4.185860111002074,0.625
2025-01-23,32,10.595307718223301,39946.95460888486,-0.0018502493619360627,32,10.562668693834622,38664.17322708238,True,10.58932543158813,39708.69385883033,4.032905154231104,0.4375
2025-01-24,32,10.595383335665911,39949.97540964361,7.561744261130876e-05,32,10.562744311277234,38667.09702352611,True,10.586688064201764,39604.10542437878,4.2797988373743605,0.59375
2025-01-25,32,10.59899871178714,40094.67100367207,0.0036153761212267543,32,10.56635968739846,38807.14613534163,True,10.593185997580042,39862.288181670934,3.8556210609595305,0.5
2025-01-26,32,10.597762435814593,40045.13355257266,-0.0012362759725462191,32,10.565123411425915,38759.19943679389,True,10.591230470719886,39784.41257516145,3.863091092571365,0.4375
2025-01-27,32,10.597471471097831,40033.48352658632,-0.0002909647167621543,32,10.564832446709152,38747.923517834635,True,10.59128076144243,39786.413412327216,4.047873578971689,0.53125
2025-01-28,32,10.595839179152076,39968.19049700559,-0.0016322919457522067,32,10.5632001547634,38684.7271858253,True,10.590630690639815,39760.557831516686,4.212562036872271,0.53125
2025-01-29,32,10.598720372723436,40083.512643461225,0.0028811935713573544,32,10.566081348334757,38796.34609372779,True,10.592468246764719,39833.687257224185,4.826781686077222,0.65625
2025-01-30,32,10.603414912443961,40272.12867201885,0.0046945397205270245,32,10.570775888055286,38978.90526182868,True,10.598462052129467,40073.159583928595,3.978991312778691,0.5625
2025-01-31,32,10.603082646498022,40258.74983787923,-0.0003322659459402688,32,10.570443622109345,38965.956050410234,True,10.59527420996572,39945.61607846625,4.128565095981424,0.4375
2025-02-01,32,10.60228866520639,40226.79783001024,-0.0007939812916319955,32,10.569649640817712,38935.03008923759,True,10.59443371156895,39912.05595778382,4.405139760091988,0.53125
2025-02-02,32,10.603297328417947,40267.3935913838,0.0010086632115570149,32,10.57065830402927,38974.32223466896,True,10.597350021033437,40028.621752671424,4.440032446355868,0.53125
2025-02-03,32,10.604595694764326,40319.70937525654,0.0012983663463785322,32,10.571956670375648,39024.95804783596,True,10.597723684727288,40043.58179017269,4.548469384780214,0.59375
2025-02-04,32,10.602475251508858,40234.30429975795,-0.0021204432554684516,32,10.56983622712018,38942.295510331336,True,10.594421992407485,39911.58822469637,4.597882429372452,0.4375
2025-02-05,32,10.60306605189061,40258.081765273964,0.0005908003817514662,32,10.570427027501932,38965.30943103233,True,10.595058670924198,39937.007166475356,4.66530073108151,0.46875
2025-02-06,32,10.604686668737326,40323.37758626195,0.0016206168467166049,32,10.572047644348647,39028.508464810984,True,10.597361036745582,40029.062698874885,4.415065437586594,0.65625
2025-02-07,32,10.602428677206387,40232.43045873652,-0.0022579915309381415,32,10.56978965281771,38940.48184231686,True,10.594357962020174,39909.032752058985,5.063484414355209,0.5625
2025-02-08,32,10.604752220052339,40326.02092332464,0.002323542845952875,32,10.572113195663663,39031.06691871806,True,10.596736029554455,40004.05206356164,4.426133285642028,0.40625
2025-02-09,32,10.604708680226866,40324.26517363441,-4.353982547378177e-05,32,10.572069655838188,39029.367549871706,True,10.5993740490663,40109.72285297882,4.318709179501202,0.5
2025-02-10,32,10.607369588566753,40431.70723047263,0.002660908339887469,32,10.574730564178076,39133.35941453673,True,10.599866466448816,40129.47844131787,4.146929400415412,0.5625
2025-02-11,32,10.607063296227423,40419.325204638546,-0.00030629233932866207,32,10.574424271838748,39121.37500179649,True,10.599987622516489,40134.34066566162,4.424279806602101,0.5625
2025-02-12,32,10.60874757092159,40487.459813828136,0.0016842746941646558,32,10.576108546532913,39187.32166427066,True,10.603018167863144,40256.154092333774,4.201735891106357,0.40625
2025-02-13,32,10.608763841118845,40488.11855814461,1.6270197257639563e-05,32,10.57612481673017,39187.95925491096,True,10.600772198202334,40165.841449273896,4.037764022667891,0.4375
2025-02-14,32,10.60718681472033,40424.31804712,-0.0015770263985148691,32,10.574547790331655,39126.207513523324,True,10.601705281545575,40203.33701742209,3.9723061735569574,0.4375
2025-02-15,32,10.605700649203898,40364.28543985791,-0.0014861655164337684,32,10.573061624815221,39068.10268052207,True,10.598397441234384,40070.57050486136,4.059926153314929,0.4375
2025-02-16,32,10.605276991961775,40347.18843989782,-0.000423657242122899,32,10.572637967573097,39051.554701468536,True,10.597902045816314,40050.72464401392,4.035537476969176,0.5625
2025-02-17,32,10.605620152241396,40361.03636825839,0.00034316027962144613,32,10.572981127852719,39064.95794349816,True,10.598217590520871,40063.364432193266,4.32618840441483,0.46875
2025-02-18,32,10.605597756299918,40360.13245497192,-2.239594147968038e-05,32,10.57295873191124,39064.0830567832,True,10.597921832402953,40051.51711898722,4.340128208510303,0.5625
2025-02-19,32,10.604709565510944,40324.300872080166,-0.0008881907889727869,32,10.572070541122267,39029.402101964704,True,10.599446367639878,40112.62363581111,4.309642887686287,0.53125
2025-02-20,32,10.604409372835365,40312.197629053844,-0.0003001926755777373,32,10.57177034844669,39017.687519725376,True,10.59850479765355,40074.87256874766,4.471322099790403,0.46875
2025-02-21,32,10.605150340944649,40342.0787510242,0.000740968109282425,32,10.572511316555971,39046.609095534855,True,10.59640937709342,39990.98677552409,4.497294984113786,0.625
2025-02-22,32,10.602676146039261,40242.38796338106,-0.0024741949053894152,32,10.570037121650582,38950.11959038184,True,10.59318853345441,39862.38926755393,4.414451528202015,0.5
2025-02-23,32,10.602241890786281,40224.91628887328,-0.00043425525297918766,32,10.569602866397604,38933.20896837455,True,10.594112791278665,39899.24942424811,4.435617460046277,0.4375
2025-02-24,32,10.597917828277218,40051.356747997874,-0.0043240625090609774,32,10.565278803888543,38765.22279222372,True,10.59187650764292,39810.12307871934,4.464008803665262,0.28125
2025-02-25,32,10.598199831286735,40062.65294384178,0.00028200300951497503,32,10.565560806898057,38776.15624327624,True,10.589735178565402,39724.96770996339,4.5409228382865185,0.46875
2025-02-26,32,10.597761241947213,40045.08574402252,-0.00043858933952145573,32,10.565122217558535,38759.153163477626,True,10.586640838856436,39602.235150986184,4.612469607517847,0.375
2025-02-27,32,10.598886569317091,40090.174940334495,0.0011253273698779709,32,10.566247544928414,38802.7944501275,True,10.587996208634754,39655.9472152955,4.6806292443409605,0.5625
2025-02-28,32,10.598258787222637,40065.014944667106,-0.0006277820944551316,32,10.56561976283396,38778.4423952487,True,10.589280253253111,39706.89992667979,4.613776030958212,0.5
2025-03-01,32,10.594935173760836,39932.07536391523,-0.0033236134618002122,32,10.562296149372159,38649.771786206,True,10.588458370736683,39674.27892699941,4.64840007440299,0.3125
2025-03-02,32,10.592941119905372,39852.52799230902,-0.0019940538554626963,32,10.560302095516695,38572.77884930619,True,10.586737742172676,39606.07292484636,4.734762999194617,0.5
2025-03-03,32,10.591002515810928,39775.34455660387,-0.0019386040944450178,32,10.55836349142225,38498.07393731519,True,10.580991829001734,39379.15242584464,4.493659448177797,0.3125
2025-03-04,32,10.588593066651745,39679.62325022507,-0.002409449159183452,32,10.555954042263068,38405.426444969686,True,10.575624767410796,39168.36824120265,4.706246391884431,0.40625
2025-03-05,32,10.584285416213543,39509.06492031369,-0.004307650438200639,32,10.551646391824868,38240.34510453765,True,10.576465684238654,39201.31943384085,4.507592688384985,0.375
2025-03-06,32,10.58556173605052,39559.52331728872,0.0012763198369760698,32,10.552922711661843,38289.18317543696,True,10.579545763392344,39322.24874094158,4.33104763030726,0.625
2025-03-07,32,10.583178581023908,39465.35908898832,-0.002383155026613182,32,10.55053955663523,38198.04276009241,True,10.577281517979928,39233.31424238503,4.327263631319529,0.34375
2025-03-08,32,10.576637919538541,39208.07186633644,-0.0065406614853643075,32,10.543998895149866,37949.017575491496,True,10.574935553698218,39141.3821653665,4.579062416981178,0.28125
2025-03-09,32,10.573138057469224,39071.08887341668,-0.003499862069318793,32,10.540499033080547,37816.433396815744,True,10.567903291256975,38867.09525279515,4.526751416818841,0.28125
2025-03-10,32,10.572584774450766,39049.47748258942,-0.0005532830184588611,32,10.539945750062088,37795.51599355424,True,10.565819341089618,38786.182501491865,4.867774299824595,0.53125
2025-03-11,32,10.575206711672255,39151.99710235284,0.0026219372214907333,32,10.542567687283578,37894.74349103225,True,10.56676476047762,38822.86904976975,4.822029648207372,0.53125
2025-03-12,32,10.574584834297234,39127.65693025358,-0.0006218773750196194,32,10.541945809908558,37871.184933449214,True,10.565312081165,38766.51281472363,4.726816091588363,0.46875
2025-03-13,32,10.576103435649985,39187.1213829692,0.0015186013527496711,32,10.543464411261308,37928.73985655057,True,10.567963926150247,38869.45202641822,4.99501980019068,0.46875
2025-03-14,32,10.574629802525266,39129.416471214194,-0.0014736331247221512,32,10.541990778136586,37872.88797182003,True,10.565028010942283,38755.50196679545,5.133677941124082,0.4375
2025-03-15,32,10.572738178992015,39055.46830926693,-0.0018916235332467335,32,10.54009915460334,37801.31444208938,True,10.565089495905553,38757.88492066755,5.200525748847033,0.5
2025-03-16,32,10.57408187790264,39107.98237313198,0.001343698910621749,32,10.541442853513962,37852.14216805774,True,10.567391696474608,38847.216135118084,4.896474526299277,0.34375
2025-03-17,32,10.570892877240658,38983.465638954156,-0.003189000661978303,32,10.538253852851984,37731.62393013321,True,10.560394595743556,38576.347005125484,5.089821165194516,0.34375
2025-03-18,31,10.56806127179748,38873.235982556194,-0.001267691158504028,31,10.536986161693479,37683.8221894046,True,10.559396465666518,38537.86200263176,5.328864185204185,0.5806451612903226
2025-03-19,32,10.572093261531402,39030.288876022634,0.002912564691102728,31,10.539898726384582,37793.73875118553,True,10.562357425188319,38652.140155077715,4.924382126721288,0.5
2025-03-20,32,10.573774543942035,39095.96500878461,0.0016812824106363644,32,10.541580008795219,37857.334145308385,True,10.564645234137972,38740.67009843178,4.7631592289576306,0.46875
2025-03-21,32,10.571099559137444,38991.523648269365,-0.002674984804591496,32,10.538905023990626,37756.20167594152,True,10.564729896815074,38743.95012612104,4.593544432526055,0.4375
2025-03-22,32,10.571830374868835,39020.0296822027,0.0007308157313897223,32,10.539635839722017,37783.8045871762,True,10.565221557751128,38763.0036964708,4.75842634171485,0.59375
2025-03-23,32,10.572137897598111,39032.03107348273,0.0003075227292766436,32,10.539943362451293,37795.42575267997,True,10.565221828978263,38763.01421005066,4.904798547218793,0.5625
2025-03-24,32,10.572714004757058,39054.524184611466,0.0005761071589462374,32,10.540519469610238,37817.2062413768,True,10.567314383514866,38844.21285795853,4.599365891645248,0.46875
2025-03-25,32,10.573626621421763,39090.182262817776,0.0009126166647056011,32,10.541432086274945,37851.73460718987,True,10.563425208605072,38693.43431204182,4.614102115943156,0.59375
2025-03-26,32,10.575143609361348,39149.52659880711,0.001516987939584824,32,10.54294907421453,37909.19880731065,True,10.569579024692478,38932.280745351985,4.772016001602188,0.625
2025-03-27,32,10.572972990652286,39064.64006539877,-0.002170618709065264,32,10.540778455505464,37827.001632769505,True,10.564176874699214,38722.52978835172,4.745716063716915,0.4375
2025-03-28,32,10.571912009641164,39023.21520346495,-0.0010609810111205098,32,10.539717474494344,37786.88918536484,True,10.56596019240743,38791.64597116947,4.675348898575144,0.40625
2025-03-29,32,10.570523007280936,38969.04949230262,-0.0013890023602261548,32,10.538328472134118,37734.43954187281,True,10.563123172514038,38681.74926313562,4.930149857215089,0.5625
2025-03-30,31,10.57060816905717,38972.368307091594,-0.001002940494037299,31,10.53732553164008,37696.61311643411,True,10.562655109215022,38663.64799256451,5.018691576057353,0.3548387096774194
2025-03-31,31,10.569555005143926,38931.34562077503,-0.0010531639132438733,31,10.536272367726836,37656.933302190155,True,10.565076948800458,38757.39862446299,5.231600424534544,0.4838709677419355
2025-04-01,31,10.569749154310905,38938.90484288129,0.00019414916697716337,31,10.536466516893814,37664.24507418597,True,10.558776528243998,38513.97834374429,5.0376672385459775,0.5483870967741935
2025-04-02,31,10.570237475886037,38957.924193629784,0.0004883215751331108,31,10.536954838468947,37682.6418290674,True,10.564461961228035,38733.570633679614,4.8923587953689704,0.45161290322580644
2025-04-03,31,10.571419019405262,39003.98188070585,0.0011815435192259758,31,10.538136381988172,37727.191824003894,True,10.561539758875094,38620.54851960705,5.384492024166491,0.5483870967741935
2025-04-04,31,10.570631311766325,38973.27024371301,-0.0007877076389368814,31,10.537348674349236,37697.48552828255,True,10.559628644736573,38546.81072640643,5.615545357066427,0.41935483870967744
2025-04-05,31,10.56891448158082,38906.417161046695,-0.001716830185505882,31,10.53563184416373,37632.820872209944,True,10.557772668389815,38475.33510650255,6.042271266338203,0.3548387096774194
2025-04-06,31,10.568463110575747,38888.85989514743,-0.0004513710050711171,31,10.53518047315866,37615.83834102864,True,10.560056460599794,38563.3051915571,5.661688486878454,0.4838709677419355
2025-04-07,31,10.565801655071848,38785.49653444493,-0.0026614555039022702,31,10.532519017654757,37515.85856591929,True,10.557310313565083,38457.5499615235,5.661096933395312,0.3548387096774194
2025-04-08,31,10.566782094178325,38823.541999594745,0.0009804391064776041,31,10.533499456761234,37552.65861792759,True,10.560152738799765,38567.018175902725,5.5534348000144265,0.6774193548387096
2025-04-09,31,10.569722913185478,38937.88305560179,0.002940819007153401,31,10.536440275768388,37663.256734974544,True,10.560344130198141,38574.40027785547,5.637135020802854,0.5161290322580645
2025-04-10,31,10.569889703876402,38944.37807365899,0.0001667906909238853,31,10.536607066459311,37669.5391394965,True,10.561370767052198,38614.02251414778,5.537189930569051,0.4838709677419355
2025-04-11,31,10.568509110553983,38890.648823001204,-0.0013805933224193402,31,10.535226473136891,37617.56870857163,True,10.559197479974625,38530.194282405675,5.646535430528702,0.45161290322580644
2025-04-12,31,10.569174187444327,38916.522697888286,0.000665076890346629,31,10.53589155002724,37642.59560567372,True,10.56257362699677,38660.49772110763,5.736930106073156,0.5161290322580645
2025-04-13,31,10.567878625852797,38866.13659200445,-0.0012955615915331582,31,10.534595988435706,37593.85888213192,True,10.560442984623366,38578.21371650788,5.67837503492349,0.41935483870967744
2025-04-14,31,10.566804523059355,38824.412777964666,-0.0010741027934402737,31,10.533521885642266,37553.50089148574,True,10.560044212331364,38562.8328607362,5.333678962514464,0.4838709677419355
2025-04-15,32,10.560988295722415,38599.25658156148,-0.0045191558875890495,31,10.529002729754676,37384.17366308047,True,10.55555603855472,38390.14398426366,5.088782530306,0.21875
2025-04-16,32,10.560477050028764,38579.527921381996,-0.0005112456936514076,32,10.528491484061025,37365.06605004312,True,10.553487567421998,38310.81715056775,5.020787588413099,0.65625
2025-04-17,32,10.559388914061444,38537.57098101634,-0.0010881359673192703,32,10.527403348093706,37324.42989059574,True,10.551850124921401,38248.13672213655,5.229250765984739,0.375
2025-04-18,32,10.555763569072386,38398.111937486145,-0.0036253449890581435,32,10.523778003104647,37189.360939430684,True,10.544132966555196,37954.10579469349,5.481581362753691,0.40625
2025-04-19,32,10.552810650781659,38284.89269627072,-0.0029529182907278573,32,10.52082508481392,37079.705776340794,True,10.54449788756179,37967.95857261553,5.489016251519248,0.3125
2025-04-20,32,10.55094294071539,38213.45435062126,-0.0018677100662695678,32,10.51895737474765,37010.51626969008,True,10.541612059468221,37858.54751779042,5.449473444348209,0.375
2025-04-21,32,10.549567206100251,38160.91892439521,-0.0013757346151393457,32,10.51758164013251,36959.63462917582,True,10.541357389546906,37848.9073120603,5.410465862032108,0.4375
2025-04-22,31,10.548735867129478,38129.20744865204,-0.002158729986783627,31,10.515422910145727,36879.93481374286,True,10.542605376185083,37896.17172920145,5.442347561323819,0.3870967741935484
2025-04-23,32,10.545376812851703,38001.34424121641,-0.002216565578855752,31,10.513206344566871,36798.27855134709,True,10.535257516774934,37618.73651288501,5.622543647838219,0.5
2025-04-24,32,10.54637697709151,38039.3708400433,0.0010001642398079769,32,10.51420650880668,36835.101284961784,True,10.538124238420359,37726.7336840733,5.519145634531302,0.5
2025-04-25,32,10.544573790195367,37970.840550036206,-0.0018031868961437825,32,10.512403321910535,36768.74056138104,True,10.533568351969375,37555.24590528415,6.032413194449653,0.40625
2025-04-26,32,10.544365933025716,37962.94885879094,-0.00020785716964999423,32,10.512195464740886,36761.098709270795,True,10.535231352820901,37617.752270868004,5.8545383320294135,0.40625
2025-04-27,32,10.539352613416327,37773.10473509937,-0.00501331960939011,32,10.507182145131495,36577.26476643451,True,10.530320925994218,37433.485834640494,6.044592865478875,0.3125
2025-04-28,32,10.537106998289849,37688.3760493471,-0.0022456151264780844,32,10.504936530005017,36495.218464077145,True,10.527589741786409,37331.38757732539,6.118061678266682,0.46875
2025-04-29,32,10.534342842798537,37584.34336522818,-0.0027641554913108157,32,10.502172374513707,36394.47929905314,True,10.525915113416,37268.9236930757,6.297217372147378,0.5
2025-04-30,32,10.534517137801837,37590.89469939485,0.00017429500329918524,32,10.502346669517006,36400.82322778413,True,10.52453460212906,37217.50902069866,6.303834992948689,0.40625
2025-05-01,32,10.5312605805784,37468.67691234631,-0.0032565572234373175,32,10.499090112293569,36282.47467297528,True,10.523015728390716,37161.0232318904,6.531181440959282,0.375
2025-05-02,32,10.526288081716002,37282.826412664115,-0.004972498862398589,32,10.49411761343117,36102.50792198868,True,10.517876609103155,36970.53818258368,6.861294543610436,0.28125
2025-05-03,32,10.51808012234755,36978.06294242443,-0.008207959368450868,32,10.485909654062718,35807.3928071399,True,10.512449856425876,36770.45161671404,6.776291421156618,0.28125
2025-05-04,32,10.506047877055076,36535.79986329081,-0.012032245292473542,32,10.473877408770246,35379.131115247386,True,10.496778612967457,36198.70461173791,7.394325592412643,0.1875
2025-05-05,32,10.503836510412794,36455.095081043866,-0.0022113666422803324,32,10.471666042127964,35300.98132563211,True,10.49946249559659,36295.988176681225,6.583226380722812,0.5
2025-05-06,32,10.516940379825138,36935.941480063106,0.01310386941234154,32,10.484769911540306,35766.604847242386,True,10.508793868181586,36636.26472018881,5.874559456941333,0.75
2025-05-07,32,10.52272707585863,37150.298156424156,0.005786696033491301,32,10.490556607573797,35974.17531201346,True,10.5163969120897,36915.8734412504,6.139224870171891,0.75
2025-05-08,32,10.525566993398513,37255.951892710655,0.002839917539883663,32,10.493396525113681,36076.48420911938,True,10.519705979495507,37038.232890992964,6.038048067176628,0.6875
2025-05-09,32,10.525075795972192,37237.65635875327,-0.0004911974263184238,32,10.492905327687364,36058.76788438805,True,10.517762513631743,36966.320252229336,5.9254294770499785,0.53125
2025-05-10,32,10.518538819110876,36995.02855094759,-0.006536976861317878,32,10.486368350826044,35823.82130988615,True,10.511261699330934,36726.78848820603,6.4067543331460115,0.375
2025-05-11,32,10.513753872963845,36818.43217064964,-0.004784946147031066,32,10.481583404679014,35652.815706712965,True,10.503926460691229,36458.37437448124,6.741743939808131,0.46875
2025-05-12,32,10.513350002015079,36803.56527787193,-0.0004038709487661496,32,10.481179533730248,35638.41947751237,True,10.506432860852843,36549.8682621557,6.8082529594523695,0.59375
2025-05-13,32,10.51326456585252,36800.42105680311,-8.543616256079245e-05,32,10.481094097567688,35635.374797777215,True,10.503554595759395,36444.81930406356,6.837082360373091,0.59375
2025-05-14,32,10.518045968064161,36976.80000475101,0.004781402211641528,32,10.485875499779329,35806.16985218324,True,10.508671974153987,36631.79925048847,6.723884582794319,0.5625
2025-05-15,32,10.516816076082947,36931.35048966031,-0.001229891981214759,32,10.484645607798114,35762.15920072535,True,10.509708652566374,36669.79433691849,6.655553975508019,0.4375
2025-05-16,32,10.514399796827787,36842.221756925224,-0.0024162792551605805,32,10.482229328542953,35675.85215028792,True,10.507542190761328,36590.43662185711,7.097932942402407,0.375
2025-05-17,32,10.5155077483348,36883.06377335135,0.0011079515070146484,32,10.483337280049968,35715.40116959392,True,10.510413417586877,36695.64703424449,6.861083217358872,0.59375
2025-05-18,32,10.513742849333857,36818.02630011376,-0.0017648990009425103,32,10.481572381049025,35652.4226854308,True,10.507422826752324,36586.06930130635,6.915813883942072,0.40625
2025-05-19,32,10.514630837909646,36850.73480709233,0.0008879885757890893,32,10.482460369624814,35684.09569002654,True,10.509213625296086,36651.64628098775,6.860823421260913,0.53125
2025-05-20,32,10.513664045756666,36815.12502225324,-0.0009667921529781243,32,10.481493577471836,35649.61325768566,True,10.5047955417416,36490.07342930618,7.098878778111821,0.40625
2025-05-21,32,10.514769487423285,36855.84449777046,0.001105441666616025,32,10.482599019138453,35689.04361554442,True,10.504101471752048,36464.75555162824,7.463424439820559,0.59375
2025-05-22,32,10.513349746389299,36803.55586993305,-0.0014197410339850114,32,10.481179278104467,35638.41036741469,True,10.50210843715243,36392.15240647017,7.301966963365819,0.53125
2025-05-23,32,10.51226702876074,36763.7295754052,-0.0010827176285602147,32,10.480096560475907,35599.84491377176,True,10.499969811533644,36314.406381463734,7.212905193121275,0.40625
2025-05-24,32,10.511038871607248,36718.60565324401,-0.0012281571534912272,32,10.478868403322416,35556.14954745849,True,10.500933846631844,36349.431623854645,7.216971380072552,0.40625
2025-05-25,32,10.510724630720038,36707.06897876876,-0.00031424088721060395,32,10.478554162435206,35544.978106832554,True,10.500943579213953,36349.785399404114,6.982337134365865,0.5
2025-05-26,32,10.510488772459674,36698.412334247056,-0.00023585826036293112,32,10.478318304174843,35536.59551872184,True,10.500395021487753,36329.85091188603,7.127458685593316,0.5
2025-05-27,32,10.511565730221713,36737.95626401396,0.001076957762039532,32,10.479395261936881,35574.887546849546,True,10.501689362708143,36376.90458063428,7.195225048849574,0.5
2025-05-28,32,10.50751945911986,36589.60487062427,-0.004046271101852461,32,10.47534899083503,35431.232736567574,True,10.49960880839629,36301.29913285019,7.119522509042274,0.34375
2025-05-29,32,10.506396705217716,36548.546802344106,-0.0011227539021451127,32,10.474226236932884,35391.474505285914,True,10.499841002080764,36309.72904389519,7.282994567371492,0.46875
2025-05-30,32,10.50795213642145,36605.43978758344,0.0015554312037314721,32,10.475781668136616,35446.56634375256,True,10.496091993820382,36173.858418964155,7.480538941335251,0.46875
2025-05-31,32,10.505733055252648,36524.29940731682,-0.002219081168800041,32,10.473562586967816,35367.9947464991,True,10.493444157650899,36078.20266452302,7.541857648578343,0.34375
2025-06-01,32,10.504827025259164,36491.22228325878,-0.000906029993482993,32,10.472656556974332,35335.964794688996,True,10.489658487117875,35941.88067368926,7.546675762989661,0.4375
2025-06-02,32,10.50303679115109,36425.95289365772,-0.001790234108074773,32,10.470866322866257,35272.761736287415,True,10.493355618642175,36075.00847762973,7.6987374278455425,0.46875
2025-06-03,32,10.502577573346786,36409.22928773291,-0.00045921780430319137,32,10.470407105061955,35256.56757469946,True,10.489921910083256,35951.34983762054,7.635256450620731,0.59375
2025-06-04,32,10.505271890673523,36507.459577417794,0.002694317326735307,32,10.473101422388691,35351.68804041395,True,10.493269617069119,36071.90610355908,7.5557088525661165,0.625
2025-06-05,32,10.503860313136821,36455.9628219387,-0.0014115775367009031,32,10.471689844851989,35301.821595148715,True,10.493396673730825,36076.48957070381,7.70399582801882,0.4375
2025-06-06,32,10.501661432655734,36375.8885859713,-0.0021988804810865736,32,10.469490964370904,35224.28238966144,True,10.490325340372923,35965.85662714185,7.5130114307235445,0.375
2025-06-07,32,10.497757317330462,36234.14978421973,-0.0039041153252712957,32,10.465586849045632,35087.030826261966,True,10.48405227092434,35740.946486750756,7.878657294283202,0.375
2025-06-08,32,10.489163873177205,35924.10771419324,-0.008593444153260632,32,10.456993404892371,34786.8042241961,True,10.47500144436074,35418.92087614602,8.323752771262045,0.1875
2025-06-09,32,10.485032312453182,35775.991268453654,-0.004131560724022598,32,10.452861844168348,34643.376923473166,True,10.475046024021319,35420.49987481207,8.350621017275225,0.40625
2025-06-10,32,10.481562948176071,35652.086382243266,-0.003469364277106979,32,10.449392479891241,34523.39468053733,True,10.470260847271504,35251.411404101345,8.577039435141947,0.375
2025-06-11,32,10.486057664328555,35812.693061104546,0.004494716152482037,32,10.453887196043723,34678.91679229283,True,10.472190418484026,35319.497179798826,8.521548429940665,0.5625
2025-06-12,32,10.491299653104054,36000.91569561467,0.0052419887754983074,32,10.459129184819222,34861.18057986852,True,10.47947632371162,35577.771427254855,8.214246599977661,0.65625
2025-06-13,32,10.490933868506026,35987.749523276645,-0.00036578459802866226,32,10.458763400221192,34848.43122884355,True,10.47691449965763,35486.74408442731,8.041638151062127,0.46875
2025-06-14,31,10.491457508972639,36006.59909999921,0.001819614328222107,31,10.460583014549416,34911.89966014517,True,10.479983942134615,35595.8359440333,8.09224693200547,0.6451612903225806
2025-06-15,31,10.489860212224343,35949.1317847358,-0.001597296748296422,31,10.458985717801118,34856.179508996094,True,10.480204644916672,35603.69291105114,8.127440083951113,0.5806451612903226
2025-06-16,31,10.488719187671643,35908.13633557598,-0.0011410245526970667,31,10.457844693248422,34816.43043401095,True,10.473399031573729,35362.2105932079,8.251075957167602,0.3870967741935484
2025-06-17,31,10.49102128375802,35990.89553897277,0.0023020960863738586,31,10.460146789334795,34896.6735304754,True,10.475652954667703,35442.00418684923,8.303589367139631,0.7096774193548387
2025-06-18,31,10.491593096460614,36011.48147530872,0.0005718127025924981,31,10.460718602037389,34916.633597844564,True,10.482555688419701,35687.49721713651,8.276755870647273,0.5483870967741935
2025-06-19,31,10.492957280869975,36060.641300805226,0.0013641844093642372,31,10.462082786446752,34964.298829717205,True,10.48338253592222,35717.01753780146,8.142482544564505,0.6129032258064516
2025-06-20,31,10.493642380836835,36085.35490964504,0.0006850999668578706,31,10.46276788641361,34988.26107701685,True,10.485388131086097,35788.72329777028,7.809277339794374,0.5806451612903226
2025-06-21,31,10.491704403842574,36015.49004211965,-0.001937976994259113,31,10.46082990941935,34920.5202932222,True,10.482083964276637,35670.66653312573,8.05564861325875,0.45161290322580644
2025-06-22,31,10.491839639005011,36020.36093211613,0.00013523516243638033,31,10.460965144581788,34925.243094793674,True,10.482012786878167,35668.12767823585,8.101757950993717,0.41935483870967744
2025-06-23,31,10.485834292331692,35804.69440171394,-0.0060053466733198235,31,10.454959797908467,34716.13341885499,True,10.475726825194997,35444.622403090165,8.13339884641918,0.5161290322580645
2025-06-24,31,10.484953923590258,35773.18693909366,-0.000880368741432835,31,10.454079429167034,34685.58386957687,True,10.469512575696577,35225.04364132556,8.638406753890768,0.4838709677419355
2025-06-25,31,10.484468286377977,35755.81836606821,-0.0004856372122832011,31,10.453593791954752,34668.743348842814,True,10.469336694548534,35218.84876500704,8.68875902787062,0.4838709677419355
2025-06-26,31,10.485258931225403,35784.09969839641,0.0007906448474264998,31,10.454384436802178,34696.16485104453,True,10.474825068234676,35412.67437497551,8.573238635955464,0.5161290322580645
2025-06-27,31,10.484825154657615,35768.58076056701,-0.0004337765677858313,31,10.453950660234392,34681.117731520004,True,10.469007570611467,35207.2593061313,8.625505365901446,0.3225806451612903
2025-06-28,31,10.482108163458504,35671.529744516956,-0.002716991199112306,31,10.451233669035279,34587.017332733456,True,10.46951189841726,35225.01978414014,8.688726252524663,0.3225806451612903
2025-06-29,30,10.480781013175415,35624.21966445542,0.0017501598340274426,30,10.452983828869307,34647.60314320922,True,10.467852554685917,35166.61783622844,8.612377488922256,0.6333333333333333
2025-06-30,32,10.486456284520559,35826.9715693505,0.0019096732347701226,30,10.454893502104078,34713.831961154036,True,10.474878737344774,35414.57499269719,8.758141408585466,0.5625
2025-07-01,32,10.48552380570493,35793.57924856938,-0.000932478815628246,32,10.45396102328845,34681.47713568009,True,10.471834592433748,35306.9318182936,8.823633673972155,0.375
2025-07-02,32,10.487492579490251,35864.11812383657,0.0019687737853239518,32,10.455929797073773,34749.82437675282,True,10.47053637779354,35261.12558210281,8.746442023215751,0.53125
2025-07-03,32,10.484948167656388,35772.981031587915,-0.002544411833868221,32,10.453385385239905,34661.51890277128,True,10.471120243324702,35281.71934933057,8.827530951392095,0.375
2025-07-04,32,10.485658328035786,35798.39460815905,0.0007101603794024136,32,10.454095545619307,34686.14288263848,True,10.474509345853276,35401.49556588309,8.750135065050909,0.4375
2025-07-05,32,10.48355365391009,35723.1298849266,-0.002104674125698147,32,10.451990871493608,34613.21662511659,True,10.472473458775333,35329.495435457284,8.725732856513781,0.40625
2025-07-06,32,10.479024310135554,35561.693425574835,-0.004529343774534678,32,10.447461527719074,34456.79597673745,True,10.468849178495844,35201.683195462174,8.7999185212675,0.4375
2025-07-07,32,10.47978511366496,35588.759182000664,0.0007608035294072724,32,10.448222331248482,34483.02080343404,True,10.467488055313341,35153.801961922465,9.012909661519279,0.625
2025-07-08,32,10.482494715406466,35685.321309232844,0.0027096017415021434,32,10.450931932989985,34576.582757227894,True,10.466436241936522,35116.84616148256,8.829495203077526,0.625
2025-07-09,32,10.486643475691933,35833.678689862645,0.004148760285470232,32,10.455080693275454,34720.33069225536,True,10.474245970552394,35392.172914068746,8.829672372181166,0.71875
2025-07-10,31,10.483431107509348,35718.75241216325,-0.0006655299630061621,31,10.454415163312447,34697.230959488945,True,10.469192285671342,35213.7632178088,9.03110157668023,0.45161290322580644
2025-07-11,32,10.490554605877932,35974.10330272756,0.004343385610399955,31,10.458758548922848,34848.262169116904,True,10.47343976693975,35363.65111513961,8.753377241627483,0.5625
2025-07-12,32,10.489210485488375,35925.78225890741,-0.0013441203895573905,32,10.45741442853329,34801.453374769495,True,10.476208760965301,35461.708551373464,8.490073246380385,0.53125
2025-07-13,32,10.491970125559142,36025.06141156072,0.002759640070767344,32,10.460174068604058,34897.62549921346,True,10.479157240475844,35566.42096779315,8.512089886647582,0.65625
2025-07-14,31,10.496805182609227,36199.66641112926,0.002378022914419593,31,10.462552091518477,34980.71160348505,True,10.483987866695056,35738.64469276187,8.692710338567277,0.4838709677419355
2025-07-15,31,10.495090321289238,36137.64220006433,-0.0017148613199875484,31,10.46083723019849,34920.775939574436,True,10.479343488970672,35573.04577707604,8.876246771480863,0.41935483870967744
2025-07-16,31,10.496281337067982,36180.708343268416,0.001191015778746266,31,10.462028245977237,34962.391912445324,True,10.481451453343366,35648.111580425546,8.483357555914331,0.5483870967741935
2025-07-17,31,10.495908078776726,36167.206113962035,-0.00037325829126040106,31,10.461654987685975,34949.344344989506,True,10.484896463373403,35771.13146306916,8.347053799237198,0.6129032258064516
2025-07-18,31,10.49601742440223,36171.16105596121,0.00010934562550621576,31,10.461764333311482,34953.16611185091,True,10.484086524934268,35742.170778454914,8.094907451052263,0.4838709677419355
2025-07-19,31,10.497208139716268,36214.256263327006,0.001190715314036809,31,10.462955048625519,34994.81017020311,True,10.488843618071797,35912.604677342024,7.797017795203569,0.5483870967741935
2025-07-20,31,10.496084050266804,36173.57107112295,-0.0011240894494632804,31,10.461830959176055,34955.49497434305,True,10.48559048587256,35795.96605000907,7.961372372860779,0.45161290322580644
2025-07-21,31,10.49514127308839,36139.48352486052,-0.0009427771784140025,31,10.46088818199764,34922.555261265756,True,10.482891640250978,35699.48851131613,7.7266204550746735,0.45161290322580644
2025-07-22,31,10.498740605766349,36269.79592703468,0.00359933267796017,31,10.464487514675602,35048.47964153607,True,10.489349900254782,35930.79119260057,7.6990481671671205,0.6774193548387096
2025-07-23,29,10.497501995300047,36224.89958846606,0.005038935341902473,29,10.469526450017504,35225.5323682761,True,10.489380464786743,35931.88941719965,7.890733073023953,0.7241379310344828
2025-07-24,30,10.503941263560481,36458.914067024736,0.003243803804465677,29,10.47277025382197,35339.98261089659,True,10.494360968014293,36111.29470186195,7.986663687126358,0.6333333333333333
2025-07-25,30,10.504899085348057,36493.851938725806,0.000957821787575656,30,10.473728075609545,35373.84823223971,True,10.491616751594268,36012.333341791586,8.005231262702418,0.5
2025-07-26,30,10.502855145944881,36419.336894833454,-0.002043939403176213,30,10.471684136206369,35301.6200701347,True,10.494775744145386,36126.27591167649,7.922722267540305,0.43333333333333335
2025-07-27,30,10.504909715472985,36494.23987499291,0.002054569528105314,30,10.473738705734474,35374.224262664284,True,10.491666144822595,36014.112151125126,7.938712697662355,0.6333333333333333
2025-07-28,30,10.505708262786289,36523.39389107752,0.0007985473133039397,30,10.474537253047778,35402.483536091175,True,10.49368237766728,36086.79823833099,7.825068073284477,0.5
2025-07-29,31,10.508187368575047,36614.05157686322,-0.00039029652506599176,30,10.474146956522713,35388.66876589213,True,10.497338555843509,36218.979494365856,7.590432109043799,0.45161290322580644
2025-07-30,32,10.509074864103722,36646.56080768903,0.003160221829881333,31,10.477307178352595,35500.68170910798,True,10.499119425138497,36283.538231116865,7.4605215561059675,0.65625
2025-07-31,32,10.512313087102552,36765.42289082364,0.0032382229988284217,32,10.480545401351423,35615.82716580676,True,10.503672828045918,36449.128513120595,7.232913716340274,0.6875
2025-08-01,32,10.51180669535532,36746.809897219166,-0.0005063917472302171,32,10.480039009604193,35597.796170618116,True,10.501992946272283,36387.949687450855,7.1252800309050235,0.5625
2025-08-02,32,10.514645028817062,36851.25775616875,0.0028383334617399503,32,10.482877343065931,35698.97811277145,True,10.502973568410756,36423.65001789434,7.173816051732934,0.5625
2025-08-03,32,10.517687743746226,36963.55638802429,0.003042714929165913,32,10.485920057995099,35807.76534677132,True,10.49928097163272,36289.400182992234,7.419085888868748,0.5625
2025-08-04,32,10.516256362324826,36910.685288523484,-0.0014313814213998688,32,10.484488676573697,35756.54744163581,True,10.501356381596235,36364.7937749459,7.2016322268276545,0.625
2025-08-05,32,10.519848677402807,37043.518546433625,0.0035923150779796353,32,10.488080991651678,35885.22721691399,True,10.50907838198824,36646.68972628472,6.783303138819647,0.5625
2025-08-06,32,10.522314383539406,37134.969676908586,0.0024657061365994104,32,10.490546697788277,35973.81881741825,True,10.509272377671886,36653.79971554282,6.6426401410434694,0.5625
2025-08-07,32,10.525137517064028,37239.954778490894,0.0028231335246208245,32,10.493369831312897,36075.52120349011,True,10.514117884545772,36831.8369459869,6.389191434638004,0.59375
2025-08-08,32,10.529428775585398,37400.10442778156,0.004291258521369967,32,10.497661089834267,36230.663230463084,True,10.520633618556623,37072.6069434693,6.134364928537845,0.6875
2025-08-09,32,10.528734147266908,37374.134276976874,-0.0006946283184867119,32,10.49696646151578,36205.50512456364,True,10.518097059792758,36978.689261643536,6.138116029325542,0.4375
2025-08-10,32,10.530623431711692,37444.8113910669,0.0018892844447821466,32,10.498855745960563,36273.9722788102,True,10.522072895190632,37126.0030971054,6.048326341321274,0.53125
2025-08-11,32,10.532268285587795,37506.45331630535,0.0016448538761020814,32,10.500500599836666,36333.68676004927,True,10.525633375418016,37258.42510012313,5.787657784231948,0.53125
2025-08-12,32,10.535490608292852,37627.50614330449,0.0032223227050581227,32,10.503722922541723,36450.95445957054,True,10.529539699179146,37404.253211866024,5.760913294806583,0.65625
2025-08-13,32,10.538573051611905,37743.66974010306,0.003082443319053607,32,10.506805365860776,36563.48580726705,True,10.529216350654673,37392.16055695737,5.816856411595691,0.71875
2025-08-14,32,10.539640751410392,37783.99016990572,0.0010676997984866987,32,10.507873065659265,36602.5454819883,True,10.53271483830176,37523.20566494996,5.719956434287845,0.625
2025-08-15,32,10.543500113400341,37930.094017867385,0.0038593619899488507,32,10.511732427649212,36744.080897280866,True,10.53393889675248,37569.16438428318,5.914689469168042,0.71875
2025-08-16,32,10.543889941946887,37944.88313371118,0.0003898285465457896,32,10.512122256195758,36758.40758122496,True,10.53583929521868,37640.628650438586,6.005570827366117,0.625
2025-08-17,32,10.542538443977719,37893.63533966099,-0.0013514979691693352,32,10.51077075822659,36708.76222338587,True,10.533396341344481,37548.78655952191,6.492905609249118,0.46875
2025-08-18,32,10.547168283239088,38069.48354065028,0.004629839261369839,32,10.51540059748796,36879.11193355923,True,10.536904646370258,37680.750505655,5.61519900499583,0.4375
2025-08-19,32,10.55149793621088,38234.668531996045,0.0043296529717923304,32,10.519730250459752,37039.13185552847,True,10.542552685560704,37894.17500885614,5.641540439428365,0.78125
2025-08-20,32,10.55258514211309,38276.260094492325,0.0010872059022084546,32,10.520817456361959,37079.42291666545,True,10.544453955721133,37966.290606948154,5.462662428297249,0.5625
2025-08-21,32,10.553101054054972,38296.01236894468,0.0005159119418816083,32,10.521333368303841,37098.557569219716,True,10.545598962155832,38009.78715115412,5.3766331737772886,0.53125
2025-08-22,32,10.554454600556916,38347.88289919317,0.001353546501945302,32,10.522686914805787,37148.80619129643,True,10.548904184190485,38135.625784930926,5.226042321704242,0.625
2025-08-23,32,10.554968775388986,38367.605485437314,0.0005141748320687256,32,10.523201089637855,37167.912083945004,True,10.54824921385877,38110.656259502175,5.263781447951542,0.53125
2025-08-24,32,10.55312368118825,38296.87890772418,-0.001845094200733366,32,10.521355995437123,37099.39701272346,True,10.545825849883867,38018.412083812625,5.351024149546209,0.4375
2025-08-25,32,10.54973941404564,38167.491103711815,-0.0033842671426123627,32,10.51797172829451,36974.05495753333,True,10.543389730289846,37925.90740717811,5.2125296779945085,0.34375
2025-08-26,32,10.550143157007465,38182.90407084461,0.0004037429618262145,32,10.518375471256336,36988.98598593858,True,10.541855917257545,37867.78074524657,5.379968820825631,0.59375
2025-08-27,32,10.550326324007694,38189.898559403475,0.00018316700022819044,32,10.518558638256565,36995.76176807402,True,10.542038489461218,37874.694980579836,5.412691352285574,0.53125
2025-08-28,34,10.549542243272347,38159.96633183319,-0.0023584570031124907,32,10.516200181253451,36908.61166492852,True,10.5389739551612,37758.80434482095,5.478204775376392,0.4117647058823529
2025-08-29,37,10.54627082051327,38035.33292492591,-0.0015222455065442416,34,10.514677935746906,36852.47043787511,True,10.53674491154233,37674.732058147405,5.2001324748584254,0.40540540540540543
2025-08-30,37,10.545560070741244,38008.30892550894,-0.0007107497720242688,37,10.513967185974883,36826.286859001484,True,10.53798270721463,37721.39455180259,5.168625625490446,0.4594594594594595
2025-08-31,37,10.543519955729325,37930.84664673819,-0.0020401150119202455,37,10.511927070962964,36751.233583036104,True,10.534978507269868,37608.24199193297,5.413941031869504,0.40540540540540543
2025-09-01,37,10.545243332966121,37996.272164652764,0.001723377236795648,37,10.513650448199758,36814.6244298991,True,10.537814546746052,37715.05183773119,5.518862637645294,0.4594594594594595
2025-09-02,37,10.545365159368428,38000.90139576721,0.00012182640230892846,37,10.513772274602067,36819.10969635212,True,10.534553959941633,37592.27890205902,5.667251942641423,0.5675675675675675
2025-09-03,37,10.548486503888224,38119.70061127335,0.003121344519794946,37,10.516893619121863,36934.21436984411,True,10.540096139133828,37801.20045355005,5.57832403473241,0.5945945945945946
2025-09-04,48,10.5481984127651,38108.720245659955,0.000810984240744751,37,10.517704603362606,36964.17958465846,True,10.5425461259289,37893.92643783587,5.82855284653694,0.3958333333333333
2025-09-05,52,10.544040244008489,37950.58675649582,-0.002931879955677045,48,10.51477272340693,36855.96376287343,True,10.539051857858375,37761.745972100376,5.886363922151736,0.28846153846153844
2025-09-06,52,10.539902951538911,37793.898435901785,-0.004137292469574292,52,10.510635430937356,36703.79486222038,True,10.536397529783978,37661.646816398315,6.044576645456658,0.4423076923076923
2025-09-07,52,10.542546747117836,37893.949977130986,0.0026437955789255954,52,10.513279226516282,36800.960579357394,True,10.538943755423457,37757.66405605053,5.8167961705996785,0.6538461538461539
2025-09-08,52,10.545260860202356,37996.93814012738,0.00271411308451724,52,10.515993339600799,36900.97821617944,True,10.542601491546208,37896.024516545454,5.387852060319416,0.6730769230769231
2025-09-09,52,10.549112244389995,38143.56111632487,0.003851384187640109,52,10.519844723788438,37043.372090935925,True,10.54548007737911,38005.268634692155,5.455547297499452,0.5769230769230769
2025-09-10,51,10.553956176585233,38328.77415761595,0.005167638154586956,51,10.525012361943025,37235.29429909197,True,10.547677461871375,38088.87264405105,5.684261132549026,0.6666666666666666
2025-09-11,52,10.556222194727498,38415.72633562722,0.002580244548834647,51,10.52759260649186,37331.49452090804,True,10.553306375194964,38303.87615713478,5.477147462358653,0.5576923076923077
2025-09-12,52,10.554630715382784,38354.637124654524,-0.0015914793447158525,52,10.526001127147145,37272.12947012677,True,10.550521245149321,38197.34330357476,5.780297585330822,0.5192307692307693
2025-09-13,52,10.554548378652923,38351.47925926462,-8.23367298588861e-05,52,10.525918790417286,37269.06073120802,True,10.553759588062494,38321.23990112436,5.2422794135972826,0.5769230769230769
2025-09-14,52,10.559525018157888,38542.81645925133,0.004976639504962752,52,10.530895429922248,37454.99769802569,True,10.557090693379413,38449.10483465467,5.408227393231288,0.6538461538461539
2025-09-15,52,10.558244534671966,38493.49460392409,-0.0012804834859179842,52,10.52961494643633,37407.06788522414,True,10.554967285420277,38367.54831894831,5.664733602187348,0.5769230769230769
2025-09-16,52,10.560184781470952,38568.253985984,0.0019402467989830636,52,10.531555193235313,37479.71728503941,True,10.557301905200887,38457.22659779685,5.451637650575523,0.6153846153846154
2025-09-17,52,10.561264031185962,38609.90123295404,0.0010792497150103459,52,10.532634442950323,37520.18909490419,True,10.5566534531203,38432.29701289002,5.423417517886244,0.7115384615384616
2025-09-18,52,10.566074038641261,38796.06250536556,0.00481000745529865,52,10.537444450405623,37701.096217688195,True,10.562645631969799,38663.2815694276,5.365930592229321,0.6153846153846154
2025-09-19,52,10.567297093438281,38843.54124434949,0.0012230547970225518,52,10.538667505202644,37747.234933607695,True,10.56193563302673,38635.84042312291,5.426505229726219,0.6153846153846154
2025-09-20,52,10.569365011300535,38923.94960741293,0.0020679178622517317,52,10.540735423064897,37825.373879593244,True,10.565766513549976,38784.13357701849,5.389311289762534,0.6346153846153846
2025-09-21,52,10.568802264202514,38902.05142987366,-0.0005627470980176583,52,10.540172675966879,37804.09374843869,True,10.567592531046422,38855.0187826312,5.437990716391583,0.38461538461538464
2025-09-22,52,10.568149644124722,38876.67145268537,-0.0006526200777939605,52,10.539520055889085,37779.43008671144,True,10.565186305450252,38761.63723548723,5.692083676190928,0.4230769230769231
2025-09-23,52,10.569136290913356,38915.04792462515,0.000986646788635009,52,10.54050670267772,37816.72343473863,True,10.564408512164286,38731.500415919676,5.65935768162285,0.4807692307692308
2025-09-24,51,10.572686541712898,39053.4516432168,0.0025432823848146437,51,10.543049985062535,37913.02444973064,True,10.566949714728954,38830.050168518275,5.718897075998884,0.6274509803921569
2025-09-25,52,10.574541800493677,39125.97315458149,0.0033966660654690083,51,10.546446651128004,38042.021288888085,True,10.571616680511267,39011.6922128943,5.396391463529688,0.6346153846153846
2025-09-26,52,10.578029294378828,39262.662960597925,0.0034874938851508284,52,10.549934145013154,38174.92421988751,True,10.575948547767274,39181.0522427389,5.323776991473657,0.6346153846153846
2025-09-27,52,10.578894332935533,39296.64137209699,0.0008650385567043723,52,10.55079918356986,38207.96128834591,True,10.575133151793707,39149.11719212532,5.4180205277724465,0.6153846153846154
2025-09-28,52,10.581897004421782,39414.813604058916,0.003002671486251748,52,10.553801855056111,38322.85965895757,True,10.580539308490474,39361.33658297709,5.209229803110084,0.6153846153846154
2025-09-29,52,10.585471921298346,39555.970448058266,0.0035749168765599063,52,10.55737677193267,38460.10587244526,True,10.586206754082824,39585.04815428279,5.1385228086433,0.6346153846153846
2025-09-30,51,10.589353956160947,39709.826548514466,0.0035455739761931417,51,10.560922345908864,38596.71105172623,True,10.591237159932664,39784.67870245251,5.217542577286323,0.6078431372549019
2025-10-01,52,10.594405884006456,39910.94531800565,0.005595359753028613,51,10.566517705661893,38813.27885771102,True,10.595117005781859,39939.336954057064,5.202722418966741,0.5961538461538461
2025-10-02,52,10.599367246700497,40109.450012899695,0.004961362694042263,52,10.571479068355934,39006.32409921301,True,10.60000465372761,40135.02420791144,4.8172798731911355,0.7115384615384616
2025-10-03,52,10.600763939831324,40165.50974622297,0.0013966931308256624,52,10.57287576148676,39060.84202768665,True,10.6006902481131,40162.549989852516,4.708959391185792,0.5192307692307693
2025-10-04,52,10.604740931456634,40325.56570174748,0.003976991625309076,52,10.57685275311207,39216.495981385604,True,10.604713700789809,40324.46762465406,4.784394194263151,0.6730769230769231
2025-10-05,52,10.6043674295794,40310.50683968902,-0.00037350187723458243,52,10.576479251234835,39201.85128159967,True,10.604923373816215,40332.923464268904,4.601656066962216,0.5576923076923077
2025-10-06,52,10.604994771974097,40335.8032635112,0.0006273423946977411,52,10.577106593629532,39226.45198058312,True,10.606262935787992,40386.98811814483,4.466915819244894,0.6153846153846154
2025-10-07,52,10.610330452922625,40551.597432985065,0.0053356809485272955,52,10.58244227457806,39436.31118609481,True,10.607799984213823,40449.11260659863,4.375389928721463,0.5384615384615384
2025-10-08,52,10.611613077934122,40603.64329663681,0.0012826250114976905,52,10.583724899589557,39486.925637925255,True,10.610572693126603,40561.42185010521,4.107292890966815,0.6153846153846154
2025-10-09,52,10.616181407490878,40789.55845795237,0.004568329556756081,52,10.588293229146313,39667.72759444423,True,10.615356780386042,40755.93614729332,4.292847198847016,0.6538461538461539
2025-10-10,52,10.619178840983952,40912.00586894893,0.002997433493074908,52,10.591290662639388,39786.80734739285,True,10.617962244440795,40862.262728836715,4.31319046480799,0.5576923076923077
2025-10-11,52,10.620967453762445,40985.247086002535,0.0017886127784920885,52,10.59307927541788,39858.03421908755,True,10.619077665557016,40907.86678867847,4.221840261072612,0.5
2025-10-12,52,10.622297791286773,41039.80758203575,0.001330337524328352,52,10.59440961294221,39911.0941436341,True,10.620961402907263,40984.9990909581,4.330196157705727,0.5
2025-10-13,52,10.622124043952464,41032.677644289615,-0.00017374733431043163,52,10.594235865607898,39904.16029980306,True,10.622078878162844,41030.82441285522,4.251754541367091,0.5384615384615384
2025-10-14,52,10.625798136175936,41183.71277472851,0.0036740922234737186,52,10.597909957831373,40051.04152720402,True,10.624561947655783,41132.83339651008,4.145227210084313,0.6538461538461539
2025-10-15,52,10.62929831292805,41328.1156190616,0.003500176752113534,52,10.601410134583485,40191.472875554355,True,10.62913322166559,41321.29327144945,4.056197467809426,0.6153846153846154
2025-10-16,52,10.633713945669191,41511.00889712403,0.004415632741140241,52,10.605825767324626,40369.33605935209,True,10.632409024698319,41456.87563858585,4.2128356620875875,0.6346153846153846
2025-10-17,52,10.632852506888325,41475.265101983205,-0.0008614387808627555,52,10.604964328543764,40334.57532198609,True,10.629505573145195,41336.68218100209,4.449866151076052,0.5576923076923077
2025-10-18,52,10.634982594248624,41563.705199068754,0.0021300873602991136,52,10.607094415904061,40420.58306054078,True,10.63064808101961,41383.936655060206,4.4443106853664265,0.6153846153846154
2025-10-19,52,10.63507113904213,41567.38561170125,8.854479350501193e-05,52,10.607182960697568,40424.16225117829,True,10.632400405717746,41456.518324119956,4.217927095087406,0.4807692307692308
2025-10-20,52,10.633692606180107,41510.12308285424,-0.001378532862025426,52,10.605804427835542,40368.47460753742,True,10.631354705812905,41413.18990506348,3.924644384179644,0.40384615384615385
2025-10-21,52,10.636948065198437,41645.47778870434,0.0032554590183328383,52,10.609059886853874,40500.10666738983,True,10.634662884069929,41550.41898343467,4.136778735660772,0.6346153846153846
2025-10-22,52,10.64065454352029,41800.12226548989,0.0037064783218505423,52,10.612766365175725,40650.49797367071,True,10.639079634777984,41734.34269950757,4.075022224609545,0.6730769230769231
2025-10-23,52,10.643691862170687,41927.275561221744,0.0030373186503968286,52,10.615803683826122,40774.15418591009,True,10.642293762471068,41868.698008025225,4.202323800006711,0.5961538461538461
2025-10-24,52,10.642190056120363,41864.356183287324,-0.001501806050320601,52,10.614301877775802,40712.965272897425,True,10.639717567491415,41760.97489586059,4.138570308679848,0.5384615384615384
2025-10-25,52,10.645078816365972,41985.467117141234,0.002888760245608417,52,10.61719063802141,40830.745305691315,True,10.641380260007157,41830.4683133528,4.535410254467167,0.5769230769230769
2025-10-26,52,10.644097841444978,41944.30062180411,-0.0009809749209942914,52,10.616209663100415,40790.71100807229,True,10.640351930315475,41787.47491025436,4.253137124106418,0.46153846153846156
2025-10-27,52,10.645601606582307,42007.42244709414,0.0015037651373292194,52,10.617713428237744,40852.09680055274,True,10.643452128879453,41917.22540218595,4.3806425034912,0.6346153846153846
2025-10-28,52,10.647051578862435,42068.37622516712,0.001449972280127349,52,10.619163400517872,40911.37417338686,True,10.644563094861173,41963.81989130963,4.372154545507533,0.5769230769230769
2025-10-29,52,10.6487865984375,42141.429037112495,0.0017350195750615454,52,10.620898420092933,40982.417821658724,True,10.645030685859568,41983.44638397715,4.321980389088898,0.5576923076923077
2025-10-30,52,10.649721777210155,42180.85724033319,0.0009351787726566376,52,10.62183359886559,41020.76163522347,True,10.648453742321193,42127.404338940345,4.541799462655463,0.5384615384615384
2025-10-31,52,10.649732532693365,42181.31091827478,1.075548320757983e-05,52,10.621844354348799,41021.202835709075,True,10.64566704550416,42010.17145747405,4.6824364239845035,0.5192307692307693
2025-11-01,52,10.646745716914657,42055.51107725492,-0.0029868157787041457,52,10.618857538570094,40898.862854261664,True,10.64461541863848,41966.01565432139,4.869449463949657,0.4423076923076923
2025-11-02,52,10.647583594759919,42090.76322469203,0.0008378778452612624,52,10.619695416415356,40933.1454656583,True,10.645259289446454,41993.045047512984,5.035923453901086,0.46153846153846156
2025-11-03,52,10.648290870045852,42120.5435114759,0.0007072752859312773,52,10.620402691701287,40962.106708399915,True,10.644413285709929,41957.533797937656,4.8672560754060035,0.5384615384615384
2025-11-04,52,10.64477237924552,41972.60318259122,-0.0035184908003350014,52,10.616884200900952,40818.23516655704,True,10.640221774548857,41782.03638335789,5.014490331758967,0.2692307692307692
2025-11-05,52,10.639212568459328,41739.89096808882,-0.0055598107861859905,52,10.611324390114765,40591.92321119993,True,10.636254218785261,41616.59224553975,5.32084924484055,0.3269230769230769
2025-11-06,52,10.636646996687592,41632.94153395352,-0.0025655717717382774,52,10.608758818343027,40487.91519591251,True,10.634477219257569,41542.70524879734,5.540033592943682,0.46153846153846156
2025-11-07,61,10.62617242549605,41199.13028370721,-0.000578446377831759,52,10.608180371965195,40464.50188034811,True,10.630802518065714,41390.32836153881,5.7456317165761925,0.36065573770491804
2025-11-08,61,10.623719974171575,41098.215217299476,-0.0024524513244725712,61,10.605727920640723,40365.386246928465,True,10.630550452162028,41379.89658581923,6.408857583077424,0.36065573770491804
2025-11-09,61,10.62141273902417,41003.50127633741,-0.002307235147403743,61,10.603420685493319,40272.36116567651,True,10.62557202537772,41174.401745261326,6.892356647111926,0.5245901639344263
2025-11-10,61,10.61940412692887,40921.22380714657,-0.0020086120952990754,61,10.60141207339802,40191.55079944168,True,10.62665518507308,41219.02436005856,6.655270905214482,0.4918032786885246
2025-11-11,61,10.623698295768467,41097.32428328002,0.004294168839596761,61,10.605706242237616,40364.511199298715,True,10.626913713135012,41229.68201213283,6.865310361138673,0.6721311475409836
2025-11-12,61,10.625792615127597,41183.48539808721,0.0020943193591273002,61,10.607800561596743,40449.135961232125,True,10.631176065614836,41405.79250537232,7.216859935251973,0.5901639344262295
2025-11-13,61,10.624913826914673,41147.30973425382,-0.0008787882129228762,61,10.60692177338382,40413.60535155358,True,10.629482841736344,41335.742550658484,6.959874105856296,0.5081967213114754
2025-11-14,61,10.62270989903862,41056.7238903061,-0.0022039278760517768,61,10.60471784550777,40324.63475854565,True,10.627859740860016,41268.70488986115,6.895864154382305,0.45901639344262296
2025-11-15,61,10.6202299685607,40955.032215666084,-0.002479930477919752,61,10.60223791502985,40224.75636472155,True,10.62447031827026,41129.06459293037,5.956730927714591,0.4262295081967213
2025-11-16,61,10.622938229786648,41066.09947310974,0.0027082612259464135,61,10.604946176255796,40333.84316380497,True,10.628271169145252,41285.68749567054,5.753747844624399,0.5245901639344263
2025-11-17,61,10.6202307800841,40955.065451646544,-0.0027074497025478417,61,10.602238726553248,40224.78900806575,True,10.624507747901433,41130.604067459346,5.720886592233847,0.3770491803278688
2025-11-18,61,10.62279013535657,41060.018262820566,0.002559355272472617,61,10.60479808182572,40327.870388567164,True,10.626829750472798,41226.22040359378,6.0414026515693635,0.6229508196721312
2025-11-19,61,10.63028576541123,41368.945324834356,0.0074956300546545765,61,10.612293711880376,40631.28892181433,True,10.633192344235932,41489.36234131528,5.625752667934121,0.7213114754098361
2025-11-20,61,10.632442551407769,41458.26557450993,0.002156785996539453,61,10.614450497876915,40719.016487567824,True,10.635205372310423,41572.96571223548,5.430504763567634,0.6229508196721312
2025-11-21,61,10.63117330230959,41405.67808868673,-0.0012692490981789845,61,10.613181248778735,40667.36669777075,True,10.633150175864323,41487.61283935335,5.457581234072192,0.5245901639344263
2025-11-22,61,10.633680029137455,41509.60101154881,0.0025067268278665187,61,10.615687975606603,40769.43655406647,True,10.636426977362376,41623.78248987077,5.397543085228,0.7049180327868853
2025-11-23,61,10.637221787303961,41656.878636831105,0.003541758166509921,61,10.619229733773112,40914.08804802122,True,10.640149801118165,41779.02929507458,5.20246193198394,0.5737704918032787
2025-11-24,61,10.6380560185547,41691.64460621098,0.0008342312507383449,61,10.620063965023851,40948.23409973777,True,10.640414375070229,41790.08440035054,4.599538071683426,0.5081967213114754
2025-11-25,61,10.639542177720433,41753.65109031668,0.0014861591657300895,61,10.62155012418958,41009.13493612448,True,10.64169089156854,41843.46419539944,4.6366258999705,0.6229508196721312
2025-11-26,61,10.639355608876764,41745.861886547784,-0.0001865688436687313,61,10.621363555345912,41001.48462291684,True,10.639949661563195,41770.66849543566,4.870355408317327,0.5081967213114754
2025-11-27,61,10.641853404335578,41850.264845129495,0.0024977954588114764,61,10.623861350804724,41104.02595533693,True,10.642951875228999,41896.26140125778,4.8710839619355735,0.6065573770491803
2025-11-28,61,10.64435755271726,41955.195444176425,0.002504148381684415,61,10.626365499186408,41207.085519779306,True,10.644723289972497,41970.542828585145,4.900826705693644,0.5901639344262295
2025-11-29,61,10.646251594724696,42034.7356492442,0.0018940420074359892,61,10.628259541193843,41285.20743049355,True,10.648616921601441,42134.27921936286,4.775959299274074,0.6229508196721312
2025-11-30,61,10.646694618993125,42053.36218295242,0.0004430242684280507,61,10.628702565462271,41303.50183144492,True,10.64817984847086,42115.86748197066,4.9565324952926355,0.6721311475409836
2025-12-01,61,10.6465107768193,42045.63171204709,-0.0001838421738274448,61,10.628518723288444,41295.90920382551,True,10.652442802884897,42295.788730722306,4.982737517541933,0.5409836065573771
2025-12-02,61,10.64798552969483,42107.684373241704,0.0014747528755345682,61,10.629993476163978,41356.85539391023,True,10.654062501434561,42364.35066823282,5.063868606145483,0.47540983606557374
2025-12-03,61,10.651187630824062,42242.73354207726,0.003202101129229537,61,10.63319557729321,41489.49647901699,True,10.654403176819848,42378.78561839564,5.055433818889258,0.6065573770491803
2025-12-04,61,10.650285991041473,42204.662978536886,-0.0009016397825927844,61,10.632293937510616,41452.10475789652,True,10.652646686872545,42304.41304393927,5.172003705078215,0.36065573770491804
2025-12-05,61,10.6469108955403,42062.458322527804,-0.003375095501166476,61,10.62891884200945,41312.43577627393,True,10.649485501305989,42170.892097458156,4.934878291973917,0.3770491803278688
2025-12-06,61,10.64571299027099,42012.10164934693,-0.0011979052693114056,61,10.627720936740138,41262.97702113549,True,10.648236345137768,42118.24695532283,5.392914097966242,0.4262295081967213
2025-12-07,61,10.64257539491771,41880.49125248513,-0.0031375953532807874,61,10.624583341386858,41133.71339069925,True,10.64647552458552,42044.149535733755,5.415930861201184,0.4262295081967213
2025-12-08,61,10.63938568789397,41747.11757993066,-0.0031897070237378177,61,10.62139363436312,41002.717925826524,True,10.644432342436593,41958.333378809424,5.388975317132365,0.29508196721311475
2025-12-09,61,10.636649289719921,41633.036999743876,-0.0027363981740487985,61,10.61865723618907,40890.67153504859,True,10.641427339267768,41832.437707230434,5.1926291201657095,0.3442622950819672
2025-12-10,61,10.635687699621885,41593.022325554295,-0.0009615900980395113,61,10.61769564609103,40851.37036903266,True,10.641556636510916,41837.84687578792,5.083596640577905,0.4262295081967213
2025-12-11,61,10.635038238592815,41566.01804853457,-0.0006494610290698618,61,10.61704618506196,40824.84760967543,True,10.640777415414444,41805.25864124018,5.16522671805527,0.5573770491803278
2025-12-12,61,10.632806391687923,41473.35250592154,-0.002231846904887967,61,10.614814338157073,40733.83440144794,True,10.639096265562186,41735.036780126364,5.172078321326894,0.3770491803278688
2025-12-13,61,10.632214216661534,41448.800292628155,-0.0005921750263923181,61,10.61422216313068,40709.71998266916,True,10.638573650148183,41713.23110508836,5.254171213189654,0.47540983606557374
2025-12-14,61,10.628850332515706,41309.605579162366,-0.0033638841458273794,61,10.610858278984853,40573.00727281384,True,10.634640621118683,41549.493958779516,5.210389102049516,0.3770491803278688
2025-12-15,61,10.627804187401843,41266.41233427047,-0.0010461451138634762,61,10.60981213387099,40530.58421370772,True,10.635003813970368,41564.58717868535,5.118284456516458,0.47540983606557374
2025-12-16,61,10.62463702272631,41135.92156279898,-0.0031671646755340906,61,10.606644969195456,40402.420244438996,True,10.632138252822099,41445.65180220515,5.239644598450955,0.39344262295081966
2025-12-17,61,10.621417473764673,41003.695417735296,-0.0032195489616366466,61,10.603425420233819,40272.55184530737,True,10.628920706914334,41312.512820109056,5.309286207035094,0.3442622950819672
2025-12-18,61,10.616777073060438,40813.86263138439,-0.004640400704232807,61,10.598785019529586,40086.1039982934,True,10.623425481967649,41086.113895282666,5.650080251116658,0.26229508196721313
2025-12-19,61,10.612712878838954,40648.323785591376,-0.004064194221486517,61,10.5947208253081,39923.51690262565,True,10.620111990407942,40950.20070163128,5.647145098330155,0.32786885245901637
2025-12-20,61,10.61134358494401,40592.702373712586,-0.0013692938949422379,61,10.593351531413157,39868.887285202785,True,10.618996606038186,40904.55095107211,5.6966307662673685,0.4918032786885246
2025-12-21,61,10.60957998033145,40521.17598724165,-0.0017636046125578439,61,10.5915879268006,39798.63629738061,True,10.617769871755993,40854.40270169997,5.773605136022006,0.39344262295081966
2025-12-22,61,10.609570043575479,40520.773340204716,-9.936755970154424e-06,61,10.59157799004463,39798.24083000865,True,10.618537229837598,40885.76468918061,5.411717855202668,0.4426229508196721
2025-12-23,61,10.602698593183023,40243.29130018761,-0.006871450392459243,61,10.58470653965217,39525.70661744831,True,10.614694902179304,40728.96960662946,5.368811277161546,0.26229508196721313
2025-12-24,61,10.592734320742956,39844.28737500577,-0.009964272440067558,61,10.574742267212104,39133.81739625348,True,10.603328248842363,40268.638695533264,5.642081526870004,0.29508196721311475
2025-12-25,61,10.58293901053023,39455.9054858756,-0.009795310212722343,61,10.56494695699938,38752.36080785522,True,10.589450072666326,39713.64350170467,5.337417493303061,0.19672131147540983
2025-12-26,61,10.579168132003456,39307.40222896623,-0.003770878526779073,61,10.561176078472602,38606.5055367106,True,10.585547391646994,39558.95586359285,5.149706911219918,0.3442622950819672
2025-12-27,61,10.573594507057406,39088.92692661907,-0.005573624946049438,61,10.555602453526552,38391.925903068855,True,10.581752380022918,39409.11367251962,5.030126959874025,0.32786885245901637
2025-12-28,61,10.573221937739616,39074.36630436986,-0.0003725693177915865,61,10.55522988420876,38377.6249136468,True,10.580121564929117,39344.897072042135,5.003404779809428,0.6229508196721312
2025-12-29,61,10.578522631224525,39282.03745758023,0.005300693484912186,61,10.560530577693672,38581.593048695126,True,10.586123438747025,39581.750250088124,4.996784893210561,0.7049180327868853
2025-12-30,61,10.588425508678108,39672.97516994359,0.00990287745358483,61,10.570433455147258,38965.5598870263,True,10.59341510588378,39871.42200917728,4.6700577651990285,0.8524590163934426
2025-12-31,61,10.591751950518212,39805.16475305817,0.003326441840102711,61,10.57375989698736,39095.39237615083,True,10.598627545607402,40079.79197927393,4.915238784432653,0.6229508196721312
2026-01-01,61,10.594723744983968,39923.63346652469,0.002971794465757187,61,10.576731691453118,39211.74865468924,True,10.599692527284915,40122.49896041016,4.707725642423057,0.6229508196721312
2026-01-02,60,10.595228223979568,39943.77918215452,-0.0003935084121968006,60,10.57633818304092,39196.32153728599,True,10.598624507393982,40079.67020849707,4.734092179234371,0.5833333333333334
2026-01-03,61,10.59373109891668,39884.023091566225,-0.0011165027253852895,60,10.575221680315535,39152.58315901737,True,10.599293513794379,40106.492735613094,4.66742874668407,0.45901639344262296
2026-01-04,61,10.588009279602918,39656.46556030668,-0.0057218193137598345,61,10.569499861001775,38929.19884430963,True,10.592407530353533,39831.26877211124,4.70257634091394,0.32786885245901637
2026-01-05,61,10.585328731461974,39550.306840617464,-0.002680548140946051,61,10.56681931286083,38824.98698756821,True,10.58787000550765,39650.94282654004,4.365914132529235,0.32786885245901637
2026-01-06,61,10.582291619957235,39430.37037110319,-0.00303711150473649,61,10.563782201356092,38707.25005351638,True,10.586114057278746,39581.37891689553,4.283394591381983,0.36065573770491804
2026-01-07,61,10.5807924005315,39371.2998847534,-0.0014992194257366742,61,10.562282981930355,38649.26287093585,True,10.585316480023268,39549.82229542559,4.475094596537311,0.5245901639344263
2026-01-08,61,10.581330225980864,39392.48046702348,0.000537825449363509,61,10.562820807379719,38670.05501887895,True,10.583579233222938,39481.17413984872,4.185630541204347,0.45901639344262296
2026-01-09,61,10.581109246388113,39383.77649446802,-0.00022097959274950342,61,10.56259982778697,38661.51066996744,True,10.58356760336624,39480.71498212114,4.132619169537104,0.4426229508196721
2026-01-10,61,10.5768955378809,39218.17388599461,-0.0042137085072124405,61,10.558386119279758,38498.94507610253,True,10.580411834075129,39356.319339400856,4.465461324710435,0.29508196721311475
2026-01-11,60,10.577648153492426,39247.70120588397,-0.0005381592593879307,60,10.55784796002037,38478.232086276665,True,10.580301108998116,39351.96184915723,4.161061018717009,0.5
2026-01-12,61,10.572828063953851,39058.97896632068,-0.002843547911002779,60,10.555004412109367,38368.97280542897,True,10.577455101535394,39240.12509167253,4.46194314014892,0.3770491803278688
2026-01-13,61,10.570817757427644,38980.537318293565,-0.0020103065262072855,61,10.55299410558316,38291.91688795195,True,10.575132846382921,39149.10523556448,4.2619149491919295,0.5081967213114754
2026-01-14,60,10.573621910895836,39089.998127934436,0.0028996377628708104,60,10.555893743346031,38403.110709165616,True,10.57549043016662,39163.10682396436,4.135457176319706,0.6166666666666667
2026-01-15,60,10.574584165228861,39127.6307511846,0.0009622543330257175,60,10.556855997679056,38440.082053912745,True,10.576721183627422,39211.336626633914,4.1260216090131525,0.5666666666666667
2026-01-16,61,10.576995585043047,39222.097749278946,0.0020564153536928903,60,10.558912413032749,38519.212163145654,True,10.579133621431218,39306.045731429,4.065949504379562,0.5737704918032787
2026-01-17,61,10.578149268742088,39267.37375616822,0.0011536836990422075,61,10.560066096731791,38563.67679444658,True,10.579113616893146,39305.25944000542,3.9940948742711937,0.5737704918032787
2026-01-18,61,10.57827455644973,39272.293783614274,0.00012528770763757546,61,10.56019138443943,38568.50865179009,True,10.582371569065174,39433.5229200601,4.0258494069500905,0.5081967213114754
2026-01-19,61,10.578468066582516,39279.894105745145,0.00019351013279065153,61,10.56038489457222,38575.972771188906,True,10.580835085182578,39372.98047081882,4.012861055318535,0.5245901639344263
2026-01-20,61,10.57855152960299,39283.17266116826,8.346302047124347e-05,61,10.560468357592692,38579.19257275934,True,10.580931084746556,39376.760441211394,3.6269495894601067,0.5409836065573771
2026-01-21,61,10.57908243041932,39304.03366667453,0.0005309008163290707,61,10.56099925840902,38599.67973543397,True,10.581323121519581,39392.20060566532,3.707680799174246,0.5245901639344263
2026-01-22,61,10.58037162569448,39354.73691734548,0.0012891952751632864,61,10.562288453684184,38649.47435076652,True,10.584087087392096,39501.229911011316,3.8690441211981494,0.5245901639344263
2026-01-23,61,10.579410155314426,39316.91668791327,-0.0009614703800587292,61,10.561326983304124,38612.33188452521,True,10.582954166196302,39456.50347093511,3.907500374250132,0.5737704918032787
2026-01-24,61,10.577408702307292,39238.304422396795,-0.0020014530071336845,61,10.559325530296992,38535.12840210546,True,10.581324114341552,39392.23971512696,4.116559115971272,0.4918032786885246
2026-01-25,61,10.57922261552147,39309.543892865804,0.0018139132141808463,61,10.561139443511172,38605.091214776265,True,10.581160178667968,39385.78245107772,3.9878381561217937,0.4918032786885246
2026-01-26,61,10.577183513218419,39229.46937919,-0.0020391023030522557,61,10.559100341208119,38526.451688638255,True,10.580880326862951,39374.76181091174,4.102893623066149,0.4426229508196721
2026-01-27,61,10.577024014112379,39223.21281286522,-0.00015949910603573402,61,10.558940842102084,38520.30724406496,True,10.578902977224656,39296.981065094755,3.917831234548004,0.45901639344262296
2026-01-28,61,10.576529266234644,39203.81201121658,-0.0004947478777400703,61,10.558446094224344,38501.2541174417,True,10.580191810930856,39347.66099082627,4.111632565411898,0.5245901639344263
2026-01-29,60,10.577617389091811,39246.49379245364,0.00019801403924901706,60,10.558644108263593,38508.87866114408,True,10.578731799522798,39290.25487388946,4.192570221366211,0.4666666666666667
2026-01-30,61,10.574369184815021,39119.21998104094,-0.0027310417971698384,60,10.555913066466422,38403.85278426681,True,10.576015666033161,39183.68209527566,4.462898079479722,0.45901639344262296
2026-01-31,61,10.575814464495327,39175.79907124496,0.0014452796803048084,61,10.557358346146728,38459.39722129588,True,10.577608625410296,39246.14985018854,4.51274439188502,0.5901639344262295
2026-02-01,61,10.576090694076692,39186.622080570894,0.00027622958136575915,61,10.557634575728093,38470.022311904475,True,10.579453831592778,39318.633942011846,4.364424721047849,0.5901639344262295
2026-02-02,61,10.57387801656764,39100.01058023399,-0.002212677509051776,61,10.555421898219041,38384.99466283644,True,10.57888694071841,39296.35088386544,4.5420514397416785,0.4918032786885246
2026-02-03,61,10.577566870383688,39244.5111603693,0.0036888538160459532,61,10.559110752035087,38526.85278294836,True,10.579086579996362,39304.19676212871,4.329403771306248,0.5901639344262295
2026-02-04,61,10.578456505912273,39279.44000646705,0.0008896355285867452,61,10.560000387563674,38561.14289057614,True,10.579714025598001,39328.86574592642,4.0777552969293405,0.47540983606557374
2026-02-05,61,10.577189395979715,39229.70015747296,-0.0012671099325587082,61,10.558733277631115,38512.31262659826,True,10.577730427401205,39250.93040051018,4.273339036884038,0.45901639344262296
2026-02-06,61,10.575917018395081,39179.81690823462,-0.0012723775846342057,61,10.55746090004648,38463.34158471454,True,10.57743736437321,39239.429089382254,4.20102361992849,0.4262295081967213
2026-02-07,60,10.578413158613483,39277.73738574704,0.002327122599483437,60,10.559788022645964,38552.9547261096,True,10.580698523946522,39367.60401505458,4.167215504499221,0.6833333333333333
2026-02-08,61,10.580324278451863,39352.87362317978,0.0019634529163394514,60,10.561751475562303,38628.72599982179,True,10.582865889896677,39453.02055054448,4.168858768361161,0.5737704918032787
2026-02-09,61,10.578034832709326,39262.880410803795,-0.0022894457425394945,61,10.559462029819764,38540.38878775424,True,10.581321526563302,39392.137776877724,4.291121990821111,0.45901639344262296
2026-02-10,61,10.58175446443629,39409.19581748877,0.0037196317269658375,61,10.56318166154673,38684.01178739866,True,10.585763263707989,39567.4964587307,4.09942169625289,0.6557377049180327
2026-02-11,61,10.581087594802444,39382.923782488586,-0.0006668696338478557,61,10.562514791912882,38658.22319439272,True,10.585023145612853,39538.22267298792,4.431880332382311,0.5737704918032787
2026-02-12,61,10.58256239544851,39441.04859464696,0.001474800646068443,61,10.56398959255895,38715.27842914277,True,10.58570823760198,39565.319273377594,4.26817360579876,0.5245901639344263
2026-02-13,61,10.581207396447619,39387.642204181226,-0.0013549990008918072,61,10.562634593558059,38662.8547905619,True,10.58351014335293,39478.446484887376,4.094817624632799,0.3442622950819672
2026-02-14,61,10.579693289757733,39328.050237303556,-0.0015141066898852005,61,10.561120486868175,38604.35939878066,True,10.583743474840627,39487.659124295315,4.252821165258966,0.3770491803278688
2026-02-15,61,10.578935802958553,39298.27103851018,-0.000757486799180407,61,10.560363000068994,38575.12817867464,True,10.582405238561165,39434.85064925384,4.337272714682471,0.45901639344262296
2026-02-16,61,10.579119633579545,39305.495928136734,0.00018383062099228267,61,10.560546830689987,38582.220120280625,True,10.584601769005776,39521.56570054384,4.454913371159146,0.5573770491803278
2026-02-17,61,10.578280402598704,39272.52337596542,-0.0008392309808409144,61,10.559707599709146,38549.854308941496,True,10.58362479626097,39482.973063069505,4.342143776564189,0.4426229508196721
2026-02-18,61,10.577023333198765,39223.18610525475,-0.0012570693999422319,61,10.558450530309203,38501.42491265099,True,10.582144878063334,39424.58470838762,4.341212471500469,0.45901639344262296
2026-02-19,61,10.573300686938417,39077.44350057176,-0.003722646260344051,61,10.554727884048859,38358.36417465503,True,10.580149252311617,39345.98644433768,4.48079443925093,0.3770491803278688
2026-02-20,61,10.574418791581033,39121.160607166814,0.001118104642617234,61,10.555845988691477,38401.27682566847,True,10.579867426414399,39334.89928880322,4.210209465482947,0.4426229508196721
2026-02-21,61,10.576334341803143,39196.170975184126,0.001915550222110713,61,10.557761538913587,38474.906898557994,True,10.579101785996302,39304.79442628635,4.67774002154801,0.5245901639344263
2026-02-22,61,10.573999510325587,39104.76127603924,-0.0023348314775557214,61,10.55542670743603,38385.1792650488,True,10.581204629459087,39387.53321917774,4.873145340866417,0.5409836065573771
2026-02-23,61,10.57650423069581,39202.830534944515,0.0025047203702220854,61,10.557931427806253,38481.44391315377,True,10.581160641840402,39385.80069349066,4.617366813604576,0.5409836065573771
2026-02-24,61,10.573021108188689,39066.519804863055,-0.003483122507123012,61,10.55444830529913,38347.64149014467,True,10.578009972424292,39261.90433653832,4.683568684205481,0.3442622950819672
2026-02-25,61,10.56787956323074,38866.17302428067,-0.005141544957951731,61,10.549306760341178,38150.98136905227,True,10.573444121271605,39083.04894962026,4.766901914411472,0.36065573770491804
2026-02-26,61,10.567485795444654,38850.871790139514,-0.00039376778608164536,61,10.548912992555097,38135.96169890697,True,10.57167127289386,39013.822012256074,4.713993414202413,0.5081967213114754
2026-02-27,61,10.565220787324527,38762.97383243313,-0.002265008120129019,61,10.546647984434967,38049.681185908055,True,10.568255137934901,38880.77291721978,4.487700153154788,0.36065573770491804
2026-02-28,61,10.56323003197441,38685.882994848354,-0.001990755350115976,61,10.544657229084851,37974.008926985596,True,10.567269575691908,38842.472372339835,4.550830449814694,0.4098360655737705
2026-03-01,61,10.560226107847434,38569.84790510373,-0.0030039241269771365,61,10.541653304957874,37860.10904432309,True,10.564143265856206,38721.22839079654,4.454308978495793,0.4262295081967213
2026-03-02,61,10.56304277862751,38678.63961197482,0.0028166707800746827,61,10.544469975737949,37966.898832433966,True,10.565097048945901,38758.1776616417,4.41176073777935,0.5737704918032787
2026-03-03,61,10.560810216318272,38592.38346094782,-0.002232562309234848,61,10.542237413428715,37882.22991458776,True,10.562378075162998,38652.93832903434,4.608164045654492,0.4262295081967213
2026-03-04,61,10.56052591890894,38581.41330577718,-0.0002842974093322856,61,10.541953116019382,37871.461625534146,True,10.564339025775265,38728.80919731701,4.786135186449711,0.5573770491803278
2026-03-05,61,10.55736421883285,38459.62308192742,-0.0031617000760900153,61,10.538791415943292,37751.91251124079,True,10.56069367958162,38587.886292567426,4.804718680579275,0.39344262295081966
2026-03-06,61,10.553195792308111,38299.64063812394,-0.004168426524740897,61,10.534622989418551,37594.87396697477,True,10.558290236978888,38495.253885630285,4.898623882486619,0.4426229508196721
2026-03-07,61,10.54641473166314,38040.80702730555,-0.006781060644968219,61,10.527841928773583,37340.80325469129,True,10.552482616356208,38272.33599311971,4.829833088048633,0.36065573770491804
2026-03-08,60,10.542775862403339,37902.633054973776,-0.0040710753725927105,60,10.52377085340099,37189.09504747128,True,10.550116423569085,38181.88332417555,4.9630089427433655,0.36666666666666664
2026-03-09,60,10.548064995880498,38103.6362380824,0.005289133477158832,60,10.52905998687815,37386.31423460872,True,10.553213460946322,38300.31734659624,4.593862058562409,0.6333333333333333
2026-03-10,60,10.551177085755759,38222.40288901991,0.0031120898752601414,60,10.53217207675341,37502.84503772678,True,10.555909077204088,38403.699581529014,4.423159496155991,0.6166666666666667
2026-03-11,60,10.550751283862606,38206.131182016594,-0.00042580189314828467,60,10.53174627486026,37486.87965459764,True,10.556372419103496,38421.49774763705,4.533573602217675,0.5666666666666667
2026-03-12,61,10.54692693275419,38060.29656102349,-0.003494746721940404,60,10.52825152813832,37356.10115677478,True,10.550407280499197,38192.990404752505,4.170949870554395,0.4262295081967213
2026-03-13,61,10.548096909559733,38104.85228471115,0.001169976805547127,61,10.529421504943867,37399.832506017585,True,10.551161295576046,38221.7993551742,4.1556279877707025,0.47540983606557374
2026-03-14,61,10.544703329767898,37975.75959508835,-0.003393579791838985,61,10.526027925152029,37273.12830221763,True,10.546808747815689,38055.79867301165,4.1382452994153285,0.45901639344262296
2026-03-15,61,10.545885631579509,38020.68495689003,0.0011823018116103284,61,10.52721022696364,37317.22245049305,True,10.549550950339569,38160.29859467174,4.344543591052037,0.6229508196721312
2026-03-16,61,10.545700348029765,38013.64100200216,-0.00018528354974104924,61,10.527024943413899,37310.30882356142,True,10.550622440756708,38201.208902518454,4.536431978937994,0.47540983606557374
2026-03-17,61,10.548976483603681,38138.383067970804,0.0032761355739142867,61,10.530301078987812,37432.74289937987,True,10.551703270150533,38242.52021319774,4.669325173695481,0.6885245901639344
2026-03-18,61,10.55179257645744,38245.935663953205,0.002816092853760257,61,10.533117171841573,37538.305546500946,True,10.55305092398194,38294.09263516642,4.424850058162761,0.5573770491803278
2026-03-19,61,10.551325359485995,38228.07068745728,-0.0004672169714471211,61,10.532649954870125,37520.77110958246,True,10.552740010251568,38282.188326676376,4.434637308217928,0.47540983606557374
2026-03-20,61,10.552875399598545,38287.371678032105,0.0015500401125478611,61,10.534199994982673,37578.974907313146,True,10.556718318023124,38434.79000095394,4.63897578829625,0.6065573770491803
2026-03-21,61,10.551205481152792,38223.488244734974,-0.0016699184457498403,61,10.532530076536924,37516.27345167266,True,10.555577478040838,38390.96705804582,4.990047987429967,0.45901639344262296
2026-03-22,61,10.553175303368572,38298.85592714153,0.0019698222157819916,61,10.534499898752706,37590.24667369996,True,10.556218334297458,38415.57803468954,4.760908231234396,0.5573770491803278
2026-03-23,61,10.55448196018782,38348.932097468016,0.001306656819241699,61,10.535806555571947,37639.396329726704,True,10.55971243563365,38550.04073357732,4.791495820342895,0.5245901639344263
2026-03-24,61,10.554467848071356,38348.39091669061,-1.4112116458956873e-05,61,10.535792443455488,37638.86516193023,True,10.559059730760088,38524.88714394282,4.740024634004799,0.5409836065573771
2026-03-25,60,10.556056404675617,38409.35791828971,-5.9656296082503485e-05,60,10.535732787159406,37636.61983362057,True,10.559208253813862,38530.609402760885,4.738469118588606,0.5666666666666667
2026-03-26,61,10.55221823137371,38262.21869972713,-0.0017517352575124139,60,10.533981051901893,37570.74815140289,True,10.557697150089885,38472.429624315984,4.906929272285118,0.39344262295081966
2026-03-27,61,10.55445187565478,38347.77840510749,0.0022336442810694957,61,10.536214696182963,37654.7616313315,True,10.558151444685898,38489.91141182993,4.56986773759036,0.6065573770491803
2026-03-28,61,10.558221936840487,38492.62474424853,0.0037700611857097556,61,10.539984757368673,37796.99032358876,True,10.561386307977955,38614.62261646791,4.639652712836097,0.6065573770491803
2026-03-29,60,10.557255546901562,38455.44382749842,0.0005341481849940285,60,10.540518905553666,37817.18491033909,True,10.56015286382833,38567.02299788197,4.6025333537790525,0.5
2026-03-30,61,10.558832859779217,38516.14795638003,0.00025238807988969825,60,10.540771293633556,37826.73072159926,True,10.5624171530736,38654.44883461636,4.751608686515647,0.5081967213114754
2026-03-31,61,10.560078350406373,38564.14934408792,0.001245490627154043,61,10.54201678426071,37873.87291165272,True,10.56318599573528,38684.17945156294,5.234005525344018,0.6065573770491803
2026-04-01,61,10.559042534657458,38524.224671725635,-0.0010358157489165026,61,10.540980968511795,37834.662868314364,True,10.56322471630569,38685.677354056796,4.972206506132112,0.5573770491803278
2026-04-02,61,10.558889963940542,38518.34745150611,-0.00015257071691246414,61,10.540828397794881,37828.89084700827,True,10.564192152836506,38723.12140099749,4.947909782925887,0.5245901639344263
2026-04-03,61,10.56176852714087,38629.384686193924,0.0028785632003231667,61,10.543706960995204,37937.940578080954,True,10.56492885388874,38751.659275929895,4.647702257631676,0.5573770491803278
2026-04-04,61,10.56342394666346,38693.385483217804,0.0016554195225905522,61,10.545362380517796,38000.79579708506,True,10.567203407017786,38839.90230247333,4.597987554258822,0.5081967213114754
2026-04-05,61,10.560303367343197,38572.82790721978,-0.003120579320258472,61,10.542241801197537,37882.39613341975,True,10.563459026293854,38694.74285668717,4.5512178311971665,0.3770491803278688
2026-04-06,60,10.561109710068076,38603.94336955819,0.0007971247481621961,60,10.543038925945698,37912.60516748208,True,10.564853874899931,38748.753824628024,4.526119693392772,0.55
2026-04-07,61,10.5613100165351,38611.67676356629,0.0019345114654831205,60,10.544973437411182,37986.01852345958,True,10.564851044744547,38748.64415978892,4.653325379940814,0.5245901639344263
2026-04-08,61,10.563401591643899,38692.5205014968,0.0020915751088014774,61,10.547065012519983,38065.5522807046,True,10.568122299565628,38875.608401779864,4.758561865971018,0.6229508196721312
2026-04-09,61,10.559862313912122,38555.81898032354,-0.0035392777317770035,61,10.543525734788206,37931.065851967775,True,10.563532143340591,38697.57220544466,4.951730586194703,0.45901639344262296
2026-04-10,61,10.561487846662969,38618.543693537824,0.0016255327508460015,61,10.545151267539053,37992.77418265299,True,10.564653732013308,38740.99931321555,4.613174572563749,0.5245901639344263
2026-04-11,61,10.561377512429196,38614.28298116553,-0.00011033423377383062,61,10.545040933305279,37988.58251027131,True,10.566070081114662,38795.90896922004,4.681678353755247,0.4918032786885246
2026-04-12,61,10.56240810102977,38654.09893443497,0.001030588600576278,61,10.546071521905855,38027.753291371715,True,10.565959789201175,38791.63033013836,4.505621574559337,0.5737704918032787
2026-04-13,61,10.563006778725912,38677.247209818146,0.0005986776961444008,61,10.546670199602,38050.526475320214,True,10.566807614242615,38824.532791524995,4.4671042977215265,0.4262295081967213
2026-04-14,61,10.560430136896764,38577.7180773492,-0.002576641829150955,61,10.544093557772849,37952.61009907099,True,10.56529949182856,38766.02477312324,4.700467694518892,0.45901639344262296
2026-04-15,61,10.557540000686155,38466.38417997191,-0.002890136210610322,61,10.541203421562239,37843.08024068232,True,10.562488768294843,38657.21718064835,4.444072953135323,0.4262295081967213
2026-04-16,61,10.55225826816037,38263.7506266809,-0.005281732525782666,61,10.535921689036455,37643.73013330626,True,10.558528286374687,38504.41874836063,4.369798268041534,0.32786885245901637
2026-04-17,61,10.54857352906397,38123.01812927015,-0.0036847390964008997,61,10.532236949940055,37505.27804571026,True,10.554046497317456,38332.236196907696,4.6029566459838955,0.3770491803278688
2026-04-18,61,10.547654860086928,38088.011777290296,-0.0009186689770439426,61,10.53131828096301,37470.83893178908,True,10.55422081173653,38338.91864079838,4.748178404290795,0.4918032786885246
2026-04-19,61,10.547529442037849,38083.23515270364,-0.0001254180490812683,61,10.53119286291393,37466.13970696282,True,10.55525204839374,38378.47553185107,4.896166938024263,0.4918032786885246
2026-04-20,61,10.549014022479286,38139.81476686057,0.001484580441440665,61,10.53267744335537,37521.80251292126,True,10.556260834762497,38417.210749316066,4.798601419288893,0.5737704918032787
2026-04-21,61,10.551094072262275,38219.230045522985,0.0020800497829896775,61,10.53475749313836,37599.930957453435,True,10.557635439594366,38470.05554487362,4.578923546707782,0.4426229508196721
2026-04-22,61,10.548493617744622,38119.971790314004,-0.0026004545176521615,61,10.532157038620708,37502.28106920693,True,10.55652277114562,38427.27493257973,4.760285304567567,0.45901639344262296
2026-04-23,61,10.548239332889084,38110.279691123425,-0.000254284855538507,61,10.531902753765168,37492.746019443584,True,10.554890119519238,38364.5877667399,4.885313008582719,0.45901639344262296
2026-04-24,61,10.54810881090939,38105.30578658046,-0.00013052197969412002,61,10.531772231785475,37487.85271135805,True,10.552000574078058,38253.89155494409,4.792752972917309,0.5737704918032787
2026-04-25,61,10.544229315350325,37957.762803228354,-0.0038794955590657413,61,10.52789273622641,37342.700493987686,True,10.550804740857231,38208.17362155668,5.076263804472597,0.3770491803278688
2026-04-26,61,10.540478606395157,37815.66094031756,-0.0037507089551687533,61,10.52414202727124,37202.901229899755,True,10.548952829304813,38137.480941928996,5.15325427592203,0.39344262295081966
2026-04-27,61,10.540255743032215,37807.23415399441,-0.00022286336293997707,61,10.5239191639083,37194.610990050176,True,10.548617185750174,38124.68249023974,4.972620022041694,0.4918032786885246
2026-04-28,61,10.542516293687724,37892.79599394516,0.002260550655508424,61,10.526179714563808,37278.78639784643,True,10.548454792434965,38118.49179933586,4.771546338245508,0.5409836065573771
2026-04-29,61,10.5413948299941,37850.32441860425,-0.0011214636936261921,61,10.525058250870183,37237.00302600527,True,10.547537036418598,38083.524372389766,4.94700117885642,0.5737704918032787
2026-04-30,61,10.538883863314469,37755.402737637996,-0.002510966679629922,61,10.522547284190553,37143.61944275561,True,10.546473381978242,38043.03819805324,5.075618400934962,0.45901639344262296
2026-05-01,61,10.53646833637086,37664.31360347766,-0.0024155269436101283,61,10.520131757246942,37054.006304256334,True,10.54536942154876,38001.063362806875,5.13005660249389,0.3770491803278688
2026-05-02,61,10.534282714307926,37582.08354333153,-0.0021856220629331113,61,10.51794613518401,36973.108688568194,True,10.542853570195575,37905.578499348936,5.022725303698839,0.47540983606557374
2026-05-03,61,10.535258699927272,37618.78102160742,0.000975985619348686,61,10.518922120803358,37009.21152601011,True,10.542148578994377,37878.86481759228,5.0558676723571105,0.4426229508196721
2026-05-04,61,10.536993647327352,37684.10427775624,0.0017349474000806055,61,10.52065706820344,37073.47629320161,True,10.541487055542317,37853.815346497846,5.033278240636076,0.6229508196721312
2026-05-05,61,10.538388797436491,37736.71595200992,0.001395150109136442,61,10.522052218312576,37125.23545520286,True,10.540732417022255,37825.26017507733,5.262406794868089,0.5573770491803278
2026-05-06,61,10.540846600079847,37829.57942552626,0.0024578026433586414,61,10.524510020955933,37216.594181910004,True,10.544659861842993,37974.10890349836,4.980046899130549,0.6065573770491803
2026-05-07,61,10.54155769423786,37856.48938507939,0.0007110941580095722,61,10.525221115113943,37243.06809622115,True,10.544527809555111,37969.094666615405,4.775504747832052,0.5573770491803278
2026-05-08,61,10.541536088770266,37855.67148676037,-2.160546759341858e-05,61,10.52519950964635,37242.26345101274,True,10.545480738829424,38005.29377329731,4.858650897389509,0.5245901639344263
2026-05-09,61,10.541788461693248,37865.22643887978,0.0002523729229846921,61,10.525451882569335,37251.663576017054,True,10.545069813840684,37989.6796567165,4.897170130948073,0.5409836065573771
2026-05-10,61,10.54165122469832,37860.03028555146,-0.00013723699492787465,61,10.525314645574406,37246.551620434504,True,10.54468260028014,37974.97238520397,4.905972490035902,0.39344262295081966
2026-05-11,61,10.543063909413233,37913.552367654556,0.0014126847149120204,61,10.526727330289319,37299.20643816314,True,10.544049982126102,37950.95632557261,4.858482118595924,0.47540983606557374
2026-05-12,61,10.542217568508134,37881.47815220302,-0.000846340905099611,61,10.52588098938422,37267.65194883784,True,10.546892941228581,38059.00285546591,4.817086834187822,0.5901639344262295
2026-05-13,61,10.54209715819859,37876.91710629672,-0.00012041030954421334,61,10.525760579074674,37263.164809484995,True,10.543969481955362,37947.90139007168,4.863938492426736,0.4918032786885246
2026-05-14,61,10.54299736200417,37911.02940292545,0.0009002038055803822,61,10.526660782880255,37296.72435520354,True,10.545265334947436,37997.10816711976,4.662506296700145,0.6065573770491803
2026-05-15,61,10.541374512305284,37849.55539530352,-0.0016228496988890432,61,10.525037933181366,37236.24646385115,True,10.543756330650499,37939.81360736494,4.669454930592347,0.4098360655737705
2026-05-16,61,10.544466328110714,37966.76034359234,0.0030918158054314042,61,10.528129748986798,37351.55223945901,True,10.545969050939668,38023.856750394596,4.74638596012762,0.6557377049180327
2026-05-17,61,10.545826230761662,38018.426564184345,0.0013599026509516863,61,10.52948965163775,37402.38126779849,True,10.545612192617817,38010.2900415248,4.720594211305515,0.6229508196721312
2026-05-18,61,10.544822029042965,37980.26755776305,-0.0010042017186988423,61,10.528485449919051,37364.84058460997,True,10.54752588876248,38083.09983272264,4.699518248147162,0.5737704918032787
2026-05-19,61,10.546991176024203,38062.74175747514,0.0021691469812361187,61,10.530654596900286,37445.97838386042,True,10.549304774380893,38150.90560279367,4.949989818070203,0.5901639344262295
2026-05-20,61,10.549918127977618,38174.31277566646,0.0029269519534166908,61,10.533581548853704,37555.74152079057,True,10.55263169051055,38278.04183452874,5.003108753672499,0.6229508196721312
2026-05-21,61,10.545529351345387,38007.141351154874,-0.004388776632232863,61,10.52919277222147,37391.27891879125,True,10.549041720194381,38140.87116721365,5.3674455112922566,0.4262295081967213
2026-05-22,61,10.546094605469982,38028.63111758506,0.0005652541245939358,61,10.529758026346064,37412.42046803496,True,10.548936186109817,38136.84621767894,4.827077883010377,0.4262295081967213
2026-05-23,61,10.546586986815036,38047.36031670105,0.00049238134505962,61,10.530250407691124,37430.84618181356,True,10.549135991113257,38144.466911669704,4.940272662532251,0.4918032786885246
2026-05-24,61,10.547361519236112,38076.84064606436,0.000774532421070064,61,10.531024940112195,37459.84881601984,True,10.549662184281187,38164.54355118501,4.929418798944148,0.5081967213114754
2026-05-25,61,10.547340852126753,38076.0537159665,-2.066710935695763e-05,61,10.531004273002837,37459.074637227895,True,10.549947802522542,38175.445597833794,4.928093426798482,0.5409836065573771
2026-05-26,61,10.548675878501227,38126.920198406064,0.0013350263744748723,61,10.532339299377313,37509.11688626067,True,10.551157279156616,38221.64584070491,4.822871130303559,0.5245901639344263
2026-05-27,61,10.550098189144075,38181.18710583493,0.0014223106428450007,61,10.533761610020157,37562.504460268945,True,10.552101487505004,38257.75208102111,5.06986312627979,0.639344262295082
2026-05-28,61,10.552040890619393,38255.43385063402,0.0019427014753185324,61,10.535704311495476,37635.54812114166,True,10.555380730578777,38383.41447571114,5.15166170567653,0.6885245901639344
2026-05-29,61,10.552231490739006,38262.72603582539,0.00019060011961217514,61,10.535894911615088,37642.722144778396,True,10.555955870831015,38405.49667196571,4.937648091544765,0.5901639344262295
2026-05-30,61,10.550474854427033,38195.57134233104,-0.0017566363119751688,61,10.534138275303112,37576.655616597316,True,10.552210261242813,38261.91374605096,4.850172010397633,0.4262295081967213
2026-05-31,61,10.549968397298988,38176.23182069762,-0.0005064571280391678,61,10.533631818175074,37557.629469882944,True,10.551393937749546,38230.69239205889,4.9171332471818925,0.3770491803278688
2026-06-01,61,10.548041116672767,38102.72636430093,-0.0019272806262195308,61,10.531704537548853,37485.31508567846,True,10.553275762653891,38302.7035961003,4.92376388369874,0.47540983606557374
2026-06-02,61,10.54803298681553,38102.41659583443,-8.129857241503354e-06,61,10.531696407691612,37485.010336656975,True,10.553021024929503,38292.947695199065,5.06978735384329,0.4262295081967213
2026-06-03,61,10.548231958233185,38109.9986419608,0.00019897141765641717,61,10.531895379109269,37492.4695243625,True,10.550872968267287,38210.780555216996,4.912036447394719,0.4098360655737705
2026-06-04,61,10.54397390533074,37948.06924825559,-0.0042580529024434394,61,10.527637326206825,37333.16401203157,True,10.546949156159332,38061.142399812496,4.95351839245926,0.36065573770491804
2026-06-05,61,10.54067617048173,37823.13269488027,-0.0032977348490114554,61,10.524339591357814,37210.25191319071,True,10.544728305567602,37976.708081898156,5.1209199779410985,0.4426229508196721
2026-06-06,61,10.532750587192286,37524.54710189873,-0.007925583289443915,61,10.51641400806837,36916.50455963011,True,10.540160358372368,37803.62809580892,5.547819668099031,0.3442622950819672
2026-06-07,61,10.525073584943579,37237.57402532058,-0.007677002248707562,61,10.508737005819663,36634.18155487219,True,10.532058096858085,37498.57071097328,5.805142351788109,0.36065573770491804
2026-06-08,61,10.52024793354474,37058.311351594726,-0.004825651398838093,61,10.503911354420824,36457.82362857927,True,10.529533825269935,37404.03350332381,5.98974349201391,0.4262295081967213
2026-06-09,61,10.525699926293752,37260.90476345307,0.005451992749014888,61,10.50936334716984,36657.134244968984,True,10.532782539936433,37525.74613330756,5.523946093493959,0.6065573770491803
2026-06-10,61,10.524796433655512,37227.2550137447,-0.0009034926382454722,61,10.508459854531594,36624.02975112464,True,10.532186480536156,37503.38522444942,5.550248891549262,0.5573770491803278
2026-06-11,61,10.524264692608288,37207.465016221715,-0.0005317410472222534,61,10.507928113484372,36604.56042796916,True,10.529714260172176,37410.78310536597,5.890909964710187,0.4918032786885246
2026-06-12,61,10.526685410428106,37297.64289337794,0.0024207178198217953,61,10.510348831304194,36693.277075346145,True,10.531735506557174,37486.47598668916,5.821383986437922,0.4918032786885246
2026-06-13,61,10.527224908773551,37317.770338881484,0.0005394983454414358,61,10.510888329649635,36713.07837852198,True,10.534286374787364,37582.22111202735,5.9285274908002945,0.5245901639344263
2026-06-14,61,10.526373743467312,37286.020261661804,-0.0008511653062378646,61,10.510037164343396,36681.84277513772,True,10.530847201178283,37453.19133409116,5.709126103029092,0.36065573770491804
2026-06-15,61,10.52574878655905,37262.72538562276,-0.0006249569082587786,61,10.509412207435139,36658.92536603025,True,10.531032310540459,37460.12491216579,5.650559850768685,0.4098360655737705
2026-06-16,61,10.526836759279746,37303.28827599903,0.0010879727206903871,61,10.510500180155828,36698.83098097222,True,10.53095468233067,37457.21706259742,5.66361859872401,0.5901639344262295
2026-06-17,61,10.531284173186592,37469.56090658801,0.004447413906848699,61,10.514947594062678,36862.409352980714,True,10.537099137739725,37688.07979914243,5.937478691682735,0.7049180327868853
2026-06-18,61,10.541380723241941,37849.79047722463,0.010096550055346014,61,10.525044144118024,37236.477736537505,True,10.548207038468707,38109.04896160335,6.040555579239655,0.7704918032786885
2026-06-19,61,10.551968828038078,38252.67716464955,0.010588104796137525,61,10.53563224891416,37632.83610411348,True,10.559059749318566,38524.88785890607,6.087185595540199,0.7540983606557377
2026-06-20,61,10.557433044838767,38462.27019526729,0.005464216800692314,61,10.541096465714853,37839.03291841374,True,10.563411369132243,38692.89881901451,5.803978945463261,0.6229508196721312
2026-06-21,61,10.55925834479692,38532.53948720318,0.0018252999581530758,61,10.542921765673006,37908.16357651626,True,10.566103263765807,38797.19634169235,5.9277923483402875,0.5901639344262295
2026-06-22,61,10.558254853142868,38493.89179997732,-0.0010034916540543246,61,10.541918274018952,37870.14213103896,True,10.565034306842735,38755.74596834589,5.676058853474411,0.45901639344262296
2026-06-23,61,10.557745311447391,38474.2825533727,-0.0005095416954786423,61,10.541408732323474,37850.85062993897,True,10.562905986049017,38673.349022994604,5.856035153390514,0.47540983606557374
2026-06-24,61,10.557717742448865,38473.22187055475,-2.7568998524249295e-05,61,10.54138116332495,37849.80713427795,True,10.561850291899093,38632.543337624506,5.734789746524274,0.5573770491803278
2026-06-25,61,10.55659519815558,38430.058205994916,-0.001122544293284005,61,10.540258619031665,37807.34288773537,True,10.561258549154285,38609.68957283262,5.606079385133559,0.4426229508196721
2026-06-26,61,10.555112794259,38373.13154254315,-0.0014824038965819152,61,10.538776215135083,37751.338656020744,True,10.563001316400541,38677.03594268645,5.720105751202179,0.3770491803278688
2026-06-27,61,10.55387594041331,38325.69892687705,-0.0012368538456885869,61,10.537539361289394,37704.67463186189,True,10.559014913101349,38523.16058738821,5.680406060724088,0.47540983606557374
2026-06-28,61,10.55271698723655,38281.30696542544,-0.0011589531767604968,61,10.536380408112635,37661.00199157955,True,10.557464938831583,38463.4969301992,5.877490851865684,0.39344262295081966
2026-06-29,61,10.55122479521103,38224.226502542384,-0.00149219202551897,61,10.534888216087115,37604.846452578204,True,10.558959879729905,38521.04058631835,6.002281166753406,0.5081967213114754
2026-06-30,61,10.554008448264414,38330.77771936642,0.002783653053381217,61,10.537671869140496,37709.671128304064,True,10.562127046832053,38643.23656419934,6.164045887363646,0.6229508196721312
2026-07-01,61,10.552925290854036,38289.28193072665,-0.0010831574103777704,61,10.536588711730118,37668.84773165211,True,10.56157198327064,38621.793063491,6.0646695350387745,0.5245901639344263
2026-07-02,61,10.551278508216813,38226.279695782614,-0.001646782637220772,61,10.534941929092897,37606.86637616073,True,10.558877107394933,38517.85224179865,6.204437200492281,0.45901639344262296
2026-07-03,61,10.549719850503527,38166.744419696195,-0.001558657713286103,61,10.533383271379611,37548.29580140776,True,10.557211384773344,38453.7455907566,6.247646940108155,0.3770491803278688
2026-07-04,61,10.545651653598437,38011.789994438106,-0.004068196905089691,61,10.529315074474521,37395.85223610526,True,10.554345293993729,38343.691452988416,5.857990399697074,0.3114754098360656
2026-07-05,61,10.545578259429831,38009.000253090875,-7.339416860257073e-05,61,10.529241680305919,37393.10769933894,True,10.552154365510729,38259.77512814156,5.833246571402912,0.5737704918032787
2026-07-06,61,10.547448408006021,38080.14923964784,0.0018701485761840099,61,10.531111828882104,37463.103797613054,True,10.553565191327232,38313.791101231036,5.980833411766549,0.6721311475409836
2026-07-07,61,10.550917808901684,38212.49398927333,0.003469400895663117,61,10.534581229777766,37593.30405132232,True,10.5573592974464,38459.43380772525,6.199233920704116,0.6721311475409836
2026-07-08,61,10.556738713183586,38435.5738926571,0.005820904281904375,61,10.54040213405967,37812.769198978014,True,10.56242412763246,38654.718433285096,5.7207474680996695,0.6557377049180327
2026-07-09,61,10.556990353804032,38445.24706134869,0.00025164062044721923,61,10.540653774680118,37822.28562498955,True,10.563778006406958,38707.087678911834,5.805417380184197,0.5737704918032787
2026-07-10,61,10.559829362910829,38554.548548413586,0.0028390091067938506,61,10.543492783786911,37929.81600595973,True,10.564819186693379,38747.40972316407,5.562476581914766,0.5573770491803278
2026-07-11,61,10.561436801765806,38616.57246425745,0.0016074388549788211,61,10.54510022264189,37990.83489489771,True,10.567659423698615,38857.61798482136,5.638632976047039,0.5737704918032787
2026-07-12,61,10.561624182145879,38623.80913026635,0.00018738038006854604,61,10.54528760302196,37997.95429897695,True,10.568707311705348,38898.35775830995,5.505993962970943,0.6065573770491803
2026-07-13,60,10.562102634605743,38642.29320827775,0.00020970477379442798,60,10.545497307795754,38005.92348694706,True,10.56943836672061,38926.80499481512,5.710087198153473,0.5666666666666667
2026-07-14,60,10.565091645297311,38757.96822663548,0.0029890106915651713,60,10.548486318487319,38119.693543847,True,10.569213934505276,38918.06954602902,5.600329625285946,0.5833333333333334
2026-07-15,60,10.568277590308355,38881.645892653636,0.003185945011044922,60,10.551672263498364,38241.33445905867,True,10.573673160193806,39092.001514231764,5.460098081053224,0.6166666666666667
2026-07-16,60,10.569112903364445,38914.13780768119,0.0008353130560891486,60,10.552507576554452,38273.29129013552,True,10.57617761715087,39190.02845027273,5.54340126985801,0.5833333333333334
2026-07-17,60,10.568053981063171,38872.95256915404,-0.0010589223012696714,60,10.551448654253184,38232.784299108615,True,10.574277119204776,39115.61861196475,5.495872088032392,0.65
2026-07-18,60,10.576451678618655,39200.770398902205,0.00839769755547953,60,10.559846351808662,38555.20355326378,True,10.58134694541805,39393.139092632155,5.311615884010008,0.7333333333333333
2026-07-19,60,10.582209934495845,39427.14961465291,0.0057582558771899885,60,10.565604607685852,38777.8547066641,True,10.58719448714396,39624.16693134572,5.174812827658578,0.75
2026-07-20,60,10.584143931796286,39503.47539871148,0.0019339973004416145,60,10.567538604986295,38852.92354104664,True,10.590506563386722,39755.62276898583,5.1085980625261405,0.5333333333333333
2026-07-21,60,10.582693681074147,39446.22697730364,-0.0014502507221378616,60,10.566088354264156,38796.6178991416,True,10.587788321305194,39647.704103176686,4.970875010969315,0.48333333333333334
2026-07-22,59,10.586423277492074,39593.62017185223,0.0035786565336233442,59,10.56966701079778,38935.706395807865,True,10.590583272112791,39758.672489131124,5.2364869207646745,0.6779661016949152
2026-07-23,57,10.592619866360804,39839.72728267826,0.00360165240871178,57,10.573268663206491,39076.19211503388,True,10.596602800650073,39998.7227225534,5.053075413889612,0.7192982456140351
2026-07-24,53,10.595442272367146,39952.329998793844,0.0016224792936108375,53,10.574891142500102,39139.64388828838,True,10.59634913484546,39988.57770114736,5.038447663751746,0.5849056603773585
2026-07-25,49,10.601054251647207,40177.171961050735,0.0038412691922664927,49,10.57873241169237,39290.27892619533,True,10.602007980227127,40215.508356562445,5.055698191463592,0.5918367346938775
2026-07-26,47,10.60237513917013,40230.27655107443,-0.00020140473351939374,47,10.57853100695885,39282.36647486759,True,10.602683027826245,40242.664903875666,4.74363679767921,0.5531914893617021
2026-07-27,44,10.607630709408296,40442.26617040932,0.004403658530284057,44,10.582934665489134,39455.734048717204,True,10.607856331430149,40451.39186571121,4.95965535492823,0.7727272727272727
2026-07-28,36,10.609546527670437,40519.820468750484,0.0007586210025823073,36,10.583693286491716,39485.6773536128,True,10.607011452347834,40417.2297643279,4.835342324534763,0.6111111111111112
2026-07-29,24,10.621726267216836,41016.35904551683,0.003475687420289031,24,10.587168973912005,39623.1560036799,True,10.61786289519204,40858.20329538635,4.418691042913544,0.75
2026-07-30,11,10.622010783548033,41028.03052979673,0.009137149528356758,11,10.596306123440362,39986.85777322113,True,10.615811984315313,40774.49263274079,4.853061998399243,0.8181818181818182
