world,hour_utc,rel,bias_factor
Aethera,0,1.3307518769945477,0.7514548859840512
Aethera,1,1.4090820327555462,0.7096818898786459
Aethera,2,1.4908552722862591,0.670755920168212
Aethera,3,1.5941477853776858,0.6272944134618484
Aethera,4,1.6879718181023982,0.592426952438217
Aethera,5,1.5717677408745434,0.6362263163917542
Aethera,6,1.3273087932248335,0.753404185299185
Aethera,7,0.9743927068291255,1.0262802594799851
Aethera,8,0.5025627087571762,1.9898014368654062
Aethera,9,0.3511945445108509,2.8474246414983897
Aethera,10,0.2840544110014235,3.5204522840343735
Aethera,11,0.2840544110014235,3.5204522840343735
Aethera,12,0.4200562199051353,2.380633716662589
Aethera,13,0.5095763979177051,1.9624142799515933
Aethera,14,0.6197550785485603,1.6135406301824213
Aethera,15,0.7970738926888429,1.2545888269236969
Aethera,16,0.8754040484498414,1.14232964968667
Aethera,17,0.984721958138268,1.0155150819329923
Aethera,18,1.0535836335325526,0.9491415471661301
Aethera,19,1.1344961021208368,0.8814485991891831
Aethera,20,1.2188516544788353,0.8204443882283499
Aethera,21,1.1697877107604078,0.8548559630105542
Aethera,22,1.1729438708826458,0.8525557145777958
Aethera,23,1.2240162801334067,0.8169825975607196
Antica,0,0.6335776853756183,1.5783384154496338
Antica,1,0.4832449155839842,2.0693440691280443
Antica,2,0.3912739612552654,2.55575402153481
Antica,3,0.3659914108472061,2.732304557872478
Antica,4,0.3845369942303633,2.600530027030204
Antica,5,0.43941678179276755,2.2757437618111
Antica,6,0.5737019447385677,1.7430653829414742
Antica,7,0.702158495763947,1.4241798768125737
Antica,8,0.7172528904631034,1.3942083932967317
Antica,9,0.9915452927999074,1.0085267987871924
Antica,10,1.025381520441831,0.9752467545632241
Antica,11,1.046349384103605,0.9557037211396537
Antica,12,1.0930539757256785,0.9148679042460827
Antica,13,1.142407936402489,0.8753440589261484
Antica,14,1.2227216668903662,0.8178476157564187
Antica,15,1.309166794333491,0.763844610425755
Antica,16,1.4145359864533071,0.7069456058925153
Antica,17,1.4950011094585978,0.6688958246740979
Antica,18,1.6149796795088194,0.6192028374648902
Antica,19,1.7094486103748614,0.5849839497548347
Antica,20,1.704074176006681,0.5868289151258632
Antica,21,1.5124112489611536,0.66119582268836
Antica,22,1.1750638631216146,0.851017575626444
Antica,23,0.8488578451376565,1.178053552462407
Astera,0,1.4077488116985282,0.7103540004366572
Astera,1,1.4673788430295613,0.6814872687787923
Astera,2,1.4512079870753831,0.6890811027131254
Astera,3,1.337885660583991,0.7474480289769284
Astera,4,1.1390346662724518,0.8779364049318624
Astera,5,0.9135270265989461,1.0946583635549263
Astera,6,0.7394376554672427,1.3523790580669182
Astera,7,0.5883412201453868,1.6996939288953559
Astera,8,0.3929106238959147,2.5451080708494875
Astera,9,0.4608693946940887,2.1698121235925636
Astera,10,0.4832306564432262,2.069405131206712
Astera,11,0.5849301802175523,1.7096057509429097
Astera,12,0.710127979050294,1.4081968736640584
Astera,13,0.8206709396745614,1.218515182707154
Astera,14,0.9516801398658361,1.0507732147704332
Astera,15,0.9754310845485359,1.0251877511806335
Astera,16,1.0104258275118754,0.9896817487954079
Astera,17,1.0542640073251563,0.9485290146034359
Astera,18,1.1127570253469117,0.8986687814334322
Astera,19,1.1498994601166654,0.8696412466343301
Astera,20,1.196896010233497,0.8354944719089795
Astera,21,1.2361861368096652,0.8089396654947032
Astera,22,1.3738115379034883,0.7279018791224121
Astera,23,1.433015774126932,0.6978290246729854
Belobra,0,1.7250804643084503,0.579683105043381
Belobra,1,1.6817336222876338,0.5946244915052105
Belobra,2,1.3780580319017968,0.7256588451648472
Belobra,3,0.9909088085958728,1.0091745994437262
Belobra,4,0.6752199505642668,1.4809988940112353
Belobra,5,0.4578664998598852,2.184042729280296
Belobra,6,0.3243582264357694,3.083011061530834
Belobra,7,0.25351710176174874,3.944507068954203
Belobra,8,0.2139728557234988,4.67348999301213
Belobra,9,0.38244299474366394,2.6147687727167273
Belobra,10,0.5246206365719431,1.9061392752949138
Belobra,11,0.6925586873725935,1.443920953174044
Belobra,12,0.8867525396258529,1.1277103310264323
Belobra,13,1.0581583377881685,0.9450381519369447
Belobra,14,1.1213208790185016,0.891805386585957
Belobra,15,1.083423354280302,0.9230002252113916
Belobra,16,1.0901111527635137,0.91733764714261
Belobra,17,1.169745493961757,0.8548868152619644
Belobra,18,1.2199039825858453,0.8197366467156603
Belobra,19,1.2199039825858453,0.8197366467156603
Belobra,20,1.312913920750512,0.7616645571313324
Belobra,21,1.4365143445698698,0.6961294913483278
Belobra,22,1.4978099900644917,0.6676414275731615
Belobra,23,1.5928106720849295,0.6278210069317512
Blumera,0,1.4298262662452892,0.6993856691596462
Blumera,1,1.4524724949721992,0.6884811956588137
Blumera,2,1.3536783221510535,0.7387279412223701
Blumera,3,1.2412964120937622,0.8056093534607465
Blumera,4,1.0881512903280324,0.9189898582011896
Blumera,5,0.9044337597809738,1.1056641674257819
Blumera,6,0.7297747207246793,1.370285886317057
Blumera,7,0.560494160991026,1.7841399065279662
Blumera,8,0.3716497758849587,2.690705241564688
Blumera,9,0.4401860708793159,2.2717665690838413
Blumera,10,0.4472630173564753,2.235820895522388
Blumera,11,0.5211463385780196,1.9188468304863515
Blumera,12,0.6592883338121716,1.5167870394698897
Blumera,13,0.7733687110239814,1.2930442953606782
Blumera,14,0.8979229690219872,1.1136812783497392
Blumera,15,0.9817140153115547,1.0186265902322298
Blumera,16,1.1136282976458063,0.8979656875763531
Blumera,17,1.1722254144766864,0.8530782455748304
Blumera,18,1.2217640398168021,0.8184886503534229
Blumera,19,1.2744165216068681,0.7846728153987946
Blumera,20,1.2432779571073669,0.8043253676970339
Blumera,21,1.3293336262696254,0.7522566045411783
Blumera,22,1.3694677760689828,0.7302106829198061
Blumera,23,1.413973906136452,0.7072266296146893
Bona,0,0.4834934121630549,2.068280507745071
Bona,1,0.3576405343555829,2.7961036402147674
Bona,2,0.33255848367882995,3.0069898952442755
Bona,3,0.31131251134087456,3.2122062672419887
Bona,4,0.35601757813532237,2.8088500720599243
Bona,5,0.46785401585872666,2.1374188659352242
Bona,6,0.6364939212912477,1.571106913277839
Bona,7,0.7487729834383593,1.3355182707153888
Bona,8,0.7628877845054732,1.3108087720243549
Bona,9,1.041642810458092,0.9600219863853539
Bona,10,1.066724861134845,0.9374488553085196
Bona,11,1.0215771699166898,0.9788785707510971
Bona,12,1.0468067620680117,0.9552861485384916
Bona,13,1.0926921606590128,0.9151708376830403
Bona,14,1.1930203633660244,0.8382086598912438
Bona,15,1.4116768286774823,0.7083774272450456
Bona,16,1.4875131466060176,0.6722629660663159
Bona,17,1.6318087087346314,0.6128169280181373
Bona,18,1.795284662557233,0.5570147291157624
Bona,19,1.8661045703504175,0.5358756502119384
Bona,20,1.7377434874752704,0.5754589254440988
Bona,21,1.4205293171516302,0.7039629439011839
Bona,22,1.0203968381201367,0.9800108767901383
Bona,23,0.7017072530508053,1.4250957157023965
Bravoria,0,0.5183285890705537,1.929278108686153
Bravoria,1,0.46162392062061636,2.1662655580230337
Bravoria,2,0.41290582519179697,2.421859753457086
Bravoria,3,0.33543606688695304,2.981194029850746
Bravoria,4,0.35061055562707716,2.852167408968823
Bravoria,5,0.4568319768079456,2.1889886233169813
Bravoria,6,0.5989929765838448,1.6694686567164179
Bravoria,7,0.752335178589309,1.3291947903793135
Bravoria,8,0.7040016218615065,1.4204512730465317
Bravoria,9,1.0190867174946479,0.9812707621765778
Bravoria,10,1.049435694974896,0.9528930689020649
Bravoria,11,1.0158920882862008,0.9843565192903406
Bravoria,12,0.9615833917425988,1.0399514057618882
Bravoria,13,1.053428981485455,0.9492808889592975
Bravoria,14,1.1348920263008577,0.8811410925667231
Bravoria,15,1.2259389587416023,0.815701298069911
Bravoria,16,1.4559522617497986,0.6868357062738966
Bravoria,17,1.5310260481483071,0.6531567514539977
Bravoria,18,1.785797727521969,0.559973833871786
Bravoria,19,1.8568782274099187,0.5385382763601347
Bravoria,20,1.8608715139204777,0.5373826148228813
Bravoria,21,1.5845360873897971,0.631099542609533
Bravoria,22,1.1189484601587,0.8936962117613266
Bravoria,23,0.7483418920787501,1.3362876120995872
Calmera,0,1.6158813942740387,0.6188573019923077
Calmera,1,1.5360244216876262,0.6510313155706877
Calmera,2,1.4288694023497361,0.6998540232966902
Calmera,3,1.252043248765537,0.7986944548328971
Calmera,4,1.0501599328646836,0.9522359106504334
Calmera,5,0.8702780277784534,1.149058080384594
Calmera,6,0.6946741747950671,1.439523788681227
Calmera,7,0.5255892583493469,1.902626402869374
Calmera,8,0.2750629055754205,3.635532017332691
Calmera,9,0.34183673469387754,2.925373134328358
Calmera,10,0.39908114616525997,2.5057560589091294
Calmera,11,0.5255892583493469,1.902626402869374
Calmera,12,0.6732839142808494,1.4852575247815385
Calmera,13,0.8497026343314441,1.1768823110532212
Calmera,14,0.9735624285471042,1.0271554968409677
Calmera,15,1.0976259395295662,0.9110571862292104
Calmera,16,1.1059783269684513,0.9041768501386968
Calmera,17,1.1397953102575953,0.8773505128512932
Calmera,18,1.1683156576098856,0.855933063540189
Calmera,19,1.2438945780934545,0.8039266490997354
Calmera,20,1.2398202427574128,0.8065685375292451
Calmera,21,1.2640625380068595,0.7911000998232046
Calmera,22,1.30580938507041,0.7658085563124356
Calmera,23,1.4080902921359246,0.7101817302377004
Cantabra,0,1.829613277736898,0.5465635892394316
Cantabra,1,1.7306200871322284,0.5778275702653363
Cantabra,2,1.3596890804396324,0.7354622570600235
Cantabra,3,0.9386745622948712,1.0653319480131649
Cantabra,4,0.6236962285527408,1.603344631921946
Cantabra,5,0.39245126551969817,2.54808708203747
Cantabra,6,0.2868063585502879,3.486673046771599
Cantabra,7,0.22263685950220166,4.491619232484327
Cantabra,8,0.2609095891738358,3.8327452937489843
Cantabra,9,0.5282245348470515,1.8931343283582087
Cantabra,10,0.7172115350923297,1.394288785206537
Cantabra,11,0.872939953513905,1.1455541655237929
Cantabra,12,1.0044091710758376,0.9956101843722565
Cantabra,13,1.089316374084586,0.9180069480185281
Cantabra,14,1.140573717836411,0.876751747267095
Cantabra,15,1.119836013875749,0.8929878907350042
Cantabra,16,1.0490147984629221,0.9532753984645961
Cantabra,17,1.0814908254201854,0.9246495453269109
Cantabra,18,1.0670135603910438,0.9371952120585193
Cantabra,19,1.077186773654765,0.92834411307068
Cantabra,20,1.0646658957917237,0.939261794665043
Cantabra,21,1.2376105212749804,0.8080086447308196
Cantabra,22,1.5565306128628833,0.6424544379250774
Cantabra,23,1.7423584101288296,0.5739347278876222
Celebra,0,1.755598724208285,0.5696062466956768
Celebra,1,1.6629873037704854,0.6013275012579491
Celebra,2,1.4006520611667188,0.7139531848951962
Celebra,3,0.9961468074363304,1.0038680970865992
Celebra,4,0.6484712889745916,1.542088319100866
Celebra,5,0.43091098930976107,2.3206648816309214
Celebra,6,0.28223521724329376,3.5431439413103973
Celebra,7,0.2110545387249851,4.738111798216533
Celebra,8,0.16112742998728252,6.206267921476362
Celebra,9,0.29716019822293915,3.365188225005045
Celebra,10,0.44487924073942914,2.2478009950248756
Celebra,11,0.6779385591138914,1.4750599247623017
Celebra,12,0.9088930724784037,1.1002394344069126
Celebra,13,1.0460880899451437,0.9559424388938789
Celebra,14,1.1228177998533204,0.8906164474152755
Celebra,15,1.1067447434137025,0.9035507111744182
Celebra,16,1.0939245674440072,0.9141398134393625
Celebra,17,1.1578341013824887,0.8636815920398009
Celebra,18,1.1721850446321476,0.8531076254379425
Celebra,19,1.211602302091211,0.8253533344019007
Celebra,20,1.25963012550007,0.7938838391968457
Celebra,21,1.6002258452919769,0.6249117916337242
Celebra,22,1.6648511546715523,0.6006542970487254
Celebra,23,1.6798257438500854,0.595299842058644
Celesta,0,0.43197767776578777,2.3149344317328033
Celesta,1,0.3241760366525119,3.084743740858032
Celesta,2,0.2962617347333375,3.3753937237290903
Celesta,3,0.29641595739587434,3.3736375355273585
Celesta,4,0.33342939640472447,2.999135681444765
Celesta,5,0.43336568172861967,2.3075200509905986
Celesta,6,0.6105675209834894,1.6378204959039107
Celesta,7,0.7276225218489777,1.3743389875548078
Celesta,8,0.7740835269258276,1.291850252867892
Celesta,9,1.108244052989986,0.9023283249768415
Celesta,10,1.1356956869215498,0.8805175642699054
Celesta,11,1.0965231306371837,0.9119734660033167
Celesta,12,1.0584301329905752,0.944795474760831
Celesta,13,1.1016124785009005,0.9077602328550444
Celesta,14,1.1805744817197805,0.8470452440605595
Celesta,15,1.3179868740401364,0.7587328976461014
Celesta,16,1.4626477314997255,0.68369162202484
Celesta,17,1.6976830692059237,0.5890380944116625
Celesta,18,1.9738958578094672,0.5066123402831145
Celesta,19,1.9253157191103514,0.5193953334895532
Celesta,20,1.71464756208498,0.5832102305525798
Celesta,21,1.3767457084666859,0.7263505481442347
Celesta,22,0.974321662403335,1.0263550925608336
Celesta,23,0.6387902682277377,1.565459039904293
Citra,0,0.6534639749599389,1.5303062423009712
Citra,1,0.5223949051263236,1.914260629624984
Citra,2,0.3838003384601561,2.605521412545117
Citra,3,0.3399016069369356,2.942027868039874
Citra,4,0.37439346741946594,2.670986774669367
Citra,5,0.48602167043565514,2.0575214251324025
Citra,6,0.6446842286552948,1.5511469887914513
Citra,7,0.6628708460006291,1.5085895028170404
Citra,8,0.6705124770435601,1.4913965574648578
Citra,9,0.8892628757132375,1.1245268719870323
Citra,10,0.945076977221332,1.0581148669393576
Citra,11,0.9883485840085064,1.0117887718766574
Citra,12,1.0610950533898431,0.942422638580149
Citra,13,1.0573323049735672,0.9457764557992953
Citra,14,1.1783673790304463,0.8486317746022417
Citra,15,1.3426740598745002,0.7447823934972498
Citra,16,1.409776406631423,0.7093323418494715
Citra,17,1.5609134680185104,0.6406505040086831
Citra,18,1.7446610156799902,0.5731772481946844
Citra,19,1.801729366660177,0.5550223127315044
Citra,20,1.782915624578797,0.5608790378042954
Citra,21,1.4919297470534496,0.6702728476156419
Citra,22,1.1277096364631747,0.8867530857821617
Citra,23,0.8729576325760412,1.1455309658603534
Collabra,0,1.6649117725093212,0.6006324278029582
Collabra,1,1.6101661242836762,0.6210539303482587
Collabra,2,1.35103672268229,0.7401723307821294
Collabra,3,0.9504273909605113,1.0521582285095867
Collabra,4,0.614654081843222,1.6269313578805242
Collabra,5,0.3937392895915016,2.539751623561582
Collabra,6,0.298417455033908,3.351010415548159
Collabra,7,0.23808989757741292,4.200094208847557
Collabra,8,0.1899121368513152,5.265592903011321
Collabra,9,0.37634949544923796,2.657104664924096
Collabra,10,0.5798744935586946,1.7245110987086045
Collabra,11,0.7829701140350089,1.2771879565703155
Collabra,12,0.9785516259313329,1.0219184900421105
Collabra,13,1.1271162869985734,0.8872199004975125
Collabra,14,1.1722009384785164,0.853096058170685
Collabra,15,1.1464382804899775,0.8722667561071049
Collabra,16,1.1159524685368731,0.8960955131996808
Collabra,17,1.1406416824425563,0.8766995064204669
Collabra,18,1.1767094036265107,0.8498274908980005
Collabra,19,1.1945285754019166,0.8371503374572143
Collabra,20,1.2241556320887363,0.8168895962139495
Collabra,21,1.3411610371200169,0.7456226152732416
Collabra,22,1.4887953799821156,0.6716839758140656
Collabra,23,1.83172498298511,0.54593348307688
Descubra,0,1.8009604816094884,0.5552592687132794
Descubra,1,1.8818120745065425,0.5314026908145036
Descubra,2,1.4448284652772263,0.6921236839060512
Descubra,3,0.9899945043693398,1.01010661734636
Descubra,4,0.6273873604674003,1.5939116134807134
Descubra,5,0.40390795758961223,2.475811583331178
Descubra,6,0.27475541309172063,3.6396007225021387
Descubra,7,0.21910431668206,4.5640360497830335
Descubra,8,0.17731090069679425,5.63981117951695
Descubra,9,0.3409067163711285,2.9333537650556254
Descubra,10,0.4838845332475207,2.066608728509352
Descubra,11,0.706313915438334,1.415801073916838
Descubra,12,0.9033677976939247,1.1069688365610924
Descubra,13,1.058070845574868,0.945116297441012
Descubra,14,1.1207220798976933,0.8922818760662646
Descubra,15,1.0619209214271088,0.9416897057231968
Descubra,16,1.0076698526000811,0.9923885262814098
Descubra,17,1.0914965041102302,0.9161733420439888
Descubra,18,1.1775982004421581,0.849186080298463
Descubra,19,1.229574224447407,0.8132896576043778
Descubra,20,1.2388494071823504,0.8072006122797512
Descubra,21,1.3671269344410963,0.7314609746964105
Descubra,22,1.696340827853568,0.5895041748569658
Descubra,23,1.6915833267162874,0.5911621285255906
Dia,0,0.3944109149838817,2.535426789699435
Dia,1,0.25847926347830213,3.868782302081824
Dia,2,0.20494310534687382,4.879402985074628
Dia,3,0.22020927543903893,4.541134781930802
Dia,4,0.25095074124107,3.9848457711442795
Dia,5,0.35279491706140426,2.834507958134638
Dia,6,0.5518825051126531,1.8119798883566254
Dia,7,0.7225290091565808,1.3840274747823833
Dia,8,0.8258448096940695,1.2108812554872694
Dia,9,1.0872440864269357,0.9197566696236075
Dia,10,1.129069209967114,0.8856852982724829
Dia,11,1.1002098747243911,0.9089174919926125
Dia,12,1.1102479043740339,0.9006997410761226
Dia,13,1.1688030773302835,0.8555761183347889
Dia,14,1.245133927791109,0.8031264570663645
Dia,15,1.398004754330461,0.7153051496444479
Dia,16,1.5487843246928037,0.6456676917868127
Dia,17,1.6757235746372452,0.5967571353267358
Dia,18,1.953024143708627,0.5120264402369777
Dia,19,1.9634804245936721,0.5092997044811092
Dia,20,1.7945069254913515,0.557256138605423
Dia,21,1.4339743605750142,0.6973625383364642
Dia,22,0.9804738405007584,1.019915023423031
Dia,23,0.6223578382778536,1.6067926496549512
Dracobra,0,1.714882366950256,0.583130376329193
Dracobra,1,1.4903902184432811,0.6709652194607827
Dracobra,2,1.326158722276553,0.754057552238806
Dracobra,3,1.0312210224422476,0.9697242184141024
Dracobra,4,0.7218547157095733,1.3853203120201463
Dracobra,5,0.5274928933727216,1.8957601373662663
Dracobra,6,0.3764168917309768,2.6566289185414527
Dracobra,7,0.2830553176827075,3.5328783369509273
Dracobra,8,0.17911590872964264,5.582977006857604
Dracobra,9,0.34246722844069705,2.9199874234774086
Dracobra,10,0.5075474661896824,1.9702590725303248
Dracobra,11,0.6755982994765671,1.480169504237606
Dracobra,12,0.9073047514327265,1.1021655054940451
Dracobra,13,1.1139733267123044,0.8976875621890548
Dracobra,14,1.157259147407411,0.8641106896759329
Dracobra,15,1.143679282091299,0.8743710021321963
Dracobra,16,1.0562588991188289,0.9467375856754796
Dracobra,17,1.174233979052551,0.8516190280976758
Dracobra,18,1.31003263221367,0.763339763766203
Dracobra,19,1.3537428236999052,0.7386927431806485
Dracobra,20,1.3316755425612232,0.7509336681791807
Dracobra,21,1.3418604415483073,0.7452339818931906
Dracobra,22,1.3875981823699344,0.7206697246403566
Dracobra,23,1.5307054436004885,0.6532935544070608
Eclipta,0,0.3136583011583011,3.1881827973534396
Eclipta,1,0.2748552123552123,3.638279192273925
Eclipta,2,0.24575289575289574,4.069128043990574
Eclipta,3,0.3039575289575289,3.2899333121625918
Eclipta,4,0.497972972972973,2.0081411126187243
Eclipta,5,0.5060569498069498,1.9760621811072432
Eclipta,6,0.7469594594594594,1.3387607417458165
Eclipta,7,0.8294160231660231,1.2056675685897995
Eclipta,8,0.8483983983983984,1.178691522624034
Eclipta,9,1.2643339768339767,0.7909302591899836
Eclipta,10,1.2336148648648648,0.8106257702314118
Eclipta,11,1.1786438223938223,0.8484327334520813
Eclipta,12,1.0298986486486486,0.9709693291782845
Eclipta,13,1.0557673745173743,0.9471783502091382
Eclipta,14,1.1592422779922777,0.8626324444721999
Eclipta,15,1.2772683397683395,0.7829208388437561
Eclipta,16,1.2918194980694981,0.7741019558029626
Eclipta,17,1.4971525096525096,0.667934624931498
Eclipta,18,1.6830839768339767,0.5941474185269617
Eclipta,19,1.9627895752895752,0.5094789643217192
Eclipta,20,1.776858108108108,0.5627911398421903
Eclipta,21,1.52140444015444,0.6572874204958207
Eclipta,22,0.9339089089089088,1.0707682413783866
Eclipta,23,0.5594111969111969,1.7875938227935468
Epoca,0,0.6547992271075396,1.5271856755502355
Epoca,1,0.5208386650969954,1.9199803451876423
Epoca,2,0.39116484107078875,2.556466980167655
Epoca,3,0.3600859906843425,2.7771144278606967
Epoca,4,0.37080283564518607,2.696851005090156
Epoca,5,0.37080283564518607,2.696851005090156
Epoca,6,0.5626343604442852,1.777353233830846
Epoca,7,0.644082382146696,1.552596418903817
Epoca,8,0.6779396738192868,1.4750574993883045
Epoca,9,0.9709461534524235,1.0299232315244968
Epoca,10,1.0309604852331473,0.9699692804170417
Epoca,11,1.0288171162409785,0.9719900497512439
Epoca,12,1.0191719557762196,0.9811886937551987
Epoca,13,1.1552758867789323,0.8655941073851521
Epoca,14,1.1520608332906792,0.8680097188476223
Epoca,15,1.3042400317346574,0.7667300310280969
Epoca,16,1.3449640425858627,0.7435143010049355
Epoca,17,1.4510608076982137,0.6891509953923146
Epoca,18,1.8679460766750269,0.5353473595876042
Epoca,19,1.8850930286123764,0.5304777986135271
Epoca,20,1.902239980549726,0.525696026907715
Epoca,21,1.4832113425807443,0.674212751272539
Epoca,22,1.0424711705614609,0.9592591413932469
Epoca,23,0.7984049495828428,1.2524972453170389
Escura,0,0.4969432707003506,2.0123021257349616
Escura,1,0.316236626809314,3.1621890547263685
Escura,2,0.37647217477299283,2.65623880597015
Escura,3,0.316236626809314,3.1621890547263685
Escura,4,0.12047109592735772,8.300746268656717
Escura,5,0.22588330486379574,4.427064676616915
Escura,6,0.4517666097275915,2.2135323383084575
Escura,7,0.5571788186640295,1.7947559499798305
Escura,8,0.4684987063841689,2.134477611940299
Escura,9,0.903533219455183,1.1067661691542288
Escura,10,0.9336509934370224,1.0710640346653828
Escura,11,1.2047109592735772,0.8300746268656717
Escura,12,1.2348287332554169,0.8098289042591917
Escura,13,1.0541220893643801,0.9486567164179105
Escura,14,1.5209475860828914,0.6574848529629082
Escura,15,1.5510653600647308,0.6447181567888711
Escura,16,1.370358716173694,0.729735935706085
Escura,17,1.7920075519194463,0.5580333625987708
Escura,18,1.6715364559920884,0.5982519833266102
Escura,19,1.9124786478468039,0.5228816547185333
Escura,20,1.6564775690011686,0.6036906377204885
Escura,21,1.536006473073811,0.6510389230318994
Escura,22,1.4054961191525068,0.7114925373134329
Escura,23,0.9185921064461027,1.0886224614631759
Etebra,0,1.845639308223172,0.5418176756122066
Etebra,1,1.5653506136045272,0.6388345149699745
Etebra,2,1.1544601106789307,0.8662057621132585
Etebra,3,0.7626546857580747,1.3112094092833184
Etebra,4,0.5231556676593663,1.911476950013879
Etebra,5,0.3749656502107904,2.666910954210981
Etebra,6,0.3016190759180609,3.3154401688826343
Etebra,7,0.24211853860916308,4.130208309303559
Etebra,8,0.18006778027421413,5.5534643592382915
Etebra,9,0.30648389972319096,3.2628141344559256
Etebra,10,0.5190392782857948,1.9266364643975507
Etebra,11,0.787353021999504,1.2700783156461042
Etebra,12,1.0077669620934715,0.992292898670406
Etebra,13,1.1862685740201653,0.8429794246433447
Etebra,14,1.2719643164336094,0.7861855769695213
Etebra,15,1.2191996890087378,0.8202101829709646
Etebra,16,1.1469757663633458,0.8718580019965427
Etebra,17,1.2652284065495834,0.7903711257377707
Etebra,18,1.334458591468741,0.749367576028997
Etebra,19,1.2715900992178302,0.7864169441198949
Etebra,20,1.2308004226978937,0.8124794089751911
Etebra,21,1.343814021863222,0.7441505920688952
Etebra,22,1.5003061175433445,0.6665306421848337
Etebra,23,1.647304183860179,0.6070524252883697
Ferobra,0,1.6799218273548817,0.5952657937509798
Ferobra,1,1.7012807007817266,0.5877924786547611
Ferobra,2,1.4169821557275124,0.7057251892396459
Ferobra,3,1.0954050800338986,0.9129042928749735
Ferobra,4,0.7804611948455159,1.2812936845603702
Ferobra,5,0.5349004823418528,1.8695066334991708
Ferobra,6,0.37092801305253487,2.6959408963764866
Ferobra,7,0.30446344419011717,3.2844665561083466
Ferobra,8,0.24832699861806698,4.026948360689627
Ferobra,9,0.42266689899333915,2.3659292988916056
Ferobra,10,0.5307879042286094,1.883991688645003
Ferobra,11,0.6610637657513524,1.5127133747278059
Ferobra,12,0.813494483561568,1.2292646357254822
Ferobra,13,0.9557100879937271,1.0463424134187476
Ferobra,14,0.9924579633927086,1.0075993511921744
Ferobra,15,1.0468501255356055,0.9552465779075726
Ferobra,16,1.0666170332411948,0.937543625157793
Ferobra,17,1.174074719425942,0.8517345476009781
Ferobra,18,1.186810445195986,0.8425945390418799
Ferobra,19,1.153511828859725,0.8669178546599949
Ferobra,20,1.2528770226280899,0.7981629337429751
Ferobra,21,1.4948558122589282,0.6689608401019397
Ferobra,22,1.5016560608954024,0.665931451309645
Ferobra,23,1.6049667746457679,0.6230658576846302
Firmera,0,1.5934114331013831,0.627584300718629
Firmera,1,1.7662417737287817,0.566173903750935
Firmera,2,1.6914188823596028,0.5912196029199795
Firmera,3,1.7599187124863158,0.5682080614889623
Firmera,4,1.562849970429465,0.6398566842121154
Firmera,5,1.140258710724667,0.876993958120672
Firmera,6,0.7661442538787735,1.3052372251534623
Firmera,7,0.48898340275068897,2.045059186824498
Firmera,8,0.2710329460968059,3.689588348579682
Firmera,9,0.30983000088082446,3.2275764036958066
Firmera,10,0.2876992865321942,3.4758515116724067
Firmera,11,0.3972990147349348,2.516995922245536
Firmera,12,0.4931987769123328,2.0275800484755706
Firmera,13,0.6776213964842521,1.4757503307722661
Firmera,14,0.8409671452479521,1.189107096098455
Firmera,15,0.9168438801575418,1.0906982329730657
Firmera,16,0.9600514653143915,1.0416108262201615
Firmera,17,1.0685973499767212,0.9358061762194941
Firmera,18,1.1202356834568585,0.8926692969770151
Firmera,19,1.134989493022612,0.8810654249643148
Firmera,20,1.071758880597954,0.9330456860241564
Firmera,21,1.1360433365630231,0.8802481100988563
Firmera,22,1.2415057530885947,0.8054735127180996
Firmera,23,1.2856891193013804,0.7777930022021042
Floribra,0,1.7457898565032564,0.57280662748434
Floribra,1,1.7627502501869021,0.5672953385733296
Floribra,2,1.3949923804798525,0.7168497935852652
Floribra,3,0.9845508533356285,1.0156915679997942
Floribra,4,0.6569325820132071,1.5222262183060602
Floribra,5,0.46301874756352557,2.159739762724837
Floribra,6,0.33101035005915047,3.0210535707457584
Floribra,7,0.270235606026087,3.700474614375819
Floribra,8,0.2107695343451566,4.7445187138023375
Floribra,9,0.29228411781482627,3.421328560293311
Floribra,10,0.5144652750705839,1.9437657864523536
Floribra,11,0.7394731646069493,1.3523141174859645
Floribra,12,0.9401711565300891,1.063636118864487
Floribra,13,1.1058176681736946,0.9043082135335593
Floribra,14,1.161221620873604,0.8611620572890173
Floribra,15,1.1270181602782519,0.8872971485686689
Floribra,16,1.147935979154748,0.8711287198579866
Floribra,17,1.1940117153286518,0.8375127204884668
Floribra,18,1.2033399318546572,0.8310203738180134
Floribra,19,1.1841181523465252,0.8445103202060835
Floribra,20,1.1578295421368747,0.8636849930037312
Floribra,21,1.2904032860973713,0.7749515293194487
Floribra,22,1.480956449946775,0.6752393023008473
Floribra,23,1.6298938329983446,0.6135368940935282
Gentebra,0,1.7393585111794752,0.574924602129259
Gentebra,1,1.6429188313517022,0.6086727968035132
Gentebra,2,1.2619521458208727,0.792423075083819
Gentebra,3,0.8583730508894318,1.1649946360312882
Gentebra,4,0.5948111929750216,1.6812057537087972
Gentebra,5,0.4028303396532749,2.4824346668146258
Gentebra,6,0.290367296872751,3.4439140039872833
Gentebra,7,0.22327882394908286,4.478705066218205
Gentebra,8,0.21601867091857016,4.629229481635675
Gentebra,9,0.41525967727082946,2.408131717898068
Gentebra,10,0.5961589524757203,1.6774049871216636
Gentebra,11,0.7950283543565935,1.2578167741064876
Gentebra,12,0.9500206969369428,1.05260864655286
Gentebra,13,1.1310697231974667,0.884118794350767
Gentebra,14,1.180936824723318,0.8467853479243398
Gentebra,15,1.1283742041960694,0.8862308233220096
Gentebra,16,1.1382577738678596,0.8785356208040184
Gentebra,17,1.273932230271528,0.7849711124640111
Gentebra,18,1.2435327659779907,0.8041605556034854
Gentebra,19,1.2635994074328376,0.7913900514021502
Gentebra,20,1.2273596519696064,0.814757107580691
Gentebra,21,1.3214033149072484,0.7567712209577677
Gentebra,22,1.4816924077886975,0.6749039103820588
Gentebra,23,1.6126691181137984,0.6200900040608546
Gladera,0,1.3343410224779977,0.749433602920268
Gladera,1,1.4132663775957701,0.7075806909814034
Gladera,2,1.5383054233441515,0.6500659653309164
Gladera,3,1.3925743369281893,0.7180945199707259
Gladera,4,1.2057547697580309,0.8293560391228463
Gladera,5,1.0718477065806866,0.9329683628191091
Gladera,6,0.7857063442061404,1.2727401367878441
Gladera,7,0.5495214800147535,1.8197650799258147
Gladera,8,0.272828388061436,3.6653077310078825
Gladera,9,0.33136825126225855,3.017790618717297
Gladera,10,0.4259604371711995,2.3476358664691808
Gladera,11,0.5385842585190322,1.8567196946114652
Gladera,12,0.6526860827716922,1.5321301103179754
Gladera,13,0.8191092098552352,1.2208384278535147
Gladera,14,0.92641222074569,1.079433083465887
Gladera,15,1.013614392130495,0.9865684699860278
Gladera,16,1.0750993129713065,0.9301466273252927
Gladera,17,1.1336282280024637,0.8821234116250559
Gladera,18,1.2350192272736096,0.8097039931982024
Gladera,19,1.2143271866060288,0.8235012861689605
Gladera,20,1.2060503703389964,0.8291527655838455
Gladera,21,1.2403400377309877,0.806230525162557
Gladera,22,1.3739515003273666,0.7278277288257508
Gladera,23,1.2370884313403678,0.8083496496014551
Gladibra,0,1.6329755071275336,0.612379056290341
Gladibra,1,1.6940213204780956,0.5903113425501485
Gladibra,2,1.5636052646837133,0.6395476035969221
Gladibra,3,1.2014925991269705,0.8322980938264795
Gladibra,4,0.9032005566185424,1.1071738083774674
Gladibra,5,0.5521871298528109,1.8109802745068624
Gladibra,6,0.4828168874089904,2.0711785898095725
Gladibra,7,0.3732119043477541,2.679442934028741
Gladibra,8,0.23308401461123673,4.290298507462687
Gladibra,9,0.26221951643764135,3.8135986733001657
Gladibra,10,0.41344664496517,2.4186917760192324
Gladibra,11,0.6701165420073056,1.492277741726152
Gladibra,12,0.9156872002584301,1.0920759837177747
Gladibra,13,1.1543208342651725,0.8663102755453501
Gladibra,14,1.13212235668315,0.8832967515364354
Gladibra,15,1.1335097615320264,0.8822156049617274
Gladibra,16,1.1099238791011274,0.900962686567164
Gladibra,17,1.101599450007869,0.9077709688334147
Gladibra,18,1.0599773045415766,0.9434164257247792
Gladibra,19,1.064139519088206,0.9397264005915662
Gladibra,20,1.1196357130432621,0.8931476446762471
Gladibra,21,1.2014925991269705,0.8322980938264795
Gladibra,22,1.441667794076909,0.6936410760568414
Gladibra,23,1.5719296937769716,0.6361607672142378
Harmonia,0,0.44305102751675357,2.2570763589125993
Harmonia,1,0.3570918979713454,2.8003995769185566
Harmonia,2,0.3064804478651704,3.2628508831986855
Harmonia,3,0.30848883874239963,3.24160836442786
Harmonia,4,0.3938454510246391,2.5390670309848007
Harmonia,5,0.5085245701144243,1.9664733206007876
Harmonia,6,0.6005088722915202,1.665254330354914
Harmonia,7,0.7135812786795219,1.401382056786151
Harmonia,8,0.771251850794921,1.2965933228806008
Harmonia,9,1.0511917851417445,0.9513011936876564
Harmonia,10,1.068865624861361,0.9355712979633961
Harmonia,11,1.0198608874569695,0.9805258857347763
Harmonia,12,1.0286978073167778,0.9721027816792647
Harmonia,13,1.0779033838088925,0.9277269326926016
Harmonia,14,1.1733019504772777,0.8522955234099955
Harmonia,15,1.3265421744098629,0.7538395833097946
Harmonia,16,1.5109124569395003,0.6618517144438646
Harmonia,17,1.6089219317482832,0.6215341964500305
Harmonia,18,1.780639351751377,0.5615960351636807
Harmonia,19,1.9660138297196288,0.5086434209583404
Harmonia,20,1.8539456187702414,0.5393901470871187
Harmonia,21,1.5070965142727648,0.663527511695255
Harmonia,22,0.9916095224506127,1.0084614733515784
Harmonia,23,0.6232036892042097,1.6046118104290021
Havera,0,1.5853782881742104,0.63076428348949
Havera,1,1.5403116972413395,0.6492192468517739
Havera,2,1.5136651811738882,0.6606480828372315
Havera,3,1.450893858088818,0.6892302937426756
Havera,4,1.3421617656793514,0.7450666719699305
Havera,5,1.1087812054912696,0.9018911892152143
Havera,6,0.8385604955723489,1.1925198065972122
Havera,7,0.5651207434439375,1.7695333459285847
Havera,8,0.3401322130489109,2.9400332036654238
Havera,9,0.3637517696724585,2.7491275187484403
Havera,10,0.37716444554533674,2.651363382235338
Havera,11,0.4216945294432926,2.3713848062486544
Havera,12,0.5449123117954675,1.8351576544582633
Havera,13,0.6697396152523879,1.4931175896219835
Havera,14,0.7929573976045629,1.2611017981809491
Havera,15,0.8981127764479284,1.1134459126113756
Havera,16,1.020078709051968,0.9803165100165372
Havera,17,1.0563823517478919,0.9466269465268882
Havera,18,1.1497345758231245,0.8697659625345043
Havera,19,1.1792424627434568,0.8480020280761796
Havera,20,1.2640105742600476,0.7911326221186088
Havera,21,1.2523862551702194,0.7984757065735155
Havera,22,1.2989563905095811,0.7698487857684734
Havera,23,1.4129806942881487,0.7077237530862331
Honbra,0,1.6332175584300879,0.6122882985419522
Honbra,1,1.531884475948637,0.6527907395763238
Honbra,2,1.3224250317132358,0.7561865330879847
Honbra,3,0.9799305350580527,1.0204804975699204
Honbra,4,0.6346055053726616,1.575782106417067
Honbra,5,0.4217494215010106,2.3710761628101102
Honbra,6,0.2975833725758808,3.3604028052508546
Honbra,7,0.23342462389116334,4.284038176136295
Honbra,8,0.263008935784672,3.8021521855010656
Honbra,9,0.4177866752587192,2.3935660451131873
Honbra,10,0.5715789699000273,1.749539525876724
Honbra,11,0.7557523190655694,1.3231848249389753
Honbra,12,0.9284148339082648,1.0771047203009343
Honbra,13,1.073149422852907,0.9318366843468606
Honbra,14,1.1284391680429724,0.8861798033245145
Honbra,15,1.0706962942267266,0.9339716644132176
Honbra,16,1.1054174993972796,0.9046355793582446
Honbra,17,1.174482505334358,0.8514388213175765
Honbra,18,1.2220354602418542,0.8183068597715561
Honbra,19,1.205995773070675,0.8291903025943665
Honbra,20,1.219204927211646,0.8202066590126292
Honbra,21,1.4681031316679471,0.6811510570540613
Honbra,22,1.6469369074135412,0.6071878014868622
Honbra,23,1.6909604322463336,0.5913798933021535
Hostera,0,1.3633898227940284,0.7334659414947629
Hostera,1,1.5768562628959824,0.6341732113004679
Hostera,2,1.5705030950358054,0.6367386369125247
Hostera,3,1.5743149957519118,0.6351968968715742
Hostera,4,1.4320040356839423,0.69832205432465
Hostera,5,1.3633898227940284,0.7334659414947629
Hostera,6,1.198207458429421,0.834580016144094
Hostera,7,0.8602189282679937,1.1624947639939152
Hostera,8,0.49281758393907926,2.0291483757682176
Hostera,9,0.454886818788688,2.1983490369382137
Hostera,10,0.4714050552251487,2.1213179386088425
Hostera,11,0.44980428450054616,2.2231891390505103
Hostera,12,0.4879232916616094,2.0495024875621892
Hostera,13,0.6378580531617916,1.567746922756734
Hostera,14,0.6899540296152445,1.4493719249058574
Hostera,15,0.8309943561111786,1.203377607375964
Hostera,16,0.9237506068697658,1.08254326715802
Hostera,17,0.8818196989925963,1.1340186674695685
Hostera,18,0.918668072581624,1.0885324415268058
Hostera,19,1.03683699478092,0.9644717588527949
Hostera,20,1.0889329712343732,0.9183301694561034
Hostera,21,1.1702535198446413,0.8545156951399355
Hostera,22,1.2149139368765536,0.823103571081685
Hostera,23,1.2998581441922563,0.7693147167388862
Idyllia,0,0.4825389712237124,2.0723714759535654
Idyllia,1,0.3431388239813066,2.9142723880597017
Idyllia,2,0.277013113109909,3.6099374097255654
Idyllia,3,0.32169264748247495,3.1085572139303483
Idyllia,4,0.25735411798597996,3.8856965174129354
Idyllia,5,0.26807720623539577,3.7302686567164183
Idyllia,6,0.4396466182260491,2.2745540589734254
Idyllia,7,0.5593877703445259,1.7876686853273567
Idyllia,8,0.4967040384173852,2.0132713299175764
Idyllia,9,0.9775882120717433,1.0229255914213211
Idyllia,10,1.0901806386906094,0.9172791778810865
Idyllia,11,1.083031913190999,0.9233338259199055
Idyllia,12,1.1241370848137595,0.8895712217924686
Idyllia,13,1.1956243398098654,0.8363831068870892
Idyllia,14,1.3010680409291209,0.7685993111366246
Idyllia,15,1.5512734334154903,0.6446316803081368
Idyllia,16,1.6245478697864986,0.6155558839466035
Idyllia,17,1.8229250024006913,0.5485689201053556
Idyllia,18,1.8175634582759834,0.5501871175097962
Idyllia,19,2.042748311513716,0.48953656912288945
Idyllia,20,1.8407968161497177,0.5432430082596725
Idyllia,21,1.513742624542535,0.6606142839521402
Idyllia,22,0.9507804914482038,1.0517674783974862
Idyllia,23,0.5987057605923839,1.6702695477834708
Ignibra,0,1.423594883245919,0.702447031644223
Ignibra,1,1.4641861833792038,0.6829732525491357
Ignibra,2,1.4061986117602256,0.7111370980150793
Ignibra,3,1.110461996503436,0.9005260901757531
Ignibra,4,0.7248446452372298,1.3796059701492536
Ignibra,5,0.5595800661231414,1.787054365478308
Ignibra,6,0.3653217011995638,2.737313432835821
Ignibra,7,0.30443475099963646,3.2847761194029856
Ignibra,8,0.25858161566388876,3.8672509545296774
Ignibra,9,0.39431548700905295,2.5360403863037755
Ignibra,10,0.42330927281854214,2.362338989981599
Ignibra,11,0.6349639092278132,1.5748926599877326
Ignibra,12,0.9104048744179606,1.0984123966156478
Ignibra,13,1.113361375084385,0.8981809701492537
Ignibra,14,1.2177390039985458,0.8211940298507464
Ignibra,15,1.003184989008326,0.9968251229402122
Ignibra,16,0.9683924460369389,1.0326391992135133
Ignibra,17,1.2177390039985458,0.8211940298507464
Ignibra,18,1.2699278184556264,0.7874463299938663
Ignibra,19,1.3424122829793494,0.7449276296702234
Ignibra,20,1.4699849405411018,0.6802790779828668
Ignibra,21,1.5163749978362844,0.6594674809508863
Ignibra,22,1.4883476715537782,0.6718860244233379
Ignibra,23,1.4032992331792769,0.7126063895399037
Ignitera,0,1.2955984790685844,0.7718440675531725
Ignitera,1,1.32053381467215,0.7572695139565744
Ignitera,2,1.464950966709466,0.6826167037154652
Ignitera,3,1.479496579144879,0.6759055844373638
Ignitera,4,1.2841697835836172,0.7787132299666715
Ignitera,5,1.1459864654471923,0.8726106547949284
Ignitera,6,1.0223487597461804,0.9781397888605753
Ignitera,7,0.866502912223897,1.1540642113175132
Ignitera,8,0.5527332725456993,1.8091908876669285
Ignitera,9,0.44779706854736157,2.2331544135471137
Ignitera,10,0.3594844216180676,2.7817617116728495
Ignitera,11,0.42390070526061147,2.359043020193152
Ignitera,12,0.5724737465651886,1.7468049949887585
Ignitera,13,0.6888386460484935,1.4517187816573245
Ignitera,14,0.8239050472344728,1.2137320961397302
Ignitera,15,0.9631273376877127,1.0382843066222287
Ignitera,16,0.9319581681832559,1.0730095342684571
Ignitera,17,1.0129980088948434,0.9871687715269807
Ignitera,18,1.1459864654471923,0.8726106547949284
Ignitera,19,1.251961641762345,0.798746516380752
Ignitera,20,1.242610890911008,0.8047571507013428
Ignitera,21,1.163648994833051,0.8593656716417911
Ignitera,22,1.2455354055805619,0.8028675825027115
Ignitera,23,1.2862477282172475,0.7774552118245606
Inabra,0,1.7019112138083266,0.5875747171101385
Inabra,1,1.6010652868555355,0.6245841491973027
Inabra,2,1.3624490539336256,0.7339723985369049
Inabra,3,1.0342458030704604,0.9668881391939984
Inabra,4,0.7524098871687829,1.3290628114455878
Inabra,5,0.5444227292997613,1.8368079548886653
Inabra,6,0.38207652516567636,2.6172767341997236
Inabra,7,0.2857099491099481,3.500053124209461
Inabra,8,0.2709312298339533,3.690973538240217
Inabra,9,0.4451506283378302,2.2464306154839075
Inabra,10,0.5901847465724563,1.6943846919249905
Inabra,11,0.7371558814112179,1.3565651787049313
Inabra,12,0.8708100270965495,1.1483560924696687
Inabra,13,0.9872731504201809,1.012890910255589
Inabra,14,1.0646327510478322,0.9392910362900077
Inabra,15,1.0646327510478322,0.9392910362900077
Inabra,16,1.0899350304393487,0.9174858794995365
Inabra,17,1.1273436636067105,0.8870409550187208
Inabra,18,1.1526459429982272,0.8675690970627379
Inabra,19,1.2432014692415496,0.8043748537476217
Inabra,20,1.2175359992367576,0.8213309508933408
Inabra,21,1.3191083074160994,0.75808786464155
Inabra,22,1.5248983862665415,0.6557814009157243
Inabra,23,1.6229777871898154,0.6161513779751102
Issobra,0,1.7795187255061973,0.5619496921649659
Issobra,1,1.7795187255061973,0.5619496921649659
Issobra,2,1.3333858619285872,0.7499704538291838
Issobra,3,0.8925790227054853,1.1203489826244317
Issobra,4,0.49782662937136407,2.0087314358068005
Issobra,5,0.31266895916464527,3.1982707930831724
Issobra,6,0.22839245614331302,4.378428328528129
Issobra,7,0.1785784636511501,5.599779388591238
Issobra,8,0.15587658608578123,6.41533167431371
Issobra,9,0.3737615914663545,2.6755023063679846
Issobra,10,0.594008363302773,1.683477980747366
Issobra,11,0.793890924371955,1.2596188837794025
Issobra,12,0.9809283678802647,1.0194424310115
Issobra,13,1.1143922722932296,0.8973500847615986
Issobra,14,1.1789311556478559,0.8482259504376842
Issobra,15,1.1645195603356577,0.8587232315030955
Issobra,16,1.1541808071769069,0.8664153777136282
Issobra,17,1.2315648080924053,0.8119751339346237
Issobra,18,1.3055025579549866,0.7659885412759795
Issobra,19,1.2901510759919932,0.775103023675815
Issobra,20,1.2635209542194532,0.7914391895603784
Issobra,21,1.3073823312565778,0.7648871918277034
Issobra,22,1.4437140949373546,0.6926579185634341
Issobra,23,1.616605039368306,0.6185802812978695
Jadebra,0,1.786288382931304,0.5598200209749992
Jadebra,1,1.6734595460885247,0.5975644898840601
Jadebra,2,1.407231932858424,0.7106149147488157
Jadebra,3,1.0562313116248039,0.9467623133248123
Jadebra,4,0.7060380523721698,1.4163542554684798
Jadebra,5,0.47977485720087115,2.084310974181213
Jadebra,6,0.32233927090862063,3.1023213435370964
Jadebra,7,0.2581539934202416,3.8736569082320114
Jadebra,8,0.19476055172090637,5.134509997861421
Jadebra,9,0.35947792203397205,2.781812007652298
Jadebra,10,0.5106564529735819,1.958263709734681
Jadebra,11,0.7163319176297399,1.396000897613058
Jadebra,12,0.8955662774086097,1.11661194176893
Jadebra,13,1.0039546233559669,0.9960609540870009
Jadebra,14,1.0903423553214582,0.9171431295129105
Jadebra,15,1.0497724157769166,0.9525874227319252
Jadebra,16,1.0243405133758607,0.9762378690894075
Jadebra,17,1.0562313116248039,0.9467623133248123
Jadebra,18,1.1133521717795563,0.898188394784036
Jadebra,19,1.1646196575721608,0.8586494255855708
Jadebra,20,1.256053401918814,0.7961444939143086
Jadebra,21,1.4147000311825437,0.7068636304221347
Jadebra,22,1.7041548275579308,0.5868011426127338
Jadebra,23,1.7489478913107062,0.5717723237886605
Junera,0,1.5813690203520712,0.6323634693294821
Junera,1,1.5573260912243965,0.6421262737682529
Junera,2,1.4879294548786075,0.6720748733894678
Junera,3,1.276460964596558,0.7834160446230826
Junera,4,1.2425822917348341,0.8047756729285492
Junera,5,1.0054315817027681,0.9945977609997396
Junera,6,0.798880963287743,1.2517509440762795
Junera,7,0.5693802761599372,1.7562954704793865
Junera,8,0.3124740124740125,3.2002661343978707
Junera,9,0.37594398272364377,2.659970756162094
Junera,10,0.3988940514364243,2.506931342793864
Junera,11,0.4633728159151888,2.1580894814145295
Junera,12,0.603805379229108,1.6561627875470777
Junera,13,0.7797559060270924,1.282452614043112
Junera,14,0.9092598651920686,1.0997956011054812
Junera,15,0.969913618218703,1.0310196508391667
Junera,16,1.0185459066815,0.9817917812443782
Junera,17,1.1114390419475166,0.8997344543950446
Junera,18,1.175371376218834,0.8507949234028455
Junera,19,1.1147176231921996,0.8970881765880003
Junera,20,1.1469570054315816,0.8718722630964846
Junera,21,1.2048786074209803,0.829959129360327
Junera,22,1.3552309806547096,0.7378815967717192
Junera,23,1.5163438256658597,0.6594810379241517
Kalanta,0,0.5421400096437947,1.8445419674099235
Kalanta,1,0.39301836884935243,2.5444103361573647
Kalanta,2,0.30652781718857586,3.262346658035281
Kalanta,3,0.26543652061410733,3.7673790994789447
Kalanta,4,0.323428269811946,3.091875674879749
Kalanta,5,0.407599151504809,2.453390779416776
Kalanta,6,0.607090768745374,1.6472001412023116
Kalanta,7,0.7389805754924587,1.35321554201015
Kalanta,8,0.7761972584941484,1.2883323009154106
Kalanta,9,1.0428573412891333,0.9589039271314378
Kalanta,10,1.1194064502302803,0.8933305679936752
Kalanta,11,1.07997206077575,0.9259498799271663
Kalanta,12,1.0372238570813432,0.9641120315279983
Kalanta,13,1.089582122071392,0.9177830470445969
Kalanta,14,1.177398199428119,0.8493303289284082
Kalanta,15,1.3072997176312777,0.7649355281831773
Kalanta,16,1.4246087417229056,0.701947117627968
Kalanta,17,1.5853287323569156,0.6307840005607515
Kalanta,18,1.8047032350367398,0.5541077228576267
Kalanta,19,1.9849747296860212,0.5037847510321594
Kalanta,20,1.8106681006685172,0.552282331384084
Kalanta,21,1.3971040835319306,0.7157662852662796
Kalanta,22,1.0363571672032217,0.9649183038880916
Kalanta,23,0.7287077513488415,1.3722922504241177
Kalibra,0,1.8081297355766501,0.5530576597044233
Kalibra,1,1.6152510726490743,0.6190987995197312
Kalibra,2,1.3384296851051183,0.7471442176818287
Kalibra,3,0.9886970603687003,1.0114321566072875
Kalibra,4,0.6584419056151386,1.5187368718061258
Kalibra,5,0.43143457846981464,2.317848521893488
Kalibra,6,0.29974619734678687,3.336155750603451
Kalibra,7,0.24252035633520944,4.12336520987875
Kalibra,8,0.1900810140736735,5.260914694049402
Kalibra,9,0.36041937817833897,2.7745456003344815
Kalibra,10,0.510895761320228,1.957346440721795
Kalibra,11,0.6942942397428739,1.440311531851887
Kalibra,12,0.8964807201843811,1.115472957181196
Kalibra,13,1.0398900566953222,0.9616401210507876
Kalibra,14,1.1103881560138018,0.9005859748990066
Kalibra,15,1.0766042257780513,0.9288464377680757
Kalibra,16,1.0373045518303414,0.9640370306246927
Kalibra,17,1.1217643774197177,0.8914528042869394
Kalibra,18,1.197605853459158,0.8349992588225964
Kalibra,19,1.2406976012088398,0.8059981731452349
Kalibra,20,1.2579343003087122,0.7949540765003291
Kalibra,21,1.5132098139778276,0.6608468903405172
Kalibra,22,1.6377781124726773,0.610583321626044
Kalibra,23,1.719705469194303,0.5814949233536535
Kalimera,0,1.6341949980050818,0.6119220785896019
Kalimera,1,1.557920875244115,0.6418811223922443
Kalimera,2,1.507071460070137,0.6635385424613253
Kalimera,3,1.398358917284391,0.7151239840069079
Kalimera,4,1.2957833728817116,0.7717339340263993
Kalimera,5,1.103782994897209,0.9059751822803956
Kalimera,6,0.8390153503706347,1.19187330667818
Kalimera,7,0.6023025555952205,1.6602951302634907
Kalimera,8,0.2756928504392858,3.6272250020506935
Kalimera,9,0.34279519539698866,2.9171937455013253
Kalimera,10,0.43222002897881184,2.3136364188458782
Kalimera,11,0.5084941517397786,1.9665909560189967
Kalimera,12,0.6224669788538669,1.6065109218183353
Kalimera,13,0.7934262195249994,1.260356634796705
Kalimera,14,0.8661934860670711,1.154476472156901
Kalimera,15,0.8819743390520988,1.1338198354781492
Kalimera,16,0.949481321265828,1.0532066061782255
Kalimera,17,0.9950704521114633,1.0049539687145534
Kalimera,18,1.0169883034795573,0.9832954780094983
Kalimera,19,1.1072898511161042,0.9031059022098321
Kalimera,20,1.1520022679070157,0.8680538466446105
Kalimera,21,1.1888242582054134,0.8411672230759721
Kalimera,22,1.3860174809755876,0.7214916216613095
Kalimera,23,1.5184687427815458,0.658558172338925
Kanda,0,0.44086440018276274,2.268271150007677
Kanda,1,0.3702130539996277,2.7011473236732644
Kanda,2,0.3149031429876877,3.1755796100107476
Kanda,3,0.32418874848604257,3.084622784319282
Kanda,4,0.36415722432678754,2.7460666250647265
Kanda,5,0.4558021133757685,2.193934540131429
Kanda,6,0.6536258826885467,1.5299271746809036
Kanda,7,0.8772878586054427,1.1398767122910187
Kanda,8,0.8699898074612508,1.1494387536770536
Kanda,9,1.0678446323108128,0.9364658207215059
Kanda,10,1.0629999685725406,0.9407338001551019
Kanda,11,1.0440250355976415,0.957831436894193
Kanda,12,1.0488696993359137,0.9534072732133884
Kanda,13,1.0621925246161619,0.9414489151685228
Kanda,14,1.1239619872791313,0.8897098045288734
Kanda,15,1.277780060969271,0.7826072972538336
Kanda,16,1.3968780445351272,0.7158821086151398
Kanda,17,1.6693903798129341,0.5990210630733696
Kanda,18,1.8195749556993697,0.549578898559659
Kanda,19,1.982274912909675,0.5044708952766565
Kanda,20,1.794140471073441,0.5573699585527415
Kanda,21,1.3532760708906781,0.7389475226158663
Kanda,22,0.9686843033601532,1.032328072759329
Kanda,23,0.6455514431247596,1.549063224395487
Karmeya,0,0.4131154882699152,2.420630618783857
Karmeya,1,0.3230576394612084,3.0954228529242886
Karmeya,2,0.2900880584477016,3.447229111570908
Karmeya,3,0.2783606235905481,3.5924621345544208
Karmeya,4,0.32283636710541314,3.0975444587179304
Karmeya,5,0.44165962216751514,2.2641870567482267
Karmeya,6,0.6414685594507146,1.5589228579749779
Karmeya,7,0.7757808794184909,1.2890237778863267
Karmeya,8,0.837600971437622,1.1938859123857548
Karmeya,9,1.110123409025262,0.9008007505021849
Karmeya,10,1.1012725147934481,0.9080404591660561
Karmeya,11,1.110123409025262,0.9008007505021849
Karmeya,12,1.0899876246478855,0.9174416088650956
Karmeya,13,1.068081661424146,0.9362579998486558
Karmeya,14,1.1594671443676248,0.8624651460437903
Karmeya,15,1.299975090297671,0.7692455089820359
Karmeya,16,1.4993414828692797,0.6669594694907706
Karmeya,17,1.6945037006807768,0.5901432965878116
Karmeya,18,1.834347829543437,0.5451528788021063
Karmeya,19,1.9255120401311205,0.5193423770707264
Karmeya,20,1.8197438540609439,0.5495278897458002
Karmeya,21,1.4161430770902288,0.7061433383233533
Karmeya,22,0.9386373332838673,1.0653742020908676
Karmeya,23,0.5927886411757379,1.6869419056623596
Lobera,0,1.59033192087345,0.6287995523920409
Lobera,1,1.5833588900743376,0.6315687531542837
Lobera,2,1.58468136143279,0.6310416872044546
Lobera,3,1.466500511854728,0.6818954319594948
Lobera,4,1.2486534117169377,0.8008627459119889
Lobera,5,1.0257568754832385,0.9748898826818935
Lobera,6,0.8002153965326341,1.2496635335099033
Lobera,7,0.6053312081643349,1.6519881785584738
Lobera,8,0.35941627185239794,2.782289168061572
Lobera,9,0.3890470287228972,2.5703833371575766
Lobera,10,0.40972567178233427,2.440657417559248
Lobera,11,0.4699582309263922,2.1278486771660057
Lobera,12,0.5340379794768572,1.8725259970828265
Lobera,13,0.6519783797170184,1.5337931917834993
Lobera,14,0.7879524802997121,1.2691120657677628
Lobera,15,1.0330905802892014,0.9679693330666725
Lobera,16,1.0483591132458787,0.9538716145690272
Lobera,17,1.0157782279603704,0.9844668575028899
Lobera,18,1.05461079603129,0.9482171088739075
Lobera,19,1.1230186326639626,0.8904571757886647
Lobera,20,1.1987601741025984,0.8341952140248637
Lobera,21,1.2484129623790372,0.8010169952852386
Lobera,22,1.3023660945833109,0.7678332568385449
Lobera,23,1.444499397436839,0.6922813548932097
Luminera,0,1.4289109462789238,0.6998336758523227
Luminera,1,1.4052156507528297,0.7116345448218289
Luminera,2,1.3540168872053766,0.7385432260479041
Luminera,3,1.3100113383712018,0.7633521716257408
Luminera,4,1.2600819656555036,0.7935991683523483
Luminera,5,0.9941445864028225,1.005889901405956
Luminera,6,0.7546528494783715,1.3251126007027159
Luminera,7,0.5528197072293202,1.8089080163438909
Luminera,8,0.319430810842153,3.1305683924590193
Luminera,9,0.3636804732978191,2.7496664611440296
Luminera,10,0.38589481285353233,2.591379740518962
Luminera,11,0.4918889473050782,2.0329792028845532
Luminera,12,0.6440042819770573,1.5527847065396145
Luminera,13,0.7675583229345477,1.3028325928077693
Luminera,14,0.9226355695472886,1.0838515585201987
Luminera,15,1.013185448879148,0.9869861446453513
Luminera,16,1.0590950839609554,0.9442022865974006
Luminera,17,1.1164292365285582,0.8957128381100221
Luminera,18,1.173340258818909,0.8522676968457604
Luminera,19,1.2683330060619113,0.7884364715106901
Luminera,20,1.2890663896472436,0.775755234975642
Luminera,21,1.2482343178924566,0.8011316350350146
Luminera,22,1.3914150940178518,0.7186927928979114
Luminera,23,1.4653001501225682,0.6824540350428223
Lutabra,0,1.7941251307568347,0.5573747242357391
Lutabra,1,1.673729891719205,0.5974679695615821
Lutabra,2,1.7020581832574708,0.5875239811638858
Lutabra,3,1.2464448276836957,0.802281800036291
Lutabra,4,0.908866020186028,1.1002721829069135
Lutabra,5,0.5547623759577054,1.802573576251752
Lutabra,6,0.38715331768963274,2.5829560391412296
Lutabra,7,0.26675807865200307,3.7487149594616076
Lutabra,8,0.22117858393338305,4.521233395278409
Lutabra,9,0.3092505159594018,3.2336243543447454
Lutabra,10,0.41312091826637637,2.42059880239521
Lutabra,11,0.6657148511492466,1.5021446468764599
Lutabra,12,0.8522094371094965,1.1734204720752401
Lutabra,13,1.000932967685392,0.9990679019319851
Lutabra,14,1.2133951542223855,0.8241338335003145
Lutabra,15,1.1756240988380313,0.8506120289541398
Lutabra,16,1.2417234457606514,0.8053323011771134
Lutabra,17,1.1048033699923665,0.9051384410665849
Lutabra,18,1.1189675157614996,0.8936809924454887
Lutabra,19,1.0859178423001894,0.9208799791720906
Lutabra,20,0.8592915099940629,1.1637494242284663
Lutabra,21,1.1378530434536767,0.8788481129028252
Lutabra,22,1.3982554156708125,0.7151769188894938
Lutabra,23,1.6406802182578948,0.6095032955671391
Luzibra,0,2.1941693911095856,0.45575332700011034
Luzibra,1,1.9558694434911403,0.5112815701108578
Luzibra,2,1.5130538446254718,0.660915012081101
Luzibra,3,1.0189585101963405,0.9813942275307289
Luzibra,4,0.6087206256886368,1.6427897426158584
Luzibra,5,0.4054115564546719,2.4666292415169657
Luzibra,6,0.2793237360692159,3.5800752706250565
Luzibra,7,0.21839134439968935,4.578936050550832
Luzibra,8,0.1890621200774191,5.289266827170402
Luzibra,9,0.3106948684139227,3.218591942328934
Luzibra,10,0.4488485089319582,2.227923185886292
Luzibra,11,0.6183732817947004,1.61714619541405
Luzibra,12,0.8313350071347291,1.2028845067484768
Luzibra,13,1.0014630710041001,0.9985390664454225
Luzibra,14,1.0231815472427432,0.9773436617331376
Luzibra,15,1.032230912342178,0.9687754823491532
Luzibra,16,1.0672217907266586,0.9370123517803286
Luzibra,17,1.1366002564889908,0.8798167995219752
Luzibra,18,1.0955764680382205,0.9127614814424015
Luzibra,19,1.1456496215884255,0.87286721974692
Luzibra,20,1.23131694452974,0.812138584174131
Luzibra,21,1.3019019923053303,0.7681069741887865
Luzibra,22,1.5534279350691034,0.6437376188651555
Luzibra,23,1.8008236547874934,0.5553014573867341
Maligna,0,0.8409095899233714,1.18918848349812
Maligna,1,0.7669633251117958,1.303843309397142
Maligna,2,0.653904986350296,1.529274161956461
Maligna,3,0.5335131337231854,1.8743681022834058
Maligna,4,0.5066235828826126,1.973852054636204
Maligna,5,0.5689584507403043,1.7575975867813247
Maligna,6,0.6594051217495042,1.5165183997158602
Maligna,7,0.7400737742712229,1.3512166418607872
Maligna,8,0.6884101092820801,1.4526224797059801
Maligna,9,0.8445763468561768,1.1840255812542786
Maligna,10,0.8769660330959578,1.1402950197166641
Maligna,11,0.8506876084108523,1.1755196503544636
Maligna,12,0.8806327900287633,1.135547087642896
Maligna,13,0.8769660330959578,1.1402950197166641
Maligna,14,0.924633873222428,1.0815091561754218
Maligna,15,1.159917443077441,0.8621303231261397
Maligna,16,1.2479196094647704,0.801333669585413
Maligna,17,1.349977677427854,0.7407529892681817
Maligna,18,1.5394267856227997,0.6495924387826174
Maligna,19,1.7117643614646536,0.584192557405717
Maligna,20,1.7429317953934993,0.5737459163020383
Maligna,21,1.650040619762429,0.6060456864049679
Maligna,22,1.386692256460175,0.7211405380979853
Maligna,23,1.003469147277744,0.9965428460983029
Menera,0,1.607804724739406,0.6219660787239449
Menera,1,1.5470715445572707,0.6463825176786976
Menera,2,1.4548470857621767,0.6873574616786012
Menera,3,1.34362788748625,0.7442536801397206
Menera,4,1.1924197639875183,0.8386308498074069
Menera,5,1.0014726460486243,0.9985295194487491
Menera,6,0.7517917941887351,1.3301555134412029
Menera,7,0.5186063739832532,1.9282447153885
Menera,8,0.30791472421559896,3.2476524224278718
Menera,9,0.3811444435298607,2.6236772356925497
Menera,10,0.4358792849285752,2.2942131791462943
Menera,11,0.5141076198956875,1.9451180284059981
Menera,12,0.612580348256845,1.6324389165365718
Menera,13,0.7675374334952146,1.3028680509381758
Menera,14,0.8955019942081908,1.116692097245643
Menera,15,1.0027222999618368,0.9972850908352787
Menera,16,1.0549578335341259,0.9479051846555646
Menera,17,1.1194399754558992,0.8933038143405085
Menera,18,1.1731750937240435,0.8523876830914227
Menera,19,1.1654272394621248,0.8580544251407116
Menera,20,1.1726752321587584,0.852751019699731
Menera,21,1.2489041208647307,0.8007019780730713
Menera,22,1.306484328096606,0.7654129318618634
Menera,23,1.3963632826238241,0.7161460147540967
Monstera,0,1.4842414100129802,0.6737448458544588
Monstera,1,1.4251225608513285,0.7016940349345308
Monstera,2,1.2791169182248254,0.7817893624515675
Monstera,3,0.9235080831161028,1.082827555364538
Monstera,4,0.6950943477188126,1.438653620593864
Monstera,5,0.6099990345315869,1.6393468569468992
Monstera,6,0.5383398234265546,1.8575627447268526
Monstera,7,0.506988918568103,1.972429698906075
Monstera,8,0.3752462150750053,2.664916952726937
Monstera,9,0.4586189510722063,2.180459393712575
Monstera,10,0.6234351366137804,1.6040161057195956
Monstera,11,0.6852412061918708,1.4593401432429258
Monstera,12,0.7766067003507867,1.2876530675672877
Monstera,13,0.9673993499179351,1.033699268130406
Monstera,14,1.0560776236604126,0.9469000929438832
Monstera,15,1.1671494008732124,0.8567883419653404
Monstera,16,1.208353447258606,0.8275724311199693
Monstera,17,1.2504532337828123,0.79971003551636
Monstera,18,1.2513489739216255,0.7991375873878585
Monstera,19,1.2352256514229931,0.8095686798990851
Monstera,20,1.245078792949935,0.8031620212811788
Monstera,21,1.2647850760038188,0.790648165425523
Monstera,22,1.4199548292812538,0.7042477544910182
Monstera,23,1.5379858183417543,0.6502010539201155
Monza,0,0.6422560726508033,1.5570113582152196
Monza,1,0.553201410422122,1.8076598887138537
Monza,2,0.47756785898457643,2.093943261018946
Monza,3,0.4528226859634201,2.2083699227047604
Monza,4,0.4584148154597266,2.181430368905373
Monza,5,0.5539004266091604,1.8053786420092677
Monza,6,0.6819601920745796,1.4663612504388517
Monza,7,0.7721332802025221,1.2951131956619082
Monza,8,0.7636267909110251,1.3095402255426056
Monza,9,0.9935816082562602,1.006459853614847
Monza,10,1.045448609334503,0.9565271703183631
Monza,11,1.0359419891907822,0.9653050174953735
Monza,12,1.0292314337952142,0.9715987747406573
Monza,13,1.082077057535311,0.9241486020207645
Monza,14,1.1642813611310168,0.8588989168636788
Monza,15,1.2653591017767567,0.7902894906243199
Monza,16,1.3847510665229008,0.7221514568037072
Monza,17,1.5445461668798597,0.6474393717994857
Monza,18,1.589562809325127,0.6291037976816815
Monza,19,1.6682720319856412,0.5994226246242117
Monza,20,1.5662156686780475,0.6384816727341531
Monza,21,1.3654582197606435,0.7323548868271443
Monza,22,1.0924440052938482,0.9153787243594399
Monza,23,0.8066646798422149,1.2396724748077501
Mystera,0,1.5490911571121646,0.6455398027474463
Mystera,1,1.7655083040616582,0.5664091172493722
Mystera,2,1.5718719094226377,0.6361841534322659
Mystera,3,1.7655083040616582,0.5664091172493722
Mystera,4,1.5035296524912185,0.6651016149519143
Mystera,5,1.3269788220850527,0.7535915293875768
Mystera,6,0.9795723493503393,1.0208536415541012
Mystera,7,0.6948129454694267,1.4392362815352902
Mystera,8,0.33119709128303065,3.019350188511865
Mystera,9,0.45561504620946014,2.194835329341317
Mystera,10,0.44991985813184193,2.222618055029182
Mystera,11,0.45561504620946014,2.194835329341317
Mystera,12,0.4043583535108959,2.4730538922155687
Mystera,13,0.5467380554513522,1.8290294411177643
Mystera,14,0.541042867373734,1.8482823826032144
Mystera,15,0.6720321931589537,1.4880239520958085
Mystera,16,0.768850390478464,1.300643158128188
Mystera,17,1.0080482897384306,0.9920159680638722
Mystera,18,0.8827541520308291,1.1328182344987443
Mystera,19,0.9340108447293934,1.070651380166496
Mystera,20,1.0479146062817584,0.9542762301483988
Mystera,21,1.1845991201445965,0.8441674343620451
Mystera,22,1.447453954496208,0.690868263473054
Mystera,23,1.697166047130239,0.589217538078206
Nefera,0,1.479735528118161,0.6757964386188254
Nefera,1,1.5060160453717033,0.6640035496787736
Nefera,2,1.4552674603303806,0.6871589087637375
Nefera,3,1.3340922674766098,0.7495733423981731
Nefera,4,1.1230713653915176,0.890415365234948
Nefera,5,0.9189118791410943,1.0882436310810333
Nefera,6,0.7291225279406373,1.3715115932906914
Nefera,7,0.5089099178506117,1.964984302572672
Nefera,8,0.3039338334892407,3.290189803878482
Nefera,9,0.3808733091621724,2.6255449671696716
Nefera,10,0.45129991697462024,2.2158213693095736
Nefera,11,0.541663468910445,1.8461647450796304
Nefera,12,0.6369465265390509,1.5699905067912956
Nefera,13,0.7696437195680199,1.2993024883790032
Nefera,14,0.8800736763033472,1.1362685044738414
Nefera,15,0.9739326664945692,1.026765026374209
Nefera,16,1.0189849817863557,0.981368732488016
Nefera,17,1.0802198815938702,0.9257374512719528
Nefera,18,1.1468921297986692,0.8719215818278784
Nefera,19,1.2038548272940315,0.830664941758595
Nefera,20,1.2375146030867457,0.8080712724566559
Nefera,21,1.4361072802637587,0.6963268091060285
Nefera,22,1.429046694158127,0.6997671973126918
Nefera,23,1.4348126735025004,0.6969550927919492
Nevia,0,0.4163044787737816,2.4020880172740022
Nevia,1,0.2788996813452605,3.5855186179365406
Nevia,2,0.2156691550949676,4.636731662252123
Nevia,3,0.20638355333793154,4.845347334254897
Nevia,4,0.25701219148938986,3.8908660099156527
Nevia,5,0.37562469964771905,2.6622317460429348
Nevia,6,0.5513878757630437,1.8136053474446456
Nevia,7,0.7389791398307832,1.3532181709878675
Nevia,8,0.810704461095068,1.2334951242888672
Nevia,9,1.1071974666484856,0.9031812572937192
Nevia,10,1.1077501810387853,0.9027306130180514
Nevia,11,1.0657438873760032,0.9383117387256398
Nevia,12,1.0528103706429888,0.9498386678973009
Nevia,13,1.155283618604565,0.8655883143291447
Nevia,14,1.2134291724641,0.824110729074783
Nevia,15,1.3173394778404555,0.759105771003935
Nevia,16,1.4802796801008256,0.675548015312814
Nevia,17,1.7218158686618221,0.5807821952397209
Nevia,18,1.8142297147199427,0.5511981155894402
Nevia,19,1.9630204285886388,0.509419049051351
Nevia,20,1.9123917904371803,0.5229054030666991
Nevia,21,1.5384252339603608,0.6500153390137164
Nevia,22,1.0364160114968666,0.9648635189992174
Nevia,23,0.6519818947976006,1.5337849225252447
Noctalia,0,0.5048652045769765,1.9807267186057989
Noctalia,1,0.3302433685852982,3.0280698876220162
Noctalia,2,0.24157528606102635,4.139496288322232
Noctalia,3,0.23343229889042996,4.2838973216357985
Noctalia,4,0.307623959778086,3.250722085241282
Noctalia,5,0.34291023751733707,2.9162150632771393
Noctalia,6,0.46776937413314845,2.1378056266577095
Noctalia,7,0.6206765776699029,1.6111450568251253
Noctalia,8,0.780474001120239,1.281272660671167
Noctalia,9,1.0884459518030514,0.918741071473014
Noctalia,10,1.0622074375866852,0.9414356975996898
Noctalia,11,0.9708250260055479,1.0300517325088872
Noctalia,12,1.0278259361997226,0.9729273846672851
Noctalia,13,1.0368736997226076,0.9644376169127712
Noctalia,14,1.230495839112344,0.8126805213103205
Noctalia,15,1.3544501993758669,0.7383069532278129
Noctalia,16,1.4440230582524272,0.6925097174072907
Noctalia,17,1.5372150225381416,0.6505270800365132
Noctalia,18,1.8376007714979197,0.54418784292567
Noctalia,19,2.013127383841886,0.49673955459866787
Noctalia,20,1.999555738557559,0.5001110900371203
Noctalia,21,1.6005493671983355,0.6247854770955545
Noctalia,22,1.1419669529499628,0.8756820829331098
Noctalia,23,0.8197273751733704,1.219917780333373
Oceanis,0,0.7448346274752142,1.3425799004400838
Oceanis,1,0.7726537521158549,1.2942407867192443
Oceanis,2,0.7771407077030549,1.2867682648559693
Oceanis,3,0.7861146188774552,1.2720791294124079
Oceanis,4,0.839958085923856,1.1905355954757153
Oceanis,5,0.9198258953760176,1.0871622608441653
Oceanis,6,1.04635804293506,0.9556958124916547
Oceanis,7,1.1100728122733012,0.9008418087027239
Oceanis,8,1.0620969025332387,0.9415336751428899
Oceanis,9,1.6036379268653107,0.6235821585703802
Oceanis,10,1.6476100916198715,0.6069397153405608
Oceanis,11,1.5937666245734705,0.6274444354534175
Oceanis,12,1.55517880652355,0.6430128778795553
Oceanis,13,1.4663370858969882,0.6819714304561012
Oceanis,14,1.306601466992665,0.7653443113772455
Oceanis,15,1.0840484698675408,0.922467977951382
Oceanis,16,0.8964937263225773,1.1154567741394088
Oceanis,17,0.7941911389344153,1.25914273148618
Oceanis,18,0.7143233294822536,1.3999262780970723
Oceanis,19,0.7089389827776136,1.4105586295762904
Oceanis,20,0.624584217738252,1.6010651111569962
Oceanis,21,0.6254816088556919,1.5987680306531844
Oceanis,22,0.628173782208012,1.5919161676646707
Oceanis,23,0.6694537736102528,1.4937551171116212
Ombra,0,1.793530261271744,0.5575595916017201
Ombra,1,1.644050814194736,0.6082537056434018
Ombra,2,1.2667825380645557,0.7894014718010264
Ombra,3,0.9872336616653151,1.0129314252850232
Ombra,4,0.6820278652453939,1.4662157529886253
Ombra,5,0.4549083471492831,2.1982450009250747
Ombra,6,0.2965047539781251,3.372627206084446
Ombra,7,0.23336642036201574,4.285106650942856
Ombra,8,0.22176503043962106,4.509277220207473
Ombra,9,0.4147496897256092,2.4110928224240062
Ombra,10,0.5791770815103182,1.726587656735835
Ombra,11,0.7748389846245513,1.2905907160628356
Ombra,12,0.9537681138122535,1.048472878803796
Ombra,13,1.0999010061039556,0.909172729591527
Ombra,14,1.1480913950123643,0.8710107961302423
Ombra,15,1.132697242999956,0.8828484453193278
Ombra,16,1.1291275845622961,0.8856395093630166
Ombra,17,1.1683938273765548,0.8558757985270627
Ombra,18,1.1976204058348952,0.8349891126837236
Ombra,19,1.2058752409719837,0.8292731835127156
Ombra,20,1.2411256180438752,0.8057202151512184
Ombra,21,1.296901531132311,0.7710685630287679
Ombra,22,1.4430344234240131,0.6929841615470358
Ombra,23,1.6105852663416744,0.6208923059823006
Opulera,0,1.2877371716982895,0.7765559789511886
Opulera,1,1.4064765732444955,0.7109965562335495
Opulera,2,1.5625659273897428,0.6399729972805014
Opulera,3,1.668483703416875,0.5993465791437506
Opulera,4,1.6155248154033088,0.6189938962654401
Opulera,5,1.3406960597118558,0.7458812105518691
Opulera,6,1.0580628363131401,0.9451234517266835
Opulera,7,0.7865788524962279,1.271328356752123
Opulera,8,0.37041204426006746,2.699696231523986
Opulera,9,0.3623502864086096,2.7597604790419163
Opulera,10,0.34562642703590457,2.893297276414912
Opulera,11,0.40304501088219197,2.4811124638689424
Opulera,12,0.49279638951570914,2.02923564635435
Opulera,13,0.6421961999118743,1.5571565202927478
Opulera,14,0.8339631207188923,1.1990937910275705
Opulera,15,0.9181398795615079,1.0891586590025775
Opulera,16,0.9560472941396393,1.0459733594036416
Opulera,17,1.0023166384041233,0.997688716005142
Opulera,18,1.0530456785013287,0.9496264221160642
Opulera,19,1.1294179696366817,0.8854118022592524
Opulera,20,1.1511589868211982,0.8686897391657363
Opulera,21,1.1706701560893542,0.8542115768463073
Opulera,22,1.1766735927872483,0.8498533545154588
Opulera,23,1.2336633597265434,0.8105939048247832
Ourobra,0,1.8069074577380395,0.5534317741163352
Ourobra,1,1.7245088921209069,0.5798752355345287
Ourobra,2,1.4355967666516307,0.6965744303899405
Ourobra,3,1.078766158225973,0.9269849562619727
Ourobra,4,0.7345194311602542,1.3614343713418038
Ourobra,5,0.5007695253509831,1.99692662867037
Ourobra,6,0.34890103934953176,2.8661422214858816
Ourobra,7,0.2944283474352768,3.3964120938450963
Ourobra,8,0.2379931534754255,4.201801545115697
Ourobra,9,0.3819983711455347,2.617812209515986
Ourobra,10,0.4957704491942951,2.0170625369566846
Ourobra,11,0.6657390385216856,1.5020900715399856
Ourobra,12,0.8582896615223906,1.1651078241187838
Ourobra,13,1.0418764238283447,0.9598067267186343
Ourobra,14,1.1458227315001666,0.8727353477188846
Ourobra,15,1.1139320732592264,0.8977208072249188
Ourobra,16,1.1263435726827276,0.8878285669249196
Ourobra,17,1.1615094877159806,0.8609486281222062
Ourobra,18,1.154269446385605,0.8663488435315749
Ourobra,19,1.120827350716727,0.8921980707916679
Ourobra,20,1.159268522542293,0.8626129154330744
Ourobra,21,1.2790739683663666,0.781815614054909
Ourobra,22,1.456547802003267,0.6865548790260417
Ourobra,23,1.6545218259272756,0.6044042359124219
Pacera,0,1.5182873427399737,0.6586368547309052
Pacera,1,1.5844512407034128,0.6311333377201641
Pacera,2,1.5318849358051416,0.6527905436150863
Pacera,3,1.3411869842814446,0.7456081901478941
Pacera,4,1.1564587077619677,0.8647087814620258
Pacera,5,0.933756665243424,1.0709428239950574
Pacera,6,0.676728991450615,1.4776964082127342
Pacera,7,0.49415643090488437,2.0236506852067677
Pacera,8,0.33269458004288055,3.0057598169201056
Pacera,9,0.4021239412564915,2.4867954812025435
Pacera,10,0.4598307996306189,2.1747129613834
Pacera,11,0.5699381385973449,1.7545763869409854
Pacera,12,0.6921506518781836,1.4447721710388521
Pacera,13,0.8103833818228757,1.2339838432404682
Pacera,14,0.9039082902223238,1.106306923851801
Pacera,15,0.9536555819241578,1.0485965991855621
Pacera,16,1.0082117784905023,0.9918551055783171
Pacera,17,1.0649236910305933,0.9390344194824302
Pacera,18,1.1315850619110506,0.8837161550287468
Pacera,19,1.1723778411065544,0.8529673326614099
Pacera,20,1.1733727869405912,0.8522440703668976
Pacera,21,1.1902868661192147,0.8401336085143728
Pacera,22,1.3014911966465452,0.7683494153296042
Pacera,23,1.5700245261098809,0.6369327251706979
Peloria,0,0.5732161467023291,1.7445426228010628
Peloria,1,0.45233149715846377,2.21076800152538
Peloria,2,0.40569231322097243,2.4649222265528117
Peloria,3,0.389574359948457,2.566904044024627
Peloria,4,0.4252396182535975,2.3516153177515933
Peloria,5,0.49536986174784,2.0186936614828492
Peloria,6,0.6570637972370104,1.5219222306951856
Peloria,7,0.7517139058160369,1.3302933366842955
Peloria,8,0.7234877028674419,1.3821934996775211
Peloria,9,0.9744503026351591,1.0262196002153707
Peloria,10,1.0075435471202172,0.9925129319305569
Peloria,11,1.0072006119442063,0.9928508661940675
Peloria,12,1.0286340604448916,0.9721630251748545
Peloria,13,1.080245804434542,0.9257152361942781
Peloria,14,1.1625502466771738,0.860177874339816
Peloria,15,1.234738101227482,0.8098883471773298
Peloria,16,1.3400192002628484,0.746257963918612
Peloria,17,1.5204031028446165,0.6577203099158624
Peloria,18,1.6442027013845752,0.6081975167404267
Peloria,19,1.8122409376299484,0.5518030076661891
Peloria,20,1.7693740406285776,0.5651716239968942
Peloria,21,1.5591547777338557,0.641373142859777
Peloria,22,1.181068746181766,0.8466907648118397
Peloria,23,0.7976672194015063,1.2536556294118555
Penumbra,0,1.3896103896103895,0.7196261682242991
Penumbra,1,1.3311688311688312,0.751219512195122
Penumbra,2,1.2402597402597402,0.8062827225130891
Penumbra,3,0.935064935064935,1.0694444444444444
Penumbra,4,0.5909090909090909,1.6923076923076923
Penumbra,5,0.3831168831168831,2.610169491525424
Penumbra,6,0.26623376623376627,3.756097560975609
Penumbra,7,0.2792207792207792,3.5813953488372094
Penumbra,8,0.17482517482517484,5.72
Penumbra,9,0.4155844155844156,2.40625
Penumbra,10,0.7207792207792207,1.3873873873873874
Penumbra,11,0.7922077922077921,1.2622950819672132
Penumbra,12,1.0064935064935066,0.9935483870967742
Penumbra,13,1.2402597402597402,0.8062827225130891
Penumbra,14,1.2662337662337662,0.7897435897435898
Penumbra,15,1.1363636363636362,0.8800000000000001
Penumbra,16,1.1623376623376624,0.8603351955307261
Penumbra,17,1.2922077922077921,0.7738693467336684
Penumbra,18,1.2792207792207793,0.7817258883248731
Penumbra,19,1.3311688311688312,0.751219512195122
Penumbra,20,1.4025974025974026,0.7129629629629629
Penumbra,21,1.409090909090909,0.7096774193548387
Penumbra,22,1.3846153846153846,0.7222222222222222
Penumbra,23,1.538961038961039,0.6497890295358649
Premia,0,0.6078373068150167,1.645177070884085
Premia,1,0.5016072087263529,1.9935917638407399
Premia,2,0.4425206452924217,2.259781573217202
Premia,3,0.3997771738721309,2.5013934395360224
Premia,4,0.4057486882617304,2.4645797483267393
Premia,5,0.46106376892328305,2.168897379065999
Premia,6,0.5830083785635243,1.7152412156818437
Premia,7,0.6923813789625035,1.4442907195142172
Premia,8,0.738872156983555,1.3534141062812532
Premia,9,0.9830998426666867,1.017190682573472
Premia,10,1.0123288341526209,0.9878213148369513
Premia,11,1.0406149549454604,0.9609702371156207
Premia,12,1.0827298459036878,0.9235914238286852
Premia,13,1.0990729379173285,0.9098577223591137
Premia,14,1.245846475809062,0.8026671178329517
Premia,15,1.343590737659874,0.7442742585005429
Premia,16,1.4158774907971303,0.706275794692524
Premia,17,1.5573080947613278,0.6421336942663612
Premia,18,1.6132517558849435,0.6198660539820418
Premia,19,1.699995859649651,0.5882367267683158
Premia,20,1.674224060705064,0.5972916191270548
Premia,21,1.4667925082242415,0.6817596861130962
Premia,22,1.1179545279508392,0.8944907641574255
Premia,23,0.8042687012097351,1.2433655549393592
Quelibra,0,1.697884204330721,0.5889683156538842
Quelibra,1,1.638169290206092,0.6104375206998256
Quelibra,2,1.2717502998225405,0.7863178802784946
Quelibra,3,0.9322325826337474,1.072693680341869
Quelibra,4,0.636762005071537,1.5704454600548206
Quelibra,5,0.4166741161320016,2.3999570918468134
Quelibra,6,0.30655626706554495,3.262043896777323
Quelibra,7,0.24964972761509424,4.005612221383166
Quelibra,8,0.262645566694388,3.8074124478316094
Quelibra,9,0.4726938004221855,2.1155344096048054
Quelibra,10,0.5940451481853545,1.6833737352366678
Quelibra,11,0.7507228931658163,1.332049427429842
Quelibra,12,0.961942230502684,1.0395634667971985
Quelibra,13,1.097039833249988,0.9115439291183194
Quelibra,14,1.1467037222249268,0.8720648417009753
Quelibra,15,1.1081255227533224,0.902424842192366
Quelibra,16,1.0763465461770967,0.9290688055364141
Quelibra,17,1.1483296233520826,0.8708300993584974
Quelibra,18,1.1829169746024861,0.8453678672892875
Quelibra,19,1.190159625077998,0.8402234279577954
Quelibra,20,1.282835989325875,0.7795228761281447
Quelibra,21,1.3403337655498369,0.7460828233255589
Quelibra,22,1.5153853302609537,0.6598981658531676
Quelibra,23,1.704239999645966,0.5867718162980198
Quidera,0,1.4680255023183926,0.6811870763966572
Quidera,1,1.717689703392949,0.5821773269203989
Quidera,2,1.6063010598366085,0.6225483036795849
Quidera,3,1.6237775539118273,0.6158479020669484
Quidera,4,1.3606698958563332,0.7349321117820816
Quidera,5,1.050894237138441,0.9515705431242778
Quidera,6,0.7904752704791344,1.265061713308078
Quidera,7,0.5698105266063148,1.7549693333252607
Quidera,8,0.3307090417310664,3.023806046443698
Quidera,9,0.3641256347979686,2.7463048586371563
Quidera,10,0.35894030139103555,2.7859786045885757
Quidera,11,0.43364751232796056,2.3060203773144585
Quidera,12,0.5611683042614264,1.7819965817850951
Quidera,13,0.7151919113858834,1.3982261041826125
Quidera,14,0.8448252465592109,1.183676747437156
Quidera,15,0.9531410999484802,1.049162605677221
Quidera,16,1.0299608541252667,0.970910686551566
Quidera,17,1.0725958176933834,0.9323176386707337
Quidera,18,1.1117738923235445,0.8994634672613661
Quidera,19,1.115038731876058,0.8968298332717961
Quidera,20,1.1565213991315226,0.8646619083321236
Quidera,21,1.167468214101715,0.8565543694647224
Quidera,22,1.211358885190029,0.825519185293405
Quidera,23,1.3531799698240967,0.7390000016996945
Quintera,0,1.432409341983945,0.6981244611368979
Quintera,1,1.4590475545990311,0.6853786203526556
Quintera,2,1.5284683511110733,0.6542497260562056
Quintera,3,1.3946718741125732,0.7170145312038345
Quintera,4,1.188629335627703,0.841305165560221
Quintera,5,0.9387951900407597,1.0651950612961523
Quintera,6,0.7107559456843412,1.4069527044718062
Quintera,7,0.4835239198920164,2.0681500104965362
Quintera,8,0.3114311314008486,3.2109827797301422
Quintera,9,0.38181438081623326,2.6190736919395885
Quintera,10,0.45890375368716413,2.1791061676120056
Quintera,11,0.5487068189425678,1.8224668720668264
Quintera,12,0.7022801507613593,1.4239331681464658
Quintera,13,0.8465704690930753,1.1812365733372352
Quintera,14,0.9593792634251443,1.042340644751725
Quintera,15,1.0318271295525374,0.9691545912672992
Quintera,16,1.1181995159105438,0.8942947888737954
Quintera,17,1.1258680922694322,0.8882035176823266
Quintera,18,1.1115399627567721,0.8996527641883989
Quintera,19,1.1202175623207775,0.8926837371914431
Quintera,20,1.1315186222180866,0.8837680444354737
Quintera,21,1.1922618191661238,0.8387419473848512
Quintera,22,1.4163270644377741,0.7060516070819847
Quintera,23,1.3874069070357316,0.7207690800217746
Rasteibra,0,1.8312953761939785,0.54606155456927
Rasteibra,1,1.6476310562051866,0.6069319925925611
Rasteibra,2,1.423356700040529,0.7025645784865634
Rasteibra,3,1.0287875831219322,0.972017952399295
Rasteibra,4,0.6785051311687856,1.4738282056576504
Rasteibra,5,0.4453734420110379,2.245306759838672
Rasteibra,6,0.28995231590587267,3.448842948109545
Rasteibra,7,0.2383123933612533,4.196172871648009
Rasteibra,8,0.22640834350406694,4.4167983587673625
Rasteibra,9,0.37535037551849576,2.664177433201273
Rasteibra,10,0.5018598297782915,1.99258825007328
Rasteibra,11,0.6908719734610246,1.4474461816570054
Rasteibra,12,0.8907468840220758,1.122653379919336
Rasteibra,13,1.046669368598548,0.9554115463787418
Rasteibra,14,1.1181965105050111,0.8942971924929098
Rasteibra,15,1.0832685370039579,0.9231321374529559
Rasteibra,16,1.0587019719099156,0.9445528831839085
Rasteibra,17,1.090621794583127,0.9169081389779437
Rasteibra,18,1.1599763831139265,0.8620865170681544
Rasteibra,19,1.1783595270618492,0.848637429438386
Rasteibra,20,1.2059342429837334,0.8292326101676912
Rasteibra,21,1.3947792671760308,0.716959323624498
Rasteibra,22,1.6977026266087945,0.5890313087384015
Rasteibra,23,1.6919177211706369,0.5910452899022185
Refugia,0,0.45112808042436725,2.2166653848266766
Refugia,1,0.37249107557975275,2.6846280771789752
Refugia,2,0.3029594081381989,3.300772226039724
Refugia,3,0.2796166340685344,3.576325147218884
Refugia,4,0.3281232496884755,3.0476353045674545
Refugia,5,0.4585779019359623,2.180654575325882
Refugia,6,0.6454856460824249,1.549221126866554
Refugia,7,0.7744503340275927,1.2912383868432438
Refugia,8,0.8145902270268194,1.2276110942920462
Refugia,9,1.1032357900726544,0.9064245458662507
Refugia,10,1.0850251152665331,0.921637652373008
Refugia,11,1.0530736585612477,0.949601190638688
Refugia,12,1.0188044796079103,0.9815426021535091
Refugia,13,1.0580402062356444,0.9451436666644804
Refugia,14,1.1805483822040963,0.8470639705024113
Refugia,15,1.2853425381338668,0.7780027271577402
Refugia,16,1.431690142939423,0.6984751588405058
Refugia,17,1.5719123389465568,0.636167790800705
Refugia,18,1.790274885030865,0.5585734393982518
Refugia,19,1.9816525220842844,0.5046293378155969
Refugia,20,1.8180875520074866,0.5500285169962388
Refugia,21,1.510492699373184,0.6620356393744733
Refugia,22,1.029960109768863,0.9709113882327088
Refugia,23,0.6433334754235196,1.5544038017634316
Retalia,0,0.5914290809956942,1.6908197992504197
Retalia,1,0.38861287336407724,2.5732549499541064
Retalia,2,0.2723126703865067,3.6722492514970058
Retalia,3,0.25812971880387614,3.8740211883924456
Retalia,4,0.28365903165261114,3.5253592814371255
Retalia,5,0.30493345902655694,3.27940398273221
Retalia,6,0.6169583938444292,1.6208548420400577
Retalia,7,0.7332585968219998,1.3637753506526598
Retalia,8,0.8477041061310724,1.1796569024113934
Retalia,9,1.1374727169269705,0.8791419654456673
Retalia,10,1.2098057699983864,0.8265789639946367
Retalia,11,1.228243607055806,0.8141707347429852
Retalia,12,1.2835571182280654,0.7790849240745028
Retalia,13,1.226825311897543,0.8151119725866187
Retalia,14,1.1615837346174425,0.8608935974205435
Retalia,15,1.2637009860123827,0.7913264380330247
Retalia,16,1.272210756961961,0.7860332846013658
Retalia,17,1.5445234273484676,0.6474489038452022
Retalia,18,1.6196930707364097,0.6174009249452058
Retalia,19,1.6367126126355662,0.610980811340923
Retalia,20,1.6438040884268814,0.6083450011108068
Retalia,21,1.5119026387084171,0.661418251676759
Retalia,22,1.0951420614341962,0.913123543707564
Retalia,23,0.8637417513822009,1.1577534586000413
Secura,0,0.4707218699763532,2.124396727201639
Secura,1,0.3597238613357896,2.7799101129589374
Secura,2,0.3075751906096456,3.2512375202235826
Secura,3,0.301821356828409,3.3132181582780387
Secura,4,0.354698360944583,2.819296929754454
Secura,5,0.47028486994233526,2.126370767834008
Secura,6,0.6217053817295607,1.6084789184517563
Secura,7,0.7895133947924599,1.2666029564487262
Secura,8,0.8182433457468719,1.2221303175856875
Secura,9,1.0871832512976982,0.9198081361227435
Secura,10,1.1124564199317373,0.8989116176446375
Secura,11,1.0871832512976982,0.9198081361227435
Secura,12,1.0430462478618836,0.9587302596120516
Secura,13,1.0951949185880276,0.9130794738248448
Secura,14,1.2406430965770077,0.8060335827112944
Secura,15,1.433068778222919,0.6978032144696173
Secura,16,1.4411532788522514,0.6938887172337489
Secura,17,1.539551119845297,0.6495399776660133
Secura,18,1.7315398014571903,0.5775206548289809
Secura,19,1.8247664753810233,0.5480153288059467
Secura,20,1.7132586333674387,0.5836830356631463
Secura,21,1.406848776181841,0.7108084514342613
Secura,22,1.0464133891496374,0.955645264451982
Secura,23,0.6937375540035221,1.4414673016172381
Serdebra,0,1.7312146339270231,0.5776291283603796
Serdebra,1,1.6271701361011737,0.6145638847552094
Serdebra,2,1.332658317513128,0.7503798887220385
Serdebra,3,0.9950883194124701,1.004935924270953
Serdebra,4,0.668397790156636,1.4961150601136106
Serdebra,5,0.42292019734807784,2.36451227978825
Serdebra,6,0.27275288089839805,3.666322411357061
Serdebra,7,0.18924146511770876,5.284254163737303
Serdebra,8,0.21749508030843737,4.597805148428485
Serdebra,9,0.42230726952583425,2.3679440828068103
Serdebra,10,0.5536270554415237,1.8062701057889756
Serdebra,11,0.7076251707802259,1.41317754270584
Serdebra,12,0.9063670171427104,1.1033058144066894
Serdebra,13,1.0444290091030792,0.9574609583649603
Serdebra,14,1.12135145079465,0.8917810730002143
Serdebra,15,1.1173674199500667,0.8949607641546308
Serdebra,16,1.1250290177281115,0.8888659618926136
Serdebra,17,1.151231682129025,0.86863488516113
Serdebra,18,1.1863217999524704,0.8429416032311509
Serdebra,19,1.275502798088913,0.7840045521642922
Serdebra,20,1.2722849270221344,0.7859874614254568
Serdebra,21,1.3695872188033043,0.7301470006954094
Serdebra,22,1.588308154756229,0.6296007465588304
Serdebra,23,1.6878499905032889,0.592469713319616
Solidera,0,1.3330199231756075,0.7501763346625266
Solidera,1,1.4552666911917118,0.6871592719414915
Solidera,2,1.560673343205598,0.6407490743360914
Solidera,3,1.5475754752038724,0.6461720387939486
Solidera,4,1.4939365871968062,0.669372454339833
Solidera,5,1.3682594251802498,0.7308555538495658
Solidera,6,1.098661642144734,0.9101983373587765
Solidera,7,0.8030240501057876,1.2452927155397941
Solidera,8,0.4569140875986539,2.1885952461119653
Solidera,9,0.4637268980610898,2.156441656028897
Solidera,10,0.46216762806088435,2.1637171002125304
Solidera,11,0.4800992330632466,2.0829027232965056
Solidera,12,0.5321788510701074,1.8790675315059888
Solidera,13,0.6104542050804191,1.6381245172490269
Solidera,14,0.7493851620987214,1.3344272752871287
Solidera,15,0.8310909101094851,1.203237802069407
Solidera,16,0.878024937115668,1.1389198162013745
Solidera,17,0.9520902621254251,1.0503205838568521
Solidera,18,1.0294300541356136,0.9714113124856013
Solidera,19,1.0883704601433781,0.9188047972822264
Solidera,20,1.114254342146788,0.8974611649915952
Solidera,21,1.138734881150013,0.8781675318403313
Solidera,22,1.2835910641690957,0.779064320338914
Solidera,23,1.2505345401647412,0.7996580405274238
Sombra,0,1.9425406756936308,0.5147897351714018
Sombra,1,1.9304376185242003,0.5180172570220061
Sombra,2,1.6359298940680527,0.6112731380641921
Sombra,3,1.2849412361545618,0.7782457063894188
Sombra,4,0.9339525782410707,1.0707181748813388
Sombra,5,0.5264829868702364,1.899396609080689
Sombra,6,0.3651088912778268,2.738908922486518
Sombra,7,0.24609549577842468,4.063463237459507
Sombra,8,0.11947889769822637,8.36967882416984
Sombra,9,0.1492710384229789,6.699223175271079
Sombra,10,0.23399243860899396,4.27364237043155
Sombra,11,0.3832634770319729,2.6091711314213675
Sombra,12,0.6172559156409668,1.620073578333529
Sombra,13,0.8149391827416687,1.2270854330942076
Sombra,14,0.9117636400971144,1.0967754755974775
Sombra,15,1.0993610262232907,0.9096192935230455
Sombra,16,1.1800480740194954,0.8474231025129229
Sombra,17,1.2203915979175979,0.8194091156529915
Sombra,18,1.236529007476839,0.8087153588418594
Sombra,19,1.157859135875539,0.8636629180663065
Sombra,20,1.1094469071978161,0.9013500272182907
Sombra,21,1.4261435697979201,0.7011916760538329
Sombra,22,1.6966003473148143,0.5894140017021016
Sombra,23,1.7650291705419805,0.5665628742514969
Sonira,0,0.3788164779124445,2.639800690589624
Sonira,1,0.2801951564121244,3.5689410652379454
Sonira,2,0.2460924564540698,4.063513422593016
Sonira,3,0.270978210477515,3.6903336184773314
Sonira,4,0.3419486941740071,2.9244153203027907
Sonira,5,0.5078537209969755,1.9690709325450735
Sonira,6,0.6645418018853345,1.5047962327771642
Sonira,7,0.7880488774090999,1.2689568231957138
Sonira,8,0.8049938780119585,1.2422454720645024
Sonira,9,1.1382928229242553,0.8785085699047251
Sonira,10,1.1926728039384504,0.8384529241362717
Sonira,11,1.1355277391438725,0.8806477953184542
Sonira,12,1.1198589310550366,0.8929696163229098
Sonira,13,1.160413493167318,0.861761782233785
Sonira,14,1.1963595823122943,0.8358690938615835
Sonira,15,1.2516612579199504,0.7989382060621026
Sonira,16,1.4120361171821532,0.7081971826581824
Sonira,17,1.6940746627811996,0.5902927550774404
Sonira,18,1.8000695410292071,0.5555340931041144
Sonira,19,1.916203059805285,0.5218653601887135
Sonira,20,1.7235688897719494,0.5801914886803933
Sonira,21,1.401897476654083,0.7133189242816143
Sonira,22,0.9489200337600893,1.0538295793350538
Sonira,23,0.6073967370907566,1.6463703851780505
Stralis,0,0.9910428978569579,1.0090380569422486
Stralis,1,0.9992844188370572,1.0007160935860238
Stralis,2,1.021948601532331,0.9785227931234304
Stralis,3,1.0095863200621815,0.9905047048759624
Stralis,4,1.019888221287306,0.9804996068469122
Stralis,5,1.0528543052077037,0.9497990320728406
Stralis,6,1.0610958261878032,0.9424219522120806
Stralis,7,1.1393902754987477,0.8776623967255363
Stralis,8,0.9962730938635593,1.0037408479255299
Stralis,9,1.2671338506902892,0.7891826103889781
Stralis,10,1.2794961321604383,0.7815576576315967
Stralis,11,1.4587492134776012,0.6855187929226293
Stralis,12,1.5679493664639188,0.6377756969634973
Stralis,13,1.401058566616905,0.7137460373370905
Stralis,14,1.2444696679950158,0.8035551413728832
Stralis,15,0.9580768139365601,1.0437576459983258
Stralis,16,0.7273142264937758,1.374921545011959
Stralis,17,0.6593216784079553,1.5167103293413173
Stralis,18,0.6675631993880548,1.4979855104605604
Stralis,19,0.6861066215932785,1.457499415583248
Stralis,20,0.620174453752483,1.61244951956552
Stralis,21,0.6675631993880548,1.4979855104605604
Stralis,22,0.6590046968317976,1.5174398677392689
Stralis,23,0.8200313375198945,1.2194655914302046
Talera,0,1.4867951506166974,0.6725876120763623
Talera,1,1.6572813293330257,0.6033978554518868
Talera,2,1.659792171434886,0.6024850684381181
Talera,3,1.4706002190596972,0.6799944587519514
Talera,4,1.3092786140151598,0.7637793738441231
Talera,5,1.1081601616561334,0.9023966341702004
Talera,6,0.8561971567344319,1.167955291762516
Talera,7,0.582766451841823,1.7159532722577249
Talera,8,0.2948694336084947,3.3913315048033232
Talera,9,0.32414971535019105,3.0849942253370872
Talera,10,0.36143572056281953,2.766743692191858
Talera,11,0.4032412415587969,2.4799050715505477
Talera,12,0.4960168572225426,2.016060513748509
Talera,13,0.61791824126787,1.6183370763552132
Talera,14,0.7848892410415935,1.2740651135349264
Talera,15,0.9336566355768284,1.0710575621648997
Talera,16,1.031453935444295,0.9695052446227311
Talera,17,1.0997488406149007,0.9092985262352008
Talera,18,1.1715589247281113,0.853563554417098
Talera,19,1.2871832035187871,0.776890187244744
Talera,20,1.2095981825712978,0.8267208188708208
Talera,21,1.1886326510207625,0.8413028189501858
Talera,22,1.2868258913735227,0.7771059058600596
Talera,23,1.3480711244889048,0.7418006230043172
Tempestera,0,1.3471570717839376,0.742303938378749
Tempestera,1,1.5800906183368872,0.6328750948806611
Tempestera,2,1.9806769722814501,0.504877884680078
Tempestera,3,1.9020433546552948,0.5257503713322186
Tempestera,4,1.7477434257285005,0.5721663633683397
Tempestera,5,1.480685856432125,0.6753627014508058
Tempestera,6,1.0652629708599857,0.9387353426851034
Tempestera,7,0.7106698649609097,1.4071231232732866
Tempestera,8,0.36748947569843093,2.721166362926321
Tempestera,9,0.3501421464108031,2.8559829493555267
Tempestera,10,0.32046908315565037,3.120425815036593
Tempestera,11,0.3353056147832268,2.9823538763181596
Tempestera,12,0.3620113717128643,2.7623441641307545
Tempestera,13,0.40207000710732055,2.4871290629073957
Tempestera,14,0.5875266524520255,1.7020504445654148
Tempestera,15,0.676545842217484,1.4780964387015443
Tempestera,16,0.8115582800284293,1.2321973967968998
Tempestera,17,0.8901918976545843,1.1233532934131736
Tempestera,18,1.0326226012793176,0.9684080115630809
Tempestera,19,1.4613983653162759,0.6842761178151311
Tempestera,20,1.3723791755508175,0.7286615957274639
Tempestera,21,0.9525053304904051,1.0498628910403491
Tempestera,22,1.0593283582089552,0.943994364212751
Tempestera,23,1.16318407960199,0.8597091531223268
Terribra,0,1.3606675607071563,0.7349333730571832
Terribra,1,1.2378650501660418,0.8078425025941757
Terribra,2,0.991866431293617,1.0082002661343978
Terribra,3,0.8293105439427186,1.205820916306921
Terribra,4,0.6226717040898818,1.6059827248158547
Terribra,5,0.39910815925862203,2.5055864602156634
Terribra,6,0.30503828740180683,3.2782769943982997
Terribra,7,0.28575199568220866,3.499538113854935
Terribra,8,0.2043075298647536,4.894582204884835
Terribra,9,0.43649994932723063,2.2909510105127886
Terribra,10,0.7167415759466971,1.3952030042057564
Terribra,11,1.0099719296426275,0.9901265279262207
Terribra,12,1.1481247540013813,0.8709854887414064
Terribra,13,1.3193397927365889,0.7579548540151201
Terribra,14,1.32878613970129,0.7525665493657235
Terribra,15,1.1772509904758763,0.8494365331523512
Terribra,16,1.1992924667268456,0.8338249657560494
Terribra,17,1.3220949772679602,0.7563753113005901
Terribra,18,1.3665715275600945,0.7317582576781919
Terribra,19,1.2929687407934651,0.7734139027880311
Terribra,20,1.2358970612150624,0.8091288760059498
Terribra,21,1.2910007518424855,0.7745928873959398
Terribra,22,1.4462599416982143,0.6914386350394169
Terribra,23,1.4476526723404457,0.6907734286728338
Thyria,0,0.5430136699657713,1.8415742647197717
Thyria,1,0.44143414116775787,2.2653435852393002
Thyria,2,0.36948911233948534,2.706439693630819
Thyria,3,0.37736880597305805,2.6499275620343514
Thyria,4,0.407517199005858,2.4538841610599733
Thyria,5,0.5356478693952577,1.8668981193353618
Thyria,6,0.6661767074122663,1.5011032191210278
Thyria,7,0.7979046292430796,1.2532826146761866
Thyria,8,0.8074445927726893,1.2384750717892523
Thyria,9,1.0488557417036017,0.9534199606666138
Thyria,10,1.037721392003988,0.9636497885707621
Thyria,11,0.9945543747070246,1.0054754425011498
Thyria,12,0.9806792620044291,1.0197013832596815
Thyria,13,1.0690688688505925,0.935393433610267
Thyria,14,1.202852362933642,0.8313572228940013
Thyria,15,1.3212190651249192,0.7568767560173313
Thyria,16,1.407039206655787,0.7107122497153247
Thyria,17,1.506563163201564,0.6637624126391901
Thyria,18,1.7888617525086905,0.5590146911004191
Thyria,19,1.8095887727187403,0.5526117397919044
Thyria,20,1.7285649664430907,0.5785145594253965
Thyria,21,1.4085808858449642,0.7099343815106016
Thyria,22,1.0135025343141775,0.9866773551549978
Thyria,23,0.723561432787198,1.3820526560515334
Tornabra,0,1.7675391870742516,0.5657583194267203
Tornabra,1,1.7188594192990918,0.5817811443868837
Tornabra,2,1.4085258997324488,0.7099620959685237
Tornabra,3,1.0118437444693913,0.9882948878874552
Tornabra,4,0.6589154280994833,1.5176454478904986
Tornabra,5,0.4430438388584476,2.2571129813623245
Tornabra,6,0.30859495643181606,3.2404936605661914
Tornabra,7,0.21007637879161187,4.760173446211026
Tornabra,8,0.1756840337013777,5.692036885376671
Tornabra,9,0.36509825831369785,2.7389886892880906
Tornabra,10,0.5340286429144009,1.8725587349446524
Tornabra,11,0.7186060957285482,1.391582963106046
Tornabra,12,0.9570790057223365,1.044845821526792
Tornabra,13,1.1196346588286734,0.8931484856374209
Tornabra,14,1.160490892497111,0.8617043067423207
Tornabra,15,1.1042773511377004,0.9055696007617408
Tornabra,16,1.0593644701546663,0.9439621850391121
Tornabra,17,1.1077544774073547,0.9027271118239587
Tornabra,18,1.1622294556319381,0.8604152950643217
Tornabra,19,1.1810638895925654,0.8466942464433254
Tornabra,20,1.2042447313902607,0.830395993383781
Tornabra,21,1.3271031929180448,0.7535209057866799
Tornabra,22,1.5677381621948874,0.6378616175292726
Tornabra,23,1.7098768431024851,0.5848374425526172
Unebra,0,1.8147824848581315,0.5510302244724242
Unebra,1,1.6891523066741505,0.5920129262759887
Unebra,2,1.4412495497231321,0.6938423676816431
Unebra,3,1.009798024645852,0.9902970451449553
Unebra,4,0.6496954871786279,1.5391826166787872
Unebra,5,0.41018672876996926,2.437914076349348
Unebra,6,0.2940697489339957,3.4005537925101272
Unebra,7,0.23950875840865873,4.17521265879456
Unebra,8,0.2314160828908967,4.3212208395708585
Unebra,9,0.4104665287213813,2.436252239896485
Unebra,10,0.6026890953414146,1.6592302859462134
Unebra,11,0.7884762630789723,1.2682689978453312
Unebra,12,0.9686674317882903,1.0323460531277133
Unebra,13,1.04757101808647,0.9545892189979016
Unebra,14,1.08422481172144,0.92231794475565
Unebra,15,1.0713540139564885,0.9333982856955194
Unebra,16,1.0545660168717697,0.9482573722282153
Unebra,17,1.0789086126446121,0.9268625611846846
Unebra,18,1.137946402392541,0.8787760108011171
Unebra,19,1.1692839969506832,0.8552242249170001
Unebra,20,1.2610583810138143,0.7929846984531047
Unebra,21,1.3679419624531923,0.7310251658678959
Unebra,22,1.5180653979223147,0.6587331490254901
Unebra,23,1.6410267150312892,0.6093746011812691
Ustebra,0,1.66255226730834,0.6014848493268682
Ustebra,1,1.6438437325138027,0.6083303298366308
Ustebra,2,1.5154877541038607,0.6598535668084766
Ustebra,3,1.0861558112931455,0.9206782209353822
Ustebra,4,0.7525845646214782,1.3287543314191708
Ustebra,5,0.5097593552779516,1.9617099512665925
Ustebra,6,0.34726512265529763,2.879644210606834
Ustebra,7,0.2797601002007827,3.574491141811517
Ustebra,8,0.22349355126479414,4.474402032366493
Ustebra,9,0.3664558361816526,2.7288417901040023
Ustebra,10,0.49876568019250195,2.0049494977562277
Ustebra,11,0.6646351639378816,1.5045848523498562
Ustebra,12,0.8317583123859879,1.2022723249153866
Ustebra,13,0.9840303558941008,1.0162288124652303
Ustebra,14,1.0586716235795217,0.9445799601380224
Ustebra,15,1.0972459221249589,0.9113727194933388
Ustebra,16,1.0861558112931458,0.9206782209353821
Ustebra,17,1.1732372902594699,0.8523424956760817
Ustebra,18,1.2242518000858105,0.8168254275222694
Ustebra,19,1.2342811177076243,0.8101882023904374
Ustebra,20,1.2749770026730602,0.7843278725054996
Ustebra,21,1.3605155096975672,0.7350155091008795
Ustebra,22,1.4621587863647938,0.6839202481463666
Ustebra,23,1.639504123927441,0.6099405212867014
Venebra,0,1.9317775023184005,0.5176579594698983
Venebra,1,1.5679122751548136,0.6377907845011682
Venebra,2,1.313405449597769,0.7613795117922272
Venebra,3,0.9820163538203672,1.0183129803385356
Venebra,4,0.6870800585784796,1.4554344686832124
Venebra,5,0.4604099170667368,2.171977542036848
Venebra,6,0.31968001439326693,3.128127987287346
Venebra,7,0.25273941704623176,3.956644403500691
Venebra,8,0.19081214191736753,5.240756641330805
Venebra,9,0.3263077963088149,3.064591196753413
Venebra,10,0.4760956676002005,2.1004181891437543
Venebra,11,0.6917195059193633,1.4456726916655351
Venebra,12,0.8947505585989848,1.117629925334516
Venebra,13,1.1090488405350378,0.9016735453395998
Venebra,14,1.2020587134165621,0.8319061197582779
Venebra,15,1.074142522446485,0.9309751537648685
Venebra,16,1.0770145612765558,0.9284925533548287
Venebra,17,1.2245931719294254,0.8165977264305954
Venebra,18,1.2418254049098503,0.8052661799688294
Venebra,19,1.213105016609142,0.8243309411044967
Venebra,20,1.2504415214000626,0.7997175260785849
Venebra,21,1.3637765921559342,0.733257929305814
Venebra,22,1.4708237672483369,0.6798911074647858
Venebra,23,1.6542943661207894,0.6044873394237168
Victoris,0,0.7940100780234072,1.2594298582322532
Victoris,1,0.9229518855656698,1.0834800986262767
Victoris,2,0.9287688092141929,1.0766942107434399
Victoris,3,0.9326467583132082,1.0722173117382698
Victoris,4,0.9374941946869776,1.0666732718637182
Victoris,5,0.9404026565112391,1.0633742823631087
Victoris,6,1.0926121586475943,0.9152378472867928
Victoris,7,1.175988064276426,0.8503487666052889
Victoris,8,1.0983545063519056,0.9104528585414722
Victoris,9,1.5220950213635522,0.6569892063007741
Victoris,10,1.7605888909530003,0.5679917697644359
Victoris,11,1.888561211220509,0.5295036210945665
Victoris,12,1.6917552944454766,0.5911020366144502
Victoris,13,1.3844278283485048,0.7223200657508512
Victoris,14,1.1643542169793797,0.858845173931903
Victoris,15,0.8928977800483002,1.1199490270273784
Victoris,16,0.7203290451421142,1.38825444669208
Victoris,17,0.6136854449191901,1.6294992952483658
Victoris,18,0.5109197937952815,1.9572543717119837
Victoris,19,0.4566285064090656,2.189964021002581
Victoris,20,0.446933633661527,2.237468663540598
Victoris,21,0.5661805684562512,1.7662209826921498
Victoris,22,0.7224917475242574,1.3840988543144923
Victoris,23,0.8221252089912688,1.2163597333634617
Vunira,0,0.5991709475744721,1.6689727765475613
Vunira,1,0.46077746345199494,2.170245030015846
Vunira,2,0.39609671929370044,2.5246359065612793
Vunira,3,0.3963880739971161,2.522780238860757
Vunira,4,0.4183853541050046,2.3901410271379246
Vunira,5,0.47782171360181586,2.092830801811012
Vunira,6,0.5904303064719999,1.6936799975179173
Vunira,7,0.7056610916729256,1.4171108649752517
Vunira,8,0.7158585062924765,1.3969241005169148
Vunira,9,0.9843418654900822,1.015907211771514
Vunira,10,1.0130403037765328,0.9871275567932297
Vunira,11,1.011583530259454,0.9885491114545103
Vunira,12,1.0160995281623981,0.9841555598480457
Vunira,13,1.0854419475753445,0.9212837243242677
Vunira,14,1.1913493822669665,0.8393843274566054
Vunira,15,1.2873507570424534,0.7767890720765099
Vunira,16,1.3971914802301877,0.7157215128704119
Vunira,17,1.5307776117463052,0.6532627550380775
Vunira,18,1.6814079934122435,0.5947396491024189
Vunira,19,1.754100991914471,0.570092602768883
Vunira,20,1.6923337947903339,0.5908999767530446
Vunira,21,1.5328170946702155,0.6523935592035848
Vunira,22,1.1967058264297636,0.8356272510040222
Vunira,23,0.8586223109661898,1.1646564353478317
Wintera,0,1.5561923980746215,0.6425940656420355
Wintera,1,1.4924391330555338,0.6700440760707325
Wintera,2,1.5391234461129895,0.6497204642847006
Wintera,3,1.484269378270479,0.6737321504033411
Wintera,4,1.313579858654157,0.7612784205023981
Wintera,5,1.136763022949044,0.8796908236914261
Wintera,6,0.8983812493994112,1.113113169568625
Wintera,7,0.6564981523704694,1.5232335329341318
Wintera,8,0.3597834318802949,2.7794498339565408
Wintera,9,0.3765381625040404,2.655773304224561
Wintera,10,0.3806230398965677,2.627271329322956
Wintera,11,0.43970787360991,2.274237192502851
Wintera,12,0.5731958312585721,1.7446044536023395
Wintera,13,0.7163124284753344,1.3960388794712002
Wintera,14,0.8732884311310288,1.1450970428004665
Wintera,15,0.9506093246324397,1.0519568597611406
Wintera,16,0.9987525224729408,1.0012490356709893
Wintera,17,1.045582724008701,0.9564044786107984
Wintera,18,1.084097282281102,0.922426443036414
Wintera,19,1.125675498597898,0.8883554818822698
Wintera,20,1.1695879305675674,0.8550019830614435
Wintera,21,1.1786330162224492,0.8484405122173033
Wintera,22,1.2787237345300086,0.7820297480968766
Wintera,23,1.3458212123594622,0.7430407477727472
Xybra,0,1.6850116764273775,0.5934676975771682
Xybra,1,1.6890670595234722,0.5920428051460105
Xybra,2,1.488325596266781,0.6718959900362763
Xybra,3,1.1584877711177397,0.8631942649124155
Xybra,4,0.7948550868345752,1.2580909609352724
Xybra,5,0.5069228870118464,1.972686626746507
Xybra,6,0.31158860121661497,3.2093600218218654
Xybra,7,0.22237017310252996,4.497005988023952
Xybra,8,0.19070698969840538,5.243646295195869
Xybra,9,0.3406521800719608,2.9355455755156354
Xybra,10,0.5386900545979221,1.8563550439898122
Xybra,11,0.6461577066444335,1.5476098013178665
Xybra,12,0.8604171135547739,1.1622269992614929
Xybra,13,1.096305230310953,0.9121547287668806
Xybra,14,1.1348313697238535,0.8811881894341157
Xybra,15,1.0821113894746215,0.92411928173634
Xybra,16,1.0733247260997494,0.9316844899621413
Xybra,17,1.0827872866573038,0.9235424282521101
Xybra,18,1.1213134260702042,0.8918113140806994
Xybra,19,1.239595433039635,0.8067148146455182
Xybra,20,1.2510856851452368,0.799305764483998
Xybra,21,1.3051574597598337,0.7661910771931023
Xybra,22,1.4470438760321753,0.6910640489644454
Xybra,23,1.7073162834558986,0.5857145566349486
Xyla,0,0.5489099078623004,1.8217925850426808
Xyla,1,0.42681195930492216,2.3429521553907113
Xyla,2,0.3219669817393474,3.1059085456457245
Xyla,3,0.30020169525738,3.331093780608544
Xyla,4,0.3323187643344295,3.0091589982973352
Xyla,5,0.403188660562299,2.4802284831259143
Xyla,6,0.6067737182655797,1.6480608337131513
Xyla,7,0.7477172197524663,1.33740399924326
Xyla,8,0.7446341444628067,1.3429413725332446
Xyla,9,1.024561046590174,0.9760277372715709
Xyla,10,1.0476534846868955,0.9545140780005735
Xyla,11,0.9879316620229605,1.0122157619205436
Xyla,12,1.0134129730262393,0.986764553658529
Xyla,13,1.069418771168863,0.9350873829407454
Xyla,14,1.2143437275000117,0.8234900690422435
Xyla,15,1.3271516147541114,0.7534934131736527
Xyla,16,1.39457091678362,0.7170664381172943
Xyla,17,1.5153417137262442,0.6599171598998536
Xyla,18,1.7287476933787054,0.5784534110038789
Xyla,19,1.8320000890065753,0.5458515018644253
Xyla,20,1.8540308058114934,0.5393653637606677
Xyla,21,1.5973596835180484,0.6260330784094822
Xyla,22,1.1513959055263667,0.8685109919188437
Xyla,23,0.8021304359573849,1.2466800350325162
Xymera,0,1.567721279712679,0.6378684865356125
Xymera,1,1.5531213080667265,0.6438647096051798
Xymera,2,1.4832782004631162,0.6741823615339154
Xymera,3,1.461575539908322,0.6841931687381178
Xymera,4,1.2090354898161713,0.8271055799627898
Xymera,5,0.9774089126222768,1.023113240616063
Xymera,6,0.7252634563583952,1.3788093019619085
Xymera,7,0.5042909125277634,1.9829823920234646
Xymera,8,0.3042621949667931,3.2866390124778375
Xymera,9,0.3657884788053495,2.7338203851197282
Xymera,10,0.49324228533623177,2.0274011976047905
Xymera,11,0.5832096781815604,1.7146491860662976
Xymera,12,0.6629176314918954,1.5084830339321358
Xymera,13,0.7962903454468125,1.255823338456882
Xymera,14,0.9040144605642455,1.1061769956377077
Xymera,15,1.027522328812438,0.9732148606013779
Xymera,16,1.0803979018004821,0.9255849149035748
Xymera,17,1.049619583195501,0.9527261266939805
Xymera,18,1.0878951845375928,0.919206201307939
Xymera,19,1.1155167525164218,0.8964455242327513
Xymera,20,1.1415599451821747,0.8759942955430308
Xymera,21,1.1964084873115637,0.8358349264531623
Xymera,22,1.3020382198020306,0.7680266099654477
Xymera,23,1.379500023628373,0.7249003137888982
Yonabra,0,1.9288331977990016,0.518448148414857
Yonabra,1,1.7141218859256004,0.5833890858117214
Yonabra,2,1.3949296309706831,0.7168820403536303
Yonabra,3,0.9452848892081036,1.0578821384077481
Yonabra,4,0.6023019071758009,1.6602969176853666
Yonabra,5,0.3891766437742255,2.569527272505422
Yonabra,6,0.25396601155108656,3.9375347665325084
Yonabra,7,0.18655895149849527,5.360235957415668
Yonabra,8,0.16269197209073388,6.146584783189526
Yonabra,9,0.4197080768568698,2.3826084250959583
Yonabra,10,0.6157833191863192,1.6239478544520745
Yonabra,11,0.818004499344093,1.2224871633369228
Yonabra,12,0.9986157690732419,1.0013861496780114
Yonabra,13,1.0852536668467196,0.9214435578969937
Yonabra,14,1.1078548575702354,0.9026453178110494
Yonabra,15,1.0382669808688838,0.9631434095719198
Yonabra,16,1.0912013486160659,0.9164211547834563
Yonabra,17,1.1919154265769962,0.8389857012521863
Yonabra,18,1.1931049629308657,0.8381492249797513
Yonabra,19,1.1560310799019404,0.8650286461890145
Yonabra,20,1.1740723812689573,0.851736243824408
Yonabra,21,1.3348580451002854,0.7491433292630543
Yonabra,22,1.5278526932825351,0.6545133600880965
Yonabra,23,1.6475078501089222,0.6069773809781159
Yovera,0,1.547166544006234,0.6463428283619677
Yovera,1,1.5781511877446768,0.6336528513653321
Yovera,2,1.522895239744454,0.656643985680724
Yovera,3,1.4092848793701644,0.7095797412137981
Yovera,4,1.2910268224351087,0.7745772455089819
Yovera,5,1.1145864900356437,0.8971937206667745
Yovera,6,0.880480292900744,1.1357437617433754
Yovera,7,0.6217585176847483,1.6083414566216403
Yovera,8,0.33664683008810464,2.97047205149173
Yovera,9,0.3532249386182457,2.831057183877858
Yovera,10,0.38025043343455395,2.629845786019631
Yovera,11,0.44669528056254754,2.2386625592745144
Yovera,12,0.5508381109056464,1.8154154191616763
Yovera,13,0.6647927450992519,1.5042282085233984
Yovera,14,0.7870099509564421,1.2706319644176216
Yovera,15,0.8971775731375714,1.1146065505213671
Yovera,16,0.9918528734494795,1.008214047434461
Yovera,17,1.0848068046648074,0.9218231262007877
Yovera,18,1.1491860088769046,0.8701811475909774
Yovera,19,1.1629569616495457,0.8598770487444295
Yovera,20,1.2080568319799456,0.8277756257220525
Yovera,21,1.2633127799801682,0.7915696063928825
Yovera,22,1.336206140569966,0.7483875201871506
Yovera,23,1.3982681171520517,0.7151704224199636
Yubra,0,1.8113741965736263,0.5520670449494025
Yubra,1,1.7552136865488546,0.5697312000604469
Yubra,2,1.4245785711917471,0.7019619838612614
Yubra,3,0.961847608311585,1.039665734320832
Yubra,4,0.5457852382689092,1.8322225114987416
Yubra,5,0.34250001184121404,2.919707928254346
Yubra,6,0.24441686757259848,4.091370656744763
Yubra,7,0.17797344726160083,5.618815701929474
Yubra,8,0.1392756310365143,7.180006958559944
Yubra,9,0.2950404259047872,3.3893660400378867
Yubra,10,0.5181004798059935,1.930127531197148
Yubra,11,0.7308776234209741,1.3682181092360735
Yubra,12,0.9531466842232401,1.0491564588664992
Yubra,13,1.1097633178134487,0.9010930384420042
Yubra,14,1.2359267170944503,0.8091094610778442
Yubra,15,1.1576184002993457,0.8638425233577943
Yubra,16,1.1386345659247752,0.8782448995721651
Yubra,17,1.0812875662515926,0.924823359864032
Yubra,18,1.117277752253383,0.8950325896878809
Yubra,19,1.1374480762763646,0.8791610103853488
Yubra,20,1.1746247519265656,0.8513357124135567
Yubra,21,1.3842379231457844,0.7224191616766467
Yubra,22,1.6086974263758853,0.6216209360468895
Yubra,23,1.936351106206217,0.516435266721459
Zuna,0,0.7776188447257898,1.2859770654768894
Zuna,1,0.6861342747580499,1.457440674207141
Zuna,2,0.5336599914784832,1.8738522954091816
Zuna,3,0.406598088745511,2.459431137724551
Zuna,4,0.4015156126361921,2.490563177442583
Zuna,5,0.5082476109318887,1.9675449101796407
Zuna,6,0.7928662730537465,1.2612467372946414
Zuna,7,0.9300931280053565,1.0751611531036287
Zuna,8,0.7334403985447872,1.3634373044954866
Zuna,9,1.036825126301053,0.964482799107667
Zuna,10,0.8843508430214865,1.130772936884851
Zuna,11,1.087649887394242,0.9194135094297387
Zuna,12,1.0317426501917342,0.9692339459013009
Zuna,13,0.9199281757867187,1.0870413868395803
Zuna,14,1.0469900785196908,0.9551188884367188
Zuna,15,1.362103597297462,0.7341585485744927
Zuna,16,1.580650069998174,0.6326510965207848
Zuna,17,1.5704851177795363,0.6367459256244792
Zuna,18,1.5552376894515796,0.6429885327384447
Zuna,19,1.6111449266540874,0.6206766278169213
Zuna,20,1.4332582628279265,0.6977109610566101
Zuna,21,1.3214437884229109,0.7567480423767848
Zuna,22,1.0016387532365376,0.9983639278819411
Zuna,23,0.7674538925071521,1.3030098742911527
Zunera,0,1.527777777777778,0.6545454545454545
Zunera,1,1.5992063492063493,0.6253101736972705
Zunera,2,1.5357142857142858,0.6511627906976744
Zunera,3,1.23015873015873,0.8129032258064517
Zunera,4,0.9682539682539683,1.0327868852459017
Zunera,5,0.6468253968253969,1.5460122699386503
Zunera,6,0.42857142857142855,2.3333333333333335
Zunera,7,0.2936507936507936,3.4054054054054057
Zunera,8,0.26495726495726496,3.7741935483870965
Zunera,9,0.28174603174603174,3.5492957746478875
Zunera,10,0.48412698412698413,2.0655737704918034
Zunera,11,0.5,2.0
Zunera,12,0.7619047619047619,1.3125
Zunera,13,0.8174603174603174,1.2233009708737865
Zunera,14,0.9722222222222222,1.0285714285714287
Zunera,15,1.027777777777778,0.9729729729729728
Zunera,16,1.4285714285714286,0.7
Zunera,17,1.492063492063492,0.6702127659574468
Zunera,18,1.6111111111111112,0.6206896551724138
Zunera,19,1.1626984126984128,0.8600682593856654
Zunera,20,1.0992063492063493,0.9097472924187725
Zunera,21,1.1111111111111112,0.8999999999999999
Zunera,22,1.3547008547008548,0.7381703470031545
Zunera,23,1.373015873015873,0.7283236994219653
